19344
0 0 1 2 0 0 0
1 3 2 4 0 0 0
2 2 3 0 0 0 0
3 3 5 0 0 0 0
4 6 4 7 0 0 0
5 4 6 3 0 0 0
6 8 9 1 0 0 0
7 1 0 8 0 0 0
8 10 0 5 0 0 0
9 0 10 8 0 0 0
10 5 3 11 0 0 0
11 6 11 3 0 0 0
12 12 7 13 0 0 0
13 7 12 6 0 0 0
14 11 6 14 0 0 0
15 12 14 6 0 0 0
16 15 16 9 0 0 0
17 9 8 15 0 0 0
18 17 8 10 0 0 0
19 8 17 15 0 0 0
20 18 13 19 0 0 0
21 13 18 12 0 0 0
22 20 14 12 0 0 0
23 12 18 20 0 0 0
24 21 22 16 0 0 0
25 16 15 21 0 0 0
26 23 15 17 0 0 0
27 15 23 21 0 0 0
28 22 21 24 0 0 0
29 24 25 22 0 0 0
30 26 20 18 0 0 0
31 27 19 28 0 0 0
32 18 27 26 0 0 0
33 19 27 18 0 0 0
34 29 28 30 0 0 0
35 28 29 27 0 0 0
36 31 21 23 0 0 0
37 21 31 24 0 0 0
38 32 24 31 0 0 0
39 24 32 33 0 0 0
40 25 24 33 0 0 0
41 33 34 25 0 0 0
42 35 26 27 0 0 0
43 27 29 35 0 0 0
44 36 35 29 0 0 0
45 37 30 38 0 0 0
46 29 37 36 0 0 0
47 30 37 29 0 0 0
48 39 33 32 0 0 0
49 40 33 39 0 0 0
50 34 33 40 0 0 0
51 41 42 40 0 0 0
52 40 42 34 0 0 0
53 43 38 44 0 0 0
54 38 43 37 0 0 0
55 45 36 37 0 0 0
56 37 43 45 0 0 0
57 39 46 40 0 0 0
58 41 40 46 0 0 0
59 47 44 48 0 0 0
60 44 47 43 0 0 0
61 49 45 43 0 0 0
62 43 47 49 0 0 0
63 50 48 51 0 0 0
64 48 50 47 0 0 0
65 52 49 47 0 0 0
66 47 50 52 0 0 0
67 53 51 54 0 0 0
68 51 53 50 0 0 0
69 55 52 50 0 0 0
70 53 55 50 0 0 0
71 56 53 54 0 0 0
72 54 57 56 0 0 0
73 58 56 57 0 0 0
74 53 59 55 0 0 0
75 56 59 53 0 0 0
76 59 56 60 0 0 0
77 58 60 56 0 0 0
78 41 61 42 0 0 0
79 41 46 61 0 0 0
80 62 42 61 0 0 0
81 63 61 46 0 0 0
82 61 63 64 0 0 0
83 61 64 62 0 0 0
84 64 65 62 0 0 0
85 64 63 66 0 0 0
86 64 66 67 0 0 0
87 65 64 67 0 0 0
88 67 68 65 0 0 0
89 66 69 67 0 0 0
90 70 67 69 0 0 0
91 68 67 70 0 0 0
92 70 71 68 0 0 0
93 69 72 70 0 0 0
94 73 70 72 0 0 0
95 71 70 73 0 0 0
96 73 74 71 0 0 0
97 72 75 73 0 0 0
98 76 73 75 0 0 0
99 74 73 76 0 0 0
100 76 77 74 0 0 0
101 75 78 76 0 0 0
102 79 76 78 0 0 0
103 77 76 79 0 0 0
104 79 80 77 0 0 0
105 78 81 79 0 0 0
106 82 79 81 0 0 0
107 80 79 82 0 0 0
108 82 83 80 0 0 0
109 81 84 82 0 0 0
110 85 82 84 0 0 0
111 83 82 85 0 0 0
112 85 86 83 0 0 0
113 84 87 85 0 0 0
114 88 85 87 0 0 0
115 86 85 88 0 0 0
116 88 89 86 0 0 0
117 87 90 88 0 0 0
118 88 90 91 0 0 0
119 89 88 91 0 0 0
120 91 92 89 0 0 0
121 93 91 90 0 0 0
122 91 93 94 0 0 0
123 92 91 94 0 0 0
124 94 95 92 0 0 0
125 96 94 93 0 0 0
126 94 96 97 0 0 0
127 95 94 97 0 0 0
128 97 98 95 0 0 0
129 99 97 96 0 0 0
130 97 99 100 0 0 0
131 98 97 100 0 0 0
132 100 101 98 0 0 0
133 102 100 99 0 0 0
134 100 102 103 0 0 0
135 101 100 103 0 0 0
136 103 104 101 0 0 0
137 105 103 102 0 0 0
138 103 105 106 0 0 0
139 104 103 106 0 0 0
140 106 107 104 0 0 0
141 108 106 105 0 0 0
142 109 110 107 0 0 0
143 106 108 109 0 0 0
144 107 106 109 0 0 0
145 111 112 110 0 0 0
146 110 109 111 0 0 0
147 113 109 108 0 0 0
148 109 113 111 0 0 0
149 112 111 114 0 0 0
150 114 115 112 0 0 0
151 116 111 113 0 0 0
152 114 111 116 0 0 0
153 116 117 114 0 0 0
154 118 114 117 0 0 0
155 118 115 114 0 0 0
156 10 5 119 0 0 0
157 120 5 11 0 0 0
158 120 119 5 0 0 0
159 121 119 120 0 0 0
160 17 10 122 0 0 0
161 119 122 10 0 0 0
162 119 121 123 0 0 0
163 123 122 119 0 0 0
164 124 11 14 0 0 0
165 11 124 120 0 0 0
166 121 120 125 0 0 0
167 125 120 124 0 0 0
168 126 14 20 0 0 0
169 14 126 124 0 0 0
170 23 17 127 0 0 0
171 122 127 17 0 0 0
172 122 123 128 0 0 0
173 128 127 122 0 0 0
174 124 129 125 0 0 0
175 129 124 126 0 0 0
176 130 20 26 0 0 0
177 20 130 126 0 0 0
178 126 131 129 0 0 0
179 126 130 131 0 0 0
180 31 23 132 0 0 0
181 127 132 23 0 0 0
182 127 128 133 0 0 0
183 133 132 127 0 0 0
184 26 134 130 0 0 0
185 134 26 35 0 0 0
186 131 130 135 0 0 0
187 134 135 130 0 0 0
188 32 31 136 0 0 0
189 132 136 31 0 0 0
190 132 133 137 0 0 0
191 137 136 132 0 0 0
192 138 32 136 0 0 0
193 138 39 32 0 0 0
194 135 134 139 0 0 0
195 36 140 35 0 0 0
196 35 140 134 0 0 0
197 139 134 140 0 0 0
198 140 36 141 0 0 0
199 45 141 36 0 0 0
200 136 137 142 0 0 0
201 142 138 136 0 0 0
202 138 142 143 0 0 0
203 144 39 138 0 0 0
204 144 138 143 0 0 0
205 39 144 46 0 0 0
206 145 46 144 0 0 0
207 140 146 139 0 0 0
208 146 140 141 0 0 0
209 141 147 146 0 0 0
210 141 45 148 0 0 0
211 147 141 148 0 0 0
212 49 148 45 0 0 0
213 145 144 149 0 0 0
214 143 149 144 0 0 0
215 148 150 147 0 0 0
216 52 151 49 0 0 0
217 148 49 151 0 0 0
218 150 148 151 0 0 0
219 55 152 52 0 0 0
220 151 52 152 0 0 0
221 151 153 150 0 0 0
222 153 151 152 0 0 0
223 59 154 55 0 0 0
224 152 55 154 0 0 0
225 152 155 153 0 0 0
226 155 152 154 0 0 0
227 59 60 156 0 0 0
228 156 154 59 0 0 0
229 154 157 155 0 0 0
230 157 154 156 0 0 0
231 158 156 60 0 0 0
232 158 159 156 0 0 0
233 156 159 157 0 0 0
234 145 160 46 0 0 0
235 145 149 160 0 0 0
236 63 46 160 0 0 0
237 160 149 161 0 0 0
238 160 162 63 0 0 0
239 161 162 160 0 0 0
240 63 162 66 0 0 0
241 162 161 163 0 0 0
242 164 66 162 0 0 0
243 163 164 162 0 0 0
244 66 164 69 0 0 0
245 164 163 165 0 0 0
246 166 69 164 0 0 0
247 165 166 164 0 0 0
248 69 166 72 0 0 0
249 166 165 167 0 0 0
250 168 72 166 0 0 0
251 167 168 166 0 0 0
252 72 168 75 0 0 0
253 168 167 169 0 0 0
254 170 75 168 0 0 0
255 169 170 168 0 0 0
256 75 170 78 0 0 0
257 170 169 171 0 0 0
258 172 78 170 0 0 0
259 171 172 170 0 0 0
260 78 172 81 0 0 0
261 172 171 173 0 0 0
262 81 172 174 0 0 0
263 173 174 172 0 0 0
264 174 84 81 0 0 0
265 175 174 173 0 0 0
266 84 174 176 0 0 0
267 174 175 176 0 0 0
268 176 87 84 0 0 0
269 177 176 175 0 0 0
270 87 176 178 0 0 0
271 178 176 177 0 0 0
272 178 90 87 0 0 0
273 178 177 179 0 0 0
274 90 178 180 0 0 0
275 179 180 178 0 0 0
276 180 93 90 0 0 0
277 180 179 181 0 0 0
278 93 180 182 0 0 0
279 181 182 180 0 0 0
280 182 96 93 0 0 0
281 183 182 181 0 0 0
282 182 184 96 0 0 0
283 183 184 182 0 0 0
284 99 96 184 0 0 0
285 184 183 185 0 0 0
286 184 186 99 0 0 0
287 185 186 184 0 0 0
288 102 99 186 0 0 0
289 186 185 187 0 0 0
290 186 188 102 0 0 0
291 187 188 186 0 0 0
292 105 102 188 0 0 0
293 188 187 189 0 0 0
294 188 190 105 0 0 0
295 189 190 188 0 0 0
296 108 105 190 0 0 0
297 190 189 191 0 0 0
298 190 192 108 0 0 0
299 191 192 190 0 0 0
300 113 108 192 0 0 0
301 192 191 193 0 0 0
302 194 116 113 0 0 0
303 194 113 192 0 0 0
304 193 194 192 0 0 0
305 194 193 195 0 0 0
306 196 116 194 0 0 0
307 196 194 195 0 0 0
308 116 196 117 0 0 0
309 197 117 196 0 0 0
310 197 196 198 0 0 0
311 195 198 196 0 0 0
312 199 200 201 0 0 0
313 202 201 200 0 0 0
314 200 203 202 0 0 0
315 201 202 2 0 0 0
316 204 202 203 0 0 0
317 4 2 202 0 0 0
318 202 204 4 0 0 0
319 205 199 206 0 0 0
320 199 201 206 0 0 0
321 2 1 201 0 0 0
322 206 201 1 0 0 0
323 203 207 204 0 0 0
324 208 204 207 0 0 0
325 7 4 204 0 0 0
326 204 208 7 0 0 0
327 209 210 205 0 0 0
328 205 206 209 0 0 0
329 1 9 206 0 0 0
330 209 206 9 0 0 0
331 209 211 210 0 0 0
332 211 212 210 0 0 0
333 207 213 208 0 0 0
334 214 208 213 0 0 0
335 13 7 208 0 0 0
336 208 214 13 0 0 0
337 16 209 9 0 0 0
338 211 209 16 0 0 0
339 211 16 22 0 0 0
340 215 211 22 0 0 0
341 212 211 215 0 0 0
342 215 216 212 0 0 0
343 213 217 214 0 0 0
344 218 214 217 0 0 0
345 19 13 214 0 0 0
346 218 19 214 0 0 0
347 19 218 28 0 0 0
348 219 28 218 0 0 0
349 215 22 25 0 0 0
350 25 220 215 0 0 0
351 215 220 216 0 0 0
352 220 221 216 0 0 0
353 217 222 218 0 0 0
354 219 218 222 0 0 0
355 223 219 222 0 0 0
356 28 219 30 0 0 0
357 219 223 30 0 0 0
358 220 25 34 0 0 0
359 224 220 34 0 0 0
360 224 221 220 0 0 0
361 225 226 224 0 0 0
362 221 224 226 0 0 0
363 227 223 222 0 0 0
364 223 227 228 0 0 0
365 223 228 30 0 0 0
366 229 38 228 0 0 0
367 38 30 228 0 0 0
368 34 42 224 0 0 0
369 225 224 42 0 0 0
370 230 231 232 0 0 0
371 227 233 228 0 0 0
372 229 228 233 0 0 0
373 234 229 233 0 0 0
374 38 229 44 0 0 0
375 235 44 234 0 0 0
376 229 234 44 0 0 0
377 231 236 232 0 0 0
378 230 237 231 0 0 0
379 231 238 236 0 0 0
380 231 237 238 0 0 0
381 238 239 236 0 0 0
382 232 236 240 0 0 0
383 240 236 241 0 0 0
384 242 234 233 0 0 0
385 234 242 235 0 0 0
386 243 235 242 0 0 0
387 244 243 242 0 0 0
388 241 244 240 0 0 0
389 243 244 241 0 0 0
390 243 245 235 0 0 0
391 243 241 245 0 0 0
392 48 44 235 0 0 0
393 245 48 235 0 0 0
394 236 246 241 0 0 0
395 241 246 245 0 0 0
396 236 239 246 0 0 0
397 247 246 239 0 0 0
398 248 249 237 0 0 0
399 238 237 249 0 0 0
400 238 249 239 0 0 0
401 250 239 249 0 0 0
402 247 239 250 0 0 0
403 245 51 48 0 0 0
404 51 245 246 0 0 0
405 246 54 51 0 0 0
406 247 54 246 0 0 0
407 250 57 247 0 0 0
408 247 57 54 0 0 0
409 225 251 226 0 0 0
410 225 42 251 0 0 0
411 252 226 251 0 0 0
412 251 42 62 0 0 0
413 251 253 252 0 0 0
414 251 62 253 0 0 0
415 253 254 252 0 0 0
416 253 62 65 0 0 0
417 253 255 254 0 0 0
418 65 255 253 0 0 0
419 254 255 256 0 0 0
420 255 65 68 0 0 0
421 257 256 255 0 0 0
422 68 257 255 0 0 0
423 257 258 256 0 0 0
424 257 68 71 0 0 0
425 258 257 259 0 0 0
426 71 259 257 0 0 0
427 258 259 260 0 0 0
428 259 71 74 0 0 0
429 260 259 261 0 0 0
430 259 74 261 0 0 0
431 260 261 262 0 0 0
432 77 261 74 0 0 0
433 263 262 261 0 0 0
434 261 77 263 0 0 0
435 262 263 264 0 0 0
436 263 77 80 0 0 0
437 265 264 263 0 0 0
438 263 80 265 0 0 0
439 264 265 266 0 0 0
440 83 265 80 0 0 0
441 267 266 265 0 0 0
442 265 83 267 0 0 0
443 266 267 268 0 0 0
444 86 267 83 0 0 0
445 269 268 267 0 0 0
446 267 86 269 0 0 0
447 268 269 270 0 0 0
448 89 269 86 0 0 0
449 271 270 269 0 0 0
450 269 89 271 0 0 0
451 270 271 272 0 0 0
452 92 271 89 0 0 0
453 273 272 271 0 0 0
454 271 92 273 0 0 0
455 272 273 274 0 0 0
456 95 273 92 0 0 0
457 274 273 275 0 0 0
458 273 95 275 0 0 0
459 276 274 275 0 0 0
460 98 275 95 0 0 0
461 277 275 98 0 0 0
462 278 279 276 0 0 0
463 276 275 278 0 0 0
464 277 278 275 0 0 0
465 277 98 101 0 0 0
466 277 101 280 0 0 0
467 277 280 278 0 0 0
468 281 282 279 0 0 0
469 279 278 281 0 0 0
470 280 281 278 0 0 0
471 283 284 282 0 0 0
472 282 281 283 0 0 0
473 280 101 104 0 0 0
474 104 285 280 0 0 0
475 281 280 285 0 0 0
476 285 283 281 0 0 0
477 286 287 284 0 0 0
478 284 283 286 0 0 0
479 288 289 287 0 0 0
480 288 287 286 0 0 0
481 283 285 290 0 0 0
482 290 286 283 0 0 0
483 285 104 107 0 0 0
484 107 290 285 0 0 0
485 291 289 288 0 0 0
486 292 289 291 0 0 0
487 288 286 293 0 0 0
488 286 290 293 0 0 0
489 291 288 294 0 0 0
490 294 288 293 0 0 0
491 290 107 110 0 0 0
492 110 293 290 0 0 0
493 291 295 292 0 0 0
494 291 294 295 0 0 0
495 296 292 295 0 0 0
496 293 110 112 0 0 0
497 297 293 112 0 0 0
498 294 293 297 0 0 0
499 294 297 295 0 0 0
500 298 296 299 0 0 0
501 295 299 296 0 0 0
502 295 297 299 0 0 0
503 297 112 115 0 0 0
504 300 297 115 0 0 0
505 300 299 297 0 0 0
506 125 301 121 0 0 0
507 121 302 123 0 0 0
508 302 121 301 0 0 0
509 123 303 128 0 0 0
510 303 123 302 0 0 0
511 129 304 125 0 0 0
512 301 125 304 0 0 0
513 304 305 301 0 0 0
514 306 301 305 0 0 0
515 301 306 302 0 0 0
516 307 302 306 0 0 0
517 307 303 302 0 0 0
518 308 303 307 0 0 0
519 133 128 309 0 0 0
520 309 128 303 0 0 0
521 308 309 303 0 0 0
522 131 310 129 0 0 0
523 304 129 310 0 0 0
524 305 304 311 0 0 0
525 310 311 304 0 0 0
526 135 312 131 0 0 0
527 310 131 312 0 0 0
528 309 308 313 0 0 0
529 314 137 133 0 0 0
530 314 133 309 0 0 0
531 309 313 314 0 0 0
532 311 310 315 0 0 0
533 312 315 310 0 0 0
534 135 139 316 0 0 0
535 316 312 135 0 0 0
536 315 312 317 0 0 0
537 316 317 312 0 0 0
538 318 316 139 0 0 0
539 319 142 137 0 0 0
540 319 137 314 0 0 0
541 314 313 320 0 0 0
542 320 319 314 0 0 0
543 139 146 318 0 0 0
544 317 316 321 0 0 0
545 318 321 316 0 0 0
546 322 321 318 0 0 0
547 318 146 322 0 0 0
548 323 143 142 0 0 0
549 142 319 323 0 0 0
550 319 320 324 0 0 0
551 319 324 323 0 0 0
552 325 143 323 0 0 0
553 143 325 149 0 0 0
554 326 149 325 0 0 0
555 322 146 327 0 0 0
556 147 327 146 0 0 0
557 328 327 147 0 0 0
558 329 321 322 0 0 0
559 322 327 329 0 0 0
560 147 150 328 0 0 0
561 323 324 330 0 0 0
562 325 323 330 0 0 0
563 326 325 331 0 0 0
564 330 331 325 0 0 0
565 328 150 332 0 0 0
566 329 327 333 0 0 0
567 328 333 327 0 0 0
568 332 333 328 0 0 0
569 332 150 334 0 0 0
570 153 334 150 0 0 0
571 335 333 332 0 0 0
572 332 334 335 0 0 0
573 336 335 334 0 0 0
574 337 334 153 0 0 0
575 336 334 337 0 0 0
576 337 153 155 0 0 0
577 338 335 336 0 0 0
578 336 339 338 0 0 0
579 336 337 339 0 0 0
580 155 340 337 0 0 0
581 339 337 340 0 0 0
582 340 155 157 0 0 0
583 341 339 340 0 0 0
584 339 342 338 0 0 0
585 342 339 341 0 0 0
586 343 340 157 0 0 0
587 341 340 343 0 0 0
588 157 159 343 0 0 0
589 341 344 342 0 0 0
590 345 341 343 0 0 0
591 345 344 341 0 0 0
592 346 343 159 0 0 0
593 345 343 346 0 0 0
594 345 346 347 0 0 0
595 344 345 347 0 0 0
596 326 331 348 0 0 0
597 326 348 149 0 0 0
598 348 161 149 0 0 0
599 349 348 331 0 0 0
600 348 349 350 0 0 0
601 348 350 161 0 0 0
602 350 163 161 0 0 0
603 350 349 351 0 0 0
604 350 351 352 0 0 0
605 163 350 352 0 0 0
606 352 165 163 0 0 0
607 351 353 352 0 0 0
608 354 352 353 0 0 0
609 165 352 354 0 0 0
610 354 167 165 0 0 0
611 354 353 355 0 0 0
612 355 356 354 0 0 0
613 167 354 356 0 0 0
614 169 167 356 0 0 0
615 355 357 356 0 0 0
616 357 358 356 0 0 0
617 356 358 169 0 0 0
618 171 169 358 0 0 0
619 357 359 358 0 0 0
620 360 358 359 0 0 0
621 358 360 171 0 0 0
622 360 173 171 0 0 0
623 359 361 360 0 0 0
624 362 360 361 0 0 0
625 360 362 173 0 0 0
626 175 173 362 0 0 0
627 361 363 362 0 0 0
628 364 362 363 0 0 0
629 362 364 175 0 0 0
630 177 175 364 0 0 0
631 363 365 364 0 0 0
632 366 364 365 0 0 0
633 364 366 177 0 0 0
634 179 177 366 0 0 0
635 366 367 179 0 0 0
636 365 368 366 0 0 0
637 367 366 368 0 0 0
638 181 179 367 0 0 0
639 368 369 367 0 0 0
640 370 367 369 0 0 0
641 367 370 181 0 0 0
642 183 181 370 0 0 0
643 369 371 370 0 0 0
644 371 372 370 0 0 0
645 370 372 183 0 0 0
646 185 183 372 0 0 0
647 373 185 372 0 0 0
648 374 372 371 0 0 0
649 374 375 372 0 0 0
650 373 372 375 0 0 0
651 373 187 185 0 0 0
652 373 376 187 0 0 0
653 373 375 376 0 0 0
654 376 375 377 0 0 0
655 375 374 378 0 0 0
656 378 377 375 0 0 0
657 376 189 187 0 0 0
658 189 376 379 0 0 0
659 377 379 376 0 0 0
660 379 377 380 0 0 0
661 377 378 381 0 0 0
662 381 380 377 0 0 0
663 379 191 189 0 0 0
664 191 379 382 0 0 0
665 380 382 379 0 0 0
666 382 380 383 0 0 0
667 380 381 384 0 0 0
668 384 383 380 0 0 0
669 382 193 191 0 0 0
670 193 382 385 0 0 0
671 383 385 382 0 0 0
672 386 385 383 0 0 0
673 387 383 384 0 0 0
674 386 383 387 0 0 0
675 385 195 193 0 0 0
676 388 195 385 0 0 0
677 386 388 385 0 0 0
678 386 387 389 0 0 0
679 386 389 388 0 0 0
680 390 389 387 0 0 0
681 195 388 198 0 0 0
682 391 198 388 0 0 0
683 388 389 391 0 0 0
684 389 392 391 0 0 0
685 390 392 389 0 0 0
686 200 393 394 0 0 0
687 393 200 199 0 0 0
688 393 199 395 0 0 0
689 394 203 200 0 0 0
690 203 394 396 0 0 0
691 395 199 205 0 0 0
692 395 205 397 0 0 0
693 210 397 205 0 0 0
694 396 207 203 0 0 0
695 207 396 398 0 0 0
696 397 210 399 0 0 0
697 212 399 210 0 0 0
698 398 213 207 0 0 0
699 213 398 400 0 0 0
700 399 212 401 0 0 0
701 216 401 212 0 0 0
702 213 400 217 0 0 0
703 400 402 217 0 0 0
704 401 216 403 0 0 0
705 221 403 216 0 0 0
706 404 217 402 0 0 0
707 404 222 217 0 0 0
708 402 405 404 0 0 0
709 226 406 221 0 0 0
710 403 221 406 0 0 0
711 404 407 222 0 0 0
712 407 404 405 0 0 0
713 222 407 227 0 0 0
714 405 408 407 0 0 0
715 408 409 407 0 0 0
716 227 407 409 0 0 0
717 233 227 409 0 0 0
718 410 409 408 0 0 0
719 410 411 409 0 0 0
720 412 409 411 0 0 0
721 242 233 412 0 0 0
722 409 412 233 0 0 0
723 244 242 413 0 0 0
724 412 413 242 0 0 0
725 413 412 414 0 0 0
726 411 414 412 0 0 0
727 226 252 406 0 0 0
728 415 406 252 0 0 0
729 252 254 415 0 0 0
730 416 415 254 0 0 0
731 254 256 416 0 0 0
732 417 416 256 0 0 0
733 256 258 417 0 0 0
734 418 417 258 0 0 0
735 258 260 418 0 0 0
736 419 418 260 0 0 0
737 419 260 262 0 0 0
738 420 419 262 0 0 0
739 420 262 264 0 0 0
740 264 421 420 0 0 0
741 421 264 266 0 0 0
742 266 422 421 0 0 0
743 422 266 268 0 0 0
744 268 423 422 0 0 0
745 423 268 270 0 0 0
746 270 424 423 0 0 0
747 270 272 424 0 0 0
748 424 272 425 0 0 0
749 426 425 272 0 0 0
750 425 426 427 0 0 0
751 426 272 274 0 0 0
752 427 428 429 0 0 0
753 426 274 428 0 0 0
754 428 427 426 0 0 0
755 274 276 428 0 0 0
756 276 430 428 0 0 0
757 429 428 430 0 0 0
758 431 429 430 0 0 0
759 279 430 276 0 0 0
760 430 279 432 0 0 0
761 431 430 433 0 0 0
762 432 433 430 0 0 0
763 432 282 434 0 0 0
764 282 432 279 0 0 0
765 284 434 282 0 0 0
766 434 435 432 0 0 0
767 433 432 435 0 0 0
768 436 306 305 0 0 0
769 305 437 436 0 0 0
770 437 305 311 0 0 0
771 438 307 306 0 0 0
772 306 436 438 0 0 0
773 439 308 307 0 0 0
774 307 438 439 0 0 0
775 308 439 440 0 0 0
776 440 313 308 0 0 0
777 311 441 437 0 0 0
778 441 311 315 0 0 0
779 313 440 442 0 0 0
780 442 320 313 0 0 0
781 317 443 315 0 0 0
782 441 315 443 0 0 0
783 444 443 317 0 0 0
784 444 317 321 0 0 0
785 320 442 445 0 0 0
786 324 320 445 0 0 0
787 444 446 443 0 0 0
788 446 444 447 0 0 0
789 321 447 444 0 0 0
790 447 321 329 0 0 0
791 445 448 324 0 0 0
792 330 324 448 0 0 0
793 446 447 449 0 0 0
794 450 329 333 0 0 0
795 329 450 447 0 0 0
796 450 449 447 0 0 0
797 331 330 451 0 0 0
798 448 451 330 0 0 0
799 449 450 452 0 0 0
800 453 452 450 0 0 0
801 335 453 333 0 0 0
802 450 333 453 0 0 0
803 338 454 335 0 0 0
804 453 335 454 0 0 0
805 452 453 455 0 0 0
806 454 455 453 0 0 0
807 331 451 349 0 0 0
808 456 349 451 0 0 0
809 349 456 351 0 0 0
810 457 351 456 0 0 0
811 457 353 351 0 0 0
812 353 457 458 0 0 0
813 458 355 353 0 0 0
814 355 458 459 0 0 0
815 459 357 355 0 0 0
816 357 459 460 0 0 0
817 460 359 357 0 0 0
818 359 460 461 0 0 0
819 461 361 359 0 0 0
820 361 461 462 0 0 0
821 462 363 361 0 0 0
822 363 462 463 0 0 0
823 463 365 363 0 0 0
824 365 463 464 0 0 0
825 464 368 365 0 0 0
826 369 368 465 0 0 0
827 464 465 368 0 0 0
828 466 369 465 0 0 0
829 466 371 369 0 0 0
830 466 465 467 0 0 0
831 371 466 468 0 0 0
832 467 468 466 0 0 0
833 468 374 371 0 0 0
834 467 469 468 0 0 0
835 374 468 470 0 0 0
836 470 468 469 0 0 0
837 471 470 469 0 0 0
838 470 378 374 0 0 0
839 471 469 472 0 0 0
840 471 472 473 0 0 0
841 471 473 470 0 0 0
842 470 473 378 0 0 0
843 381 378 473 0 0 0
844 472 474 473 0 0 0
845 384 381 475 0 0 0
846 473 475 381 0 0 0
847 475 473 474 0 0 0
848 476 438 436 0 0 0
849 477 436 437 0 0 0
850 477 437 478 0 0 0
851 477 479 436 0 0 0
852 476 436 479 0 0 0
853 480 476 479 0 0 0
854 478 437 441 0 0 0
855 478 441 481 0 0 0
856 482 481 441 0 0 0
857 476 483 438 0 0 0
858 483 439 438 0 0 0
859 484 483 476 0 0 0
860 480 484 476 0 0 0
861 480 485 484 0 0 0
862 439 486 440 0 0 0
863 487 440 486 0 0 0
864 483 486 439 0 0 0
865 482 488 481 0 0 0
866 477 489 479 0 0 0
867 478 489 477 0 0 0
868 478 481 489 0 0 0
869 490 479 489 0 0 0
870 480 479 490 0 0 0
871 480 490 485 0 0 0
872 490 491 485 0 0 0
873 492 481 488 0 0 0
874 481 492 489 0 0 0
875 488 493 492 0 0 0
876 440 487 442 0 0 0
877 482 441 443 0 0 0
878 482 443 494 0 0 0
879 482 494 488 0 0 0
880 495 496 497 0 0 0
881 498 499 496 0 0 0
882 497 496 499 0 0 0
883 500 498 501 0 0 0
884 500 499 498 0 0 0
885 502 487 486 0 0 0
886 503 442 487 0 0 0
887 504 503 487 0 0 0
888 502 504 487 0 0 0
889 483 505 486 0 0 0
890 484 505 483 0 0 0
891 506 505 484 0 0 0
892 506 484 485 0 0 0
893 485 491 507 0 0 0
894 485 507 506 0 0 0
895 505 508 486 0 0 0
896 502 486 508 0 0 0
897 494 509 488 0 0 0
898 488 509 493 0 0 0
899 510 493 509 0 0 0
900 507 491 511 0 0 0
901 490 489 512 0 0 0
902 491 490 512 0 0 0
903 492 512 489 0 0 0
904 513 491 512 0 0 0
905 513 511 491 0 0 0
906 492 514 512 0 0 0
907 514 492 493 0 0 0
908 515 514 493 0 0 0
909 515 493 516 0 0 0
910 510 516 493 0 0 0
911 442 503 445 0 0 0
912 517 445 503 0 0 0
913 497 518 495 0 0 0
914 494 443 446 0 0 0
915 446 519 494 0 0 0
916 509 494 519 0 0 0
917 518 497 520 0 0 0
918 499 520 497 0 0 0
919 500 521 499 0 0 0
920 520 499 521 0 0 0
921 501 522 523 0 0 0
922 521 500 523 0 0 0
923 500 501 523 0 0 0
924 502 508 524 0 0 0
925 502 524 504 0 0 0
926 504 525 503 0 0 0
927 503 525 517 0 0 0
928 525 504 526 0 0 0
929 524 526 504 0 0 0
930 527 517 525 0 0 0
931 527 528 517 0 0 0
932 505 529 508 0 0 0
933 506 529 505 0 0 0
934 506 507 529 0 0 0
935 530 529 507 0 0 0
936 530 507 511 0 0 0
937 508 529 531 0 0 0
938 524 508 531 0 0 0
939 510 509 532 0 0 0
940 509 519 532 0 0 0
941 510 532 533 0 0 0
942 510 533 516 0 0 0
943 530 511 534 0 0 0
944 535 534 511 0 0 0
945 513 536 511 0 0 0
946 535 511 536 0 0 0
947 513 512 537 0 0 0
948 513 537 536 0 0 0
949 537 512 514 0 0 0
950 537 514 538 0 0 0
951 515 538 514 0 0 0
952 515 516 539 0 0 0
953 515 539 538 0 0 0
954 516 533 540 0 0 0
955 540 539 516 0 0 0
956 445 517 448 0 0 0
957 541 448 517 0 0 0
958 541 517 528 0 0 0
959 541 528 542 0 0 0
960 520 543 518 0 0 0
961 544 532 519 0 0 0
962 519 446 449 0 0 0
963 544 519 449 0 0 0
964 545 546 543 0 0 0
965 543 520 545 0 0 0
966 547 545 520 0 0 0
967 521 547 520 0 0 0
968 546 545 548 0 0 0
969 523 549 521 0 0 0
970 547 521 549 0 0 0
971 550 551 552 0 0 0
972 549 523 552 0 0 0
973 550 552 522 0 0 0
974 523 522 552 0 0 0
975 553 532 544 0 0 0
976 554 553 544 0 0 0
977 531 555 524 0 0 0
978 526 524 555 0 0 0
979 528 556 542 0 0 0
980 557 526 555 0 0 0
981 526 558 525 0 0 0
982 557 558 526 0 0 0
983 527 525 558 0 0 0
984 556 528 559 0 0 0
985 527 558 559 0 0 0
986 527 559 528 0 0 0
987 531 529 560 0 0 0
988 530 560 529 0 0 0
989 530 534 560 0 0 0
990 561 555 531 0 0 0
991 561 531 560 0 0 0
992 562 560 534 0 0 0
993 561 563 555 0 0 0
994 533 532 564 0 0 0
995 553 564 532 0 0 0
996 565 540 533 0 0 0
997 533 564 565 0 0 0
998 566 562 534 0 0 0
999 567 566 534 0 0 0
1000 567 534 535 0 0 0
1001 535 536 568 0 0 0
1002 567 535 568 0 0 0
1003 536 537 569 0 0 0
1004 536 569 568 0 0 0
1005 538 569 537 0 0 0
1006 570 569 538 0 0 0
1007 570 538 539 0 0 0
1008 539 540 571 0 0 0
1009 570 539 571 0 0 0
1010 572 571 540 0 0 0
1011 540 565 572 0 0 0
1012 541 542 451 0 0 0
1013 541 451 448 0 0 0
1014 573 542 556 0 0 0
1015 574 451 542 0 0 0
1016 574 542 573 0 0 0
1017 449 452 544 0 0 0
1018 554 544 452 0 0 0
1019 548 452 546 0 0 0
1020 575 553 554 0 0 0
1021 452 548 576 0 0 0
1022 576 554 452 0 0 0
1023 554 576 575 0 0 0
1024 577 548 545 0 0 0
1025 545 547 577 0 0 0
1026 547 549 577 0 0 0
1027 578 576 548 0 0 0
1028 548 577 578 0 0 0
1029 579 549 552 0 0 0
1030 549 579 577 0 0 0
1031 552 580 579 0 0 0
1032 552 551 580 0 0 0
1033 581 580 551 0 0 0
1034 581 582 580 0 0 0
1035 564 553 583 0 0 0
1036 575 583 553 0 0 0
1037 556 584 573 0 0 0
1038 585 573 584 0 0 0
1039 557 555 586 0 0 0
1040 563 586 555 0 0 0
1041 556 559 587 0 0 0
1042 556 587 584 0 0 0
1043 557 588 558 0 0 0
1044 557 586 588 0 0 0
1045 588 589 558 0 0 0
1046 587 559 589 0 0 0
1047 559 558 589 0 0 0
1048 566 590 562 0 0 0
1049 562 591 560 0 0 0
1050 561 560 591 0 0 0
1051 563 561 591 0 0 0
1052 592 562 590 0 0 0
1053 592 591 562 0 0 0
1054 563 593 586 0 0 0
1055 563 591 593 0 0 0
1056 564 583 594 0 0 0
1057 565 564 594 0 0 0
1058 595 594 583 0 0 0
1059 596 572 565 0 0 0
1060 565 594 596 0 0 0
1061 566 597 590 0 0 0
1062 566 567 597 0 0 0
1063 567 568 597 0 0 0
1064 598 590 597 0 0 0
1065 598 599 590 0 0 0
1066 600 597 568 0 0 0
1067 600 568 601 0 0 0
1068 568 569 601 0 0 0
1069 601 569 602 0 0 0
1070 571 602 570 0 0 0
1071 570 602 569 0 0 0
1072 603 602 571 0 0 0
1073 572 603 571 0 0 0
1074 572 596 604 0 0 0
1075 572 604 603 0 0 0
1076 574 456 451 0 0 0
1077 605 456 574 0 0 0
1078 574 573 605 0 0 0
1079 573 585 605 0 0 0
1080 606 605 585 0 0 0
1081 606 585 607 0 0 0
1082 575 576 608 0 0 0
1083 575 608 583 0 0 0
1084 609 608 576 0 0 0
1085 576 578 609 0 0 0
1086 579 610 577 0 0 0
1087 578 610 609 0 0 0
1088 578 577 610 0 0 0
1089 579 580 611 0 0 0
1090 610 579 611 0 0 0
1091 611 580 612 0 0 0
1092 582 612 580 0 0 0
1093 613 612 582 0 0 0
1094 614 583 608 0 0 0
1095 614 595 583 0 0 0
1096 585 615 607 0 0 0
1097 584 615 585 0 0 0
1098 587 616 584 0 0 0
1099 584 616 615 0 0 0
1100 586 617 588 0 0 0
1101 617 586 593 0 0 0
1102 616 587 618 0 0 0
1103 589 618 587 0 0 0
1104 588 617 619 0 0 0
1105 618 589 619 0 0 0
1106 588 619 589 0 0 0
1107 592 590 620 0 0 0
1108 599 620 590 0 0 0
1109 592 620 621 0 0 0
1110 592 621 591 0 0 0
1111 621 593 591 0 0 0
1112 622 620 599 0 0 0
1113 593 623 617 0 0 0
1114 593 621 623 0 0 0
1115 624 607 615 0 0 0
1116 625 624 615 0 0 0
1117 595 614 626 0 0 0
1118 595 626 627 0 0 0
1119 595 627 594 0 0 0
1120 628 596 594 0 0 0
1121 628 594 627 0 0 0
1122 604 596 629 0 0 0
1123 628 629 596 0 0 0
1124 598 597 630 0 0 0
1125 600 630 597 0 0 0
1126 598 631 599 0 0 0
1127 631 598 630 0 0 0
1128 599 631 632 0 0 0
1129 599 632 622 0 0 0
1130 600 601 633 0 0 0
1131 630 600 633 0 0 0
1132 634 601 602 0 0 0
1133 634 633 601 0 0 0
1134 635 634 602 0 0 0
1135 635 602 636 0 0 0
1136 636 602 603 0 0 0
1137 604 637 603 0 0 0
1138 636 603 637 0 0 0
1139 638 604 629 0 0 0
1140 638 637 604 0 0 0
1141 456 605 457 0 0 0
1142 606 457 605 0 0 0
1143 606 607 639 0 0 0
1144 606 639 457 0 0 0
1145 640 639 607 0 0 0
1146 607 624 640 0 0 0
1147 641 614 608 0 0 0
1148 608 609 641 0 0 0
1149 611 642 610 0 0 0
1150 609 610 642 0 0 0
1151 609 642 641 0 0 0
1152 612 643 611 0 0 0
1153 611 643 642 0 0 0
1154 644 645 613 0 0 0
1155 645 643 612 0 0 0
1156 612 613 645 0 0 0
1157 626 614 646 0 0 0
1158 647 626 646 0 0 0
1159 614 641 646 0 0 0
1160 625 615 648 0 0 0
1161 648 615 616 0 0 0
1162 625 648 649 0 0 0
1163 618 650 616 0 0 0
1164 648 616 650 0 0 0
1165 617 623 651 0 0 0
1166 617 651 619 0 0 0
1167 652 619 651 0 0 0
1168 650 618 652 0 0 0
1169 619 652 618 0 0 0
1170 620 653 621 0 0 0
1171 621 653 623 0 0 0
1172 622 653 620 0 0 0
1173 622 654 653 0 0 0
1174 622 632 654 0 0 0
1175 623 653 655 0 0 0
1176 623 655 651 0 0 0
1177 656 640 624 0 0 0
1178 625 657 624 0 0 0
1179 624 657 656 0 0 0
1180 625 649 657 0 0 0
1181 627 626 658 0 0 0
1182 647 658 626 0 0 0
1183 627 658 659 0 0 0
1184 628 627 659 0 0 0
1185 628 659 629 0 0 0
1186 660 629 659 0 0 0
1187 638 629 661 0 0 0
1188 660 661 629 0 0 0
1189 631 662 632 0 0 0
1190 630 633 662 0 0 0
1191 631 630 662 0 0 0
1192 663 662 633 0 0 0
1193 664 632 662 0 0 0
1194 632 664 665 0 0 0
1195 665 654 632 0 0 0
1196 635 666 634 0 0 0
1197 663 633 666 0 0 0
1198 634 666 633 0 0 0
1199 635 667 666 0 0 0
1200 636 667 635 0 0 0
1201 636 637 667 0 0 0
1202 668 667 637 0 0 0
1203 638 661 669 0 0 0
1204 638 669 637 0 0 0
1205 668 637 669 0 0 0
1206 458 457 639 0 0 0
1207 639 670 458 0 0 0
1208 640 670 639 0 0 0
1209 671 670 640 0 0 0
1210 671 640 656 0 0 0
1211 647 672 658 0 0 0
1212 644 673 674 0 0 0
1213 674 645 644 0 0 0
1214 675 646 641 0 0 0
1215 641 642 675 0 0 0
1216 643 676 642 0 0 0
1217 676 675 642 0 0 0
1218 645 677 643 0 0 0
1219 674 677 645 0 0 0
1220 643 677 676 0 0 0
1221 647 646 678 0 0 0
1222 647 678 672 0 0 0
1223 678 646 679 0 0 0
1224 646 675 679 0 0 0
1225 680 657 649 0 0 0
1226 649 648 681 0 0 0
1227 648 650 681 0 0 0
1228 649 681 682 0 0 0
1229 680 649 682 0 0 0
1230 652 683 650 0 0 0
1231 681 650 683 0 0 0
1232 683 652 684 0 0 0
1233 651 684 652 0 0 0
1234 684 651 655 0 0 0
1235 685 684 655 0 0 0
1236 686 654 665 0 0 0
1237 687 686 665 0 0 0
1238 686 688 654 0 0 0
1239 688 655 653 0 0 0
1240 654 688 653 0 0 0
1241 689 685 655 0 0 0
1242 689 655 688 0 0 0
1243 689 690 685 0 0 0
1244 671 656 691 0 0 0
1245 692 656 657 0 0 0
1246 691 656 692 0 0 0
1247 693 692 657 0 0 0
1248 680 693 657 0 0 0
1249 659 658 694 0 0 0
1250 660 659 694 0 0 0
1251 658 672 694 0 0 0
1252 660 694 695 0 0 0
1253 660 695 661 0 0 0
1254 696 661 695 0 0 0
1255 696 669 661 0 0 0
1256 662 697 664 0 0 0
1257 697 662 663 0 0 0
1258 663 666 698 0 0 0
1259 663 698 697 0 0 0
1260 699 664 697 0 0 0
1261 700 665 664 0 0 0
1262 699 700 664 0 0 0
1263 701 665 700 0 0 0
1264 687 665 701 0 0 0
1265 698 666 702 0 0 0
1266 667 702 666 0 0 0
1267 668 702 667 0 0 0
1268 668 703 702 0 0 0
1269 668 669 703 0 0 0
1270 704 698 702 0 0 0
1271 696 705 669 0 0 0
1272 703 669 705 0 0 0
1273 670 459 458 0 0 0
1274 670 706 459 0 0 0
1275 671 691 706 0 0 0
1276 671 706 670 0 0 0
1277 707 706 691 0 0 0
1278 708 694 709 0 0 0
1279 709 694 672 0 0 0
1280 672 710 709 0 0 0
1281 710 672 678 0 0 0
1282 673 711 712 0 0 0
1283 674 673 712 0 0 0
1284 674 712 677 0 0 0
1285 679 675 713 0 0 0
1286 675 676 713 0 0 0
1287 714 676 677 0 0 0
1288 714 713 676 0 0 0
1289 712 715 677 0 0 0
1290 714 677 715 0 0 0
1291 678 679 716 0 0 0
1292 716 710 678 0 0 0
1293 716 679 717 0 0 0
1294 713 717 679 0 0 0
1295 680 718 693 0 0 0
1296 680 682 718 0 0 0
1297 719 718 682 0 0 0
1298 682 681 720 0 0 0
1299 682 720 719 0 0 0
1300 681 683 720 0 0 0
1301 685 721 684 0 0 0
1302 720 683 721 0 0 0
1303 684 721 683 0 0 0
1304 690 722 685 0 0 0
1305 722 721 685 0 0 0
1306 687 701 723 0 0 0
1307 686 724 688 0 0 0
1308 686 687 724 0 0 0
1309 687 723 724 0 0 0
1310 690 689 725 0 0 0
1311 689 688 725 0 0 0
1312 725 688 724 0 0 0
1313 690 725 726 0 0 0
1314 690 726 722 0 0 0
1315 691 692 727 0 0 0
1316 707 691 727 0 0 0
1317 728 707 727 0 0 0
1318 693 718 729 0 0 0
1319 692 729 727 0 0 0
1320 693 729 692 0 0 0
1321 695 694 730 0 0 0
1322 708 730 694 0 0 0
1323 696 731 705 0 0 0
1324 696 695 731 0 0 0
1325 730 731 695 0 0 0
1326 723 701 732 0 0 0
1327 704 733 698 0 0 0
1328 697 698 733 0 0 0
1329 699 697 733 0 0 0
1330 699 733 734 0 0 0
1331 699 734 700 0 0 0
1332 735 733 704 0 0 0
1333 701 736 732 0 0 0
1334 700 736 701 0 0 0
1335 700 734 736 0 0 0
1336 737 736 734 0 0 0
1337 738 703 705 0 0 0
1338 703 739 702 0 0 0
1339 704 702 739 0 0 0
1340 738 739 703 0 0 0
1341 704 739 735 0 0 0
1342 738 705 740 0 0 0
1343 705 731 740 0 0 0
1344 460 459 706 0 0 0
1345 741 706 707 0 0 0
1346 741 460 706 0 0 0
1347 742 741 707 0 0 0
1348 728 742 707 0 0 0
1349 728 743 742 0 0 0
1350 744 742 743 0 0 0
1351 708 709 745 0 0 0
1352 745 746 708 0 0 0
1353 708 746 730 0 0 0
1354 745 709 747 0 0 0
1355 710 747 709 0 0 0
1356 747 710 748 0 0 0
1357 716 748 710 0 0 0
1358 712 749 715 0 0 0
1359 712 711 749 0 0 0
1360 750 749 711 0 0 0
1361 751 752 750 0 0 0
1362 752 749 750 0 0 0
1363 751 753 754 0 0 0
1364 754 752 751 0 0 0
1365 717 713 755 0 0 0
1366 714 715 755 0 0 0
1367 714 755 713 0 0 0
1368 715 749 756 0 0 0
1369 756 755 715 0 0 0
1370 717 757 716 0 0 0
1371 748 716 757 0 0 0
1372 758 757 717 0 0 0
1373 758 717 755 0 0 0
1374 758 755 759 0 0 0
1375 760 718 719 0 0 0
1376 761 729 718 0 0 0
1377 760 761 718 0 0 0
1378 760 719 762 0 0 0
1379 719 763 762 0 0 0
1380 719 720 763 0 0 0
1381 720 721 763 0 0 0
1382 764 763 721 0 0 0
1383 722 726 764 0 0 0
1384 722 764 721 0 0 0
1385 765 766 732 0 0 0
1386 732 766 723 0 0 0
1387 725 767 726 0 0 0
1388 725 724 767 0 0 0
1389 724 723 767 0 0 0
1390 766 767 723 0 0 0
1391 726 768 764 0 0 0
1392 726 767 768 0 0 0
1393 728 727 769 0 0 0
1394 728 769 743 0 0 0
1395 770 727 729 0 0 0
1396 770 769 727 0 0 0
1397 761 771 729 0 0 0
1398 770 729 771 0 0 0
1399 746 772 730 0 0 0
1400 730 772 731 0 0 0
1401 740 731 773 0 0 0
1402 772 773 731 0 0 0
1403 765 732 774 0 0 0
1404 774 732 736 0 0 0
1405 735 775 733 0 0 0
1406 733 775 734 0 0 0
1407 737 734 775 0 0 0
1408 735 739 776 0 0 0
1409 735 776 775 0 0 0
1410 777 774 736 0 0 0
1411 737 777 736 0 0 0
1412 778 737 775 0 0 0
1413 737 778 777 0 0 0
1414 779 740 773 0 0 0
1415 780 738 740 0 0 0
1416 738 780 739 0 0 0
1417 781 776 739 0 0 0
1418 781 739 780 0 0 0
1419 780 740 782 0 0 0
1420 782 740 779 0 0 0
1421 741 461 460 0 0 0
1422 783 461 741 0 0 0
1423 742 783 741 0 0 0
1424 744 783 742 0 0 0
1425 744 784 783 0 0 0
1426 744 785 784 0 0 0
1427 744 743 785 0 0 0
1428 743 769 786 0 0 0
1429 743 786 785 0 0 0
1430 746 787 772 0 0 0
1431 788 745 747 0 0 0
1432 787 746 789 0 0 0
1433 745 789 746 0 0 0
1434 788 789 745 0 0 0
1435 788 747 790 0 0 0
1436 748 790 747 0 0 0
1437 791 790 748 0 0 0
1438 757 791 748 0 0 0
1439 792 793 753 0 0 0
1440 794 756 749 0 0 0
1441 752 794 749 0 0 0
1442 754 794 752 0 0 0
1443 793 795 753 0 0 0
1444 754 753 795 0 0 0
1445 754 795 794 0 0 0
1446 756 796 755 0 0 0
1447 796 759 755 0 0 0
1448 797 756 794 0 0 0
1449 797 796 756 0 0 0
1450 791 757 798 0 0 0
1451 759 798 758 0 0 0
1452 758 798 757 0 0 0
1453 799 759 796 0 0 0
1454 799 800 759 0 0 0
1455 759 800 798 0 0 0
1456 760 762 801 0 0 0
1457 760 801 761 0 0 0
1458 802 761 801 0 0 0
1459 802 771 761 0 0 0
1460 803 762 763 0 0 0
1461 803 804 762 0 0 0
1462 804 801 762 0 0 0
1463 805 766 765 0 0 0
1464 806 765 774 0 0 0
1465 807 765 806 0 0 0
1466 805 765 807 0 0 0
1467 808 763 764 0 0 0
1468 803 763 808 0 0 0
1469 809 764 768 0 0 0
1470 809 808 764 0 0 0
1471 810 767 766 0 0 0
1472 805 810 766 0 0 0
1473 768 767 811 0 0 0
1474 810 811 767 0 0 0
1475 809 768 812 0 0 0
1476 812 768 811 0 0 0
1477 769 813 786 0 0 0
1478 770 813 769 0 0 0
1479 770 771 813 0 0 0
1480 814 786 813 0 0 0
1481 815 771 802 0 0 0
1482 816 813 771 0 0 0
1483 815 816 771 0 0 0
1484 817 772 787 0 0 0
1485 773 772 817 0 0 0
1486 817 818 773 0 0 0
1487 779 773 818 0 0 0
1488 777 819 774 0 0 0
1489 806 774 819 0 0 0
1490 819 820 806 0 0 0
1491 778 775 821 0 0 0
1492 776 821 775 0 0 0
1493 821 776 822 0 0 0
1494 781 822 776 0 0 0
1495 778 823 777 0 0 0
1496 819 777 823 0 0 0
1497 824 823 778 0 0 0
1498 824 778 821 0 0 0
1499 779 818 825 0 0 0
1500 779 825 782 0 0 0
1501 782 825 826 0 0 0
1502 781 826 822 0 0 0
1503 782 826 780 0 0 0
1504 781 780 826 0 0 0
1505 827 822 826 0 0 0
1506 783 462 461 0 0 0
1507 783 784 462 0 0 0
1508 828 462 784 0 0 0
1509 828 784 829 0 0 0
1510 785 829 784 0 0 0
1511 785 830 829 0 0 0
1512 786 830 785 0 0 0
1513 814 830 786 0 0 0
1514 787 831 817 0 0 0
1515 789 832 787 0 0 0
1516 831 787 832 0 0 0
1517 790 833 788 0 0 0
1518 788 833 789 0 0 0
1519 832 789 834 0 0 0
1520 833 834 789 0 0 0
1521 790 835 833 0 0 0
1522 791 835 790 0 0 0
1523 791 798 835 0 0 0
1524 836 837 838 0 0 0
1525 836 838 792 0 0 0
1526 793 792 838 0 0 0
1527 839 840 837 0 0 0
1528 837 840 838 0 0 0
1529 793 841 795 0 0 0
1530 793 838 841 0 0 0
1531 795 842 794 0 0 0
1532 795 841 842 0 0 0
1533 797 794 842 0 0 0
1534 797 842 843 0 0 0
1535 797 843 796 0 0 0
1536 799 796 843 0 0 0
1537 835 798 844 0 0 0
1538 800 844 798 0 0 0
1539 799 843 845 0 0 0
1540 799 845 800 0 0 0
1541 844 800 846 0 0 0
1542 845 846 800 0 0 0
1543 847 801 804 0 0 0
1544 802 801 848 0 0 0
1545 802 848 815 0 0 0
1546 847 848 801 0 0 0
1547 804 803 849 0 0 0
1548 803 808 849 0 0 0
1549 804 849 850 0 0 0
1550 847 804 850 0 0 0
1551 805 851 810 0 0 0
1552 805 807 851 0 0 0
1553 852 806 820 0 0 0
1554 806 852 807 0 0 0
1555 807 853 851 0 0 0
1556 853 807 852 0 0 0
1557 809 854 808 0 0 0
1558 854 849 808 0 0 0
1559 812 854 809 0 0 0
1560 851 855 810 0 0 0
1561 855 811 810 0 0 0
1562 812 856 854 0 0 0
1563 811 855 856 0 0 0
1564 812 811 856 0 0 0
1565 814 857 830 0 0 0
1566 814 858 857 0 0 0
1567 814 813 858 0 0 0
1568 816 858 813 0 0 0
1569 816 859 858 0 0 0
1570 815 848 859 0 0 0
1571 815 859 816 0 0 0
1572 860 861 862 0 0 0
1573 818 817 863 0 0 0
1574 863 817 831 0 0 0
1575 864 825 818 0 0 0
1576 864 818 863 0 0 0
1577 820 865 852 0 0 0
1578 823 866 819 0 0 0
1579 820 819 866 0 0 0
1580 865 820 867 0 0 0
1581 867 820 866 0 0 0
1582 822 868 821 0 0 0
1583 824 821 868 0 0 0
1584 827 868 822 0 0 0
1585 869 866 823 0 0 0
1586 824 869 823 0 0 0
1587 824 868 869 0 0 0
1588 870 866 869 0 0 0
1589 871 825 864 0 0 0
1590 872 825 871 0 0 0
1591 872 873 825 0 0 0
1592 873 826 825 0 0 0
1593 827 826 873 0 0 0
1594 827 873 874 0 0 0
1595 827 874 868 0 0 0
1596 862 875 860 0 0 0
1597 875 862 876 0 0 0
1598 828 463 462 0 0 0
1599 828 877 463 0 0 0
1600 877 828 829 0 0 0
1601 857 878 830 0 0 0
1602 857 879 878 0 0 0
1603 877 829 880 0 0 0
1604 881 829 830 0 0 0
1605 880 829 881 0 0 0
1606 878 881 830 0 0 0
1607 882 860 875 0 0 0
1608 883 884 861 0 0 0
1609 885 882 875 0 0 0
1610 831 886 863 0 0 0
1611 832 887 831 0 0 0
1612 886 831 887 0 0 0
1613 834 888 832 0 0 0
1614 887 832 888 0 0 0
1615 833 889 834 0 0 0
1616 889 833 835 0 0 0
1617 890 834 889 0 0 0
1618 888 834 890 0 0 0
1619 889 835 891 0 0 0
1620 844 891 835 0 0 0
1621 839 892 840 0 0 0
1622 840 892 893 0 0 0
1623 838 894 841 0 0 0
1624 894 838 840 0 0 0
1625 840 893 894 0 0 0
1626 842 895 843 0 0 0
1627 842 841 895 0 0 0
1628 841 894 895 0 0 0
1629 896 843 895 0 0 0
1630 843 896 845 0 0 0
1631 846 897 844 0 0 0
1632 891 844 897 0 0 0
1633 845 898 846 0 0 0
1634 898 845 896 0 0 0
1635 899 846 898 0 0 0
1636 899 897 846 0 0 0
1637 850 900 847 0 0 0
1638 847 900 848 0 0 0
1639 901 859 848 0 0 0
1640 901 848 900 0 0 0
1641 849 854 902 0 0 0
1642 902 903 849 0 0 0
1643 850 849 903 0 0 0
1644 850 903 900 0 0 0
1645 851 904 855 0 0 0
1646 904 851 853 0 0 0
1647 905 852 865 0 0 0
1648 852 905 853 0 0 0
1649 865 906 905 0 0 0
1650 853 907 904 0 0 0
1651 907 853 905 0 0 0
1652 856 908 854 0 0 0
1653 908 902 854 0 0 0
1654 856 855 909 0 0 0
1655 904 909 855 0 0 0
1656 908 856 909 0 0 0
1657 910 902 908 0 0 0
1658 858 911 857 0 0 0
1659 858 859 911 0 0 0
1660 879 857 911 0 0 0
1661 901 912 859 0 0 0
1662 912 911 859 0 0 0
1663 913 879 911 0 0 0
1664 914 878 879 0 0 0
1665 913 915 879 0 0 0
1666 914 879 915 0 0 0
1667 916 876 917 0 0 0
1668 884 918 861 0 0 0
1669 861 918 862 0 0 0
1670 862 918 919 0 0 0
1671 862 919 876 0 0 0
1672 876 919 917 0 0 0
1673 863 920 864 0 0 0
1674 920 863 886 0 0 0
1675 921 864 920 0 0 0
1676 871 864 921 0 0 0
1677 867 922 865 0 0 0
1678 906 865 922 0 0 0
1679 870 923 866 0 0 0
1680 922 867 923 0 0 0
1681 867 866 923 0 0 0
1682 870 869 924 0 0 0
1683 874 924 868 0 0 0
1684 869 868 924 0 0 0
1685 870 925 923 0 0 0
1686 870 924 925 0 0 0
1687 871 926 872 0 0 0
1688 921 926 871 0 0 0
1689 872 927 873 0 0 0
1690 872 926 927 0 0 0
1691 927 928 873 0 0 0
1692 874 873 928 0 0 0
1693 929 874 928 0 0 0
1694 929 924 874 0 0 0
1695 916 917 930 0 0 0
1696 931 932 933 0 0 0
1697 876 934 875 0 0 0
1698 934 876 916 0 0 0
1699 875 934 885 0 0 0
1700 916 935 934 0 0 0
1701 935 916 930 0 0 0
1702 936 932 937 0 0 0
1703 877 464 463 0 0 0
1704 877 880 464 0 0 0
1705 938 464 880 0 0 0
1706 878 939 881 0 0 0
1707 914 939 878 0 0 0
1708 881 940 880 0 0 0
1709 938 880 940 0 0 0
1710 940 881 939 0 0 0
1711 941 885 934 0 0 0
1712 884 942 918 0 0 0
1713 884 883 943 0 0 0
1714 943 942 884 0 0 0
1715 886 944 920 0 0 0
1716 944 886 945 0 0 0
1717 887 945 886 0 0 0
1718 946 887 888 0 0 0
1719 946 945 887 0 0 0
1720 890 947 888 0 0 0
1721 946 888 947 0 0 0
1722 890 889 948 0 0 0
1723 891 948 889 0 0 0
1724 947 890 949 0 0 0
1725 948 949 890 0 0 0
1726 948 891 950 0 0 0
1727 897 950 891 0 0 0
1728 951 952 892 0 0 0
1729 893 892 952 0 0 0
1730 893 952 953 0 0 0
1731 893 953 894 0 0 0
1732 953 954 894 0 0 0
1733 895 894 954 0 0 0
1734 895 954 896 0 0 0
1735 955 896 954 0 0 0
1736 896 955 898 0 0 0
1737 897 956 950 0 0 0
1738 899 956 897 0 0 0
1739 955 957 898 0 0 0
1740 899 898 957 0 0 0
1741 899 957 956 0 0 0
1742 901 958 912 0 0 0
1743 900 958 901 0 0 0
1744 900 903 958 0 0 0
1745 959 912 958 0 0 0
1746 910 960 902 0 0 0
1747 903 902 960 0 0 0
1748 960 961 903 0 0 0
1749 961 958 903 0 0 0
1750 906 922 962 0 0 0
1751 963 909 904 0 0 0
1752 963 904 907 0 0 0
1753 906 962 964 0 0 0
1754 906 964 905 0 0 0
1755 905 964 907 0 0 0
1756 965 907 964 0 0 0
1757 907 965 963 0 0 0
1758 908 909 966 0 0 0
1759 910 908 966 0 0 0
1760 967 909 963 0 0 0
1761 967 966 909 0 0 0
1762 910 968 960 0 0 0
1763 910 966 968 0 0 0
1764 912 969 911 0 0 0
1765 913 911 969 0 0 0
1766 959 969 912 0 0 0
1767 970 969 959 0 0 0
1768 971 913 969 0 0 0
1769 913 971 915 0 0 0
1770 914 915 972 0 0 0
1771 914 972 939 0 0 0
1772 915 971 973 0 0 0
1773 915 973 972 0 0 0
1774 942 974 918 0 0 0
1775 930 917 975 0 0 0
1776 930 975 933 0 0 0
1777 933 975 931 0 0 0
1778 976 931 975 0 0 0
1779 977 917 919 0 0 0
1780 917 977 975 0 0 0
1781 918 978 919 0 0 0
1782 918 974 978 0 0 0
1783 979 977 919 0 0 0
1784 979 919 978 0 0 0
1785 980 975 977 0 0 0
1786 920 944 981 0 0 0
1787 921 981 926 0 0 0
1788 921 920 981 0 0 0
1789 982 981 944 0 0 0
1790 922 923 983 0 0 0
1791 922 983 962 0 0 0
1792 984 926 981 0 0 0
1793 925 985 923 0 0 0
1794 983 923 985 0 0 0
1795 925 986 985 0 0 0
1796 925 924 986 0 0 0
1797 929 986 924 0 0 0
1798 926 984 987 0 0 0
1799 926 987 927 0 0 0
1800 988 928 927 0 0 0
1801 988 927 987 0 0 0
1802 988 989 928 0 0 0
1803 929 928 989 0 0 0
1804 929 989 986 0 0 0
1805 930 990 935 0 0 0
1806 990 930 933 0 0 0
1807 933 991 990 0 0 0
1808 932 936 991 0 0 0
1809 991 933 932 0 0 0
1810 934 992 941 0 0 0
1811 992 934 935 0 0 0
1812 993 935 990 0 0 0
1813 935 993 992 0 0 0
1814 937 994 936 0 0 0
1815 995 936 994 0 0 0
1816 936 995 991 0 0 0
1817 938 465 464 0 0 0
1818 996 939 972 0 0 0
1819 938 997 465 0 0 0
1820 938 940 997 0 0 0
1821 997 940 998 0 0 0
1822 940 939 998 0 0 0
1823 996 998 939 0 0 0
1824 999 974 942 0 0 0
1825 942 943 999 0 0 0
1826 974 999 1000 0 0 0
1827 945 1001 944 0 0 0
1828 982 944 1001 0 0 0
1829 982 1001 1002 0 0 0
1830 946 947 1003 0 0 0
1831 945 1003 1001 0 0 0
1832 946 1003 945 0 0 0
1833 947 1004 1003 0 0 0
1834 949 1004 947 0 0 0
1835 950 1005 948 0 0 0
1836 949 948 1005 0 0 0
1837 1006 1004 949 0 0 0
1838 1006 949 1005 0 0 0
1839 1005 950 1007 0 0 0
1840 956 1007 950 0 0 0
1841 1008 1009 951 0 0 0
1842 952 951 1009 0 0 0
1843 1010 1009 1008 0 0 0
1844 1009 1011 952 0 0 0
1845 1011 953 952 0 0 0
1846 954 1012 955 0 0 0
1847 953 1011 1012 0 0 0
1848 1012 954 953 0 0 0
1849 1013 955 1012 0 0 0
1850 955 1013 957 0 0 0
1851 1007 956 1014 0 0 0
1852 957 1014 956 0 0 0
1853 1015 957 1013 0 0 0
1854 1015 1014 957 0 0 0
1855 970 959 1016 0 0 0
1856 961 1016 958 0 0 0
1857 959 958 1016 0 0 0
1858 968 1017 960 0 0 0
1859 961 1017 1016 0 0 0
1860 961 960 1017 0 0 0
1861 970 1018 969 0 0 0
1862 970 1016 1019 0 0 0
1863 1018 970 1019 0 0 0
1864 983 1020 962 0 0 0
1865 1021 964 962 0 0 0
1866 1022 962 1020 0 0 0
1867 1021 962 1022 0 0 0
1868 967 963 1023 0 0 0
1869 1023 963 965 0 0 0
1870 1024 965 964 0 0 0
1871 1021 1024 964 0 0 0
1872 1025 1023 965 0 0 0
1873 1025 965 1024 0 0 0
1874 968 966 1026 0 0 0
1875 1023 1026 967 0 0 0
1876 967 1026 966 0 0 0
1877 1017 968 1027 0 0 0
1878 1028 968 1026 0 0 0
1879 1028 1027 968 0 0 0
1880 1029 973 971 0 0 0
1881 1018 1030 969 0 0 0
1882 1030 971 969 0 0 0
1883 1029 971 1030 0 0 0
1884 972 973 1031 0 0 0
1885 996 972 1031 0 0 0
1886 1032 1031 973 0 0 0
1887 973 1029 1032 0 0 0
1888 974 1033 978 0 0 0
1889 1000 1034 974 0 0 0
1890 1033 974 1034 0 0 0
1891 980 1035 975 0 0 0
1892 1035 976 975 0 0 0
1893 976 1035 1036 0 0 0
1894 979 1037 977 0 0 0
1895 977 1037 980 0 0 0
1896 978 1038 979 0 0 0
1897 979 1038 1037 0 0 0
1898 1033 1038 978 0 0 0
1899 980 1039 1035 0 0 0
1900 980 1037 1039 0 0 0
1901 984 981 1040 0 0 0
1902 982 1040 981 0 0 0
1903 982 1002 1040 0 0 0
1904 1041 1040 1002 0 0 0
1905 1042 984 1040 0 0 0
1906 985 1043 983 0 0 0
1907 1020 983 1043 0 0 0
1908 1042 1044 984 0 0 0
1909 1044 987 984 0 0 0
1910 985 1045 1043 0 0 0
1911 986 1045 985 0 0 0
1912 986 989 1045 0 0 0
1913 988 1046 989 0 0 0
1914 988 987 1046 0 0 0
1915 987 1044 1046 0 0 0
1916 1047 1045 989 0 0 0
1917 1047 989 1046 0 0 0
1918 1041 1002 1048 0 0 0
1919 1049 1041 1048 0 0 0
1920 991 995 1050 0 0 0
1921 1050 990 991 0 0 0
1922 990 1050 993 0 0 0
1923 997 467 465 0 0 0
1924 996 1031 1051 0 0 0
1925 996 1051 998 0 0 0
1926 998 1051 1052 0 0 0
1927 467 997 1052 0 0 0
1928 998 1052 997 0 0 0
1929 1034 1000 1053 0 0 0
1930 1001 1003 1054 0 0 0
1931 1001 1054 1002 0 0 0
1932 1054 1055 1002 0 0 0
1933 1048 1002 1055 0 0 0
1934 1054 1003 1056 0 0 0
1935 1056 1003 1004 0 0 0
1936 1004 1057 1056 0 0 0
1937 1006 1057 1004 0 0 0
1938 1006 1058 1057 0 0 0
1939 1007 1058 1005 0 0 0
1940 1006 1005 1058 0 0 0
1941 1059 1058 1007 0 0 0
1942 1059 1007 1014 0 0 0
1943 1011 1009 1060 0 0 0
1944 1010 1060 1009 0 0 0
1945 1061 1012 1011 0 0 0
1946 1011 1060 1061 0 0 0
1947 1012 1061 1013 0 0 0
1948 1059 1014 1062 0 0 0
1949 1063 1013 1061 0 0 0
1950 1015 1013 1063 0 0 0
1951 1015 1063 1064 0 0 0
1952 1062 1014 1064 0 0 0
1953 1015 1064 1014 0 0 0
1954 1017 1065 1016 0 0 0
1955 1019 1016 1065 0 0 0
1956 1027 1065 1017 0 0 0
1957 1018 1066 1030 0 0 0
1958 1018 1019 1066 0 0 0
1959 1067 1066 1019 0 0 0
1960 1067 1019 1065 0 0 0
1961 1020 1043 1068 0 0 0
1962 1022 1020 1069 0 0 0
1963 1069 1020 1068 0 0 0
1964 1022 1069 1070 0 0 0
1965 1021 1022 1070 0 0 0
1966 1021 1070 1024 0 0 0
1967 1023 1071 1026 0 0 0
1968 1025 1071 1023 0 0 0
1969 1025 1072 1071 0 0 0
1970 1025 1024 1072 0 0 0
1971 1024 1070 1072 0 0 0
1972 1073 1026 1071 0 0 0
1973 1028 1026 1073 0 0 0
1974 1027 1074 1065 0 0 0
1975 1027 1028 1074 0 0 0
1976 1028 1073 1074 0 0 0
1977 1075 1032 1029 0 0 0
1978 1076 1030 1066 0 0 0
1979 1029 1076 1075 0 0 0
1980 1029 1030 1076 0 0 0
1981 1077 1076 1066 0 0 0
1982 1031 1078 1051 0 0 0
1983 1031 1032 1078 0 0 0
1984 1079 1051 1078 0 0 0
1985 1032 1080 1078 0 0 0
1986 1032 1075 1080 0 0 0
1987 1034 1081 1033 0 0 0
1988 1033 1081 1038 0 0 0
1989 1053 1082 1034 0 0 0
1990 1081 1034 1082 0 0 0
1991 1039 1083 1035 0 0 0
1992 1035 1083 1036 0 0 0
1993 1036 1083 1084 0 0 0
1994 1038 1085 1037 0 0 0
1995 1037 1085 1039 0 0 0
1996 1081 1085 1038 0 0 0
1997 1086 1083 1039 0 0 0
1998 1086 1039 1085 0 0 0
1999 1042 1040 1087 0 0 0
2000 1041 1049 1087 0 0 0
2001 1041 1087 1040 0 0 0
2002 1042 1088 1044 0 0 0
2003 1042 1087 1088 0 0 0
2004 1043 1045 1089 0 0 0
2005 1089 1068 1043 0 0 0
2006 1044 1090 1046 0 0 0
2007 1090 1044 1088 0 0 0
2008 1047 1091 1045 0 0 0
2009 1091 1089 1045 0 0 0
2010 1092 1046 1090 0 0 0
2011 1047 1046 1092 0 0 0
2012 1047 1092 1091 0 0 0
2013 1048 1055 1093 0 0 0
2014 1049 1048 1094 0 0 0
2015 1094 1048 1093 0 0 0
2016 1049 1095 1087 0 0 0
2017 1049 1094 1095 0 0 0
2018 1052 469 467 0 0 0
2019 1096 469 1052 0 0 0
2020 1079 1096 1051 0 0 0
2021 1052 1051 1096 0 0 0
2022 1082 1053 1097 0 0 0
2023 1097 1098 1082 0 0 0
2024 1054 1056 1099 0 0 0
2025 1055 1054 1099 0 0 0
2026 1093 1055 1100 0 0 0
2027 1099 1100 1055 0 0 0
2028 1101 1099 1056 0 0 0
2029 1056 1057 1101 0 0 0
2030 1057 1102 1101 0 0 0
2031 1057 1058 1102 0 0 0
2032 1059 1103 1058 0 0 0
2033 1103 1102 1058 0 0 0
2034 1059 1062 1103 0 0 0
2035 1104 1061 1060 0 0 0
2036 1104 1063 1061 0 0 0
2037 1062 1105 1103 0 0 0
2038 1062 1064 1106 0 0 0
2039 1105 1062 1106 0 0 0
2040 1104 1107 1063 0 0 0
2041 1063 1107 1064 0 0 0
2042 1108 1106 1064 0 0 0
2043 1108 1064 1107 0 0 0
2044 1067 1065 1109 0 0 0
2045 1109 1065 1074 0 0 0
2046 1067 1109 1110 0 0 0
2047 1077 1066 1110 0 0 0
2048 1067 1110 1066 0 0 0
2049 1111 1109 1074 0 0 0
2050 1112 1068 1089 0 0 0
2051 1113 1070 1069 0 0 0
2052 1114 1068 1112 0 0 0
2053 1114 1115 1068 0 0 0
2054 1069 1068 1115 0 0 0
2055 1113 1069 1115 0 0 0
2056 1113 1116 1070 0 0 0
2057 1116 1072 1070 0 0 0
2058 1071 1117 1073 0 0 0
2059 1117 1071 1072 0 0 0
2060 1118 1117 1072 0 0 0
2061 1118 1072 1116 0 0 0
2062 1119 1073 1117 0 0 0
2063 1119 1074 1073 0 0 0
2064 1111 1074 1120 0 0 0
2065 1119 1120 1074 0 0 0
2066 1121 1080 1075 0 0 0
2067 1077 1122 1076 0 0 0
2068 1076 1122 1075 0 0 0
2069 1121 1075 1122 0 0 0
2070 1077 1110 1123 0 0 0
2071 1077 1123 1122 0 0 0
2072 1079 1124 1096 0 0 0
2073 1079 1078 1125 0 0 0
2074 1079 1125 1124 0 0 0
2075 1078 1080 1125 0 0 0
2076 1121 1126 1080 0 0 0
2077 1127 1125 1080 0 0 0
2078 1127 1080 1126 0 0 0
2079 1128 1082 1098 0 0 0
2080 1082 1128 1081 0 0 0
2081 1081 1128 1085 0 0 0
2082 1129 1098 1130 0 0 0
2083 1098 1129 1128 0 0 0
2084 1083 1086 1131 0 0 0
2085 1084 1131 1132 0 0 0
2086 1131 1084 1083 0 0 0
2087 1086 1133 1131 0 0 0
2088 1086 1085 1133 0 0 0
2089 1085 1128 1133 0 0 0
2090 1134 1088 1087 0 0 0
2091 1134 1087 1095 0 0 0
2092 1088 1135 1090 0 0 0
2093 1135 1088 1134 0 0 0
2094 1136 1089 1091 0 0 0
2095 1136 1112 1089 0 0 0
2096 1137 1090 1135 0 0 0
2097 1090 1137 1092 0 0 0
2098 1138 1136 1091 0 0 0
2099 1138 1092 1137 0 0 0
2100 1092 1138 1091 0 0 0
2101 1095 1139 1134 0 0 0
2102 1100 1140 1093 0 0 0
2103 1141 1093 1140 0 0 0
2104 1093 1141 1094 0 0 0
2105 1094 1141 1142 0 0 0
2106 1094 1142 1095 0 0 0
2107 1095 1142 1139 0 0 0
2108 469 1096 472 0 0 0
2109 1098 1097 472 0 0 0
2110 472 1130 1098 0 0 0
2111 1124 472 1096 0 0 0
2112 1130 472 1124 0 0 0
2113 1099 1101 1143 0 0 0
2114 1100 1099 1143 0 0 0
2115 1143 1144 1100 0 0 0
2116 1140 1100 1144 0 0 0
2117 1145 1101 1102 0 0 0
2118 1145 1143 1101 0 0 0
2119 1146 1145 1102 0 0 0
2120 1102 1103 1146 0 0 0
2121 1147 1146 1103 0 0 0
2122 1105 1147 1103 0 0 0
2123 1107 1104 1148 0 0 0
2124 1105 1106 1149 0 0 0
2125 1105 1149 1147 0 0 0
2126 1108 1150 1106 0 0 0
2127 1150 1149 1106 0 0 0
2128 1148 1151 1107 0 0 0
2129 1108 1107 1151 0 0 0
2130 1108 1151 1150 0 0 0
2131 1152 1110 1109 0 0 0
2132 1111 1152 1109 0 0 0
2133 1153 1110 1152 0 0 0
2134 1153 1123 1110 0 0 0
2135 1111 1154 1152 0 0 0
2136 1120 1154 1111 0 0 0
2137 1155 1112 1136 0 0 0
2138 1156 1112 1155 0 0 0
2139 1114 1112 1156 0 0 0
2140 1113 1115 1157 0 0 0
2141 1113 1157 1116 0 0 0
2142 1114 1158 1115 0 0 0
2143 1114 1156 1158 0 0 0
2144 1159 1157 1115 0 0 0
2145 1159 1115 1158 0 0 0
2146 1116 1157 1160 0 0 0
2147 1118 1116 1160 0 0 0
2148 1119 1117 1161 0 0 0
2149 1119 1161 1120 0 0 0
2150 1118 1161 1117 0 0 0
2151 1118 1160 1161 0 0 0
2152 1162 1154 1120 0 0 0
2153 1162 1120 1161 0 0 0
2154 1121 1163 1126 0 0 0
2155 1121 1122 1163 0 0 0
2156 1153 1164 1123 0 0 0
2157 1165 1123 1164 0 0 0
2158 1165 1122 1123 0 0 0
2159 1165 1163 1122 0 0 0
2160 1126 1163 1166 0 0 0
2161 1167 1132 1131 0 0 0
2162 1132 1167 1168 0 0 0
2163 1124 1169 1130 0 0 0
2164 1169 1124 1125 0 0 0
2165 1170 1169 1125 0 0 0
2166 1170 1125 1127 0 0 0
2167 1127 1171 1170 0 0 0
2168 1126 1166 1171 0 0 0
2169 1127 1126 1171 0 0 0
2170 1133 1128 1172 0 0 0
2171 1129 1172 1128 0 0 0
2172 1173 1130 1169 0 0 0
2173 1130 1173 1129 0 0 0
2174 1129 1173 1172 0 0 0
2175 1167 1131 1174 0 0 0
2176 1133 1174 1131 0 0 0
2177 1172 1174 1133 0 0 0
2178 1134 1175 1135 0 0 0
2179 1134 1139 1175 0 0 0
2180 1175 1176 1135 0 0 0
2181 1137 1135 1176 0 0 0
2182 1155 1136 1177 0 0 0
2183 1138 1177 1136 0 0 0
2184 1178 1177 1138 0 0 0
2185 1178 1137 1176 0 0 0
2186 1178 1138 1137 0 0 0
2187 1179 1140 1144 0 0 0
2188 1139 1180 1175 0 0 0
2189 1180 1139 1181 0 0 0
2190 1181 1139 1142 0 0 0
2191 1140 1182 1141 0 0 0
2192 1179 1182 1140 0 0 0
2193 1183 1141 1182 0 0 0
2194 1141 1183 1142 0 0 0
2195 1142 1183 1181 0 0 0
2196 1143 1145 1184 0 0 0
2197 1144 1143 1184 0 0 0
2198 1144 1184 1185 0 0 0
2199 1179 1144 1185 0 0 0
2200 1146 1186 1145 0 0 0
2201 1184 1145 1186 0 0 0
2202 1187 1186 1146 0 0 0
2203 1147 1187 1146 0 0 0
2204 1187 1147 1188 0 0 0
2205 1188 1147 1149 0 0 0
2206 1151 1148 1189 0 0 0
2207 1150 1190 1149 0 0 0
2208 1149 1190 1188 0 0 0
2209 1189 1191 1151 0 0 0
2210 1150 1151 1191 0 0 0
2211 1150 1191 1190 0 0 0
2212 1152 1154 1192 0 0 0
2213 1153 1152 1192 0 0 0
2214 1153 1192 1164 0 0 0
2215 1193 1164 1192 0 0 0
2216 1194 1155 1177 0 0 0
2217 1162 1195 1154 0 0 0
2218 1154 1196 1192 0 0 0
2219 1195 1196 1154 0 0 0
2220 1155 1197 1156 0 0 0
2221 1194 1197 1155 0 0 0
2222 1156 1198 1158 0 0 0
2223 1198 1156 1197 0 0 0
2224 1199 1160 1157 0 0 0
2225 1159 1199 1157 0 0 0
2226 1200 1160 1199 0 0 0
2227 1201 1158 1198 0 0 0
2228 1159 1202 1199 0 0 0
2229 1159 1158 1202 0 0 0
2230 1202 1158 1201 0 0 0
2231 1162 1161 1203 0 0 0
2232 1200 1203 1160 0 0 0
2233 1203 1161 1160 0 0 0
2234 1195 1162 1203 0 0 0
2235 1200 1204 1203 0 0 0
2236 1205 1171 1166 0 0 0
2237 1165 1164 1206 0 0 0
2238 1163 1206 1166 0 0 0
2239 1165 1206 1163 0 0 0
2240 1193 1206 1164 0 0 0
2241 1205 1166 1207 0 0 0
2242 1166 1206 1207 0 0 0
2243 1208 1168 1167 0 0 0
2244 1209 1208 1167 0 0 0
2245 1167 1174 1209 0 0 0
2246 1168 1208 1210 0 0 0
2247 1211 1169 1170 0 0 0
2248 1169 1211 1173 0 0 0
2249 1171 1212 1170 0 0 0
2250 1205 1212 1171 0 0 0
2251 1170 1212 1211 0 0 0
2252 1174 1172 1213 0 0 0
2253 1173 1211 1213 0 0 0
2254 1173 1213 1172 0 0 0
2255 1209 1174 1214 0 0 0
2256 1174 1213 1214 0 0 0
2257 1175 1215 1176 0 0 0
2258 1180 1215 1175 0 0 0
2259 1176 1215 1216 0 0 0
2260 1194 1177 1216 0 0 0
2261 1178 1176 1216 0 0 0
2262 1178 1216 1177 0 0 0
2263 1179 1217 1182 0 0 0
2264 1179 1185 1217 0 0 0
2265 1218 1215 1180 0 0 0
2266 1218 1180 1219 0 0 0
2267 1219 1180 1181 0 0 0
2268 1219 1181 1220 0 0 0
2269 1220 1181 1183 0 0 0
2270 1183 1221 1220 0 0 0
2271 1182 1217 1221 0 0 0
2272 1221 1183 1182 0 0 0
2273 1184 1186 1222 0 0 0
2274 1222 1185 1184 0 0 0
2275 1185 1222 1223 0 0 0
2276 1185 1223 1217 0 0 0
2277 1224 1222 1186 0 0 0
2278 1225 1224 1186 0 0 0
2279 1225 1186 1187 0 0 0
2280 1225 1187 1226 0 0 0
2281 1188 1226 1187 0 0 0
2282 1227 1226 1188 0 0 0
2283 1227 1188 1190 0 0 0
2284 1228 1227 1190 0 0 0
2285 1189 1229 1191 0 0 0
2286 1230 1191 1229 0 0 0
2287 1228 1190 1230 0 0 0
2288 1191 1230 1190 0 0 0
2289 1231 1192 1196 0 0 0
2290 1193 1192 1231 0 0 0
2291 1193 1232 1206 0 0 0
2292 1193 1231 1232 0 0 0
2293 1194 1216 1233 0 0 0
2294 1194 1233 1197 0 0 0
2295 1234 1231 1196 0 0 0
2296 1195 1203 1235 0 0 0
2297 1195 1235 1196 0 0 0
2298 1236 1196 1235 0 0 0
2299 1234 1196 1236 0 0 0
2300 1197 1237 1198 0 0 0
2301 1197 1233 1237 0 0 0
2302 1238 1198 1237 0 0 0
2303 1238 1201 1198 0 0 0
2304 1239 1201 1238 0 0 0
2305 1204 1200 1240 0 0 0
2306 1240 1199 1202 0 0 0
2307 1200 1199 1240 0 0 0
2308 1202 1241 1240 0 0 0
2309 1239 1241 1201 0 0 0
2310 1201 1241 1202 0 0 0
2311 1242 1235 1203 0 0 0
2312 1204 1242 1203 0 0 0
2313 1243 1204 1240 0 0 0
2314 1204 1243 1242 0 0 0
2315 1205 1244 1212 0 0 0
2316 1205 1207 1244 0 0 0
2317 1232 1245 1206 0 0 0
2318 1245 1207 1206 0 0 0
2319 1207 1245 1246 0 0 0
2320 1246 1244 1207 0 0 0
2321 1208 1247 1210 0 0 0
2322 1209 1214 1247 0 0 0
2323 1208 1209 1247 0 0 0
2324 1210 1247 1248 0 0 0
2325 1249 1211 1212 0 0 0
2326 1211 1249 1213 0 0 0
2327 1244 1250 1212 0 0 0
2328 1212 1250 1249 0 0 0
2329 1214 1213 1251 0 0 0
2330 1251 1213 1249 0 0 0
2331 1247 1214 1252 0 0 0
2332 1251 1252 1214 0 0 0
2333 1253 1215 1218 0 0 0
2334 1253 1254 1215 0 0 0
2335 1216 1215 1254 0 0 0
2336 1233 1216 1254 0 0 0
2337 1255 1217 1223 0 0 0
2338 1255 1256 1217 0 0 0
2339 1221 1217 1256 0 0 0
2340 1255 1223 1257 0 0 0
2341 1253 1218 1258 0 0 0
2342 1259 1218 1219 0 0 0
2343 1259 1258 1218 0 0 0
2344 1259 1219 1260 0 0 0
2345 1260 1219 1220 0 0 0
2346 1261 1220 1221 0 0 0
2347 1221 1256 1261 0 0 0
2348 1220 1261 1260 0 0 0
2349 1262 1261 1256 0 0 0
2350 1224 1263 1222 0 0 0
2351 1263 1223 1222 0 0 0
2352 1257 1223 1264 0 0 0
2353 1264 1223 1263 0 0 0
2354 1263 1224 1265 0 0 0
2355 1228 1230 1266 0 0 0
2356 1226 1267 1225 0 0 0
2357 1225 1267 1224 0 0 0
2358 1265 1224 1267 0 0 0
2359 1226 1268 1267 0 0 0
2360 1227 1268 1226 0 0 0
2361 1228 1266 1268 0 0 0
2362 1227 1228 1268 0 0 0
2363 1229 1269 1230 0 0 0
2364 1266 1230 1270 0 0 0
2365 1270 1230 1269 0 0 0
2366 1271 1266 1270 0 0 0
2367 1231 1272 1232 0 0 0
2368 1234 1272 1231 0 0 0
2369 1273 1232 1272 0 0 0
2370 1273 1245 1232 0 0 0
2371 1274 1237 1233 0 0 0
2372 1233 1254 1274 0 0 0
2373 1234 1236 1275 0 0 0
2374 1234 1275 1272 0 0 0
2375 1235 1276 1236 0 0 0
2376 1276 1235 1242 0 0 0
2377 1236 1277 1275 0 0 0
2378 1277 1236 1276 0 0 0
2379 1237 1278 1238 0 0 0
2380 1278 1237 1274 0 0 0
2381 1239 1238 1279 0 0 0
2382 1278 1279 1238 0 0 0
2383 1239 1280 1241 0 0 0
2384 1239 1279 1280 0 0 0
2385 1241 1281 1240 0 0 0
2386 1241 1280 1281 0 0 0
2387 1243 1240 1281 0 0 0
2388 1276 1242 1282 0 0 0
2389 1243 1282 1242 0 0 0
2390 1243 1281 1282 0 0 0
2391 1244 1283 1250 0 0 0
2392 1283 1244 1246 0 0 0
2393 1273 1284 1245 0 0 0
2394 1246 1245 1284 0 0 0
2395 1284 1285 1246 0 0 0
2396 1283 1246 1285 0 0 0
2397 1286 1248 1247 0 0 0
2398 1247 1252 1286 0 0 0
2399 1248 1286 1287 0 0 0
2400 1250 1288 1249 0 0 0
2401 1251 1249 1288 0 0 0
2402 1283 1289 1250 0 0 0
2403 1288 1250 1289 0 0 0
2404 1290 1252 1251 0 0 0
2405 1290 1251 1288 0 0 0
2406 1286 1252 1291 0 0 0
2407 1290 1291 1252 0 0 0
2408 1253 1258 1292 0 0 0
2409 1253 1292 1254 0 0 0
2410 1292 1293 1254 0 0 0
2411 1293 1274 1254 0 0 0
2412 1294 1292 1258 0 0 0
2413 1255 1295 1256 0 0 0
2414 1257 1295 1255 0 0 0
2415 1296 1256 1295 0 0 0
2416 1296 1262 1256 0 0 0
2417 1257 1264 1297 0 0 0
2418 1257 1297 1295 0 0 0
2419 1298 1262 1296 0 0 0
2420 1294 1258 1299 0 0 0
2421 1259 1260 1299 0 0 0
2422 1259 1299 1258 0 0 0
2423 1261 1262 1300 0 0 0
2424 1300 1260 1261 0 0 0
2425 1260 1300 1299 0 0 0
2426 1301 1300 1262 0 0 0
2427 1301 1262 1298 0 0 0
2428 1302 1297 1264 0 0 0
2429 1265 1303 1263 0 0 0
2430 1264 1263 1303 0 0 0
2431 1302 1264 1303 0 0 0
2432 1265 1304 1303 0 0 0
2433 1265 1267 1304 0 0 0
2434 1271 1305 1266 0 0 0
2435 1266 1305 1268 0 0 0
2436 1305 1306 1268 0 0 0
2437 1306 1267 1268 0 0 0
2438 1304 1267 1306 0 0 0
2439 1270 1269 1307 0 0 0
2440 1308 1270 1307 0 0 0
2441 1271 1270 1308 0 0 0
2442 1271 1309 1305 0 0 0
2443 1271 1308 1309 0 0 0
2444 1310 1284 1273 0 0 0
2445 1275 1311 1272 0 0 0
2446 1272 1311 1273 0 0 0
2447 1310 1273 1311 0 0 0
2448 1312 1274 1293 0 0 0
2449 1274 1312 1278 0 0 0
2450 1313 1311 1275 0 0 0
2451 1277 1313 1275 0 0 0
2452 1282 1314 1276 0 0 0
2453 1277 1276 1314 0 0 0
2454 1313 1277 1315 0 0 0
2455 1314 1315 1277 0 0 0
2456 1278 1316 1279 0 0 0
2457 1316 1278 1312 0 0 0
2458 1317 1279 1316 0 0 0
2459 1317 1318 1279 0 0 0
2460 1318 1280 1279 0 0 0
2461 1319 1280 1318 0 0 0
2462 1280 1319 1281 0 0 0
2463 1314 1282 1320 0 0 0
2464 1282 1281 1320 0 0 0
2465 1319 1320 1281 0 0 0
2466 1289 1283 1321 0 0 0
2467 1285 1321 1283 0 0 0
2468 1322 1289 1321 0 0 0
2469 1310 1323 1284 0 0 0
2470 1285 1284 1323 0 0 0
2471 1324 1285 1323 0 0 0
2472 1321 1285 1324 0 0 0
2473 1325 1287 1326 0 0 0
2474 1286 1291 1326 0 0 0
2475 1287 1286 1326 0 0 0
2476 1327 1325 1328 0 0 0
2477 1328 1325 1326 0 0 0
2478 1322 1329 1289 0 0 0
2479 1289 1329 1288 0 0 0
2480 1290 1329 1291 0 0 0
2481 1290 1288 1329 0 0 0
2482 1291 1330 1326 0 0 0
2483 1330 1291 1329 0 0 0
2484 1322 1331 1329 0 0 0
2485 1302 1332 1297 0 0 0
2486 1292 1333 1293 0 0 0
2487 1294 1333 1292 0 0 0
2488 1333 1334 1293 0 0 0
2489 1293 1334 1312 0 0 0
2490 1294 1335 1333 0 0 0
2491 1294 1299 1335 0 0 0
2492 1296 1295 1336 0 0 0
2493 1296 1336 1298 0 0 0
2494 1295 1297 1336 0 0 0
2495 1332 1337 1297 0 0 0
2496 1337 1336 1297 0 0 0
2497 1298 1338 1301 0 0 0
2498 1298 1336 1338 0 0 0
2499 1335 1299 1339 0 0 0
2500 1340 1299 1300 0 0 0
2501 1340 1339 1299 0 0 0
2502 1341 1301 1338 0 0 0
2503 1342 1301 1341 0 0 0
2504 1342 1300 1301 0 0 0
2505 1342 1340 1300 0 0 0
2506 1343 1339 1340 0 0 0
2507 1302 1303 1344 0 0 0
2508 1332 1302 1344 0 0 0
2509 1345 1332 1344 0 0 0
2510 1304 1306 1346 0 0 0
2511 1304 1346 1303 0 0 0
2512 1344 1303 1346 0 0 0
2513 1305 1347 1306 0 0 0
2514 1347 1346 1306 0 0 0
2515 1309 1347 1305 0 0 0
2516 1308 1307 1348 0 0 0
2517 1309 1308 1349 0 0 0
2518 1348 1349 1308 0 0 0
2519 1350 1309 1349 0 0 0
2520 1309 1350 1347 0 0 0
2521 1323 1310 1351 0 0 0
2522 1310 1311 1351 0 0 0
2523 1313 1352 1311 0 0 0
2524 1351 1311 1352 0 0 0
2525 1334 1353 1312 0 0 0
2526 1316 1312 1353 0 0 0
2527 1352 1313 1354 0 0 0
2528 1315 1354 1313 0 0 0
2529 1320 1355 1314 0 0 0
2530 1315 1314 1355 0 0 0
2531 1356 1354 1315 0 0 0
2532 1356 1315 1355 0 0 0
2533 1317 1316 1357 0 0 0
2534 1357 1316 1353 0 0 0
2535 1317 1357 1358 0 0 0
2536 1317 1358 1318 0 0 0
2537 1318 1359 1319 0 0 0
2538 1318 1358 1359 0 0 0
2539 1355 1320 1360 0 0 0
2540 1319 1360 1320 0 0 0
2541 1360 1319 1359 0 0 0
2542 1324 1361 1321 0 0 0
2543 1331 1322 1361 0 0 0
2544 1322 1321 1361 0 0 0
2545 1323 1351 1362 0 0 0
2546 1324 1323 1362 0 0 0
2547 1324 1362 1361 0 0 0
2548 1363 1364 1365 0 0 0
2549 1364 1327 1366 0 0 0
2550 1328 1366 1327 0 0 0
2551 1365 1364 1366 0 0 0
2552 1328 1367 1366 0 0 0
2553 1367 1326 1330 0 0 0
2554 1328 1326 1367 0 0 0
2555 1330 1329 1368 0 0 0
2556 1368 1329 1331 0 0 0
2557 1367 1330 1369 0 0 0
2558 1369 1330 1368 0 0 0
2559 1331 1361 1370 0 0 0
2560 1371 1331 1370 0 0 0
2561 1371 1368 1331 0 0 0
2562 1332 1372 1337 0 0 0
2563 1345 1372 1332 0 0 0
2564 1373 1337 1372 0 0 0
2565 1374 1373 1372 0 0 0
2566 1375 1373 1374 0 0 0
2567 1335 1376 1333 0 0 0
2568 1334 1333 1376 0 0 0
2569 1353 1334 1377 0 0 0
2570 1376 1377 1334 0 0 0
2571 1378 1379 1380 0 0 0
2572 1376 1335 1381 0 0 0
2573 1339 1381 1335 0 0 0
2574 1382 1381 1339 0 0 0
2575 1338 1336 1383 0 0 0
2576 1336 1337 1383 0 0 0
2577 1373 1383 1337 0 0 0
2578 1379 1384 1375 0 0 0
2579 1384 1383 1373 0 0 0
2580 1375 1384 1373 0 0 0
2581 1338 1383 1385 0 0 0
2582 1385 1341 1338 0 0 0
2583 1386 1382 1339 0 0 0
2584 1343 1386 1339 0 0 0
2585 1342 1387 1340 0 0 0
2586 1341 1387 1342 0 0 0
2587 1341 1385 1387 0 0 0
2588 1343 1340 1387 0 0 0
2589 1388 1343 1387 0 0 0
2590 1388 1386 1343 0 0 0
2591 1344 1346 1389 0 0 0
2592 1345 1344 1389 0 0 0
2593 1345 1389 1390 0 0 0
2594 1345 1390 1372 0 0 0
2595 1347 1391 1346 0 0 0
2596 1350 1391 1347 0 0 0
2597 1389 1346 1391 0 0 0
2598 1349 1348 1392 0 0 0
2599 1393 1349 1392 0 0 0
2600 1350 1349 1393 0 0 0
2601 1350 1393 1391 0 0 0
2602 1394 1389 1391 0 0 0
2603 1351 1352 1395 0 0 0
2604 1395 1362 1351 0 0 0
2605 1396 1395 1352 0 0 0
2606 1354 1396 1352 0 0 0
2607 1353 1397 1357 0 0 0
2608 1397 1353 1377 0 0 0
2609 1396 1354 1398 0 0 0
2610 1356 1398 1354 0 0 0
2611 1356 1399 1398 0 0 0
2612 1355 1360 1399 0 0 0
2613 1356 1355 1399 0 0 0
2614 1400 1357 1397 0 0 0
2615 1357 1400 1358 0 0 0
2616 1358 1400 1401 0 0 0
2617 1358 1401 1359 0 0 0
2618 1360 1402 1399 0 0 0
2619 1359 1402 1360 0 0 0
2620 1402 1359 1401 0 0 0
2621 1362 1403 1361 0 0 0
2622 1370 1361 1403 0 0 0
2623 1395 1404 1362 0 0 0
2624 1403 1362 1404 0 0 0
2625 1405 1406 1407 0 0 0
2626 1408 1409 1406 0 0 0
2627 1407 1406 1409 0 0 0
2628 1408 1363 1409 0 0 0
2629 1365 1409 1363 0 0 0
2630 1365 1366 1410 0 0 0
2631 1365 1410 1409 0 0 0
2632 1411 1366 1367 0 0 0
2633 1411 1410 1366 0 0 0
2634 1369 1411 1367 0 0 0
2635 1369 1412 1411 0 0 0
2636 1369 1368 1412 0 0 0
2637 1371 1412 1368 0 0 0
2638 1403 1413 1370 0 0 0
2639 1414 1370 1413 0 0 0
2640 1371 1414 1412 0 0 0
2641 1371 1370 1414 0 0 0
2642 1374 1372 1415 0 0 0
2643 1415 1372 1390 0 0 0
2644 1380 1379 1416 0 0 0
2645 1375 1416 1379 0 0 0
2646 1375 1374 1416 0 0 0
2647 1417 1374 1415 0 0 0
2648 1416 1374 1417 0 0 0
2649 1380 1416 1418 0 0 0
2650 1380 1419 1378 0 0 0
2651 1419 1380 1418 0 0 0
2652 1377 1420 1397 0 0 0
2653 1377 1376 1421 0 0 0
2654 1381 1421 1376 0 0 0
2655 1420 1377 1421 0 0 0
2656 1422 1378 1419 0 0 0
2657 1379 1378 1423 0 0 0
2658 1423 1384 1379 0 0 0
2659 1378 1422 1424 0 0 0
2660 1424 1423 1378 0 0 0
2661 1382 1425 1381 0 0 0
2662 1421 1381 1425 0 0 0
2663 1426 1382 1386 0 0 0
2664 1426 1427 1382 0 0 0
2665 1427 1425 1382 0 0 0
2666 1384 1423 1428 0 0 0
2667 1384 1428 1383 0 0 0
2668 1385 1383 1428 0 0 0
2669 1385 1428 1387 0 0 0
2670 1426 1386 1429 0 0 0
2671 1388 1429 1386 0 0 0
2672 1430 1387 1428 0 0 0
2673 1430 1429 1388 0 0 0
2674 1388 1387 1430 0 0 0
2675 1394 1431 1389 0 0 0
2676 1390 1389 1431 0 0 0
2677 1431 1432 1390 0 0 0
2678 1415 1390 1432 0 0 0
2679 1394 1391 1433 0 0 0
2680 1393 1433 1391 0 0 0
2681 1392 1434 1393 0 0 0
2682 1433 1393 1434 0 0 0
2683 1394 1433 1435 0 0 0
2684 1431 1394 1435 0 0 0
2685 1396 1436 1395 0 0 0
2686 1404 1395 1436 0 0 0
2687 1398 1437 1396 0 0 0
2688 1436 1396 1437 0 0 0
2689 1397 1438 1400 0 0 0
2690 1438 1397 1420 0 0 0
2691 1398 1399 1439 0 0 0
2692 1437 1398 1439 0 0 0
2693 1402 1440 1399 0 0 0
2694 1440 1439 1399 0 0 0
2695 1400 1441 1401 0 0 0
2696 1441 1400 1438 0 0 0
2697 1402 1442 1440 0 0 0
2698 1401 1442 1402 0 0 0
2699 1442 1401 1441 0 0 0
2700 1443 1438 1420 0 0 0
2701 1413 1403 1444 0 0 0
2702 1404 1444 1403 0 0 0
2703 1436 1445 1404 0 0 0
2704 1444 1404 1445 0 0 0
2705 1405 1407 1446 0 0 0
2706 1407 1447 1446 0 0 0
2707 1407 1409 1447 0 0 0
2708 1448 1409 1410 0 0 0
2709 1448 1447 1409 0 0 0
2710 1411 1412 1449 0 0 0
2711 1410 1411 1449 0 0 0
2712 1410 1449 1448 0 0 0
2713 1450 1413 1444 0 0 0
2714 1451 1449 1412 0 0 0
2715 1451 1412 1414 0 0 0
2716 1414 1413 1452 0 0 0
2717 1452 1451 1414 0 0 0
2718 1450 1452 1413 0 0 0
2719 1432 1453 1415 0 0 0
2720 1417 1415 1453 0 0 0
2721 1417 1453 1454 0 0 0
2722 1418 1416 1454 0 0 0
2723 1417 1454 1416 0 0 0
2724 1418 1454 1455 0 0 0
2725 1418 1455 1419 0 0 0
2726 1419 1456 1422 0 0 0
2727 1456 1419 1455 0 0 0
2728 1443 1420 1457 0 0 0
2729 1421 1425 1457 0 0 0
2730 1420 1421 1457 0 0 0
2731 1458 1457 1425 0 0 0
2732 1422 1456 1459 0 0 0
2733 1422 1459 1424 0 0 0
2734 1423 1460 1428 0 0 0
2735 1423 1424 1460 0 0 0
2736 1461 1460 1424 0 0 0
2737 1461 1424 1459 0 0 0
2738 1458 1425 1462 0 0 0
2739 1427 1462 1425 0 0 0
2740 1427 1463 1462 0 0 0
2741 1427 1426 1463 0 0 0
2742 1426 1429 1463 0 0 0
2743 1429 1464 1463 0 0 0
2744 1460 1464 1428 0 0 0
2745 1430 1464 1429 0 0 0
2746 1430 1428 1464 0 0 0
2747 1432 1431 1465 0 0 0
2748 1435 1465 1431 0 0 0
2749 1453 1432 1466 0 0 0
2750 1465 1466 1432 0 0 0
2751 1435 1433 1467 0 0 0
2752 1467 1433 1434 0 0 0
2753 1468 1467 1434 0 0 0
2754 1467 1469 1435 0 0 0
2755 1465 1435 1469 0 0 0
2756 1445 1436 1470 0 0 0
2757 1437 1470 1436 0 0 0
2758 1471 1437 1439 0 0 0
2759 1471 1470 1437 0 0 0
2760 1438 1472 1441 0 0 0
2761 1443 1472 1438 0 0 0
2762 1439 1440 1473 0 0 0
2763 1471 1439 1473 0 0 0
2764 1474 1440 1442 0 0 0
2765 1440 1474 1473 0 0 0
2766 1442 1475 1474 0 0 0
2767 1441 1475 1442 0 0 0
2768 1475 1441 1472 0 0 0
2769 1443 1457 1476 0 0 0
2770 1443 1476 1472 0 0 0
2771 1444 1445 1477 0 0 0
2772 1450 1444 1477 0 0 0
2773 1470 1478 1445 0 0 0
2774 1477 1445 1478 0 0 0
2775 1446 1479 1480 0 0 0
2776 1479 1446 1447 0 0 0
2777 1447 1481 1479 0 0 0
2778 1481 1447 1448 0 0 0
2779 1481 1448 1482 0 0 0
2780 1449 1482 1448 0 0 0
2781 1449 1451 1482 0 0 0
2782 1450 1483 1452 0 0 0
2783 1450 1477 1483 0 0 0
2784 1484 1482 1451 0 0 0
2785 1451 1452 1484 0 0 0
2786 1484 1452 1483 0 0 0
2787 1485 1453 1466 0 0 0
2788 1485 1486 1453 0 0 0
2789 1454 1453 1486 0 0 0
2790 1455 1454 1486 0 0 0
2791 1456 1487 1459 0 0 0
2792 1455 1486 1487 0 0 0
2793 1456 1455 1487 0 0 0
2794 1458 1488 1457 0 0 0
2795 1476 1457 1488 0 0 0
2796 1458 1489 1488 0 0 0
2797 1489 1458 1462 0 0 0
2798 1490 1459 1487 0 0 0
2799 1459 1490 1491 0 0 0
2800 1461 1459 1491 0 0 0
2801 1460 1492 1464 0 0 0
2802 1461 1491 1492 0 0 0
2803 1461 1492 1460 0 0 0
2804 1489 1462 1493 0 0 0
2805 1462 1463 1493 0 0 0
2806 1463 1464 1494 0 0 0
2807 1494 1493 1463 0 0 0
2808 1492 1494 1464 0 0 0
2809 1466 1465 1495 0 0 0
2810 1469 1495 1465 0 0 0
2811 1495 1496 1466 0 0 0
2812 1485 1466 1496 0 0 0
2813 1469 1467 1497 0 0 0
2814 1468 1497 1467 0 0 0
2815 1498 1495 1469 0 0 0
2816 1498 1469 1497 0 0 0
2817 1471 1473 1499 0 0 0
2818 1478 1470 1499 0 0 0
2819 1471 1499 1470 0 0 0
2820 1472 1500 1475 0 0 0
2821 1472 1476 1500 0 0 0
2822 1501 1473 1474 0 0 0
2823 1473 1501 1499 0 0 0
2824 1475 1500 1502 0 0 0
2825 1502 1501 1474 0 0 0
2826 1502 1474 1475 0 0 0
2827 1503 1500 1476 0 0 0
2828 1476 1488 1503 0 0 0
2829 1504 1478 1499 0 0 0
2830 1504 1505 1478 0 0 0
2831 1478 1505 1477 0 0 0
2832 1483 1477 1505 0 0 0
2833 1506 1480 1507 0 0 0
2834 1507 1480 1479 0 0 0
2835 1508 1506 1507 0 0 0
2836 1509 1483 1505 0 0 0
2837 1507 1479 1510 0 0 0
2838 1510 1479 1481 0 0 0
2839 1511 1482 1484 0 0 0
2840 1481 1511 1510 0 0 0
2841 1482 1511 1481 0 0 0
2842 1511 1484 1512 0 0 0
2843 1484 1483 1512 0 0 0
2844 1509 1512 1483 0 0 0
2845 1485 1513 1486 0 0 0
2846 1485 1496 1513 0 0 0
2847 1514 1486 1513 0 0 0
2848 1514 1515 1486 0 0 0
2849 1490 1487 1515 0 0 0
2850 1487 1486 1515 0 0 0
2851 1516 1503 1488 0 0 0
2852 1489 1517 1488 0 0 0
2853 1517 1516 1488 0 0 0
2854 1489 1493 1517 0 0 0
2855 1490 1515 1518 0 0 0
2856 1490 1518 1491 0 0 0
2857 1519 1517 1493 0 0 0
2858 1491 1520 1492 0 0 0
2859 1492 1520 1494 0 0 0
2860 1491 1518 1520 0 0 0
2861 1521 1493 1494 0 0 0
2862 1519 1493 1521 0 0 0
2863 1521 1494 1520 0 0 0
2864 1498 1522 1495 0 0 0
2865 1496 1495 1522 0 0 0
2866 1523 1513 1496 0 0 0
2867 1496 1522 1523 0 0 0
2868 1498 1497 1524 0 0 0
2869 1498 1524 1522 0 0 0
2870 1504 1499 1525 0 0 0
2871 1525 1499 1501 0 0 0
2872 1500 1503 1526 0 0 0
2873 1500 1526 1502 0 0 0
2874 1527 1501 1502 0 0 0
2875 1527 1502 1526 0 0 0
2876 1501 1527 1525 0 0 0
2877 1528 1526 1503 0 0 0
2878 1528 1503 1516 0 0 0
2879 1516 1529 1528 0 0 0
2880 1530 1526 1528 0 0 0
2881 1504 1531 1505 0 0 0
2882 1504 1525 1531 0 0 0
2883 1531 1532 1505 0 0 0
2884 1509 1505 1532 0 0 0
2885 1507 1510 1533 0 0 0
2886 1508 1507 1533 0 0 0
2887 1509 1534 1512 0 0 0
2888 1509 1532 1534 0 0 0
2889 1535 1510 1511 0 0 0
2890 1534 1535 1512 0 0 0
2891 1510 1535 1533 0 0 0
2892 1511 1512 1535 0 0 0
2893 1513 1523 1536 0 0 0
2894 1514 1513 1536 0 0 0
2895 1536 1523 1537 0 0 0
2896 1514 1538 1515 0 0 0
2897 1514 1536 1538 0 0 0
2898 1515 1538 1539 0 0 0
2899 1539 1518 1515 0 0 0
2900 1529 1516 1540 0 0 0
2901 1517 1540 1516 0 0 0
2902 1519 1540 1517 0 0 0
2903 1529 1540 1541 0 0 0
2904 1518 1539 1542 0 0 0
2905 1542 1520 1518 0 0 0
2906 1519 1543 1540 0 0 0
2907 1521 1543 1519 0 0 0
2908 1544 1543 1521 0 0 0
2909 1544 1521 1520 0 0 0
2910 1544 1520 1542 0 0 0
2911 1537 1523 1545 0 0 0
2912 1522 1545 1523 0 0 0
2913 1524 1545 1522 0 0 0
2914 1531 1525 1546 0 0 0
2915 1547 1525 1527 0 0 0
2916 1546 1525 1547 0 0 0
2917 1548 1527 1526 0 0 0
2918 1530 1548 1526 0 0 0
2919 1547 1527 1548 0 0 0
2920 1530 1528 1549 0 0 0
2921 1529 1549 1528 0 0 0
2922 1529 1541 1549 0 0 0
2923 1530 1550 1548 0 0 0
2924 1550 1530 1549 0 0 0
2925 1541 1551 1549 0 0 0
2926 1532 1531 1552 0 0 0
2927 1546 1552 1531 0 0 0
2928 1553 1532 1552 0 0 0
2929 1554 1534 1532 0 0 0
2930 1553 1554 1532 0 0 0
2931 1555 1533 1535 0 0 0
2932 1555 1534 1554 0 0 0
2933 1555 1535 1534 0 0 0
2934 1556 1537 1545 0 0 0
2935 1557 1538 1536 0 0 0
2936 1536 1537 1557 0 0 0
2937 1558 1557 1537 0 0 0
2938 1558 1537 1556 0 0 0
2939 1538 1557 1559 0 0 0
2940 1559 1539 1538 0 0 0
2941 1539 1559 1560 0 0 0
2942 1560 1542 1539 0 0 0
2943 1541 1561 1551 0 0 0
2944 1543 1561 1540 0 0 0
2945 1541 1540 1561 0 0 0
2946 1543 1562 1561 0 0 0
2947 1544 1562 1543 0 0 0
2948 1544 1542 1562 0 0 0
2949 1542 1560 1562 0 0 0
2950 1563 1551 1561 0 0 0
2951 1546 1564 1552 0 0 0
2952 1546 1547 1564 0 0 0
2953 1565 1548 1550 0 0 0
2954 1548 1565 1547 0 0 0
2955 1565 1564 1547 0 0 0
2956 1566 1565 1550 0 0 0
2957 1550 1549 1567 0 0 0
2958 1551 1567 1549 0 0 0
2959 1566 1550 1567 0 0 0
2960 1568 1567 1551 0 0 0
2961 1568 1551 1563 0 0 0
2962 1553 1552 1569 0 0 0
2963 1569 1552 1564 0 0 0
2964 1553 1570 1554 0 0 0
2965 1553 1569 1570 0 0 0
2966 1571 1554 1570 0 0 0
2967 1554 1571 1555 0 0 0
2968 1558 1556 1572 0 0 0
2969 1558 1572 1573 0 0 0
2970 1558 1573 1557 0 0 0
2971 1573 1559 1557 0 0 0
2972 1574 1560 1559 0 0 0
2973 1559 1573 1574 0 0 0
2974 1560 1574 1575 0 0 0
2975 1575 1562 1560 0 0 0
2976 1563 1561 1576 0 0 0
2977 1575 1576 1562 0 0 0
2978 1562 1576 1561 0 0 0
2979 1577 1563 1576 0 0 0
2980 1578 1568 1563 0 0 0
2981 1578 1563 1577 0 0 0
2982 1569 1564 1579 0 0 0
2983 1564 1565 1579 0 0 0
2984 1566 1579 1565 0 0 0
2985 1566 1567 1580 0 0 0
2986 1580 1579 1566 0 0 0
2987 1581 1567 1568 0 0 0
2988 1580 1567 1581 0 0 0
2989 1582 1568 1578 0 0 0
2990 1582 1581 1568 0 0 0
2991 1569 1583 1570 0 0 0
2992 1569 1579 1583 0 0 0
2993 1570 1584 1571 0 0 0
2994 1584 1570 1583 0 0 0
2995 1573 1572 1585 0 0 0
2996 1586 1585 1572 0 0 0
2997 1585 1574 1573 0 0 0
2998 1575 1574 1587 0 0 0
2999 1574 1585 1587 0 0 0
3000 1575 1587 1576 0 0 0
3001 1588 1576 1587 0 0 0
3002 1577 1576 1588 0 0 0
3003 1577 1589 1578 0 0 0
3004 1577 1588 1589 0 0 0
3005 1578 1589 1590 0 0 0
3006 1582 1578 1590 0 0 0
3007 1580 1581 1591 0 0 0
3008 1580 1591 1579 0 0 0
3009 1583 1579 1591 0 0 0
3010 1581 1592 1591 0 0 0
3011 1582 1592 1581 0 0 0
3012 1582 1590 1592 0 0 0
3013 1591 1593 1583 0 0 0
3014 1584 1583 1593 0 0 0
3015 1587 1594 1588 0 0 0
3016 1585 1594 1587 0 0 0
3017 1586 1594 1585 0 0 0
3018 1588 1595 1589 0 0 0
3019 1595 1588 1594 0 0 0
3020 1596 1590 1589 0 0 0
3021 1589 1595 1596 0 0 0
3022 1590 1596 1597 0 0 0
3023 1590 1597 1592 0 0 0
3024 1593 1591 1598 0 0 0
3025 1592 1597 1598 0 0 0
3026 1592 1598 1591 0 0 0
3027 1599 1600 1601 0 0 0
3028 1600 1599 1602 0 0 0
3029 1603 1604 1601 0 0 0
3030 1601 1600 1603 0 0 0
3031 1604 1603 1605 0 0 0
3032 1606 1607 1608 0 0 0
3033 1609 1607 1606 0 0 0
3034 1610 1602 1611 0 0 0
3035 1602 1610 1600 0 0 0
3036 1612 1600 1610 0 0 0
3037 1600 1612 1603 0 0 0
3038 1611 1613 1610 0 0 0
3039 1613 1611 1614 0 0 0
3040 1615 1603 1612 0 0 0
3041 1614 1616 1613 0 0 0
3042 1617 1611 1602 0 0 0
3043 1618 1617 1602 0 0 0
3044 1618 1602 1599 0 0 0
3045 1619 1618 1599 0 0 0
3046 1616 1614 1620 0 0 0
3047 1614 1621 1620 0 0 0
3048 1614 1611 1621 0 0 0
3049 1611 1617 1621 0 0 0
3050 1622 1623 1624 0 0 0
3051 1622 1624 1608 0 0 0
3052 1608 1625 1622 0 0 0
3053 1625 1608 1607 0 0 0
3054 1626 1627 1607 0 0 0
3055 1609 1626 1607 0 0 0
3056 1628 1626 1609 0 0 0
3057 1629 1601 1604 0 0 0
3058 1601 1629 1599 0 0 0
3059 1619 1630 1623 0 0 0
3060 1630 1599 1629 0 0 0
3061 1599 1630 1619 0 0 0
3062 1630 1631 1623 0 0 0
3063 1631 1624 1623 0 0 0
3064 1605 1632 1604 0 0 0
3065 1604 1633 1629 0 0 0
3066 1633 1604 1632 0 0 0
3067 1631 1634 1624 0 0 0
3068 1634 1635 1624 0 0 0
3069 1608 1624 1635 0 0 0
3070 1606 1608 1635 0 0 0
3071 1609 1606 1636 0 0 0
3072 1609 1636 1628 0 0 0
3073 1637 1606 1635 0 0 0
3074 1606 1637 1636 0 0 0
3075 1634 1638 1635 0 0 0
3076 1603 1615 1639 0 0 0
3077 1639 1605 1603 0 0 0
3078 1640 1641 1632 0 0 0
3079 1632 1605 1642 0 0 0
3080 1642 1640 1632 0 0 0
3081 1605 1639 1642 0 0 0
3082 1607 1643 1625 0 0 0
3083 1627 1643 1607 0 0 0
3084 1627 1626 1644 0 0 0
3085 1644 1645 1627 0 0 0
3086 1627 1645 1643 0 0 0
3087 1646 1610 1613 0 0 0
3088 1610 1646 1612 0 0 0
3089 1613 1616 1646 0 0 0
3090 1612 1646 1615 0 0 0
3091 1620 1647 1616 0 0 0
3092 1648 1616 1647 0 0 0
3093 1616 1648 1646 0 0 0
3094 1647 1620 1649 0 0 0
3095 1649 1650 1647 0 0 0
3096 1618 1619 1651 0 0 0
3097 1617 1618 1651 0 0 0
3098 1619 1623 1651 0 0 0
3099 1617 1651 1621 0 0 0
3100 1652 1623 1622 0 0 0
3101 1652 1651 1623 0 0 0
3102 1653 1649 1620 0 0 0
3103 1620 1621 1653 0 0 0
3104 1654 1653 1621 0 0 0
3105 1621 1651 1654 0 0 0
3106 1655 1622 1625 0 0 0
3107 1622 1655 1652 0 0 0
3108 1656 1625 1643 0 0 0
3109 1625 1656 1655 0 0 0
3110 1644 1657 1658 0 0 0
3111 1657 1644 1626 0 0 0
3112 1628 1657 1626 0 0 0
3113 1659 1657 1628 0 0 0
3114 1628 1636 1659 0 0 0
3115 1631 1630 1660 0 0 0
3116 1629 1660 1630 0 0 0
3117 1633 1660 1629 0 0 0
3118 1661 1631 1660 0 0 0
3119 1661 1634 1631 0 0 0
3120 1633 1662 1660 0 0 0
3121 1632 1662 1633 0 0 0
3122 1662 1632 1641 0 0 0
3123 1641 1663 1662 0 0 0
3124 1638 1634 1664 0 0 0
3125 1661 1664 1634 0 0 0
3126 1663 1641 1665 0 0 0
3127 1666 1635 1638 0 0 0
3128 1667 1637 1666 0 0 0
3129 1637 1635 1666 0 0 0
3130 1636 1637 1668 0 0 0
3131 1667 1668 1637 0 0 0
3132 1636 1668 1659 0 0 0
3133 1659 1668 1669 0 0 0
3134 1670 1666 1638 0 0 0
3135 1670 1638 1671 0 0 0
3136 1664 1671 1638 0 0 0
3137 1665 1672 1673 0 0 0
3138 1641 1640 1672 0 0 0
3139 1672 1665 1641 0 0 0
3140 1674 1672 1640 0 0 0
3141 1640 1642 1674 0 0 0
3142 1675 1656 1643 0 0 0
3143 1645 1676 1643 0 0 0
3144 1675 1643 1676 0 0 0
3145 1644 1677 1645 0 0 0
3146 1677 1644 1658 0 0 0
3147 1677 1678 1645 0 0 0
3148 1645 1678 1676 0 0 0
3149 1647 1679 1648 0 0 0
3150 1679 1647 1650 0 0 0
3151 1650 1680 1679 0 0 0
3152 1680 1650 1681 0 0 0
3153 1650 1649 1682 0 0 0
3154 1682 1681 1650 0 0 0
3155 1683 1682 1649 0 0 0
3156 1649 1653 1683 0 0 0
3157 1652 1655 1684 0 0 0
3158 1654 1651 1684 0 0 0
3159 1652 1684 1651 0 0 0
3160 1685 1683 1653 0 0 0
3161 1653 1654 1685 0 0 0
3162 1654 1684 1685 0 0 0
3163 1655 1656 1686 0 0 0
3164 1686 1684 1655 0 0 0
3165 1656 1687 1686 0 0 0
3166 1687 1656 1675 0 0 0
3167 1658 1688 1677 0 0 0
3168 1689 1688 1658 0 0 0
3169 1669 1690 1659 0 0 0
3170 1657 1659 1690 0 0 0
3171 1689 1658 1690 0 0 0
3172 1658 1657 1690 0 0 0
3173 1689 1690 1691 0 0 0
3174 1692 1690 1669 0 0 0
3175 1693 1692 1669 0 0 0
3176 1661 1694 1664 0 0 0
3177 1661 1660 1694 0 0 0
3178 1662 1694 1660 0 0 0
3179 1695 1662 1663 0 0 0
3180 1695 1694 1662 0 0 0
3181 1663 1696 1695 0 0 0
3182 1696 1663 1665 0 0 0
3183 1664 1694 1697 0 0 0
3184 1671 1664 1697 0 0 0
3185 1698 1665 1673 0 0 0
3186 1665 1698 1696 0 0 0
3187 1673 1699 1698 0 0 0
3188 1700 1673 1701 0 0 0
3189 1699 1673 1700 0 0 0
3190 1702 1668 1667 0 0 0
3191 1703 1667 1666 0 0 0
3192 1667 1703 1702 0 0 0
3193 1703 1666 1704 0 0 0
3194 1704 1666 1670 0 0 0
3195 1705 1669 1668 0 0 0
3196 1693 1669 1705 0 0 0
3197 1705 1668 1702 0 0 0
3198 1706 1671 1697 0 0 0
3199 1670 1707 1704 0 0 0
3200 1670 1671 1707 0 0 0
3201 1706 1708 1671 0 0 0
3202 1707 1671 1708 0 0 0
3203 1709 1673 1672 0 0 0
3204 1673 1709 1701 0 0 0
3205 1672 1674 1709 0 0 0
3206 1701 1709 1710 0 0 0
3207 1676 1711 1675 0 0 0
3208 1675 1712 1687 0 0 0
3209 1711 1712 1675 0 0 0
3210 1678 1713 1676 0 0 0
3211 1711 1676 1713 0 0 0
3212 1714 1711 1713 0 0 0
3213 1688 1715 1677 0 0 0
3214 1677 1715 1678 0 0 0
3215 1713 1678 1716 0 0 0
3216 1715 1716 1678 0 0 0
3217 1681 1717 1680 0 0 0
3218 1717 1681 1718 0 0 0
3219 1718 1719 1717 0 0 0
3220 1681 1682 1720 0 0 0
3221 1720 1718 1681 0 0 0
3222 1721 1720 1682 0 0 0
3223 1682 1683 1721 0 0 0
3224 1722 1721 1683 0 0 0
3225 1683 1685 1722 0 0 0
3226 1723 1685 1684 0 0 0
3227 1723 1684 1686 0 0 0
3228 1724 1685 1723 0 0 0
3229 1724 1722 1685 0 0 0
3230 1725 1723 1686 0 0 0
3231 1725 1686 1687 0 0 0
3232 1726 1725 1687 0 0 0
3233 1687 1712 1726 0 0 0
3234 1719 1727 1717 0 0 0
3235 1727 1719 1728 0 0 0
3236 1688 1729 1715 0 0 0
3237 1730 1729 1688 0 0 0
3238 1689 1730 1688 0 0 0
3239 1691 1730 1689 0 0 0
3240 1729 1730 1731 0 0 0
3241 1732 1730 1691 0 0 0
3242 1733 1691 1690 0 0 0
3243 1692 1733 1690 0 0 0
3244 1734 1732 1691 0 0 0
3245 1691 1733 1734 0 0 0
3246 1710 1735 1701 0 0 0
3247 1706 1697 1736 0 0 0
3248 1697 1694 1737 0 0 0
3249 1696 1698 1737 0 0 0
3250 1696 1737 1695 0 0 0
3251 1695 1737 1694 0 0 0
3252 1738 1697 1737 0 0 0
3253 1736 1697 1738 0 0 0
3254 1698 1739 1737 0 0 0
3255 1699 1739 1698 0 0 0
3256 1700 1701 1740 0 0 0
3257 1740 1701 1735 0 0 0
3258 1699 1741 1739 0 0 0
3259 1700 1741 1699 0 0 0
3260 1741 1700 1740 0 0 0
3261 1708 1706 1742 0 0 0
3262 1706 1736 1742 0 0 0
3263 1735 1710 1743 0 0 0
3264 1743 1744 1735 0 0 0
3265 1744 1743 1745 0 0 0
3266 1746 1726 1712 0 0 0
3267 1711 1747 1712 0 0 0
3268 1714 1747 1711 0 0 0
3269 1748 1746 1712 0 0 0
3270 1748 1712 1747 0 0 0
3271 1749 1713 1716 0 0 0
3272 1714 1713 1749 0 0 0
3273 1750 1714 1749 0 0 0
3274 1714 1750 1747 0 0 0
3275 1729 1751 1715 0 0 0
3276 1716 1715 1751 0 0 0
3277 1749 1716 1752 0 0 0
3278 1752 1716 1751 0 0 0
3279 1719 1753 1728 0 0 0
3280 1719 1718 1753 0 0 0
3281 1718 1720 1753 0 0 0
3282 1754 1755 1728 0 0 0
3283 1754 1728 1753 0 0 0
3284 1720 1721 1756 0 0 0
3285 1756 1753 1720 0 0 0
3286 1757 1753 1756 0 0 0
3287 1758 1756 1721 0 0 0
3288 1721 1722 1758 0 0 0
3289 1724 1758 1722 0 0 0
3290 1724 1723 1759 0 0 0
3291 1724 1759 1758 0 0 0
3292 1723 1725 1759 0 0 0
3293 1760 1759 1725 0 0 0
3294 1725 1726 1760 0 0 0
3295 1726 1746 1761 0 0 0
3296 1760 1726 1761 0 0 0
3297 1728 1762 1727 0 0 0
3298 1763 1755 1764 0 0 0
3299 1755 1763 1728 0 0 0
3300 1762 1728 1763 0 0 0
3301 1729 1765 1751 0 0 0
3302 1766 1751 1765 0 0 0
3303 1731 1765 1729 0 0 0
3304 1766 1765 1767 0 0 0
3305 1768 1765 1731 0 0 0
3306 1732 1769 1730 0 0 0
3307 1769 1731 1730 0 0 0
3308 1731 1769 1770 0 0 0
3309 1768 1731 1770 0 0 0
3310 1732 1734 1771 0 0 0
3311 1771 1769 1732 0 0 0
3312 1772 1735 1744 0 0 0
3313 1735 1772 1740 0 0 0
3314 1773 1744 1745 0 0 0
3315 1744 1773 1772 0 0 0
3316 1745 1774 1773 0 0 0
3317 1774 1745 1775 0 0 0
3318 1736 1738 1776 0 0 0
3319 1736 1776 1742 0 0 0
3320 1739 1777 1737 0 0 0
3321 1738 1737 1777 0 0 0
3322 1778 1738 1777 0 0 0
3323 1778 1776 1738 0 0 0
3324 1739 1779 1777 0 0 0
3325 1741 1779 1739 0 0 0
3326 1779 1741 1780 0 0 0
3327 1740 1780 1741 0 0 0
3328 1780 1740 1772 0 0 0
3329 1781 1742 1776 0 0 0
3330 1775 1745 1782 0 0 0
3331 1783 1761 1746 0 0 0
3332 1784 1746 1748 0 0 0
3333 1783 1746 1784 0 0 0
3334 1747 1785 1748 0 0 0
3335 1747 1750 1785 0 0 0
3336 1786 1748 1785 0 0 0
3337 1748 1786 1784 0 0 0
3338 1787 1788 1789 0 0 0
3339 1790 1749 1752 0 0 0
3340 1750 1749 1790 0 0 0
3341 1750 1791 1785 0 0 0
3342 1790 1791 1750 0 0 0
3343 1752 1751 1792 0 0 0
3344 1766 1792 1751 0 0 0
3345 1793 1790 1752 0 0 0
3346 1793 1752 1792 0 0 0
3347 1766 1767 1794 0 0 0
3348 1766 1794 1792 0 0 0
3349 1788 1794 1767 0 0 0
3350 1787 1795 1788 0 0 0
3351 1787 1796 1795 0 0 0
3352 1755 1797 1764 0 0 0
3353 1755 1754 1797 0 0 0
3354 1754 1798 1797 0 0 0
3355 1798 1754 1753 0 0 0
3356 1757 1798 1753 0 0 0
3357 1756 1758 1799 0 0 0
3358 1757 1756 1799 0 0 0
3359 1800 1798 1757 0 0 0
3360 1757 1799 1800 0 0 0
3361 1759 1801 1758 0 0 0
3362 1799 1758 1801 0 0 0
3363 1760 1761 1801 0 0 0
3364 1760 1801 1759 0 0 0
3365 1761 1802 1801 0 0 0
3366 1783 1802 1761 0 0 0
3367 1764 1797 1803 0 0 0
3368 1764 1804 1763 0 0 0
3369 1764 1803 1804 0 0 0
3370 1763 1804 1762 0 0 0
3371 1787 1789 1805 0 0 0
3372 1796 1787 1805 0 0 0
3373 1806 1805 1789 0 0 0
3374 1767 1765 1807 0 0 0
3375 1768 1807 1765 0 0 0
3376 1808 1788 1767 0 0 0
3377 1767 1807 1808 0 0 0
3378 1789 1788 1808 0 0 0
3379 1789 1809 1806 0 0 0
3380 1809 1789 1808 0 0 0
3381 1809 1810 1806 0 0 0
3382 1811 1807 1768 0 0 0
3383 1768 1770 1811 0 0 0
3384 1812 1811 1770 0 0 0
3385 1813 1770 1769 0 0 0
3386 1771 1813 1769 0 0 0
3387 1814 1770 1813 0 0 0
3388 1814 1812 1770 0 0 0
3389 1782 1815 1775 0 0 0
3390 1772 1816 1780 0 0 0
3391 1816 1772 1773 0 0 0
3392 1775 1817 1774 0 0 0
3393 1817 1775 1815 0 0 0
3394 1773 1818 1816 0 0 0
3395 1818 1773 1774 0 0 0
3396 1774 1817 1818 0 0 0
3397 1819 1781 1776 0 0 0
3398 1820 1776 1778 0 0 0
3399 1819 1776 1820 0 0 0
3400 1820 1778 1821 0 0 0
3401 1778 1777 1821 0 0 0
3402 1779 1821 1777 0 0 0
3403 1780 1822 1779 0 0 0
3404 1822 1780 1816 0 0 0
3405 1779 1822 1821 0 0 0
3406 1815 1782 1823 0 0 0
3407 1819 1824 1781 0 0 0
3408 1825 1781 1824 0 0 0
3409 1783 1826 1802 0 0 0
3410 1783 1784 1826 0 0 0
3411 1827 1826 1784 0 0 0
3412 1827 1784 1786 0 0 0
3413 1828 1785 1791 0 0 0
3414 1785 1828 1786 0 0 0
3415 1829 1828 1791 0 0 0
3416 1830 1786 1828 0 0 0
3417 1786 1830 1827 0 0 0
3418 1831 1832 1833 0 0 0
3419 1834 1794 1788 0 0 0
3420 1795 1834 1788 0 0 0
3421 1791 1835 1829 0 0 0
3422 1793 1835 1790 0 0 0
3423 1790 1835 1791 0 0 0
3424 1792 1794 1836 0 0 0
3425 1793 1836 1835 0 0 0
3426 1793 1792 1836 0 0 0
3427 1837 1794 1834 0 0 0
3428 1837 1836 1794 0 0 0
3429 1838 1829 1835 0 0 0
3430 1839 1834 1795 0 0 0
3431 1839 1795 1840 0 0 0
3432 1796 1840 1795 0 0 0
3433 1840 1796 1841 0 0 0
3434 1831 1841 1832 0 0 0
3435 1832 1841 1805 0 0 0
3436 1796 1805 1841 0 0 0
3437 1802 1826 1842 0 0 0
3438 1797 1843 1803 0 0 0
3439 1797 1798 1843 0 0 0
3440 1798 1800 1843 0 0 0
3441 1799 1801 1844 0 0 0
3442 1800 1799 1844 0 0 0
3443 1800 1844 1843 0 0 0
3444 1844 1801 1845 0 0 0
3445 1802 1845 1801 0 0 0
3446 1842 1845 1802 0 0 0
3447 1803 1846 1804 0 0 0
3448 1803 1843 1846 0 0 0
3449 1847 1833 1832 0 0 0
3450 1848 1833 1847 0 0 0
3451 1849 1805 1806 0 0 0
3452 1849 1832 1805 0 0 0
3453 1832 1849 1847 0 0 0
3454 1848 1850 1851 0 0 0
3455 1848 1847 1850 0 0 0
3456 1806 1810 1852 0 0 0
3457 1806 1852 1849 0 0 0
3458 1853 1852 1810 0 0 0
3459 1809 1854 1810 0 0 0
3460 1809 1808 1854 0 0 0
3461 1811 1854 1807 0 0 0
3462 1808 1807 1854 0 0 0
3463 1855 1810 1854 0 0 0
3464 1853 1810 1855 0 0 0
3465 1856 1854 1811 0 0 0
3466 1812 1856 1811 0 0 0
3467 1812 1814 1857 0 0 0
3468 1812 1857 1856 0 0 0
3469 1858 1815 1823 0 0 0
3470 1859 1817 1815 0 0 0
3471 1815 1858 1859 0 0 0
3472 1860 1816 1818 0 0 0
3473 1816 1860 1822 0 0 0
3474 1817 1859 1861 0 0 0
3475 1818 1861 1860 0 0 0
3476 1861 1818 1817 0 0 0
3477 1819 1862 1824 0 0 0
3478 1820 1821 1862 0 0 0
3479 1820 1862 1819 0 0 0
3480 1822 1860 1863 0 0 0
3481 1862 1821 1863 0 0 0
3482 1822 1863 1821 0 0 0
3483 1823 1864 1858 0 0 0
3484 1865 1823 1866 0 0 0
3485 1864 1823 1865 0 0 0
3486 1824 1867 1825 0 0 0
3487 1824 1862 1867 0 0 0
3488 1867 1868 1825 0 0 0
3489 1869 1826 1827 0 0 0
3490 1870 1826 1869 0 0 0
3491 1870 1842 1826 0 0 0
3492 1869 1827 1871 0 0 0
3493 1871 1827 1830 0 0 0
3494 1828 1872 1830 0 0 0
3495 1872 1828 1829 0 0 0
3496 1873 1829 1838 0 0 0
3497 1873 1872 1829 0 0 0
3498 1871 1830 1874 0 0 0
3499 1874 1830 1872 0 0 0
3500 1831 1875 1841 0 0 0
3501 1876 1875 1831 0 0 0
3502 1877 1831 1833 0 0 0
3503 1876 1831 1877 0 0 0
3504 1851 1878 1848 0 0 0
3505 1848 1878 1833 0 0 0
3506 1877 1833 1878 0 0 0
3507 1851 393 1878 0 0 0
3508 1839 1879 1834 0 0 0
3509 1834 1879 1837 0 0 0
3510 1838 1835 1880 0 0 0
3511 1836 1880 1835 0 0 0
3512 1837 1880 1836 0 0 0
3513 1837 1879 1880 0 0 0
3514 1873 1838 1881 0 0 0
3515 1882 1838 1880 0 0 0
3516 1882 1881 1838 0 0 0
3517 1839 1840 1883 0 0 0
3518 1839 1883 1879 0 0 0
3519 1884 1840 1841 0 0 0
3520 1883 1840 1884 0 0 0
3521 1885 1841 1875 0 0 0
3522 1885 1884 1841 0 0 0
3523 1885 1875 1886 0 0 0
3524 1887 1842 1870 0 0 0
3525 1887 1888 1842 0 0 0
3526 1845 1842 1888 0 0 0
3527 1888 1889 1845 0 0 0
3528 1844 1845 1889 0 0 0
3529 1843 1844 1889 0 0 0
3530 1846 1843 1889 0 0 0
3531 1847 1849 1890 0 0 0
3532 1849 1852 1890 0 0 0
3533 1847 1890 1850 0 0 0
3534 1851 394 393 0 0 0
3535 1851 1850 394 0 0 0
3536 1891 1850 1890 0 0 0
3537 1891 394 1850 0 0 0
3538 1853 1855 1892 0 0 0
3539 1852 1893 1890 0 0 0
3540 1893 1852 1853 0 0 0
3541 1853 1892 1893 0 0 0
3542 1894 1892 1895 0 0 0
3543 1895 1892 1855 0 0 0
3544 1896 1855 1854 0 0 0
3545 1856 1896 1854 0 0 0
3546 1897 1855 1896 0 0 0
3547 1897 1895 1855 0 0 0
3548 1898 1856 1857 0 0 0
3549 1898 1896 1856 0 0 0
3550 1899 1866 1900 0 0 0
3551 1901 1858 1864 0 0 0
3552 1858 1901 1902 0 0 0
3553 1902 1859 1858 0 0 0
3554 1859 1902 1903 0 0 0
3555 1903 1861 1859 0 0 0
3556 1860 1904 1863 0 0 0
3557 1861 1904 1860 0 0 0
3558 1861 1903 1904 0 0 0
3559 1863 1905 1862 0 0 0
3560 1905 1863 1904 0 0 0
3561 1862 1905 1867 0 0 0
3562 1864 1906 1901 0 0 0
3563 1906 1864 1865 0 0 0
3564 1907 1866 1899 0 0 0
3565 1866 1907 1865 0 0 0
3566 1865 1907 1906 0 0 0
3567 1908 1867 1905 0 0 0
3568 1868 1867 1908 0 0 0
3569 1909 1868 1908 0 0 0
3570 1910 1869 1871 0 0 0
3571 1869 1910 1870 0 0 0
3572 1870 1911 1887 0 0 0
3573 1911 1870 1910 0 0 0
3574 1871 1874 1912 0 0 0
3575 1871 1912 1910 0 0 0
3576 1872 1913 1874 0 0 0
3577 1873 1881 1913 0 0 0
3578 1873 1913 1872 0 0 0
3579 1881 1914 1913 0 0 0
3580 1915 1874 1913 0 0 0
3581 1874 1915 1912 0 0 0
3582 395 1878 393 0 0 0
3583 1886 1875 1916 0 0 0
3584 1876 1916 1875 0 0 0
3585 1876 1877 1917 0 0 0
3586 1876 1917 1916 0 0 0
3587 1877 1878 1917 0 0 0
3588 395 1918 1878 0 0 0
3589 1917 1878 1918 0 0 0
3590 1879 1919 1880 0 0 0
3591 1883 1919 1879 0 0 0
3592 1920 1880 1919 0 0 0
3593 1882 1880 1920 0 0 0
3594 1914 1881 1921 0 0 0
3595 1882 1920 1921 0 0 0
3596 1882 1921 1881 0 0 0
3597 1884 1922 1883 0 0 0
3598 1883 1922 1919 0 0 0
3599 1886 1923 1885 0 0 0
3600 1885 1923 1884 0 0 0
3601 1922 1884 1923 0 0 0
3602 1886 1924 1923 0 0 0
3603 1916 1924 1886 0 0 0
3604 1925 1890 1893 0 0 0
3605 1925 1891 1890 0 0 0
3606 1891 396 394 0 0 0
3607 1891 1925 396 0 0 0
3608 1926 1927 1894 0 0 0
3609 1894 1928 1892 0 0 0
3610 1927 1928 1894 0 0 0
3611 1929 1925 1893 0 0 0
3612 1928 1929 1892 0 0 0
3613 1893 1892 1929 0 0 0
3614 1926 1894 1930 0 0 0
3615 1895 1897 1930 0 0 0
3616 1895 1930 1894 0 0 0
3617 1897 1896 1931 0 0 0
3618 1897 1931 1930 0 0 0
3619 1931 1896 1898 0 0 0
3620 1932 1900 1933 0 0 0
3621 1900 1932 1899 0 0 0
3622 1934 1933 1935 0 0 0
3623 1933 1934 1932 0 0 0
3624 1935 1936 1934 0 0 0
3625 1899 1937 1907 0 0 0
3626 1937 1899 1932 0 0 0
3627 1932 1938 1937 0 0 0
3628 1939 1902 1901 0 0 0
3629 1901 1940 1939 0 0 0
3630 1940 1901 1906 0 0 0
3631 1902 1941 1903 0 0 0
3632 1902 1939 1941 0 0 0
3633 1903 1941 1904 0 0 0
3634 1904 1942 1905 0 0 0
3635 1905 1942 1908 0 0 0
3636 1904 1941 1942 0 0 0
3637 1942 1943 1908 0 0 0
3638 1944 1906 1907 0 0 0
3639 1906 1944 1940 0 0 0
3640 1907 1945 1944 0 0 0
3641 1945 1907 1937 0 0 0
3642 1909 1908 1946 0 0 0
3643 1946 1908 1943 0 0 0
3644 1936 1935 1947 0 0 0
3645 1948 1936 1947 0 0 0
3646 1948 1947 1949 0 0 0
3647 1910 1950 1911 0 0 0
3648 1950 1910 1912 0 0 0
3649 1951 1912 1915 0 0 0
3650 1912 1951 1950 0 0 0
3651 1952 1915 1913 0 0 0
3652 1952 1913 1914 0 0 0
3653 1921 1953 1914 0 0 0
3654 1954 1914 1953 0 0 0
3655 1914 1954 1952 0 0 0
3656 1915 1955 1951 0 0 0
3657 1955 1915 1952 0 0 0
3658 1918 395 397 0 0 0
3659 1924 1916 1956 0 0 0
3660 1916 1917 1956 0 0 0
3661 1917 1918 1956 0 0 0
3662 397 1957 1918 0 0 0
3663 1957 1956 1918 0 0 0
3664 1922 1958 1919 0 0 0
3665 1919 1958 1920 0 0 0
3666 1953 1921 1959 0 0 0
3667 1921 1920 1959 0 0 0
3668 1958 1959 1920 0 0 0
3669 1923 1960 1922 0 0 0
3670 1958 1922 1960 0 0 0
3671 1961 1924 1956 0 0 0
3672 1924 1962 1923 0 0 0
3673 1960 1923 1962 0 0 0
3674 1961 1962 1924 0 0 0
3675 1959 1963 1953 0 0 0
3676 1927 1926 1964 0 0 0
3677 1925 1929 1965 0 0 0
3678 1925 1965 396 0 0 0
3679 398 396 1965 0 0 0
3680 1964 1966 1927 0 0 0
3681 1927 1966 1928 0 0 0
3682 1929 1928 1967 0 0 0
3683 1967 1965 1929 0 0 0
3684 1966 1967 1928 0 0 0
3685 1946 1943 1968 0 0 0
3686 1938 1932 1969 0 0 0
3687 1969 1932 1934 0 0 0
3688 1934 1936 1969 0 0 0
3689 1936 1970 1969 0 0 0
3690 1970 1936 1948 0 0 0
3691 1971 1970 1948 0 0 0
3692 1972 1937 1938 0 0 0
3693 1937 1972 1945 0 0 0
3694 1938 1973 1972 0 0 0
3695 1973 1938 1969 0 0 0
3696 1940 1974 1939 0 0 0
3697 1939 1974 1941 0 0 0
3698 1940 1975 1974 0 0 0
3699 1975 1940 1944 0 0 0
3700 1974 1976 1941 0 0 0
3701 1941 1976 1942 0 0 0
3702 1943 1942 1976 0 0 0
3703 1977 1968 1943 0 0 0
3704 1977 1943 1976 0 0 0
3705 1945 1972 1978 0 0 0
3706 1944 1978 1975 0 0 0
3707 1945 1978 1944 0 0 0
3708 1948 1979 1971 0 0 0
3709 1979 1948 1949 0 0 0
3710 1949 1980 1979 0 0 0
3711 1949 1947 1981 0 0 0
3712 1980 1949 1982 0 0 0
3713 1981 1982 1949 0 0 0
3714 1952 1983 1955 0 0 0
3715 1983 1952 1954 0 0 0
3716 1984 1953 1963 0 0 0
3717 1953 1984 1954 0 0 0
3718 1985 1984 1963 0 0 0
3719 1954 1986 1983 0 0 0
3720 1986 1954 1984 0 0 0
3721 1961 1956 1987 0 0 0
3722 1957 397 399 0 0 0
3723 1988 1987 1956 0 0 0
3724 1957 1988 1956 0 0 0
3725 399 1988 1957 0 0 0
3726 1963 1959 1989 0 0 0
3727 1960 1989 1958 0 0 0
3728 1959 1958 1989 0 0 0
3729 1962 1990 1960 0 0 0
3730 1990 1989 1960 0 0 0
3731 1961 1987 1991 0 0 0
3732 1961 1991 1962 0 0 0
3733 1990 1962 1992 0 0 0
3734 1992 1962 1991 0 0 0
3735 1991 1987 1993 0 0 0
3736 1994 1963 1989 0 0 0
3737 1985 1963 1994 0 0 0
3738 1966 1964 1995 0 0 0
3739 398 1965 400 0 0 0
3740 1967 400 1965 0 0 0
3741 1995 1996 1966 0 0 0
3742 1996 400 1967 0 0 0
3743 1966 1996 1967 0 0 0
3744 1968 1977 1997 0 0 0
3745 1998 1971 1979 0 0 0
3746 1999 1970 1971 0 0 0
3747 1971 1998 1999 0 0 0
3748 1969 2000 1973 0 0 0
3749 1970 1999 2000 0 0 0
3750 2000 1969 1970 0 0 0
3751 2001 1972 1973 0 0 0
3752 1972 2001 1978 0 0 0
3753 1973 2002 2001 0 0 0
3754 2002 1973 2000 0 0 0
3755 1975 1978 2003 0 0 0
3756 1975 2003 1974 0 0 0
3757 1974 2003 1976 0 0 0
3758 1976 2003 2004 0 0 0
3759 1977 2004 1997 0 0 0
3760 1977 1976 2004 0 0 0
3761 2005 1978 2001 0 0 0
3762 1978 2005 2003 0 0 0
3763 2006 1997 2004 0 0 0
3764 1979 2007 1998 0 0 0
3765 2007 1979 1980 0 0 0
3766 1982 2008 1980 0 0 0
3767 2009 2007 1980 0 0 0
3768 2010 1980 2008 0 0 0
3769 2009 1980 2010 0 0 0
3770 2011 2008 1982 0 0 0
3771 1982 1981 2011 0 0 0
3772 2008 2011 2012 0 0 0
3773 2012 2013 2008 0 0 0
3774 2013 2012 2014 0 0 0
3775 2015 1985 1994 0 0 0
3776 1985 2015 2016 0 0 0
3777 1984 2016 1986 0 0 0
3778 2016 1984 1985 0 0 0
3779 1993 1987 2017 0 0 0
3780 1987 1988 2017 0 0 0
3781 2017 1988 401 0 0 0
3782 1988 399 401 0 0 0
3783 2018 1993 2017 0 0 0
3784 1994 1989 2019 0 0 0
3785 1990 2019 1989 0 0 0
3786 1992 2019 1990 0 0 0
3787 1993 2020 1991 0 0 0
3788 1992 1991 2020 0 0 0
3789 1992 2020 2019 0 0 0
3790 1993 2021 2020 0 0 0
3791 2018 2021 1993 0 0 0
3792 2019 2022 1994 0 0 0
3793 2015 1994 2022 0 0 0
3794 1995 2023 1996 0 0 0
3795 2023 402 1996 0 0 0
3796 402 400 1996 0 0 0
3797 2024 1997 2006 0 0 0
3798 1998 2007 2025 0 0 0
3799 2025 1999 1998 0 0 0
3800 1999 2025 2026 0 0 0
3801 2026 2000 1999 0 0 0
3802 2000 2026 2002 0 0 0
3803 2027 2001 2002 0 0 0
3804 2001 2027 2005 0 0 0
3805 2028 2002 2026 0 0 0
3806 2002 2028 2027 0 0 0
3807 2004 2003 2029 0 0 0
3808 2006 2004 2029 0 0 0
3809 2005 2029 2003 0 0 0
3810 2005 2027 2029 0 0 0
3811 2006 2030 2024 0 0 0
3812 2030 2006 2029 0 0 0
3813 2007 2031 2025 0 0 0
3814 2007 2009 2031 0 0 0
3815 2008 2032 2010 0 0 0
3816 2032 2008 2013 0 0 0
3817 2033 2009 2010 0 0 0
3818 2009 2033 2031 0 0 0
3819 2010 2034 2033 0 0 0
3820 2034 2010 2032 0 0 0
3821 2013 2035 2032 0 0 0
3822 2035 2013 2014 0 0 0
3823 2012 2011 2036 0 0 0
3824 2014 2012 2037 0 0 0
3825 2036 2037 2012 0 0 0
3826 2037 2038 2014 0 0 0
3827 2014 2039 2035 0 0 0
3828 2038 2039 2014 0 0 0
3829 401 403 2017 0 0 0
3830 2018 2017 403 0 0 0
3831 2040 2018 403 0 0 0
3832 2018 2040 2021 0 0 0
3833 2040 2041 2021 0 0 0
3834 2021 2042 2020 0 0 0
3835 2020 2042 2019 0 0 0
3836 2022 2019 2042 0 0 0
3837 2041 2042 2021 0 0 0
3838 2023 405 402 0 0 0
3839 2030 2043 2024 0 0 0
3840 2026 2044 2028 0 0 0
3841 2026 2025 2044 0 0 0
3842 2025 2031 2044 0 0 0
3843 2028 2044 2045 0 0 0
3844 2028 2045 2027 0 0 0
3845 2027 2045 2029 0 0 0
3846 2046 2029 2045 0 0 0
3847 2030 2029 2046 0 0 0
3848 2030 2046 2043 0 0 0
3849 2047 2044 2031 0 0 0
3850 2048 2031 2033 0 0 0
3851 2031 2048 2047 0 0 0
3852 2049 2032 2035 0 0 0
3853 2032 2049 2034 0 0 0
3854 2033 2050 2048 0 0 0
3855 2034 2049 2050 0 0 0
3856 2034 2050 2033 0 0 0
3857 2035 2051 2049 0 0 0
3858 2051 2035 2039 0 0 0
3859 2039 2052 2051 0 0 0
3860 2037 2036 2053 0 0 0
3861 2038 2037 2054 0 0 0
3862 2053 2054 2037 0 0 0
3863 2054 2055 2038 0 0 0
3864 2038 2055 2039 0 0 0
3865 2052 2039 2056 0 0 0
3866 2056 2039 2055 0 0 0
3867 2040 403 406 0 0 0
3868 2040 406 2041 0 0 0
3869 2043 2046 2057 0 0 0
3870 2044 2047 2058 0 0 0
3871 2058 2045 2044 0 0 0
3872 2059 2045 2058 0 0 0
3873 2059 2046 2045 0 0 0
3874 2060 2046 2059 0 0 0
3875 2060 2057 2046 0 0 0
3876 2061 2058 2047 0 0 0
3877 2062 2061 2047 0 0 0
3878 2062 2047 2063 0 0 0
3879 2063 2047 2048 0 0 0
3880 2064 2049 2051 0 0 0
3881 2048 2065 2063 0 0 0
3882 2065 2048 2050 0 0 0
3883 2049 2066 2050 0 0 0
3884 2050 2066 2065 0 0 0
3885 2064 2066 2049 0 0 0
3886 2052 2067 2051 0 0 0
3887 2051 2067 2064 0 0 0
3888 2056 2068 2052 0 0 0
3889 2052 2068 2067 0 0 0
3890 2055 2054 2069 0 0 0
3891 2054 2053 2069 0 0 0
3892 2069 2070 2055 0 0 0
3893 2070 2071 2055 0 0 0
3894 2068 2056 2072 0 0 0
3895 2055 2072 2056 0 0 0
3896 2072 2055 2071 0 0 0
3897 2073 2057 2074 0 0 0
3898 2074 2057 2060 0 0 0
3899 2075 2073 2074 0 0 0
3900 2075 2076 2073 0 0 0
3901 2058 2077 2059 0 0 0
3902 2061 2077 2058 0 0 0
3903 2059 2077 2060 0 0 0
3904 2074 2060 2078 0 0 0
3905 2078 2060 2077 0 0 0
3906 2061 2079 2077 0 0 0
3907 2079 2061 2062 0 0 0
3908 2062 2080 2079 0 0 0
3909 2062 2063 2080 0 0 0
3910 2081 2063 2065 0 0 0
3911 2063 2081 2080 0 0 0
3912 2067 2082 2083 0 0 0
3913 2064 2067 2083 0 0 0
3914 2064 2083 2066 0 0 0
3915 2066 2083 2084 0 0 0
3916 2065 2084 2081 0 0 0
3917 2084 2065 2066 0 0 0
3918 2085 2083 2082 0 0 0
3919 2082 2067 2086 0 0 0
3920 2068 2086 2067 0 0 0
3921 2072 2087 2068 0 0 0
3922 2086 2068 2087 0 0 0
3923 2082 2088 2085 0 0 0
3924 2086 2089 2082 0 0 0
3925 2089 2088 2082 0 0 0
3926 2070 2069 2090 0 0 0
3927 2071 2070 2091 0 0 0
3928 2090 2091 2070 0 0 0
3929 2091 2092 2071 0 0 0
3930 2087 2072 2093 0 0 0
3931 2071 2093 2072 0 0 0
3932 2093 2071 2092 0 0 0
3933 2075 2074 2094 0 0 0
3934 2078 2094 2074 0 0 0
3935 2076 2075 2095 0 0 0
3936 2075 2094 2095 0 0 0
3937 2095 2096 2076 0 0 0
3938 2094 2078 2097 0 0 0
3939 2078 2077 2097 0 0 0
3940 2079 2097 2077 0 0 0
3941 2098 2079 2080 0 0 0
3942 2079 2098 2097 0 0 0
3943 2099 2080 2081 0 0 0
3944 2080 2099 2098 0 0 0
3945 2100 2081 2084 0 0 0
3946 2081 2100 2099 0 0 0
3947 2083 2101 2084 0 0 0
3948 2085 2101 2083 0 0 0
3949 2084 2101 2100 0 0 0
3950 2085 2088 2102 0 0 0
3951 2085 2102 2101 0 0 0
3952 2088 2103 2102 0 0 0
3953 2087 2104 2086 0 0 0
3954 2089 2086 2104 0 0 0
3955 2105 2087 2093 0 0 0
3956 2104 2087 2105 0 0 0
3957 2088 2106 2103 0 0 0
3958 2089 2106 2088 0 0 0
3959 2089 2104 2106 0 0 0
3960 2091 2090 2107 0 0 0
3961 2092 2091 2108 0 0 0
3962 2107 2108 2091 0 0 0
3963 2108 2109 2092 0 0 0
3964 2092 2110 2093 0 0 0
3965 2110 2092 2109 0 0 0
3966 2111 2093 2110 0 0 0
3967 2105 2093 2111 0 0 0
3968 2095 2094 2112 0 0 0
3969 2094 2097 2112 0 0 0
3970 2096 2095 2113 0 0 0
3971 2095 2112 2113 0 0 0
3972 2096 2113 2114 0 0 0
3973 2112 2097 2115 0 0 0
3974 2098 2115 2097 0 0 0
3975 2098 2099 2115 0 0 0
3976 2116 2102 2103 0 0 0
3977 2117 2115 2099 0 0 0
3978 2117 2099 2118 0 0 0
3979 2118 2099 2100 0 0 0
3980 2100 2119 2118 0 0 0
3981 2119 2100 2101 0 0 0
3982 2102 2116 2120 0 0 0
3983 2101 2120 2119 0 0 0
3984 2102 2120 2101 0 0 0
3985 2121 2118 2119 0 0 0
3986 2116 2103 2122 0 0 0
3987 2123 2116 2122 0 0 0
3988 2124 2123 2122 0 0 0
3989 2124 2122 2125 0 0 0
3990 2103 2106 2126 0 0 0
3991 2126 2122 2103 0 0 0
3992 2111 2127 2105 0 0 0
3993 2104 2127 2106 0 0 0
3994 2105 2127 2104 0 0 0
3995 2128 2106 2127 0 0 0
3996 2128 2126 2106 0 0 0
3997 2108 2107 2129 0 0 0
3998 2109 2108 2130 0 0 0
3999 2130 2108 2129 0 0 0
4000 2131 2109 2130 0 0 0
4001 2109 2131 2110 0 0 0
4002 2132 2110 2131 0 0 0
4003 2110 2132 2111 0 0 0
4004 2111 2132 2127 0 0 0
4005 2125 2133 2124 0 0 0
4006 2125 2134 2133 0 0 0
4007 2112 2115 2135 0 0 0
4008 2113 2112 2135 0 0 0
4009 2114 2136 2137 0 0 0
4010 2114 2113 2136 0 0 0
4011 2135 2136 2113 0 0 0
4012 2117 2138 2115 0 0 0
4013 2139 2135 2115 0 0 0
4014 2139 2115 2138 0 0 0
4015 2124 2140 2123 0 0 0
4016 2124 2133 2140 0 0 0
4017 2141 2120 2116 0 0 0
4018 2123 2141 2116 0 0 0
4019 2123 2140 2141 0 0 0
4020 2142 2117 2118 0 0 0
4021 2117 2142 2138 0 0 0
4022 2143 2142 2118 0 0 0
4023 2143 2118 2121 0 0 0
4024 2119 2120 2144 0 0 0
4025 2121 2119 2144 0 0 0
4026 2120 2141 2144 0 0 0
4027 2121 2145 2143 0 0 0
4028 2145 2121 2144 0 0 0
4029 2125 2122 2146 0 0 0
4030 2125 2146 2134 0 0 0
4031 2147 2122 2126 0 0 0
4032 2146 2122 2147 0 0 0
4033 2148 2147 2126 0 0 0
4034 2128 2148 2126 0 0 0
4035 2128 2127 2149 0 0 0
4036 2128 2149 2148 0 0 0
4037 2132 2149 2127 0 0 0
4038 2134 2146 2150 0 0 0
4039 2151 2134 2150 0 0 0
4040 2152 2153 2154 0 0 0
4041 2153 2155 2154 0 0 0
4042 2153 2151 2155 0 0 0
4043 2151 2150 2155 0 0 0
4044 2130 2156 2131 0 0 0
4045 2156 2130 2157 0 0 0
4046 2129 2157 2130 0 0 0
4047 2131 2158 2132 0 0 0
4048 2156 2158 2131 0 0 0
4049 2132 2158 2149 0 0 0
4050 2159 2133 2134 0 0 0
4051 2134 2151 2159 0 0 0
4052 2133 2160 2140 0 0 0
4053 2133 2159 2160 0 0 0
4054 2161 2162 2163 0 0 0
4055 2153 2152 2164 0 0 0
4056 2153 2164 2151 0 0 0
4057 2164 2159 2151 0 0 0
4058 2165 2164 2152 0 0 0
4059 2163 2165 2161 0 0 0
4060 2152 2161 2165 0 0 0
4061 2163 2162 2166 0 0 0
4062 2167 2137 2168 0 0 0
4063 2137 2136 2168 0 0 0
4064 2139 2169 2135 0 0 0
4065 2136 2169 2168 0 0 0
4066 2136 2135 2169 0 0 0
4067 2170 2138 2142 0 0 0
4068 2138 2170 2171 0 0 0
4069 2139 2171 2169 0 0 0
4070 2139 2138 2171 0 0 0
4071 2172 2173 2160 0 0 0
4072 2140 2160 2173 0 0 0
4073 2173 2174 2140 0 0 0
4074 2141 2140 2174 0 0 0
4075 2174 2144 2141 0 0 0
4076 2143 2175 2142 0 0 0
4077 2142 2175 2170 0 0 0
4078 2143 2145 2175 0 0 0
4079 2176 2144 2174 0 0 0
4080 2145 2176 2175 0 0 0
4081 2145 2144 2176 0 0 0
4082 2177 2150 2146 0 0 0
4083 2146 2147 2177 0 0 0
4084 2178 2150 2177 0 0 0
4085 2179 2147 2148 0 0 0
4086 2179 2177 2147 0 0 0
4087 2148 2149 2180 0 0 0
4088 2179 2148 2180 0 0 0
4089 2181 2180 2149 0 0 0
4090 2149 2158 2181 0 0 0
4091 2154 2182 2152 0 0 0
4092 2161 2152 2182 0 0 0
4093 2183 2161 2182 0 0 0
4094 2183 2162 2161 0 0 0
4095 2182 2154 2184 0 0 0
4096 2183 2185 2162 0 0 0
4097 2155 2150 2186 0 0 0
4098 2178 2186 2150 0 0 0
4099 2187 2186 2178 0 0 0
4100 2154 2155 2188 0 0 0
4101 2154 2188 2184 0 0 0
4102 2186 2188 2155 0 0 0
4103 2156 2189 2158 0 0 0
4104 2189 2156 2157 0 0 0
4105 2189 2190 2158 0 0 0
4106 2190 2181 2158 0 0 0
4107 2185 2191 2162 0 0 0
4108 2192 2191 2185 0 0 0
4109 2162 2191 2166 0 0 0
4110 2193 2166 2191 0 0 0
4111 2159 2164 2194 0 0 0
4112 2160 2194 2172 0 0 0
4113 2194 2160 2159 0 0 0
4114 2163 2166 2195 0 0 0
4115 2165 2163 2195 0 0 0
4116 2196 2164 2165 0 0 0
4117 2195 2196 2165 0 0 0
4118 2196 2194 2164 0 0 0
4119 2197 2166 2193 0 0 0
4120 2197 2193 2198 0 0 0
4121 2197 2199 2166 0 0 0
4122 2199 2195 2166 0 0 0
4123 2200 2201 2167 0 0 0
4124 2200 2167 2168 0 0 0
4125 2202 2170 2175 0 0 0
4126 2202 2203 2170 0 0 0
4127 2169 2171 2204 0 0 0
4128 2168 2169 2204 0 0 0
4129 2200 2168 2204 0 0 0
4130 2205 2171 2170 0 0 0
4131 2203 2205 2170 0 0 0
4132 2205 2204 2171 0 0 0
4133 2206 2172 2194 0 0 0
4134 2207 2172 2206 0 0 0
4135 2208 2173 2172 0 0 0
4136 2207 2208 2172 0 0 0
4137 2174 2209 2176 0 0 0
4138 2174 2173 2209 0 0 0
4139 2208 2209 2173 0 0 0
4140 2176 2210 2175 0 0 0
4141 2176 2209 2210 0 0 0
4142 2202 2175 2210 0 0 0
4143 2179 2180 2211 0 0 0
4144 2178 2211 2187 0 0 0
4145 2179 2211 2177 0 0 0
4146 2178 2177 2211 0 0 0
4147 2212 2187 2211 0 0 0
4148 2213 2211 2180 0 0 0
4149 2180 2181 2213 0 0 0
4150 2181 2190 2214 0 0 0
4151 2214 2213 2181 0 0 0
4152 2184 2215 2182 0 0 0
4153 2183 2215 2185 0 0 0
4154 2183 2182 2215 0 0 0
4155 2184 2216 2215 0 0 0
4156 2184 2188 2216 0 0 0
4157 2192 2185 2217 0 0 0
4158 2217 2185 2215 0 0 0
4159 2187 2218 2186 0 0 0
4160 2218 2188 2186 0 0 0
4161 2219 2218 2187 0 0 0
4162 2212 2219 2187 0 0 0
4163 2220 2219 2212 0 0 0
4164 2221 2216 2188 0 0 0
4165 2188 2218 2221 0 0 0
4166 2192 2217 2222 0 0 0
4167 2192 2223 2191 0 0 0
4168 2192 2222 2223 0 0 0
4169 2224 2193 2191 0 0 0
4170 2223 2225 2191 0 0 0
4171 2224 2191 2225 0 0 0
4172 2226 2198 2193 0 0 0
4173 2227 2198 2226 0 0 0
4174 2228 2226 2193 0 0 0
4175 2224 2228 2193 0 0 0
4176 2229 2227 2226 0 0 0
4177 2230 2227 2229 0 0 0
4178 2230 2231 2227 0 0 0
4179 2227 2232 2198 0 0 0
4180 2231 2232 2227 0 0 0
4181 2199 2233 2195 0 0 0
4182 2196 2233 2194 0 0 0
4183 2206 2194 2233 0 0 0
4184 2195 2233 2196 0 0 0
4185 2199 2234 2233 0 0 0
4186 2199 2197 2234 0 0 0
4187 2232 2234 2198 0 0 0
4188 2197 2198 2234 0 0 0
4189 2235 2201 2236 0 0 0
4190 2200 2236 2201 0 0 0
4191 2200 2204 2236 0 0 0
4192 2237 2235 2236 0 0 0
4193 2202 2210 2238 0 0 0
4194 2203 2202 2238 0 0 0
4195 2203 2238 2239 0 0 0
4196 2203 2239 2205 0 0 0
4197 2239 2240 2205 0 0 0
4198 2204 2205 2240 0 0 0
4199 2240 2236 2204 0 0 0
4200 2237 2241 2235 0 0 0
4201 2207 2206 2242 0 0 0
4202 2206 2233 2242 0 0 0
4203 2243 2208 2207 0 0 0
4204 2207 2242 2243 0 0 0
4205 2243 2244 2208 0 0 0
4206 2208 2244 2209 0 0 0
4207 2245 2210 2209 0 0 0
4208 2244 2245 2209 0 0 0
4209 2210 2245 2238 0 0 0
4210 2213 2214 2246 0 0 0
4211 2213 2246 2211 0 0 0
4212 2212 2211 2246 0 0 0
4213 2212 2246 2220 0 0 0
4214 2247 2216 2221 0 0 0
4215 2217 2215 2248 0 0 0
4216 2217 2248 2222 0 0 0
4217 2215 2216 2248 0 0 0
4218 2247 2248 2216 0 0 0
4219 2218 2249 2221 0 0 0
4220 2219 2249 2218 0 0 0
4221 2219 2220 2249 0 0 0
4222 2250 2221 2249 0 0 0
4223 2250 2247 2221 0 0 0
4224 2251 2222 2248 0 0 0
4225 2251 2252 2222 0 0 0
4226 2252 2223 2222 0 0 0
4227 2225 2223 2253 0 0 0
4228 2252 2253 2223 0 0 0
4229 2224 2225 2254 0 0 0
4230 2228 2224 2254 0 0 0
4231 2253 2255 2225 0 0 0
4232 2254 2225 2255 0 0 0
4233 2256 2255 2253 0 0 0
4234 2229 2226 2257 0 0 0
4235 2228 2257 2226 0 0 0
4236 2254 2257 2228 0 0 0
4237 2229 2257 2258 0 0 0
4238 2229 2258 2230 0 0 0
4239 2259 2230 2258 0 0 0
4240 2259 2260 2230 0 0 0
4241 2260 2231 2230 0 0 0
4242 2231 2261 2232 0 0 0
4243 2261 2231 2262 0 0 0
4244 2260 2262 2231 0 0 0
4245 2261 2263 2232 0 0 0
4246 2232 2263 2234 0 0 0
4247 2234 2264 2233 0 0 0
4248 2263 2264 2234 0 0 0
4249 2242 2233 2264 0 0 0
4250 2245 2265 2238 0 0 0
4251 2266 2241 2237 0 0 0
4252 2236 2240 2267 0 0 0
4253 2237 2267 2266 0 0 0
4254 2237 2236 2267 0 0 0
4255 2239 2238 2268 0 0 0
4256 2268 2238 2265 0 0 0
4257 2269 2267 2240 0 0 0
4258 2239 2269 2240 0 0 0
4259 2269 2239 2268 0 0 0
4260 2241 2266 2270 0 0 0
4261 2243 2271 2244 0 0 0
4262 2243 2242 2271 0 0 0
4263 2242 2264 2271 0 0 0
4264 2265 2245 2272 0 0 0
4265 2244 2272 2245 0 0 0
4266 2244 2271 2272 0 0 0
4267 2272 2273 2265 0 0 0
4268 2247 2250 2274 0 0 0
4269 2274 2248 2247 0 0 0
4270 2248 2274 2275 0 0 0
4271 2251 2248 2275 0 0 0
4272 2252 2251 2276 0 0 0
4273 2251 2275 2276 0 0 0
4274 2253 2252 2277 0 0 0
4275 2276 2277 2252 0 0 0
4276 2256 2253 2277 0 0 0
4277 2256 2277 2278 0 0 0
4278 2254 2255 2279 0 0 0
4279 2279 2257 2254 0 0 0
4280 2279 2255 2280 0 0 0
4281 2255 2256 2280 0 0 0
4282 2256 2278 2280 0 0 0
4283 2281 2258 2257 0 0 0
4284 2282 2257 2279 0 0 0
4285 2282 2281 2257 0 0 0
4286 2281 2283 2258 0 0 0
4287 2284 2258 2283 0 0 0
4288 2284 2259 2258 0 0 0
4289 2259 2284 2285 0 0 0
4290 2285 2260 2259 0 0 0
4291 2260 2285 2286 0 0 0
4292 2286 2262 2260 0 0 0
4293 2262 2286 2287 0 0 0
4294 2287 2286 2288 0 0 0
4295 2289 2290 2286 0 0 0
4296 2290 2288 2286 0 0 0
4297 2261 2291 2263 0 0 0
4298 2262 2291 2261 0 0 0
4299 2287 2292 2262 0 0 0
4300 2292 2291 2262 0 0 0
4301 2263 2293 2264 0 0 0
4302 2291 2293 2263 0 0 0
4303 2264 2293 2271 0 0 0
4304 2292 2287 2294 0 0 0
4305 2288 2294 2287 0 0 0
4306 2295 2294 2288 0 0 0
4307 2265 2296 2268 0 0 0
4308 2296 2265 2273 0 0 0
4309 2266 2267 2297 0 0 0
4310 2266 2297 2270 0 0 0
4311 2297 2267 2298 0 0 0
4312 2298 2267 2269 0 0 0
4313 2299 2268 2296 0 0 0
4314 2298 2269 2299 0 0 0
4315 2268 2299 2269 0 0 0
4316 2300 2270 2301 0 0 0
4317 2300 2301 2302 0 0 0
4318 2270 2297 2301 0 0 0
4319 2303 2302 2301 0 0 0
4320 2302 2303 2304 0 0 0
4321 2305 2271 2293 0 0 0
4322 2273 2272 2305 0 0 0
4323 2271 2305 2272 0 0 0
4324 2306 2273 2305 0 0 0
4325 2273 2307 2296 0 0 0
4326 2306 2307 2273 0 0 0
4327 2308 2309 2310 0 0 0
4328 2311 2310 2312 0 0 0
4329 2311 2308 2310 0 0 0
4330 2313 2312 2314 0 0 0
4331 2312 2313 2311 0 0 0
4332 2304 2315 2314 0 0 0
4333 2304 2303 2315 0 0 0
4334 2314 2315 2313 0 0 0
4335 2316 2280 2278 0 0 0
4336 2282 2279 2317 0 0 0
4337 2280 2317 2279 0 0 0
4338 2318 2280 2316 0 0 0
4339 2318 2317 2280 0 0 0
4340 2281 2282 2319 0 0 0
4341 2281 2319 2283 0 0 0
4342 2282 2317 2319 0 0 0
4343 2320 2283 2319 0 0 0
4344 2284 2283 2321 0 0 0
4345 2283 2320 2321 0 0 0
4346 2284 2321 2285 0 0 0
4347 2322 2286 2285 0 0 0
4348 2285 2321 2322 0 0 0
4349 2289 2286 2323 0 0 0
4350 2323 2286 2322 0 0 0
4351 2324 2290 2289 0 0 0
4352 2323 2325 2289 0 0 0
4353 2289 2325 2324 0 0 0
4354 2290 2324 2326 0 0 0
4355 2288 2290 2326 0 0 0
4356 2288 2326 2295 0 0 0
4357 2291 2327 2293 0 0 0
4358 2294 2327 2292 0 0 0
4359 2292 2327 2291 0 0 0
4360 2328 2293 2327 0 0 0
4361 2328 2305 2293 0 0 0
4362 2329 2327 2294 0 0 0
4363 2294 2295 2329 0 0 0
4364 2295 2330 2329 0 0 0
4365 2295 2326 2330 0 0 0
4366 2296 2331 2299 0 0 0
4367 2331 2296 2307 0 0 0
4368 2297 2332 2301 0 0 0
4369 2332 2297 2298 0 0 0
4370 2333 2299 2331 0 0 0
4371 2299 2333 2298 0 0 0
4372 2332 2298 2333 0 0 0
4373 2334 2301 2332 0 0 0
4374 2303 2301 2334 0 0 0
4375 2303 2335 2315 0 0 0
4376 2335 2303 2334 0 0 0
4377 2328 2336 2305 0 0 0
4378 2306 2305 2336 0 0 0
4379 2337 2307 2306 0 0 0
4380 2337 2306 2336 0 0 0
4381 2307 2338 2331 0 0 0
4382 2337 2338 2307 0 0 0
4383 2309 2339 2340 0 0 0
4384 2308 2339 2309 0 0 0
4385 2308 2311 2341 0 0 0
4386 2308 2341 2339 0 0 0
4387 2313 2315 2342 0 0 0
4388 2311 2342 2341 0 0 0
4389 2313 2342 2311 0 0 0
4390 2315 2343 2342 0 0 0
4391 2343 2315 2335 0 0 0
4392 2318 2316 2344 0 0 0
4393 2317 2345 2319 0 0 0
4394 2317 2318 2345 0 0 0
4395 2318 2344 2345 0 0 0
4396 2346 2320 2319 0 0 0
4397 2346 2319 2345 0 0 0
4398 2347 2320 2346 0 0 0
4399 2348 2320 2347 0 0 0
4400 2348 2321 2320 0 0 0
4401 2349 2322 2321 0 0 0
4402 2349 2321 2348 0 0 0
4403 2325 2323 2350 0 0 0
4404 2322 2350 2323 0 0 0
4405 2350 2322 2349 0 0 0
4406 2351 2324 2325 0 0 0
4407 2324 2351 2326 0 0 0
4408 2352 2351 2325 0 0 0
4409 2352 2325 2350 0 0 0
4410 2353 2350 2349 0 0 0
4411 2354 2330 2326 0 0 0
4412 2351 2355 2326 0 0 0
4413 2356 2326 2355 0 0 0
4414 2356 2354 2326 0 0 0
4415 2327 2357 2328 0 0 0
4416 2328 2357 2336 0 0 0
4417 2329 2357 2327 0 0 0
4418 2329 2330 2357 0 0 0
4419 2330 2358 2357 0 0 0
4420 2330 2354 2358 0 0 0
4421 2359 2336 2357 0 0 0
4422 2331 2360 2333 0 0 0
4423 2360 2331 2338 0 0 0
4424 2360 2361 2333 0 0 0
4425 2334 2332 2361 0 0 0
4426 2361 2332 2333 0 0 0
4427 2362 2334 2361 0 0 0
4428 2335 2334 2362 0 0 0
4429 2363 2335 2362 0 0 0
4430 2363 2343 2335 0 0 0
4431 2359 2364 2336 0 0 0
4432 2337 2364 2338 0 0 0
4433 2337 2336 2364 0 0 0
4434 2365 2338 2364 0 0 0
4435 2338 2365 2360 0 0 0
4436 2366 2343 2363 0 0 0
4437 2367 2341 2342 0 0 0
4438 2341 2368 2339 0 0 0
4439 2369 2341 2367 0 0 0
4440 2369 2368 2341 0 0 0
4441 2370 2342 2343 0 0 0
4442 2366 2370 2343 0 0 0
4443 2367 2342 2370 0 0 0
4444 2344 2371 2345 0 0 0
4445 2372 2345 2371 0 0 0
4446 2346 2345 2372 0 0 0
4447 2346 2372 2347 0 0 0
4448 2373 2347 2372 0 0 0
4449 2347 2374 2348 0 0 0
4450 2347 2373 2374 0 0 0
4451 2348 2375 2349 0 0 0
4452 2375 2348 2374 0 0 0
4453 2353 2349 2375 0 0 0
4454 2352 2350 2376 0 0 0
4455 2353 2376 2350 0 0 0
4456 2352 2376 2377 0 0 0
4457 2351 2377 2355 0 0 0
4458 2352 2377 2351 0 0 0
4459 2353 2378 2376 0 0 0
4460 2378 2353 2375 0 0 0
4461 2377 2379 2355 0 0 0
4462 2380 2355 2379 0 0 0
4463 2354 2381 2358 0 0 0
4464 2356 2381 2354 0 0 0
4465 2380 2382 2355 0 0 0
4466 2381 2356 2382 0 0 0
4467 2355 2382 2356 0 0 0
4468 2383 2358 2381 0 0 0
4469 2359 2357 2384 0 0 0
4470 2358 2384 2357 0 0 0
4471 2358 2383 2384 0 0 0
4472 2385 2364 2359 0 0 0
4473 2359 2384 2385 0 0 0
4474 2360 2386 2361 0 0 0
4475 2362 2361 2386 0 0 0
4476 2365 2386 2360 0 0 0
4477 2362 2386 2387 0 0 0
4478 2363 2362 2387 0 0 0
4479 2363 2387 2366 0 0 0
4480 2365 2388 2386 0 0 0
4481 2365 2364 2388 0 0 0
4482 2385 2388 2364 0 0 0
4483 2389 2388 2385 0 0 0
4484 2366 2387 2390 0 0 0
4485 2366 2390 2370 0 0 0
4486 2391 2390 2387 0 0 0
4487 2369 2367 2392 0 0 0
4488 2367 2370 2392 0 0 0
4489 2392 2393 2369 0 0 0
4490 2369 2393 2368 0 0 0
4491 2370 2390 2394 0 0 0
4492 2394 2392 2370 0 0 0
4493 2372 2395 2373 0 0 0
4494 2371 2395 2372 0 0 0
4495 2373 2396 2374 0 0 0
4496 2396 2373 2397 0 0 0
4497 2397 2373 2395 0 0 0
4498 2398 2374 2396 0 0 0
4499 2374 2398 2375 0 0 0
4500 2378 2375 2398 0 0 0
4501 2378 2398 2399 0 0 0
4502 2379 2377 2399 0 0 0
4503 2378 2399 2376 0 0 0
4504 2376 2399 2377 0 0 0
4505 2379 2400 2380 0 0 0
4506 2380 2401 2382 0 0 0
4507 2401 2380 2400 0 0 0
4508 2399 2402 2379 0 0 0
4509 2400 2379 2402 0 0 0
4510 2403 2381 2382 0 0 0
4511 2381 2403 2383 0 0 0
4512 2404 2382 2401 0 0 0
4513 2382 2404 2403 0 0 0
4514 2401 2405 2404 0 0 0
4515 2383 2406 2384 0 0 0
4516 2383 2403 2406 0 0 0
4517 2407 2384 2406 0 0 0
4518 2407 2385 2384 0 0 0
4519 2389 2385 2407 0 0 0
4520 2389 2407 2408 0 0 0
4521 2388 2409 2386 0 0 0
4522 2387 2386 2409 0 0 0
4523 2391 2387 2409 0 0 0
4524 2388 2410 2409 0 0 0
4525 2389 2408 2410 0 0 0
4526 2389 2410 2388 0 0 0
4527 2411 2391 2409 0 0 0
4528 2394 2390 2412 0 0 0
4529 2391 2412 2390 0 0 0
4530 2391 2411 2412 0 0 0
4531 2394 2412 2413 0 0 0
4532 2393 2392 2413 0 0 0
4533 2394 2413 2392 0 0 0
4534 2397 2395 2414 0 0 0
4535 2397 2414 2415 0 0 0
4536 2396 2415 2398 0 0 0
4537 2396 2397 2415 0 0 0
4538 2416 2398 2415 0 0 0
4539 2402 2399 2416 0 0 0
4540 2398 2416 2399 0 0 0
4541 2402 2417 2400 0 0 0
4542 2405 2401 2418 0 0 0
4543 2400 2418 2401 0 0 0
4544 2418 2400 2417 0 0 0
4545 2416 2419 2402 0 0 0
4546 2417 2402 2419 0 0 0
4547 2420 2417 2419 0 0 0
4548 2405 2418 2421 0 0 0
4549 2421 2422 2405 0 0 0
4550 2405 2422 2404 0 0 0
4551 2403 2423 2406 0 0 0
4552 2403 2404 2423 0 0 0
4553 2404 2422 2423 0 0 0
4554 2406 2423 2424 0 0 0
4555 2406 2424 2407 0 0 0
4556 2408 2407 2424 0 0 0
4557 2425 2408 2424 0 0 0
4558 2408 2425 2426 0 0 0
4559 2426 2410 2408 0 0 0
4560 2427 2409 2410 0 0 0
4561 2410 2426 2427 0 0 0
4562 2411 2409 2427 0 0 0
4563 2411 2427 2428 0 0 0
4564 2411 2428 2412 0 0 0
4565 2429 2413 2412 0 0 0
4566 2412 2428 2429 0 0 0
4567 2414 2430 2415 0 0 0
4568 2431 2415 2430 0 0 0
4569 2431 2432 2415 0 0 0
4570 2419 2416 2432 0 0 0
4571 2415 2432 2416 0 0 0
4572 2421 2418 2433 0 0 0
4573 2420 2433 2417 0 0 0
4574 2417 2433 2418 0 0 0
4575 2420 2419 2434 0 0 0
4576 2434 2419 2432 0 0 0
4577 2420 2435 2433 0 0 0
4578 2420 2434 2435 0 0 0
4579 2421 2436 2422 0 0 0
4580 2421 2433 2436 0 0 0
4581 2437 2422 2436 0 0 0
4582 2422 2438 2423 0 0 0
4583 2437 2438 2422 0 0 0
4584 2439 2438 2437 0 0 0
4585 2440 2423 2438 0 0 0
4586 2425 2424 2440 0 0 0
4587 2440 2424 2423 0 0 0
4588 2425 2441 2426 0 0 0
4589 2425 2440 2441 0 0 0
4590 2427 2442 2428 0 0 0
4591 2427 2426 2442 0 0 0
4592 2426 2441 2442 0 0 0
4593 2428 2442 2443 0 0 0
4594 2443 2429 2428 0 0 0
4595 2431 2430 2444 0 0 0
4596 2431 2445 2432 0 0 0
4597 2445 2431 2444 0 0 0
4598 2446 2432 2445 0 0 0
4599 2434 2432 2446 0 0 0
4600 2435 2447 2433 0 0 0
4601 2436 2433 2447 0 0 0
4602 2435 2434 2448 0 0 0
4603 2446 2448 2434 0 0 0
4604 2435 2448 2447 0 0 0
4605 2436 2449 2437 0 0 0
4606 2449 2436 2447 0 0 0
4607 2450 2437 2449 0 0 0
4608 2439 2437 2450 0 0 0
4609 2439 2450 2451 0 0 0
4610 2439 2452 2438 0 0 0
4611 2451 2452 2439 0 0 0
4612 2440 2438 2453 0 0 0
4613 2440 2453 2441 0 0 0
4614 2452 2453 2438 0 0 0
4615 2441 2453 2454 0 0 0
4616 2454 2442 2441 0 0 0
4617 2455 2442 2454 0 0 0
4618 2455 2443 2442 0 0 0
4619 2456 2443 2455 0 0 0
4620 2457 2452 2451 0 0 0
4621 2457 2458 2452 0 0 0
4622 2444 2459 2445 0 0 0
4623 2446 2445 2460 0 0 0
4624 2446 2460 2448 0 0 0
4625 2460 2445 2459 0 0 0
4626 2461 2449 2447 0 0 0
4627 2462 2461 2447 0 0 0
4628 2462 2447 2448 0 0 0
4629 2463 2448 2460 0 0 0
4630 2462 2448 2463 0 0 0
4631 2461 2464 2449 0 0 0
4632 2450 2449 2464 0 0 0
4633 2451 2450 2465 0 0 0
4634 2465 2450 2464 0 0 0
4635 2465 2466 2451 0 0 0
4636 2457 2451 2466 0 0 0
4637 2467 2454 2453 0 0 0
4638 2458 2467 2452 0 0 0
4639 2452 2467 2453 0 0 0
4640 2455 2468 2456 0 0 0
4641 2455 2454 2468 0 0 0
4642 2454 2467 2468 0 0 0
4643 2458 2457 2469 0 0 0
4644 2457 2466 2469 0 0 0
4645 2458 2470 2467 0 0 0
4646 2469 2470 2458 0 0 0
4647 2459 2471 2460 0 0 0
4648 2463 2460 2471 0 0 0
4649 2461 2472 2464 0 0 0
4650 2473 2472 2461 0 0 0
4651 2473 2461 2462 0 0 0
4652 2474 2462 2463 0 0 0
4653 2473 2462 2474 0 0 0
4654 2475 2463 2471 0 0 0
4655 2475 2474 2463 0 0 0
4656 2469 2466 2476 0 0 0
4657 2477 2464 2472 0 0 0
4658 2478 2465 2464 0 0 0
4659 2478 2464 2477 0 0 0
4660 2465 2479 2466 0 0 0
4661 2478 2479 2465 0 0 0
4662 2476 2466 2480 0 0 0
4663 2480 2466 2479 0 0 0
4664 2481 2468 2467 0 0 0
4665 2470 2481 2467 0 0 0
4666 2470 2469 2482 0 0 0
4667 2476 2482 2469 0 0 0
4668 2470 2482 2481 0 0 0
4669 2475 2471 2483 0 0 0
4670 2484 2477 2485 0 0 0
4671 2477 2472 2485 0 0 0
4672 2486 2485 2472 0 0 0
4673 2473 2486 2472 0 0 0
4674 2473 2474 2486 0 0 0
4675 2487 2486 2474 0 0 0
4676 2474 2475 2487 0 0 0
4677 2483 2487 2475 0 0 0
4678 2476 2480 2488 0 0 0
4679 2476 2488 2482 0 0 0
4680 2479 2478 2489 0 0 0
4681 2484 2489 2477 0 0 0
4682 2478 2477 2489 0 0 0
4683 2489 2490 2479 0 0 0
4684 2480 2490 2488 0 0 0
4685 2480 2479 2490 0 0 0
4686 2491 2489 2484 0 0 0
4687 2491 2484 2492 0 0 0
4688 2493 2484 2485 0 0 0
4689 2492 2484 2493 0 0 0
4690 2493 2485 2494 0 0 0
4691 2487 2483 2495 0 0 0
4692 2496 2485 2486 0 0 0
4693 2494 2485 2496 0 0 0
4694 2497 2496 2486 0 0 0
4695 2497 2487 2495 0 0 0
4696 2497 2486 2487 0 0 0
4697 2490 2498 2488 0 0 0
4698 2498 2490 2499 0 0 0
4699 2489 2499 2490 0 0 0
4700 2491 2499 2489 0 0 0
4701 2492 2500 2491 0 0 0
4702 2491 2500 2499 0 0 0
4703 2494 2501 2493 0 0 0
4704 2492 2501 2500 0 0 0
4705 2492 2493 2501 0 0 0
4706 2494 2496 2502 0 0 0
4707 2494 2502 2501 0 0 0
4708 2496 2503 2502 0 0 0
4709 2496 2497 2503 0 0 0
4710 2497 2495 2503 0 0 0
4711 2499 2504 2498 0 0 0
4712 2500 2505 2499 0 0 0
4713 2504 2499 2505 0 0 0
4714 2506 2501 2502 0 0 0
4715 2505 2500 2507 0 0 0
4716 2507 2500 2501 0 0 0
4717 2506 2508 2501 0 0 0
4718 2507 2501 2508 0 0 0
4719 2502 2503 2509 0 0 0
4720 2509 2510 2502 0 0 0
4721 2506 2502 2510 0 0 0
4722 2507 2511 2505 0 0 0
4723 2505 2511 2504 0 0 0
4724 2510 2512 2506 0 0 0
4725 2508 2506 2512 0 0 0
4726 2508 2512 2513 0 0 0
4727 2511 2507 2513 0 0 0
4728 2508 2513 2507 0 0 0
4729 2513 2514 2511 0 0 0
4730 2510 2509 2515 0 0 0
4731 2510 2515 2512 0 0 0
4732 2514 2516 2511 0 0 0
4733 2514 2513 2517 0 0 0
4734 2512 2517 2513 0 0 0
4735 2512 2515 2517 0 0 0
4736 2518 2514 2517 0 0 0
4737 2514 2518 2516 0 0 0
4738 2519 2517 2515 0 0 0
4739 2518 2520 2516 0 0 0
4740 2518 2517 2521 0 0 0
4741 2519 2521 2517 0 0 0
4742 2518 2521 2520 0 0 0
4743 2522 2520 2521 0 0 0
4744 2523 2524 1804 0 0 0
4745 2524 2525 1804 0 0 0
4746 2524 2523 2526 0 0 0
4747 2526 2523 2527 0 0 0
4748 2523 1804 2528 0 0 0
4749 2528 1804 1846 0 0 0
4750 2523 2528 2527 0 0 0
4751 2526 2529 2524 0 0 0
4752 2529 2530 2525 0 0 0
4753 2525 2524 2529 0 0 0
4754 2530 2529 2531 0 0 0
4755 2532 2529 2526 0 0 0
4756 2526 2527 2532 0 0 0
4757 2532 2527 2533 0 0 0
4758 2531 2534 2530 0 0 0
4759 2535 2534 2531 0 0 0
4760 1846 1889 2536 0 0 0
4761 2528 1846 2536 0 0 0
4762 2527 2528 2536 0 0 0
4763 2527 2536 2533 0 0 0
4764 2531 2529 2537 0 0 0
4765 2531 2537 2535 0 0 0
4766 2532 2537 2529 0 0 0
4767 2533 2537 2532 0 0 0
4768 2538 2537 2533 0 0 0
4769 2539 2538 2533 0 0 0
4770 2533 2536 2539 0 0 0
4771 2540 1887 1911 0 0 0
4772 1887 2541 1888 0 0 0
4773 2541 1887 2540 0 0 0
4774 2534 2535 2542 0 0 0
4775 2542 2543 2534 0 0 0
4776 2544 2542 2535 0 0 0
4777 2535 2537 2544 0 0 0
4778 2545 1888 2541 0 0 0
4779 1888 2545 1889 0 0 0
4780 2546 1889 2545 0 0 0
4781 2536 1889 2546 0 0 0
4782 2539 2536 2546 0 0 0
4783 2538 2547 2537 0 0 0
4784 2547 2544 2537 0 0 0
4785 2538 2548 2547 0 0 0
4786 2538 2539 2548 0 0 0
4787 2539 2546 2548 0 0 0
4788 2549 2541 2540 0 0 0
4789 2550 1911 1950 0 0 0
4790 1911 2550 2540 0 0 0
4791 2551 2540 2550 0 0 0
4792 2549 2540 2551 0 0 0
4793 2552 2549 2551 0 0 0
4794 2541 2549 2553 0 0 0
4795 2541 2553 2545 0 0 0
4796 2543 2542 2554 0 0 0
4797 2554 2555 2543 0 0 0
4798 2556 2554 2542 0 0 0
4799 2542 2544 2556 0 0 0
4800 2557 2556 2544 0 0 0
4801 2544 2547 2557 0 0 0
4802 2546 2545 2558 0 0 0
4803 2553 2558 2545 0 0 0
4804 2548 2546 2558 0 0 0
4805 2548 2558 2559 0 0 0
4806 2547 2548 2559 0 0 0
4807 2559 2557 2547 0 0 0
4808 2560 2553 2549 0 0 0
4809 2552 2560 2549 0 0 0
4810 1950 2561 2550 0 0 0
4811 2561 1950 1951 0 0 0
4812 2550 2562 2551 0 0 0
4813 2562 2550 2561 0 0 0
4814 2563 2551 2562 0 0 0
4815 2552 2551 2563 0 0 0
4816 2552 2564 2560 0 0 0
4817 2552 2563 2564 0 0 0
4818 2565 1951 1955 0 0 0
4819 1951 2565 2561 0 0 0
4820 2566 1955 1983 0 0 0
4821 1955 2566 2565 0 0 0
4822 2567 2558 2553 0 0 0
4823 2553 2560 2567 0 0 0
4824 2568 2569 2555 0 0 0
4825 2555 2554 2568 0 0 0
4826 2570 2571 2569 0 0 0
4827 2569 2568 2570 0 0 0
4828 2554 2556 2572 0 0 0
4829 2572 2568 2554 0 0 0
4830 2573 2571 2570 0 0 0
4831 2574 2558 2567 0 0 0
4832 2575 2572 2556 0 0 0
4833 2556 2557 2575 0 0 0
4834 2576 2575 2557 0 0 0
4835 2557 2559 2576 0 0 0
4836 2577 2559 2558 0 0 0
4837 2574 2577 2558 0 0 0
4838 2578 2559 2577 0 0 0
4839 2578 2576 2559 0 0 0
4840 2560 2579 2567 0 0 0
4841 2560 2564 2579 0 0 0
4842 2561 2580 2562 0 0 0
4843 2580 2561 2565 0 0 0
4844 2581 2562 2580 0 0 0
4845 2562 2581 2563 0 0 0
4846 2564 2582 2579 0 0 0
4847 2583 2582 2564 0 0 0
4848 2563 2583 2564 0 0 0
4849 2583 2563 2581 0 0 0
4850 2580 2565 2584 0 0 0
4851 2566 2584 2565 0 0 0
4852 2585 1983 1986 0 0 0
4853 1983 2585 2566 0 0 0
4854 2586 1986 2016 0 0 0
4855 1986 2586 2585 0 0 0
4856 2587 2566 2585 0 0 0
4857 2566 2587 2584 0 0 0
4858 2571 2573 2588 0 0 0
4859 2588 2589 2571 0 0 0
4860 2589 2590 2571 0 0 0
4861 2591 2567 2579 0 0 0
4862 2574 2567 2591 0 0 0
4863 2568 2572 2592 0 0 0
4864 2592 2570 2568 0 0 0
4865 2593 2573 2570 0 0 0
4866 2570 2592 2593 0 0 0
4867 2594 2592 2572 0 0 0
4868 2572 2575 2594 0 0 0
4869 2573 2593 2595 0 0 0
4870 2595 2588 2573 0 0 0
4871 2574 2596 2577 0 0 0
4872 2596 2574 2591 0 0 0
4873 2597 2594 2575 0 0 0
4874 2575 2576 2597 0 0 0
4875 2578 2597 2576 0 0 0
4876 2578 2598 2597 0 0 0
4877 2578 2577 2598 0 0 0
4878 2598 2577 2596 0 0 0
4879 2582 2599 2579 0 0 0
4880 2579 2599 2591 0 0 0
4881 2582 2600 2599 0 0 0
4882 2601 2580 2584 0 0 0
4883 2581 2580 2601 0 0 0
4884 2602 2581 2601 0 0 0
4885 2581 2602 2583 0 0 0
4886 2600 2582 2603 0 0 0
4887 2583 2603 2582 0 0 0
4888 2603 2583 2602 0 0 0
4889 2604 2601 2584 0 0 0
4890 2605 2584 2587 0 0 0
4891 2604 2584 2605 0 0 0
4892 2585 2606 2587 0 0 0
4893 2606 2585 2586 0 0 0
4894 2015 2022 2607 0 0 0
4895 2015 2607 2016 0 0 0
4896 2586 2608 2606 0 0 0
4897 2586 2016 2608 0 0 0
4898 2608 2016 2607 0 0 0
4899 2609 2587 2606 0 0 0
4900 2587 2609 2605 0 0 0
4901 2022 2610 2607 0 0 0
4902 2022 2042 2610 0 0 0
4903 2588 2595 2611 0 0 0
4904 2589 2588 2612 0 0 0
4905 2611 2612 2588 0 0 0
4906 2613 2614 2590 0 0 0
4907 2612 2613 2589 0 0 0
4908 2590 2589 2613 0 0 0
4909 2591 2615 2596 0 0 0
4910 2615 2591 2599 0 0 0
4911 2593 2592 2616 0 0 0
4912 2593 2616 2595 0 0 0
4913 2592 2594 2616 0 0 0
4914 2594 2597 2617 0 0 0
4915 2617 2616 2594 0 0 0
4916 2618 2611 2595 0 0 0
4917 2595 2616 2618 0 0 0
4918 2619 2611 2618 0 0 0
4919 2596 2620 2598 0 0 0
4920 2596 2615 2620 0 0 0
4921 2598 2621 2597 0 0 0
4922 2598 2620 2621 0 0 0
4923 2617 2597 2621 0 0 0
4924 2622 2615 2599 0 0 0
4925 2623 2599 2600 0 0 0
4926 2623 2622 2599 0 0 0
4927 2624 2623 2600 0 0 0
4928 2603 2625 2600 0 0 0
4929 2624 2600 2625 0 0 0
4930 2626 2622 2623 0 0 0
4931 2601 2627 2602 0 0 0
4932 2604 2627 2601 0 0 0
4933 2625 2603 2628 0 0 0
4934 2602 2628 2603 0 0 0
4935 2627 2628 2602 0 0 0
4936 2604 2605 2629 0 0 0
4937 2627 2604 2629 0 0 0
4938 2630 2629 2605 0 0 0
4939 2630 2605 2609 0 0 0
4940 2631 2606 2608 0 0 0
4941 2606 2631 2609 0 0 0
4942 2607 2632 2608 0 0 0
4943 2607 2610 2632 0 0 0
4944 2608 2632 2631 0 0 0
4945 2633 2609 2631 0 0 0
4946 2609 2633 2630 0 0 0
4947 2634 2041 406 0 0 0
4948 2041 2635 2042 0 0 0
4949 2634 2635 2041 0 0 0
4950 2636 2632 2610 0 0 0
4951 2635 2637 2042 0 0 0
4952 2637 2610 2042 0 0 0
4953 2638 2610 2637 0 0 0
4954 2638 2636 2610 0 0 0
4955 2639 2635 2634 0 0 0
4956 2614 2613 2640 0 0 0
4957 2640 2641 2614 0 0 0
4958 2642 2643 2641 0 0 0
4959 2612 2611 2644 0 0 0
4960 2619 2644 2611 0 0 0
4961 2645 2613 2612 0 0 0
4962 2644 2645 2612 0 0 0
4963 2646 2640 2613 0 0 0
4964 2613 2645 2646 0 0 0
4965 2647 2620 2615 0 0 0
4966 2615 2622 2647 0 0 0
4967 2618 2648 2619 0 0 0
4968 2617 2621 2648 0 0 0
4969 2616 2617 2648 0 0 0
4970 2618 2616 2648 0 0 0
4971 2619 2648 2649 0 0 0
4972 2649 2644 2619 0 0 0
4973 2650 2620 2647 0 0 0
4974 2620 2650 2621 0 0 0
4975 2651 2621 2650 0 0 0
4976 2651 2648 2621 0 0 0
4977 2622 2652 2647 0 0 0
4978 2622 2626 2652 0 0 0
4979 2643 2642 2653 0 0 0
4980 2654 2652 2626 0 0 0
4981 2655 2652 2654 0 0 0
4982 2623 2656 2626 0 0 0
4983 2624 2656 2623 0 0 0
4984 2624 2657 2656 0 0 0
4985 2624 2625 2657 0 0 0
4986 2625 2658 2657 0 0 0
4987 2658 2625 2628 0 0 0
4988 2659 2626 2656 0 0 0
4989 2654 2626 2659 0 0 0
4990 2658 2628 2660 0 0 0
4991 2629 2660 2627 0 0 0
4992 2628 2627 2660 0 0 0
4993 2630 2633 2661 0 0 0
4994 2629 2661 2660 0 0 0
4995 2630 2661 2629 0 0 0
4996 2662 2658 2660 0 0 0
4997 2631 2632 2663 0 0 0
4998 2631 2663 2633 0 0 0
4999 2664 2663 2632 0 0 0
5000 2636 2664 2632 0 0 0
5001 2633 2665 2661 0 0 0
5002 2633 2663 2665 0 0 0
5003 2634 406 415 0 0 0
5004 2634 415 2639 0 0 0
5005 2637 2635 2666 0 0 0
5006 2639 2666 2635 0 0 0
5007 2636 2667 2664 0 0 0
5008 2636 2638 2667 0 0 0
5009 2666 2668 2637 0 0 0
5010 2638 2637 2668 0 0 0
5011 2638 2668 2667 0 0 0
5012 2639 2669 2666 0 0 0
5013 2639 415 2669 0 0 0
5014 2653 2670 2643 0 0 0
5015 2670 2653 2671 0 0 0
5016 2641 2672 2642 0 0 0
5017 2672 2641 2640 0 0 0
5018 2640 2646 2672 0 0 0
5019 2642 2672 2673 0 0 0
5020 2673 2653 2642 0 0 0
5021 2644 2649 2674 0 0 0
5022 2674 2675 2644 0 0 0
5023 2675 2646 2645 0 0 0
5024 2645 2644 2675 0 0 0
5025 2646 2675 2676 0 0 0
5026 2676 2672 2646 0 0 0
5027 2647 2652 2677 0 0 0
5028 2677 2650 2647 0 0 0
5029 2649 2678 2674 0 0 0
5030 2649 2648 2678 0 0 0
5031 2651 2678 2648 0 0 0
5032 2651 2679 2678 0 0 0
5033 2650 2677 2679 0 0 0
5034 2679 2651 2650 0 0 0
5035 2680 2677 2652 0 0 0
5036 2655 2680 2652 0 0 0
5037 2681 2671 2653 0 0 0
5038 2671 2681 2682 0 0 0
5039 2653 2673 2681 0 0 0
5040 2683 2681 2673 0 0 0
5041 2684 2654 2659 0 0 0
5042 2685 2655 2654 0 0 0
5043 2685 2654 2684 0 0 0
5044 2655 2685 2686 0 0 0
5045 2686 2680 2655 0 0 0
5046 2657 2687 2656 0 0 0
5047 2656 2687 2659 0 0 0
5048 2688 2657 2658 0 0 0
5049 2662 2688 2658 0 0 0
5050 2657 2688 2687 0 0 0
5051 2684 2659 2689 0 0 0
5052 2689 2659 2687 0 0 0
5053 2690 2684 2689 0 0 0
5054 2691 2661 2665 0 0 0
5055 2662 2660 2692 0 0 0
5056 2692 2660 2661 0 0 0
5057 2693 2692 2661 0 0 0
5058 2693 2661 2691 0 0 0
5059 2662 2692 2694 0 0 0
5060 2662 2694 2688 0 0 0
5061 2695 2665 2663 0 0 0
5062 2663 2664 2695 0 0 0
5063 2696 2695 2664 0 0 0
5064 2664 2667 2696 0 0 0
5065 2697 2665 2695 0 0 0
5066 2697 2691 2665 0 0 0
5067 2698 2691 2697 0 0 0
5068 416 2669 415 0 0 0
5069 2699 2696 2667 0 0 0
5070 2668 2666 2700 0 0 0
5071 2669 2700 2666 0 0 0
5072 2701 2699 2667 0 0 0
5073 2701 2668 2700 0 0 0
5074 2701 2667 2668 0 0 0
5075 2700 2669 2702 0 0 0
5076 2669 416 2702 0 0 0
5077 2682 2703 2671 0 0 0
5078 2671 2703 2670 0 0 0
5079 2703 2704 2670 0 0 0
5080 2703 2682 2705 0 0 0
5081 2706 2705 2682 0 0 0
5082 2707 2708 2704 0 0 0
5083 2704 2703 2707 0 0 0
5084 2708 2707 2709 0 0 0
5085 2709 2710 2708 0 0 0
5086 2674 2678 2711 0 0 0
5087 2672 2676 2712 0 0 0
5088 2712 2673 2672 0 0 0
5089 2673 2712 2683 0 0 0
5090 2711 2713 2674 0 0 0
5091 2675 2674 2713 0 0 0
5092 2676 2675 2713 0 0 0
5093 2676 2713 2712 0 0 0
5094 2714 2680 2686 0 0 0
5095 2715 2714 2686 0 0 0
5096 2716 2679 2677 0 0 0
5097 2677 2680 2716 0 0 0
5098 2679 2717 2678 0 0 0
5099 2679 2716 2717 0 0 0
5100 2711 2678 2717 0 0 0
5101 2718 2716 2680 0 0 0
5102 2714 2718 2680 0 0 0
5103 2682 2719 2706 0 0 0
5104 2719 2682 2681 0 0 0
5105 2720 2681 2683 0 0 0
5106 2681 2720 2719 0 0 0
5107 2721 2683 2712 0 0 0
5108 2683 2721 2720 0 0 0
5109 2722 2684 2690 0 0 0
5110 2684 2722 2685 0 0 0
5111 2685 2722 2723 0 0 0
5112 2723 2686 2685 0 0 0
5113 2715 2686 2723 0 0 0
5114 2724 2722 2690 0 0 0
5115 2724 2690 2725 0 0 0
5116 2726 2724 2725 0 0 0
5117 2727 2726 2725 0 0 0
5118 2687 2728 2689 0 0 0
5119 2688 2728 2687 0 0 0
5120 2688 2694 2728 0 0 0
5121 2690 2689 2729 0 0 0
5122 2729 2689 2728 0 0 0
5123 2725 2690 2729 0 0 0
5124 2698 2730 2691 0 0 0
5125 2693 2691 2730 0 0 0
5126 2694 2692 2731 0 0 0
5127 2693 2730 2731 0 0 0
5128 2693 2731 2692 0 0 0
5129 2732 2694 2731 0 0 0
5130 2732 2728 2694 0 0 0
5131 2729 2733 2725 0 0 0
5132 2734 2696 2699 0 0 0
5133 2735 2734 2699 0 0 0
5134 2736 2697 2695 0 0 0
5135 2695 2696 2736 0 0 0
5136 2734 2737 2696 0 0 0
5137 2737 2736 2696 0 0 0
5138 2698 2738 2730 0 0 0
5139 2698 2697 2739 0 0 0
5140 2697 2736 2739 0 0 0
5141 2698 2739 2738 0 0 0
5142 2702 416 417 0 0 0
5143 2699 2740 2735 0 0 0
5144 2701 2740 2699 0 0 0
5145 2701 2700 2740 0 0 0
5146 2700 2702 2740 0 0 0
5147 2741 2740 2702 0 0 0
5148 2702 417 2741 0 0 0
5149 2742 2735 2740 0 0 0
5150 2705 2743 2703 0 0 0
5151 2743 2707 2703 0 0 0
5152 2705 2706 2744 0 0 0
5153 2744 2743 2705 0 0 0
5154 2706 2719 2745 0 0 0
5155 2706 2745 2744 0 0 0
5156 2746 2747 2710 0 0 0
5157 2748 2710 2709 0 0 0
5158 2710 2748 2746 0 0 0
5159 2709 2749 2748 0 0 0
5160 2749 2709 2707 0 0 0
5161 2707 2743 2749 0 0 0
5162 2747 2750 2710 0 0 0
5163 2751 2750 2747 0 0 0
5164 2752 2753 2754 0 0 0
5165 2755 2713 2711 0 0 0
5166 2711 2717 2756 0 0 0
5167 2755 2711 2756 0 0 0
5168 2755 2757 2713 0 0 0
5169 2712 2713 2757 0 0 0
5170 2721 2712 2757 0 0 0
5171 2715 2723 2758 0 0 0
5172 2715 2758 2759 0 0 0
5173 2714 2759 2718 0 0 0
5174 2714 2715 2759 0 0 0
5175 2756 2717 2760 0 0 0
5176 2716 2760 2717 0 0 0
5177 2718 2760 2716 0 0 0
5178 2761 2760 2718 0 0 0
5179 2718 2759 2761 0 0 0
5180 2720 2762 2719 0 0 0
5181 2719 2762 2745 0 0 0
5182 2720 2721 2762 0 0 0
5183 2721 2757 2762 0 0 0
5184 2723 2763 2758 0 0 0
5185 2724 2763 2722 0 0 0
5186 2722 2763 2723 0 0 0
5187 2724 2726 2763 0 0 0
5188 2764 2763 2726 0 0 0
5189 2765 2758 2763 0 0 0
5190 2766 2767 2753 0 0 0
5191 2768 2726 2727 0 0 0
5192 2726 2768 2764 0 0 0
5193 2727 2725 2769 0 0 0
5194 2769 2725 2733 0 0 0
5195 2727 2770 2768 0 0 0
5196 2770 2727 2769 0 0 0
5197 2729 2728 2771 0 0 0
5198 2732 2771 2728 0 0 0
5199 2733 2729 2771 0 0 0
5200 2730 2772 2731 0 0 0
5201 2738 2772 2730 0 0 0
5202 2732 2773 2771 0 0 0
5203 2732 2731 2773 0 0 0
5204 2772 2773 2731 0 0 0
5205 2774 2733 2771 0 0 0
5206 2733 2775 2769 0 0 0
5207 2774 2775 2733 0 0 0
5208 2734 2735 2776 0 0 0
5209 2737 2734 2776 0 0 0
5210 2777 2776 2735 0 0 0
5211 2742 2777 2735 0 0 0
5212 2778 2772 2738 0 0 0
5213 2737 2776 2779 0 0 0
5214 2736 2779 2739 0 0 0
5215 2736 2737 2779 0 0 0
5216 2739 2779 2780 0 0 0
5217 2778 2738 2780 0 0 0
5218 2780 2738 2739 0 0 0
5219 2778 2781 2772 0 0 0
5220 2741 417 418 0 0 0
5221 2741 418 2782 0 0 0
5222 2741 2782 2740 0 0 0
5223 2742 2740 2782 0 0 0
5224 2777 2742 2783 0 0 0
5225 2742 2782 2783 0 0 0
5226 2743 2744 2784 0 0 0
5227 2784 2749 2743 0 0 0
5228 2745 2762 2785 0 0 0
5229 2745 2785 2786 0 0 0
5230 2786 2784 2744 0 0 0
5231 2744 2745 2786 0 0 0
5232 2747 2746 2787 0 0 0
5233 2747 2787 2751 0 0 0
5234 2788 2746 2748 0 0 0
5235 2746 2788 2787 0 0 0
5236 2748 2789 2788 0 0 0
5237 2749 2784 2789 0 0 0
5238 2789 2748 2749 0 0 0
5239 2750 2751 2790 0 0 0
5240 2790 2754 2750 0 0 0
5241 2754 2790 2752 0 0 0
5242 2751 2787 2791 0 0 0
5243 2791 2790 2751 0 0 0
5244 2792 2752 2790 0 0 0
5245 2793 2753 2752 0 0 0
5246 2752 2792 2793 0 0 0
5247 2753 2793 2794 0 0 0
5248 2794 2766 2753 0 0 0
5249 2755 2795 2757 0 0 0
5250 2755 2756 2795 0 0 0
5251 2796 2795 2756 0 0 0
5252 2756 2760 2796 0 0 0
5253 2795 2797 2757 0 0 0
5254 2797 2762 2757 0 0 0
5255 2759 2798 2761 0 0 0
5256 2758 2765 2798 0 0 0
5257 2759 2758 2798 0 0 0
5258 2799 2761 2798 0 0 0
5259 2800 2796 2760 0 0 0
5260 2799 2800 2761 0 0 0
5261 2761 2800 2760 0 0 0
5262 2801 2796 2800 0 0 0
5263 2802 2785 2762 0 0 0
5264 2802 2762 2797 0 0 0
5265 2803 2785 2802 0 0 0
5266 2804 2763 2764 0 0 0
5267 2804 2765 2763 0 0 0
5268 2805 2765 2804 0 0 0
5269 2806 2798 2765 0 0 0
5270 2805 2806 2765 0 0 0
5271 2807 2808 2809 0 0 0
5272 2810 2809 2811 0 0 0
5273 2809 2810 2807 0 0 0
5274 2811 2812 2810 0 0 0
5275 2812 2811 2813 0 0 0
5276 2814 2813 2815 0 0 0
5277 2816 2817 2767 0 0 0
5278 2767 2766 2816 0 0 0
5279 2818 2819 2817 0 0 0
5280 2817 2816 2818 0 0 0
5281 2820 2821 2819 0 0 0
5282 2819 2818 2820 0 0 0
5283 2766 2794 2822 0 0 0
5284 2822 2816 2766 0 0 0
5285 2816 2822 2823 0 0 0
5286 2824 2821 2820 0 0 0
5287 2824 2825 2821 0 0 0
5288 2825 2826 2821 0 0 0
5289 2827 2769 2775 0 0 0
5290 2770 2769 2827 0 0 0
5291 2828 2771 2773 0 0 0
5292 2774 2771 2828 0 0 0
5293 2829 2773 2772 0 0 0
5294 2773 2829 2828 0 0 0
5295 2781 2829 2772 0 0 0
5296 2830 2829 2781 0 0 0
5297 2831 2827 2775 0 0 0
5298 2832 2774 2828 0 0 0
5299 2774 2832 2775 0 0 0
5300 2833 2775 2832 0 0 0
5301 2831 2775 2833 0 0 0
5302 2776 2834 2779 0 0 0
5303 2777 2783 2834 0 0 0
5304 2776 2777 2834 0 0 0
5305 2778 2835 2781 0 0 0
5306 2835 2778 2780 0 0 0
5307 2836 2780 2779 0 0 0
5308 2836 2779 2834 0 0 0
5309 2780 2836 2835 0 0 0
5310 2837 2834 2783 0 0 0
5311 2838 2781 2835 0 0 0
5312 2830 2781 2838 0 0 0
5313 2830 2838 2839 0 0 0
5314 418 419 2782 0 0 0
5315 419 2840 2782 0 0 0
5316 2783 2840 2837 0 0 0
5317 2783 2782 2840 0 0 0
5318 2841 2837 2840 0 0 0
5319 2784 2786 2842 0 0 0
5320 2842 2789 2784 0 0 0
5321 2803 2843 2785 0 0 0
5322 2786 2785 2843 0 0 0
5323 2786 2843 2842 0 0 0
5324 2844 2843 2803 0 0 0
5325 2787 2845 2791 0 0 0
5326 2787 2788 2845 0 0 0
5327 2788 2789 2846 0 0 0
5328 2789 2842 2846 0 0 0
5329 2788 2846 2845 0 0 0
5330 2790 2847 2792 0 0 0
5331 2847 2790 2791 0 0 0
5332 2791 2848 2847 0 0 0
5333 2848 2791 2845 0 0 0
5334 2849 2792 2847 0 0 0
5335 2792 2849 2850 0 0 0
5336 2850 2793 2792 0 0 0
5337 2851 2794 2793 0 0 0
5338 2793 2850 2851 0 0 0
5339 2794 2851 2852 0 0 0
5340 2852 2822 2794 0 0 0
5341 2853 2797 2795 0 0 0
5342 2801 2853 2796 0 0 0
5343 2795 2796 2853 0 0 0
5344 2854 2802 2797 0 0 0
5345 2855 2797 2853 0 0 0
5346 2855 2854 2797 0 0 0
5347 2806 2856 2798 0 0 0
5348 2856 2799 2798 0 0 0
5349 2857 2800 2799 0 0 0
5350 2799 2856 2857 0 0 0
5351 2857 2858 2800 0 0 0
5352 2858 2801 2800 0 0 0
5353 2801 2858 2859 0 0 0
5354 2801 2859 2853 0 0 0
5355 2803 2802 2860 0 0 0
5356 2854 2860 2802 0 0 0
5357 2844 2803 2860 0 0 0
5358 2861 2844 2860 0 0 0
5359 2808 2862 2157 0 0 0
5360 2862 2808 2807 0 0 0
5361 2863 2862 2807 0 0 0
5362 2864 2807 2810 0 0 0
5363 2807 2864 2863 0 0 0
5364 2865 2157 2862 0 0 0
5365 2189 2157 2865 0 0 0
5366 2810 2866 2864 0 0 0
5367 2866 2810 2812 0 0 0
5368 2867 2815 2868 0 0 0
5369 2815 2867 2814 0 0 0
5370 2869 2870 2826 0 0 0
5371 2826 2825 2869 0 0 0
5372 2868 2871 2867 0 0 0
5373 2871 2868 2870 0 0 0
5374 2813 2872 2812 0 0 0
5375 2872 2813 2814 0 0 0
5376 2812 2872 2866 0 0 0
5377 2814 2873 2872 0 0 0
5378 2873 2814 2867 0 0 0
5379 2823 2874 2816 0 0 0
5380 2874 2818 2816 0 0 0
5381 2818 2874 2820 0 0 0
5382 2820 2874 2875 0 0 0
5383 2875 2824 2820 0 0 0
5384 2876 2824 2875 0 0 0
5385 2877 2823 2822 0 0 0
5386 2822 2852 2877 0 0 0
5387 2823 2877 2878 0 0 0
5388 2878 2874 2823 0 0 0
5389 2824 2876 2879 0 0 0
5390 2879 2825 2824 0 0 0
5391 2880 2869 2825 0 0 0
5392 2825 2879 2880 0 0 0
5393 2830 2839 2881 0 0 0
5394 2830 2881 2829 0 0 0
5395 2832 2828 2881 0 0 0
5396 2829 2881 2828 0 0 0
5397 2833 2882 2831 0 0 0
5398 2883 2832 2881 0 0 0
5399 2833 2832 2883 0 0 0
5400 2833 2883 2882 0 0 0
5401 2835 2884 2838 0 0 0
5402 2836 2884 2835 0 0 0
5403 2836 2834 2884 0 0 0
5404 2837 2884 2834 0 0 0
5405 2885 2884 2837 0 0 0
5406 2841 2885 2837 0 0 0
5407 2838 2886 2839 0 0 0
5408 2838 2884 2886 0 0 0
5409 2887 2881 2839 0 0 0
5410 2888 2839 2886 0 0 0
5411 2888 2887 2839 0 0 0
5412 420 2840 419 0 0 0
5413 2889 2841 2840 0 0 0
5414 2889 2840 420 0 0 0
5415 2841 2889 2890 0 0 0
5416 2841 2890 2885 0 0 0
5417 2842 2891 2846 0 0 0
5418 2842 2843 2891 0 0 0
5419 2844 2892 2843 0 0 0
5420 2844 2861 2892 0 0 0
5421 2843 2892 2891 0 0 0
5422 2861 2893 2892 0 0 0
5423 2846 2891 2894 0 0 0
5424 2845 2846 2894 0 0 0
5425 2845 2894 2848 0 0 0
5426 2847 2895 2849 0 0 0
5427 2848 2895 2847 0 0 0
5428 2848 2894 2895 0 0 0
5429 2850 2849 2896 0 0 0
5430 2849 2895 2896 0 0 0
5431 2850 2896 2897 0 0 0
5432 2897 2851 2850 0 0 0
5433 2852 2898 2877 0 0 0
5434 2851 2897 2898 0 0 0
5435 2852 2851 2898 0 0 0
5436 2855 2853 2899 0 0 0
5437 2859 2899 2853 0 0 0
5438 2899 2900 2855 0 0 0
5439 2855 2900 2854 0 0 0
5440 2854 2900 2860 0 0 0
5441 2861 2901 2893 0 0 0
5442 2901 2860 2900 0 0 0
5443 2861 2860 2901 0 0 0
5444 2902 2893 2901 0 0 0
5445 2862 2903 2865 0 0 0
5446 2903 2862 2863 0 0 0
5447 2863 2904 2903 0 0 0
5448 2904 2863 2864 0 0 0
5449 2905 2864 2866 0 0 0
5450 2864 2905 2904 0 0 0
5451 2865 2906 2189 0 0 0
5452 2865 2903 2906 0 0 0
5453 2189 2906 2190 0 0 0
5454 2907 2214 2190 0 0 0
5455 2190 2906 2907 0 0 0
5456 2866 2908 2905 0 0 0
5457 2908 2866 2872 0 0 0
5458 2872 2909 2908 0 0 0
5459 2910 2867 2871 0 0 0
5460 2867 2910 2873 0 0 0
5461 2911 2871 2870 0 0 0
5462 2870 2869 2911 0 0 0
5463 2869 2880 2911 0 0 0
5464 2871 2911 2912 0 0 0
5465 2912 2910 2871 0 0 0
5466 2909 2872 2913 0 0 0
5467 2873 2913 2872 0 0 0
5468 2873 2910 2913 0 0 0
5469 2914 2879 2876 0 0 0
5470 2915 2876 2875 0 0 0
5471 2876 2915 2914 0 0 0
5472 2874 2878 2916 0 0 0
5473 2875 2916 2915 0 0 0
5474 2916 2875 2874 0 0 0
5475 2917 2878 2877 0 0 0
5476 2877 2898 2917 0 0 0
5477 2878 2917 2918 0 0 0
5478 2918 2916 2878 0 0 0
5479 2919 2911 2880 0 0 0
5480 2879 2914 2920 0 0 0
5481 2920 2880 2879 0 0 0
5482 2921 2919 2880 0 0 0
5483 2921 2880 2920 0 0 0
5484 2922 2881 2887 0 0 0
5485 2922 2883 2881 0 0 0
5486 2923 2882 2883 0 0 0
5487 2923 2883 2922 0 0 0
5488 2924 2922 2887 0 0 0
5489 2924 2887 2925 0 0 0
5490 2885 2926 2884 0 0 0
5491 2926 2886 2884 0 0 0
5492 2885 2890 2926 0 0 0
5493 2886 2926 2927 0 0 0
5494 2888 2886 2927 0 0 0
5495 2925 2887 2928 0 0 0
5496 2928 2887 2888 0 0 0
5497 2888 2927 2928 0 0 0
5498 2929 2925 2928 0 0 0
5499 2889 420 421 0 0 0
5500 2889 421 2890 0 0 0
5501 2930 2926 2890 0 0 0
5502 2930 2890 421 0 0 0
5503 2891 2892 2931 0 0 0
5504 2931 2894 2891 0 0 0
5505 2893 2902 2932 0 0 0
5506 2932 2931 2892 0 0 0
5507 2893 2932 2892 0 0 0
5508 2933 2894 2931 0 0 0
5509 2894 2933 2895 0 0 0
5510 2896 2895 2934 0 0 0
5511 2895 2933 2934 0 0 0
5512 2897 2935 2898 0 0 0
5513 2897 2896 2935 0 0 0
5514 2896 2934 2935 0 0 0
5515 2936 2917 2898 0 0 0
5516 2936 2898 2935 0 0 0
5517 2932 2902 2937 0 0 0
5518 2214 2907 2938 0 0 0
5519 2938 2246 2214 0 0 0
5520 2939 2220 2246 0 0 0
5521 2220 2939 2940 0 0 0
5522 2940 2249 2220 0 0 0
5523 2903 2941 2906 0 0 0
5524 2941 2903 2904 0 0 0
5525 2904 2942 2941 0 0 0
5526 2942 2904 2905 0 0 0
5527 2943 2905 2908 0 0 0
5528 2944 2905 2943 0 0 0
5529 2944 2942 2905 0 0 0
5530 2941 2945 2906 0 0 0
5531 2945 2907 2906 0 0 0
5532 2907 2945 2946 0 0 0
5533 2946 2938 2907 0 0 0
5534 2947 2908 2909 0 0 0
5535 2908 2947 2943 0 0 0
5536 2909 2948 2947 0 0 0
5537 2948 2909 2913 0 0 0
5538 2949 2943 2947 0 0 0
5539 2950 2910 2912 0 0 0
5540 2910 2950 2913 0 0 0
5541 2911 2919 2951 0 0 0
5542 2951 2912 2911 0 0 0
5543 2912 2951 2950 0 0 0
5544 2913 2952 2948 0 0 0
5545 2952 2913 2950 0 0 0
5546 2953 2951 2919 0 0 0
5547 2914 2954 2920 0 0 0
5548 2954 2914 2915 0 0 0
5549 2915 2955 2954 0 0 0
5550 2955 2915 2916 0 0 0
5551 2916 2918 2955 0 0 0
5552 2956 2918 2917 0 0 0
5553 2917 2936 2956 0 0 0
5554 2957 2955 2918 0 0 0
5555 2918 2956 2957 0 0 0
5556 2958 2919 2921 0 0 0
5557 2919 2958 2953 0 0 0
5558 2920 2954 2959 0 0 0
5559 2920 2959 2921 0 0 0
5560 2921 2959 2958 0 0 0
5561 2924 2960 2922 0 0 0
5562 2960 2923 2922 0 0 0
5563 2925 2961 2924 0 0 0
5564 2925 2929 2961 0 0 0
5565 2924 2961 2960 0 0 0
5566 2962 2961 2929 0 0 0
5567 2962 2929 2963 0 0 0
5568 2964 2927 2926 0 0 0
5569 2930 2964 2926 0 0 0
5570 2927 2964 2965 0 0 0
5571 2927 2965 2928 0 0 0
5572 2929 2928 2966 0 0 0
5573 2966 2928 2965 0 0 0
5574 2963 2929 2966 0 0 0
5575 2930 421 422 0 0 0
5576 2930 422 2964 0 0 0
5577 2931 2967 2933 0 0 0
5578 2931 2932 2967 0 0 0
5579 2937 2967 2932 0 0 0
5580 2968 2967 2937 0 0 0
5581 2933 2967 2969 0 0 0
5582 2969 2934 2933 0 0 0
5583 2970 2935 2934 0 0 0
5584 2971 2970 2934 0 0 0
5585 2971 2934 2969 0 0 0
5586 2970 2972 2935 0 0 0
5587 2936 2935 2972 0 0 0
5588 2936 2972 2956 0 0 0
5589 2938 2946 2973 0 0 0
5590 2938 2973 2246 0 0 0
5591 2939 2246 2973 0 0 0
5592 2939 2973 2974 0 0 0
5593 2939 2974 2940 0 0 0
5594 2940 2974 2975 0 0 0
5595 2940 2975 2249 0 0 0
5596 2975 2976 2249 0 0 0
5597 2250 2249 2976 0 0 0
5598 2250 2976 2977 0 0 0
5599 2977 2274 2250 0 0 0
5600 2978 2276 2275 0 0 0
5601 2942 2944 2979 0 0 0
5602 2942 2979 2941 0 0 0
5603 2941 2979 2945 0 0 0
5604 2944 2980 2979 0 0 0
5605 2943 2949 2980 0 0 0
5606 2980 2944 2943 0 0 0
5607 2981 2945 2979 0 0 0
5608 2982 2946 2945 0 0 0
5609 2981 2982 2945 0 0 0
5610 2983 2973 2946 0 0 0
5611 2983 2946 2982 0 0 0
5612 2984 2980 2949 0 0 0
5613 2948 2952 2985 0 0 0
5614 2948 2985 2947 0 0 0
5615 2947 2985 2949 0 0 0
5616 2986 2949 2985 0 0 0
5617 2949 2986 2984 0 0 0
5618 2950 2987 2952 0 0 0
5619 2987 2950 2951 0 0 0
5620 2951 2953 2987 0 0 0
5621 2952 2988 2985 0 0 0
5622 2988 2952 2987 0 0 0
5623 2953 2989 2987 0 0 0
5624 2953 2958 2989 0 0 0
5625 2955 2957 2990 0 0 0
5626 2955 2990 2954 0 0 0
5627 2954 2990 2959 0 0 0
5628 2957 2991 2990 0 0 0
5629 2957 2956 2991 0 0 0
5630 2956 2972 2991 0 0 0
5631 2992 2958 2959 0 0 0
5632 2958 2992 2989 0 0 0
5633 2959 2993 2992 0 0 0
5634 2993 2959 2990 0 0 0
5635 2963 2994 2962 0 0 0
5636 2994 2963 2995 0 0 0
5637 2963 2966 2995 0 0 0
5638 2996 2965 2964 0 0 0
5639 2964 422 2996 0 0 0
5640 2965 2997 2966 0 0 0
5641 2997 2965 2996 0 0 0
5642 2995 2966 2997 0 0 0
5643 423 2996 422 0 0 0
5644 2968 2998 2967 0 0 0
5645 2998 2969 2967 0 0 0
5646 2999 2972 2970 0 0 0
5647 2998 3000 2969 0 0 0
5648 2971 2969 3000 0 0 0
5649 2999 2970 3001 0 0 0
5650 3000 3001 2971 0 0 0
5651 2971 3001 2970 0 0 0
5652 3002 2972 2999 0 0 0
5653 3003 2991 2972 0 0 0
5654 3002 3003 2972 0 0 0
5655 3004 2278 2277 0 0 0
5656 2983 3005 2973 0 0 0
5657 3006 2974 2973 0 0 0
5658 3006 2973 3005 0 0 0
5659 2974 3007 2975 0 0 0
5660 2974 3006 3007 0 0 0
5661 2976 2975 3008 0 0 0
5662 2975 3007 3008 0 0 0
5663 3009 2275 2274 0 0 0
5664 2978 2275 3009 0 0 0
5665 2274 2977 3009 0 0 0
5666 2976 3008 3010 0 0 0
5667 2977 2976 3010 0 0 0
5668 2977 3010 3009 0 0 0
5669 3011 2276 2978 0 0 0
5670 2276 3011 2277 0 0 0
5671 2978 3012 3011 0 0 0
5672 2978 3009 3012 0 0 0
5673 3013 3012 3009 0 0 0
5674 3014 2277 3011 0 0 0
5675 3004 2277 3014 0 0 0
5676 3004 3015 2278 0 0 0
5677 3004 3014 3016 0 0 0
5678 3016 3015 3004 0 0 0
5679 2980 3017 2979 0 0 0
5680 2981 2979 3017 0 0 0
5681 2984 3017 2980 0 0 0
5682 2981 3018 2982 0 0 0
5683 2981 3017 3018 0 0 0
5684 2983 2982 3019 0 0 0
5685 2982 3018 3019 0 0 0
5686 2983 3019 3005 0 0 0
5687 2984 2986 3020 0 0 0
5688 2984 3020 3017 0 0 0
5689 2986 3021 3020 0 0 0
5690 3021 2986 3022 0 0 0
5691 2985 3022 2986 0 0 0
5692 2988 3022 2985 0 0 0
5693 2987 2989 3023 0 0 0
5694 2988 3023 3022 0 0 0
5695 2988 2987 3023 0 0 0
5696 2989 2992 3024 0 0 0
5697 2989 3024 3023 0 0 0
5698 2990 3025 2993 0 0 0
5699 3025 2990 2991 0 0 0
5700 3026 3025 2991 0 0 0
5701 3026 2991 3003 0 0 0
5702 3027 3026 3003 0 0 0
5703 3028 2993 3025 0 0 0
5704 2992 3029 3024 0 0 0
5705 3029 2992 2993 0 0 0
5706 3030 2993 3028 0 0 0
5707 3030 3029 2993 0 0 0
5708 2995 3031 2994 0 0 0
5709 3031 2995 3032 0 0 0
5710 2995 2997 3032 0 0 0
5711 3032 2997 424 0 0 0
5712 423 424 2996 0 0 0
5713 2997 2996 424 0 0 0
5714 2999 3033 3002 0 0 0
5715 3033 2999 3001 0 0 0
5716 3002 3033 3034 0 0 0
5717 3002 3034 3003 0 0 0
5718 3027 3003 3035 0 0 0
5719 3034 3035 3003 0 0 0
5720 2316 2278 3015 0 0 0
5721 3036 2316 3015 0 0 0
5722 3036 3015 3037 0 0 0
5723 3038 3005 3019 0 0 0
5724 3039 3010 3008 0 0 0
5725 3005 3038 3040 0 0 0
5726 3006 3005 3040 0 0 0
5727 3006 3040 3007 0 0 0
5728 3041 3008 3007 0 0 0
5729 3041 3007 3040 0 0 0
5730 3042 3008 3041 0 0 0
5731 3039 3008 3042 0 0 0
5732 3039 3043 3010 0 0 0
5733 3013 3009 3043 0 0 0
5734 3043 3009 3010 0 0 0
5735 3011 3044 3014 0 0 0
5736 3011 3012 3044 0 0 0
5737 3013 3043 3045 0 0 0
5738 3046 3044 3012 0 0 0
5739 3046 3013 3045 0 0 0
5740 3013 3046 3012 0 0 0
5741 3047 3014 3044 0 0 0
5742 3014 3047 3016 0 0 0
5743 3015 3048 3037 0 0 0
5744 3016 3048 3015 0 0 0
5745 3049 3037 3048 0 0 0
5746 3050 3016 3047 0 0 0
5747 3050 3048 3016 0 0 0
5748 3020 3051 3017 0 0 0
5749 3051 3018 3017 0 0 0
5750 3018 3051 3052 0 0 0
5751 3019 3018 3052 0 0 0
5752 3038 3019 3052 0 0 0
5753 3053 3038 3052 0 0 0
5754 3020 3054 3051 0 0 0
5755 3021 3054 3020 0 0 0
5756 3055 3027 3035 0 0 0
5757 3021 3022 3056 0 0 0
5758 3021 3056 3054 0 0 0
5759 3022 3057 3056 0 0 0
5760 3023 3057 3022 0 0 0
5761 3057 3023 3024 0 0 0
5762 3024 3058 3057 0 0 0
5763 3058 3024 3029 0 0 0
5764 3025 3026 3059 0 0 0
5765 3028 3025 3059 0 0 0
5766 3026 3027 3059 0 0 0
5767 3055 3060 3027 0 0 0
5768 3060 3059 3027 0 0 0
5769 3028 3059 3061 0 0 0
5770 3030 3028 3061 0 0 0
5771 3029 3062 3058 0 0 0
5772 3030 3061 3062 0 0 0
5773 3062 3029 3030 0 0 0
5774 3031 3032 3063 0 0 0
5775 3063 3032 425 0 0 0
5776 425 3032 424 0 0 0
5777 3064 3055 3035 0 0 0
5778 3065 3055 3064 0 0 0
5779 3037 3066 3036 0 0 0
5780 3036 2344 2316 0 0 0
5781 3036 3066 2344 0 0 0
5782 3037 3067 3066 0 0 0
5783 3049 3067 3037 0 0 0
5784 3049 3068 3067 0 0 0
5785 3069 3066 3067 0 0 0
5786 3070 3040 3038 0 0 0
5787 3053 3070 3038 0 0 0
5788 3039 3071 3043 0 0 0
5789 3039 3042 3071 0 0 0
5790 3072 3040 3070 0 0 0
5791 3072 3041 3040 0 0 0
5792 3073 3042 3041 0 0 0
5793 3073 3041 3072 0 0 0
5794 3074 3071 3042 0 0 0
5795 3073 3074 3042 0 0 0
5796 3075 3043 3071 0 0 0
5797 3045 3043 3075 0 0 0
5798 3045 3075 3076 0 0 0
5799 3046 3045 3076 0 0 0
5800 3046 3076 3044 0 0 0
5801 3044 3076 3047 0 0 0
5802 3077 3047 3076 0 0 0
5803 3077 3050 3047 0 0 0
5804 3048 3078 3049 0 0 0
5805 3068 3049 3078 0 0 0
5806 3048 3050 3078 0 0 0
5807 3079 3050 3077 0 0 0
5808 3079 3078 3050 0 0 0
5809 3080 3052 3051 0 0 0
5810 3080 3051 3054 0 0 0
5811 3081 3052 3080 0 0 0
5812 3082 3053 3052 0 0 0
5813 3082 3052 3081 0 0 0
5814 3053 3082 3083 0 0 0
5815 3053 3083 3070 0 0 0
5816 3054 3084 3080 0 0 0
5817 3054 3056 3084 0 0 0
5818 3065 3085 3055 0 0 0
5819 3060 3055 3085 0 0 0
5820 3065 3086 3085 0 0 0
5821 3056 3087 3084 0 0 0
5822 3088 3057 3058 0 0 0
5823 3087 3056 3088 0 0 0
5824 3057 3088 3056 0 0 0
5825 3089 3058 3062 0 0 0
5826 3058 3089 3088 0 0 0
5827 3085 3090 3060 0 0 0
5828 3060 3090 3059 0 0 0
5829 3061 3059 3090 0 0 0
5830 3062 3091 3089 0 0 0
5831 3091 3062 3061 0 0 0
5832 3061 3090 3091 0 0 0
5833 3063 425 427 0 0 0
5834 3086 3092 3093 0 0 0
5835 3065 3064 3092 0 0 0
5836 3092 3086 3065 0 0 0
5837 3069 3094 3066 0 0 0
5838 3094 2371 3066 0 0 0
5839 2371 2344 3066 0 0 0
5840 3069 3067 3095 0 0 0
5841 3068 3096 3067 0 0 0
5842 3095 3067 3096 0 0 0
5843 3068 3097 3096 0 0 0
5844 3068 3078 3097 0 0 0
5845 3069 3098 3094 0 0 0
5846 3098 3069 3095 0 0 0
5847 3099 3098 3095 0 0 0
5848 3100 3070 3083 0 0 0
5849 3070 3100 3072 0 0 0
5850 3101 3071 3074 0 0 0
5851 3071 3101 3075 0 0 0
5852 3073 3102 3074 0 0 0
5853 3073 3072 3102 0 0 0
5854 3102 3072 3100 0 0 0
5855 3103 3074 3102 0 0 0
5856 3103 3101 3074 0 0 0
5857 3101 3104 3075 0 0 0
5858 3075 3104 3076 0 0 0
5859 3105 3097 3078 0 0 0
5860 3106 3076 3104 0 0 0
5861 3077 3076 3106 0 0 0
5862 3077 3106 3079 0 0 0
5863 3105 3078 3107 0 0 0
5864 3079 3106 3107 0 0 0
5865 3079 3107 3078 0 0 0
5866 3108 3080 3084 0 0 0
5867 3081 3080 3108 0 0 0
5868 3082 3109 3083 0 0 0
5869 3082 3081 3109 0 0 0
5870 3081 3108 3109 0 0 0
5871 3083 3109 3110 0 0 0
5872 3083 3110 3100 0 0 0
5873 3087 3111 3084 0 0 0
5874 3112 3111 3087 0 0 0
5875 3084 3111 3108 0 0 0
5876 3086 3113 3085 0 0 0
5877 3085 3113 3090 0 0 0
5878 3093 3114 3086 0 0 0
5879 3086 3114 3113 0 0 0
5880 3093 3115 3114 0 0 0
5881 3116 3111 3112 0 0 0
5882 3088 3117 3087 0 0 0
5883 3112 3087 3117 0 0 0
5884 3117 3088 3089 0 0 0
5885 3118 3112 3117 0 0 0
5886 3112 3118 3116 0 0 0
5887 3119 3117 3089 0 0 0
5888 3113 3120 3090 0 0 0
5889 3119 3089 3120 0 0 0
5890 3091 3090 3120 0 0 0
5891 3091 3120 3089 0 0 0
5892 3121 3094 3098 0 0 0
5893 3094 3121 2395 0 0 0
5894 2371 3094 2395 0 0 0
5895 3105 3122 3097 0 0 0
5896 3096 3123 3095 0 0 0
5897 3099 3095 3123 0 0 0
5898 3124 3096 3097 0 0 0
5899 3124 3123 3096 0 0 0
5900 3125 3097 3122 0 0 0
5901 3124 3097 3125 0 0 0
5902 3126 3099 3123 0 0 0
5903 3098 3099 3127 0 0 0
5904 3098 3127 3121 0 0 0
5905 3099 3126 3128 0 0 0
5906 3128 3127 3099 0 0 0
5907 3100 3129 3102 0 0 0
5908 3110 3130 3129 0 0 0
5909 3129 3100 3110 0 0 0
5910 3101 3131 3104 0 0 0
5911 3103 3131 3101 0 0 0
5912 3103 3102 3132 0 0 0
5913 3103 3132 3131 0 0 0
5914 3132 3102 3129 0 0 0
5915 3133 3104 3131 0 0 0
5916 3134 3106 3104 0 0 0
5917 3134 3104 3133 0 0 0
5918 3105 3107 3135 0 0 0
5919 3122 3105 3135 0 0 0
5920 3134 3136 3106 0 0 0
5921 3107 3106 3136 0 0 0
5922 3135 3107 3136 0 0 0
5923 3108 3137 3109 0 0 0
5924 3137 3108 3111 0 0 0
5925 3138 3109 3137 0 0 0
5926 3130 3110 3138 0 0 0
5927 3109 3138 3110 0 0 0
5928 3139 3137 3111 0 0 0
5929 3116 3139 3111 0 0 0
5930 3113 3140 3120 0 0 0
5931 3114 3140 3113 0 0 0
5932 3115 3141 3114 0 0 0
5933 3140 3114 3141 0 0 0
5934 3115 3142 3141 0 0 0
5935 3118 3143 3116 0 0 0
5936 3116 3143 3139 0 0 0
5937 3144 3117 3119 0 0 0
5938 3118 3117 3144 0 0 0
5939 3118 3144 3143 0 0 0
5940 3119 3120 3145 0 0 0
5941 3119 3145 3144 0 0 0
5942 3146 3120 3140 0 0 0
5943 3146 3145 3120 0 0 0
5944 3121 3127 3147 0 0 0
5945 3147 3148 3121 0 0 0
5946 3148 2395 3121 0 0 0
5947 3148 2414 2395 0 0 0
5948 3122 3135 3149 0 0 0
5949 3126 3123 3150 0 0 0
5950 3125 3122 3151 0 0 0
5951 3151 3122 3149 0 0 0
5952 3125 3152 3124 0 0 0
5953 3152 3125 3151 0 0 0
5954 3152 3150 3123 0 0 0
5955 3124 3152 3123 0 0 0
5956 3153 3128 3126 0 0 0
5957 3153 3126 3154 0 0 0
5958 3150 3155 3154 0 0 0
5959 3154 3126 3150 0 0 0
5960 3156 3147 3127 0 0 0
5961 3127 3128 3156 0 0 0
5962 3128 3157 3156 0 0 0
5963 3157 3128 3153 0 0 0
5964 3158 3129 3130 0 0 0
5965 3159 3130 3138 0 0 0
5966 3160 3130 3159 0 0 0
5967 3160 3158 3130 0 0 0
5968 3133 3131 3161 0 0 0
5969 3158 3161 3129 0 0 0
5970 3132 3129 3161 0 0 0
5971 3132 3161 3131 0 0 0
5972 3133 3161 3162 0 0 0
5973 3133 3162 3134 0 0 0
5974 3134 3162 3136 0 0 0
5975 3163 3136 3162 0 0 0
5976 3135 3136 3163 0 0 0
5977 3149 3135 3163 0 0 0
5978 3164 3137 3139 0 0 0
5979 3137 3164 3138 0 0 0
5980 3159 3138 3164 0 0 0
5981 3165 3159 3164 0 0 0
5982 3139 3143 3166 0 0 0
5983 3139 3166 3164 0 0 0
5984 3167 3166 3143 0 0 0
5985 3146 3140 3168 0 0 0
5986 3141 3168 3140 0 0 0
5987 3169 3170 3142 0 0 0
5988 3142 3170 3141 0 0 0
5989 3141 3170 3168 0 0 0
5990 3144 3171 3143 0 0 0
5991 3171 3144 3145 0 0 0
5992 3167 3143 3171 0 0 0
5993 3145 3172 3171 0 0 0
5994 3146 3168 3172 0 0 0
5995 3146 3172 3145 0 0 0
5996 3173 3167 3171 0 0 0
5997 3148 3174 2414 0 0 0
5998 3147 3156 3174 0 0 0
5999 3147 3174 3148 0 0 0
6000 2414 3174 2430 0 0 0
6001 3175 2430 3174 0 0 0
6002 3149 3163 3176 0 0 0
6003 3176 3177 3149 0 0 0
6004 3151 3149 3177 0 0 0
6005 3151 3178 3152 0 0 0
6006 3150 3152 3178 0 0 0
6007 3178 3151 3177 0 0 0
6008 3177 3179 3178 0 0 0
6009 3155 3150 3178 0 0 0
6010 3180 3155 3178 0 0 0
6011 3181 3174 3156 0 0 0
6012 3182 3154 3155 0 0 0
6013 3155 3180 3182 0 0 0
6014 3153 3183 3157 0 0 0
6015 3183 3153 3154 0 0 0
6016 3184 3154 3182 0 0 0
6017 3184 3183 3154 0 0 0
6018 3157 3185 3156 0 0 0
6019 3157 3183 3185 0 0 0
6020 3156 3185 3181 0 0 0
6021 3160 3186 3158 0 0 0
6022 3158 3186 3161 0 0 0
6023 3187 3160 3159 0 0 0
6024 3159 3165 3187 0 0 0
6025 3160 3187 3186 0 0 0
6026 3188 3187 3165 0 0 0
6027 3162 3161 3189 0 0 0
6028 3186 3189 3161 0 0 0
6029 3176 3163 3190 0 0 0
6030 3163 3162 3190 0 0 0
6031 3190 3162 3189 0 0 0
6032 3165 3164 3191 0 0 0
6033 3166 3191 3164 0 0 0
6034 3165 3191 3188 0 0 0
6035 3166 3192 3191 0 0 0
6036 3167 3192 3166 0 0 0
6037 3167 3173 3192 0 0 0
6038 3193 3169 3194 0 0 0
6039 3193 3170 3169 0 0 0
6040 3170 3195 3168 0 0 0
6041 3193 3195 3170 0 0 0
6042 3168 3195 3172 0 0 0
6043 3196 3171 3172 0 0 0
6044 3173 3171 3196 0 0 0
6045 3196 3172 3195 0 0 0
6046 3173 3197 3192 0 0 0
6047 3173 3196 3197 0 0 0
6048 3175 3174 3198 0 0 0
6049 3174 3181 3198 0 0 0
6050 3199 3198 3181 0 0 0
6051 3175 2444 2430 0 0 0
6052 3175 3198 3200 0 0 0
6053 3200 2444 3175 0 0 0
6054 3190 3201 3176 0 0 0
6055 3177 3176 3201 0 0 0
6056 3179 3177 3202 0 0 0
6057 3202 3177 3201 0 0 0
6058 3202 3203 3179 0 0 0
6059 3179 3204 3178 0 0 0
6060 3204 3179 3203 0 0 0
6061 3205 3180 3178 0 0 0
6062 3205 3178 3204 0 0 0
6063 3180 3205 3206 0 0 0
6064 3180 3206 3182 0 0 0
6065 3203 3207 3204 0 0 0
6066 3181 3208 3199 0 0 0
6067 3208 3181 3185 0 0 0
6068 3184 3182 3209 0 0 0
6069 3206 3209 3182 0 0 0
6070 3184 3210 3183 0 0 0
6071 3183 3210 3185 0 0 0
6072 3184 3209 3210 0 0 0
6073 3211 3185 3210 0 0 0
6074 3185 3211 3208 0 0 0
6075 3187 3188 3212 0 0 0
6076 3187 3212 3186 0 0 0
6077 3186 3212 3189 0 0 0
6078 3188 3191 3213 0 0 0
6079 3188 3213 3212 0 0 0
6080 3214 3190 3189 0 0 0
6081 3214 3189 3212 0 0 0
6082 3201 3190 3215 0 0 0
6083 3215 3190 3214 0 0 0
6084 3191 3192 3216 0 0 0
6085 3216 3213 3191 0 0 0
6086 3197 3217 3192 0 0 0
6087 3217 3216 3192 0 0 0
6088 3213 3216 3218 0 0 0
6089 3194 3219 3220 0 0 0
6090 3193 3194 3220 0 0 0
6091 3193 3220 3195 0 0 0
6092 3195 3221 3196 0 0 0
6093 3197 3196 3221 0 0 0
6094 3221 3195 3220 0 0 0
6095 3222 3220 3219 0 0 0
6096 3197 3221 3223 0 0 0
6097 3223 3217 3197 0 0 0
6098 3224 3200 3198 0 0 0
6099 3225 3198 3199 0 0 0
6100 3225 3224 3198 0 0 0
6101 3226 3199 3208 0 0 0
6102 3227 3225 3199 0 0 0
6103 3227 3199 3226 0 0 0
6104 2444 3200 2459 0 0 0
6105 3224 3228 3200 0 0 0
6106 3228 2459 3200 0 0 0
6107 3215 3229 3201 0 0 0
6108 3203 3202 3229 0 0 0
6109 3202 3201 3229 0 0 0
6110 3230 3203 3229 0 0 0
6111 3207 3203 3230 0 0 0
6112 3206 3231 3209 0 0 0
6113 3206 3205 3231 0 0 0
6114 3204 3231 3205 0 0 0
6115 3204 3207 3231 0 0 0
6116 3207 3230 3232 0 0 0
6117 3207 3232 3231 0 0 0
6118 3233 3208 3211 0 0 0
6119 3208 3233 3226 0 0 0
6120 3210 3234 3211 0 0 0
6121 3209 3231 3234 0 0 0
6122 3209 3234 3210 0 0 0
6123 3235 3233 3211 0 0 0
6124 3235 3211 3234 0 0 0
6125 3214 3212 3236 0 0 0
6126 3218 3236 3213 0 0 0
6127 3212 3213 3236 0 0 0
6128 3215 3214 3237 0 0 0
6129 3229 3215 3237 0 0 0
6130 3237 3214 3236 0 0 0
6131 3238 3236 3218 0 0 0
6132 3216 3217 3239 0 0 0
6133 3239 3218 3216 0 0 0
6134 3240 3239 3217 0 0 0
6135 3217 3223 3240 0 0 0
6136 3218 3239 3241 0 0 0
6137 3238 3218 3241 0 0 0
6138 3242 3226 3233 0 0 0
6139 3222 3219 3243 0 0 0
6140 3223 3221 3244 0 0 0
6141 3220 3244 3221 0 0 0
6142 3222 3244 3220 0 0 0
6143 3245 3222 3243 0 0 0
6144 3222 3245 3244 0 0 0
6145 3246 3223 3244 0 0 0
6146 3246 3240 3223 0 0 0
6147 3224 3247 3228 0 0 0
6148 3224 3225 3247 0 0 0
6149 3248 3247 3225 0 0 0
6150 3248 3225 3227 0 0 0
6151 3227 3249 3248 0 0 0
6152 3227 3226 3249 0 0 0
6153 3226 3242 3249 0 0 0
6154 2459 3228 2471 0 0 0
6155 3250 3228 3247 0 0 0
6156 3250 2471 3228 0 0 0
6157 3251 2471 3250 0 0 0
6158 3229 3237 3252 0 0 0
6159 3230 3229 3252 0 0 0
6160 3230 3252 3232 0 0 0
6161 3232 3252 3253 0 0 0
6162 3231 3254 3234 0 0 0
6163 3232 3254 3231 0 0 0
6164 3253 3254 3232 0 0 0
6165 3233 3255 3242 0 0 0
6166 3255 3233 3235 0 0 0
6167 3235 3256 3255 0 0 0
6168 3235 3234 3256 0 0 0
6169 3256 3234 3254 0 0 0
6170 3257 3254 3253 0 0 0
6171 3237 3258 3252 0 0 0
6172 3237 3236 3258 0 0 0
6173 3238 3258 3236 0 0 0
6174 3238 3241 3259 0 0 0
6175 3259 3258 3238 0 0 0
6176 3260 3252 3258 0 0 0
6177 3240 3246 3261 0 0 0
6178 3239 3240 3262 0 0 0
6179 3261 3262 3240 0 0 0
6180 3262 3241 3239 0 0 0
6181 3241 3262 3263 0 0 0
6182 3259 3241 3263 0 0 0
6183 3264 3249 3242 0 0 0
6184 3265 3242 3255 0 0 0
6185 3265 3264 3242 0 0 0
6186 3243 3266 3245 0 0 0
6187 3267 3246 3244 0 0 0
6188 3245 3267 3244 0 0 0
6189 3245 3266 3267 0 0 0
6190 3267 3268 3246 0 0 0
6191 3268 3261 3246 0 0 0
6192 3269 3250 3247 0 0 0
6193 3248 3249 3270 0 0 0
6194 3248 3270 3247 0 0 0
6195 3269 3247 3270 0 0 0
6196 3264 3271 3249 0 0 0
6197 3271 3270 3249 0 0 0
6198 3251 2483 2471 0 0 0
6199 2483 3251 3272 0 0 0
6200 3273 3272 3251 0 0 0
6201 3251 3250 3273 0 0 0
6202 3273 3250 3269 0 0 0
6203 3260 3274 3252 0 0 0
6204 3253 3252 3274 0 0 0
6205 3253 3274 3257 0 0 0
6206 3275 3256 3254 0 0 0
6207 3257 3275 3254 0 0 0
6208 3255 3256 3276 0 0 0
6209 3256 3275 3276 0 0 0
6210 3265 3255 3276 0 0 0
6211 3257 3274 3277 0 0 0
6212 3257 3277 3275 0 0 0
6213 3260 3258 3278 0 0 0
6214 3259 3263 3278 0 0 0
6215 3259 3278 3258 0 0 0
6216 3260 3278 3279 0 0 0
6217 3260 3279 3274 0 0 0
6218 3280 3261 3268 0 0 0
6219 3262 3261 3281 0 0 0
6220 3281 3261 3280 0 0 0
6221 3281 3263 3262 0 0 0
6222 3263 3282 3278 0 0 0
6223 3263 3281 3282 0 0 0
6224 3264 3265 3283 0 0 0
6225 3265 3276 3283 0 0 0
6226 3264 3283 3271 0 0 0
6227 3284 3271 3283 0 0 0
6228 3267 3285 3268 0 0 0
6229 3286 3285 3266 0 0 0
6230 3266 3285 3267 0 0 0
6231 3286 3287 3285 0 0 0
6232 3288 3268 3285 0 0 0
6233 3268 3288 3280 0 0 0
6234 3289 3273 3269 0 0 0
6235 3269 3270 3290 0 0 0
6236 3289 3269 3290 0 0 0
6237 3271 3284 3291 0 0 0
6238 3290 3270 3291 0 0 0
6239 3291 3270 3271 0 0 0
6240 3272 2495 2483 0 0 0
6241 3292 2495 3272 0 0 0
6242 3272 3273 3293 0 0 0
6243 3292 3272 3293 0 0 0
6244 3289 3293 3273 0 0 0
6245 3294 3277 3274 0 0 0
6246 3294 3274 3279 0 0 0
6247 3275 3277 3295 0 0 0
6248 3276 3275 3295 0 0 0
6249 3276 3295 3283 0 0 0
6250 3277 3296 3295 0 0 0
6251 3277 3294 3296 0 0 0
6252 3297 3280 3288 0 0 0
6253 3298 3294 3279 0 0 0
6254 3282 3299 3278 0 0 0
6255 3279 3278 3299 0 0 0
6256 3298 3279 3299 0 0 0
6257 3281 3280 3300 0 0 0
6258 3297 3300 3280 0 0 0
6259 3282 3300 3299 0 0 0
6260 3282 3281 3300 0 0 0
6261 3283 3295 3301 0 0 0
6262 3284 3283 3301 0 0 0
6263 3302 3284 3301 0 0 0
6264 3303 3291 3284 0 0 0
6265 3302 3303 3284 0 0 0
6266 3304 3288 3285 0 0 0
6267 3304 3285 3287 0 0 0
6268 3287 3305 3304 0 0 0
6269 3288 3306 3297 0 0 0
6270 3306 3288 3304 0 0 0
6271 3307 3297 3306 0 0 0
6272 3289 3290 3308 0 0 0
6273 3289 3308 3293 0 0 0
6274 3290 3309 3308 0 0 0
6275 3290 3291 3309 0 0 0
6276 3303 3309 3291 0 0 0
6277 3292 2503 2495 0 0 0
6278 3292 3293 3310 0 0 0
6279 3310 2503 3292 0 0 0
6280 3310 3293 3311 0 0 0
6281 3293 3308 3311 0 0 0
6282 3302 3312 3303 0 0 0
6283 3313 3296 3294 0 0 0
6284 3298 3313 3294 0 0 0
6285 3314 3301 3295 0 0 0
6286 3314 3295 3296 0 0 0
6287 3315 3314 3296 0 0 0
6288 3315 3296 3313 0 0 0
6289 3297 3316 3300 0 0 0
6290 3307 3316 3297 0 0 0
6291 3307 3317 3316 0 0 0
6292 3298 3318 3313 0 0 0
6293 3298 3299 3318 0 0 0
6294 3299 3300 3319 0 0 0
6295 3299 3319 3318 0 0 0
6296 3316 3319 3300 0 0 0
6297 3302 3301 3320 0 0 0
6298 3312 3302 3320 0 0 0
6299 3314 3321 3301 0 0 0
6300 3320 3301 3321 0 0 0
6301 3312 3322 3303 0 0 0
6302 3322 3309 3303 0 0 0
6303 3304 3323 3306 0 0 0
6304 3305 3324 3323 0 0 0
6305 3305 3323 3304 0 0 0
6306 3325 3306 3323 0 0 0
6307 3307 3306 3325 0 0 0
6308 3317 3307 3325 0 0 0
6309 3326 3324 3327 0 0 0
6310 3324 3326 3323 0 0 0
6311 3317 3325 3328 0 0 0
6312 3329 3308 3309 0 0 0
6313 3329 3311 3308 0 0 0
6314 3330 3309 3322 0 0 0
6315 3330 3329 3309 0 0 0
6316 3331 3311 3329 0 0 0
6317 3310 3332 2503 0 0 0
6318 3332 2509 2503 0 0 0
6319 3333 3332 3310 0 0 0
6320 3333 3310 3311 0 0 0
6321 3334 3333 3311 0 0 0
6322 3334 3311 3331 0 0 0
6323 2509 3332 3335 0 0 0
6324 3336 3335 3332 0 0 0
6325 3337 3334 3331 0 0 0
6326 3335 2515 2509 0 0 0
6327 3338 3312 3320 0 0 0
6328 3338 3320 3339 0 0 0
6329 3322 3312 3340 0 0 0
6330 3338 3340 3312 0 0 0
6331 3313 3341 3315 0 0 0
6332 3341 3313 3318 0 0 0
6333 3315 3341 3342 0 0 0
6334 3315 3342 3314 0 0 0
6335 3314 3342 3321 0 0 0
6336 3317 3343 3316 0 0 0
6337 3317 3328 3343 0 0 0
6338 3344 3316 3343 0 0 0
6339 3344 3319 3316 0 0 0
6340 3345 3318 3319 0 0 0
6341 3318 3345 3341 0 0 0
6342 3346 3345 3319 0 0 0
6343 3346 3319 3344 0 0 0
6344 3339 3320 3347 0 0 0
6345 3320 3321 3347 0 0 0
6346 3342 3348 3321 0 0 0
6347 3347 3321 3348 0 0 0
6348 3330 3322 3349 0 0 0
6349 3322 3340 3349 0 0 0
6350 3325 3323 3350 0 0 0
6351 3328 3325 3350 0 0 0
6352 3326 3350 3323 0 0 0
6353 3351 3327 3352 0 0 0
6354 3327 3351 3326 0 0 0
6355 3326 3351 3350 0 0 0
6356 3353 3328 3350 0 0 0
6357 3354 3352 3355 0 0 0
6358 3351 3352 3354 0 0 0
6359 3328 3356 3343 0 0 0
6360 3356 3328 3357 0 0 0
6361 3353 3357 3328 0 0 0
6362 3349 3358 3330 0 0 0
6363 3331 3329 3358 0 0 0
6364 3330 3358 3329 0 0 0
6365 3359 3331 3358 0 0 0
6366 3359 3337 3331 0 0 0
6367 3333 3334 3360 0 0 0
6368 3336 3332 3360 0 0 0
6369 3333 3360 3332 0 0 0
6370 3337 3360 3334 0 0 0
6371 3335 3336 3361 0 0 0
6372 3335 3361 2515 0 0 0
6373 3336 3360 3362 0 0 0
6374 3362 3361 3336 0 0 0
6375 3337 3359 3363 0 0 0
6376 3337 3363 3360 0 0 0
6377 2519 2515 3364 0 0 0
6378 3361 3364 2515 0 0 0
6379 3339 3365 3338 0 0 0
6380 3338 3365 3340 0 0 0
6381 3339 3347 3366 0 0 0
6382 3365 3339 3366 0 0 0
6383 3365 3367 3340 0 0 0
6384 3367 3368 3340 0 0 0
6385 3368 3349 3340 0 0 0
6386 3366 3347 3369 0 0 0
6387 3370 3341 3345 0 0 0
6388 3348 3342 3370 0 0 0
6389 3341 3370 3342 0 0 0
6390 3371 3348 3370 0 0 0
6391 3356 3372 3343 0 0 0
6392 3344 3343 3372 0 0 0
6393 3344 3372 3346 0 0 0
6394 3345 3373 3370 0 0 0
6395 3346 3373 3345 0 0 0
6396 3346 3372 3373 0 0 0
6397 3371 3374 3375 0 0 0
6398 3369 3347 3375 0 0 0
6399 3371 3375 3348 0 0 0
6400 3348 3375 3347 0 0 0
6401 3358 3349 3376 0 0 0
6402 3368 3376 3349 0 0 0
6403 3353 3350 3377 0 0 0
6404 3354 3377 3351 0 0 0
6405 3351 3377 3350 0 0 0
6406 3378 3353 3377 0 0 0
6407 3378 3357 3353 0 0 0
6408 3355 3379 3380 0 0 0
6409 3354 3355 3380 0 0 0
6410 3354 3380 3377 0 0 0
6411 3356 3381 3372 0 0 0
6412 3356 3357 3381 0 0 0
6413 3357 3378 3382 0 0 0
6414 3382 3381 3357 0 0 0
6415 3358 3376 3383 0 0 0
6416 3359 3358 3383 0 0 0
6417 3359 3383 3363 0 0 0
6418 3384 3360 3363 0 0 0
6419 3384 3362 3360 0 0 0
6420 3362 3385 3361 0 0 0
6421 3362 3384 3385 0 0 0
6422 3361 3385 3364 0 0 0
6423 3386 3384 3363 0 0 0
6424 3363 3383 3386 0 0 0
6425 3387 3364 3385 0 0 0
6426 2519 3364 2521 0 0 0
6427 3388 3364 3387 0 0 0
6428 3388 2521 3364 0 0 0
6429 3367 3365 3389 0 0 0
6430 3366 3389 3365 0 0 0
6431 3366 3369 3389 0 0 0
6432 3367 3389 3390 0 0 0
6433 3367 3390 3368 0 0 0
6434 3368 3390 3376 0 0 0
6435 3371 3370 3391 0 0 0
6436 3373 3391 3370 0 0 0
6437 3374 3371 3391 0 0 0
6438 3392 3372 3381 0 0 0
6439 3372 3392 3373 0 0 0
6440 3391 3373 3392 0 0 0
6441 3376 3390 3393 0 0 0
6442 3393 3383 3376 0 0 0
6443 3377 3380 3394 0 0 0
6444 3378 3394 3382 0 0 0
6445 3378 3377 3394 0 0 0
6446 3383 3393 3395 0 0 0
6447 3395 3386 3383 0 0 0
6448 3385 3396 3387 0 0 0
6449 3384 3386 3396 0 0 0
6450 3386 3395 3396 0 0 0
6451 3396 3385 3384 0 0 0
6452 3387 3396 3397 0 0 0
6453 3387 3397 3388 0 0 0
6454 2522 2521 3398 0 0 0
6455 3388 3398 2521 0 0 0
6456 3388 3397 3398 0 0 0
6457 3399 3400 3401 0 0 0
6458 3402 3401 3400 0 0 0
6459 3402 3403 3401 0 0 0
6460 3404 3399 3405 0 0 0
6461 3401 3405 3399 0 0 0
6462 3404 3406 3407 0 0 0
6463 3405 3406 3404 0 0 0
6464 3408 3409 3410 0 0 0
6465 3411 3410 3409 0 0 0
6466 3412 3408 3413 0 0 0
6467 3409 3408 3412 0 0 0
6468 3414 3415 3413 0 0 0
6469 3412 3413 3415 0 0 0
6470 3416 3414 3417 0 0 0
6471 3416 3415 3414 0 0 0
6472 3403 3418 3419 0 0 0
6473 3403 3419 3401 0 0 0
6474 3401 3419 3405 0 0 0
6475 3411 3409 3420 0 0 0
6476 3421 3420 3409 0 0 0
6477 3405 3422 3406 0 0 0
6478 3422 3405 3419 0 0 0
6479 3406 3423 3407 0 0 0
6480 3417 3407 3423 0 0 0
6481 3416 3417 3423 0 0 0
6482 3406 3424 3423 0 0 0
6483 3424 3406 3422 0 0 0
6484 3412 3415 3425 0 0 0
6485 3412 3425 3409 0 0 0
6486 3425 3421 3409 0 0 0
6487 3416 3423 3426 0 0 0
6488 3416 3426 3415 0 0 0
6489 3415 3426 3425 0 0 0
6490 3427 3418 3428 0 0 0
6491 3427 3419 3418 0 0 0
6492 3427 3429 3419 0 0 0
6493 3419 3429 3422 0 0 0
6494 3420 3421 3430 0 0 0
6495 3421 3431 3430 0 0 0
6496 3421 3425 3431 0 0 0
6497 3432 3422 3429 0 0 0
6498 3432 3424 3422 0 0 0
6499 3433 3423 3424 0 0 0
6500 3433 3426 3423 0 0 0
6501 3434 3433 3424 0 0 0
6502 3434 3424 3432 0 0 0
6503 3435 3431 3425 0 0 0
6504 3435 3425 3426 0 0 0
6505 3436 3426 3433 0 0 0
6506 3436 3435 3426 0 0 0
6507 3427 3428 3437 0 0 0
6508 3427 3437 3429 0 0 0
6509 3428 3438 3437 0 0 0
6510 3429 3437 3439 0 0 0
6511 3429 3439 3432 0 0 0
6512 3440 3430 3431 0 0 0
6513 3441 3430 3440 0 0 0
6514 3431 3442 3440 0 0 0
6515 3442 3431 3435 0 0 0
6516 3432 3439 3443 0 0 0
6517 3434 3432 3443 0 0 0
6518 3434 3444 3433 0 0 0
6519 3434 3443 3444 0 0 0
6520 3436 3433 3444 0 0 0
6521 3435 3445 3442 0 0 0
6522 3436 3444 3445 0 0 0
6523 3436 3445 3435 0 0 0
6524 3446 3438 3447 0 0 0
6525 3446 3437 3438 0 0 0
6526 3448 3439 3437 0 0 0
6527 3446 3448 3437 0 0 0
6528 3443 3439 3449 0 0 0
6529 3448 3449 3439 0 0 0
6530 3450 3451 3441 0 0 0
6531 3440 3450 3441 0 0 0
6532 3452 3440 3442 0 0 0
6533 3450 3440 3452 0 0 0
6534 3453 3442 3445 0 0 0
6535 3452 3442 3453 0 0 0
6536 3454 3444 3443 0 0 0
6537 3443 3449 3454 0 0 0
6538 3454 3455 3444 0 0 0
6539 3445 3444 3455 0 0 0
6540 3455 3453 3445 0 0 0
6541 3456 3454 3449 0 0 0
6542 3446 3457 3448 0 0 0
6543 3458 3457 3447 0 0 0
6544 3447 3457 3446 0 0 0
6545 3459 3448 3457 0 0 0
6546 3448 3459 3449 0 0 0
6547 3460 3456 3449 0 0 0
6548 3460 3449 3459 0 0 0
6549 3461 3462 3451 0 0 0
6550 3451 3450 3461 0 0 0
6551 3463 3450 3452 0 0 0
6552 3463 3461 3450 0 0 0
6553 3452 3453 3464 0 0 0
6554 3463 3452 3464 0 0 0
6555 3455 3465 3453 0 0 0
6556 3465 3464 3453 0 0 0
6557 3456 3466 3454 0 0 0
6558 3454 3466 3455 0 0 0
6559 3465 3455 3466 0 0 0
6560 3456 3467 3466 0 0 0
6561 3456 3460 3467 0 0 0
6562 3468 3469 3462 0 0 0
6563 3468 3462 3461 0 0 0
6564 3458 3470 3457 0 0 0
6565 3470 3458 3471 0 0 0
6566 3470 3472 3457 0 0 0
6567 3459 3457 3472 0 0 0
6568 3472 3473 3459 0 0 0
6569 3460 3459 3473 0 0 0
6570 3460 3473 3467 0 0 0
6571 3468 3461 3474 0 0 0
6572 3463 3474 3461 0 0 0
6573 3463 3464 3474 0 0 0
6574 3475 3474 3464 0 0 0
6575 3464 3465 3475 0 0 0
6576 3465 3466 3476 0 0 0
6577 3476 3475 3465 0 0 0
6578 3467 3473 3477 0 0 0
6579 3478 3466 3467 0 0 0
6580 3477 3478 3467 0 0 0
6581 3478 3476 3466 0 0 0
6582 3469 3479 3480 0 0 0
6583 3479 3469 3468 0 0 0
6584 3468 3474 3479 0 0 0
6585 3470 3481 3472 0 0 0
6586 3482 3481 3471 0 0 0
6587 3471 3481 3470 0 0 0
6588 3483 3472 3481 0 0 0
6589 3472 3483 3473 0 0 0
6590 3484 3473 3483 0 0 0
6591 3477 3473 3484 0 0 0
6592 3485 3479 3474 0 0 0
6593 3474 3475 3485 0 0 0
6594 3486 3485 3475 0 0 0
6595 3476 3486 3475 0 0 0
6596 3478 3477 3487 0 0 0
6597 3477 3484 3487 0 0 0
6598 3486 3476 3487 0 0 0
6599 3478 3487 3476 0 0 0
6600 3488 3487 3484 0 0 0
6601 3489 3480 3479 0 0 0
6602 3480 3489 3490 0 0 0
6603 3491 3479 3485 0 0 0
6604 3489 3479 3491 0 0 0
6605 3482 3492 3481 0 0 0
6606 3493 3483 3481 0 0 0
6607 3493 3481 3492 0 0 0
6608 3494 3493 3492 0 0 0
6609 3484 3483 3495 0 0 0
6610 3493 3495 3483 0 0 0
6611 3488 3484 3495 0 0 0
6612 3485 3486 3496 0 0 0
6613 3496 3491 3485 0 0 0
6614 3486 3487 3497 0 0 0
6615 3497 3496 3486 0 0 0
6616 3488 3498 3487 0 0 0
6617 3498 3497 3487 0 0 0
6618 3498 3488 3499 0 0 0
6619 3488 3495 3499 0 0 0
6620 3489 3491 3500 0 0 0
6621 3489 3500 3490 0 0 0
6622 3501 3490 3502 0 0 0
6623 3502 3490 3500 0 0 0
6624 3491 3496 3503 0 0 0
6625 3500 3491 3503 0 0 0
6626 3504 3494 3492 0 0 0
6627 3494 3504 3505 0 0 0
6628 3494 3505 3506 0 0 0
6629 3506 3495 3493 0 0 0
6630 3494 3506 3493 0 0 0
6631 3499 3495 3507 0 0 0
6632 3506 3507 3495 0 0 0
6633 3496 3497 3508 0 0 0
6634 3508 3503 3496 0 0 0
6635 3498 3499 3509 0 0 0
6636 3498 3509 3497 0 0 0
6637 3508 3497 3509 0 0 0
6638 3510 3509 3499 0 0 0
6639 3510 3499 3507 0 0 0
6640 3502 3511 3501 0 0 0
6641 3511 3512 3501 0 0 0
6642 3511 3502 3513 0 0 0
6643 3500 3503 3513 0 0 0
6644 3502 3500 3513 0 0 0
6645 3514 3513 3503 0 0 0
6646 3503 3508 3514 0 0 0
6647 3505 3504 3515 0 0 0
6648 3516 3505 3515 0 0 0
6649 3516 3517 3505 0 0 0
6650 3505 3517 3506 0 0 0
6651 3506 3517 3507 0 0 0
6652 3516 3518 3517 0 0 0
6653 3519 3507 3517 0 0 0
6654 3510 3507 3519 0 0 0
6655 3508 3509 3520 0 0 0
6656 3520 3514 3508 0 0 0
6657 3521 3509 3510 0 0 0
6658 3521 3520 3509 0 0 0
6659 3521 3510 3522 0 0 0
6660 3522 3510 3519 0 0 0
6661 3511 3523 3512 0 0 0
6662 3511 3513 3523 0 0 0
6663 3512 3523 3524 0 0 0
6664 3514 3520 3525 0 0 0
6665 3513 3526 3523 0 0 0
6666 3525 3526 3514 0 0 0
6667 3526 3513 3514 0 0 0
6668 3516 3515 3527 0 0 0
6669 3516 3527 3518 0 0 0
6670 3527 3528 3518 0 0 0
6671 3529 3517 3518 0 0 0
6672 3519 3517 3529 0 0 0
6673 3530 3518 3528 0 0 0
6674 3531 3529 3518 0 0 0
6675 3531 3518 3530 0 0 0
6676 3532 3519 3529 0 0 0
6677 3522 3519 3532 0 0 0
6678 3522 3533 3521 0 0 0
6679 3522 3532 3533 0 0 0
6680 3525 3520 3533 0 0 0
6681 3521 3533 3520 0 0 0
6682 3534 3525 3533 0 0 0
6683 3535 3536 3524 0 0 0
6684 3524 3523 3535 0 0 0
6685 3537 3523 3526 0 0 0
6686 3537 3535 3523 0 0 0
6687 3526 3525 3538 0 0 0
6688 3537 3526 3538 0 0 0
6689 3534 3538 3525 0 0 0
6690 3530 3528 3539 0 0 0
6691 3540 3532 3529 0 0 0
6692 3531 3541 3529 0 0 0
6693 3541 3540 3529 0 0 0
6694 3530 3539 3542 0 0 0
6695 3531 3542 3541 0 0 0
6696 3530 3542 3531 0 0 0
6697 3543 3544 3536 0 0 0
6698 3536 3535 3543 0 0 0
6699 3532 3545 3533 0 0 0
6700 3545 3532 3540 0 0 0
6701 3534 3533 3546 0 0 0
6702 3546 3533 3545 0 0 0
6703 3547 3545 3540 0 0 0
6704 3546 3548 3534 0 0 0
6705 3534 3548 3538 0 0 0
6706 3537 3549 3535 0 0 0
6707 3543 3535 3549 0 0 0
6708 3550 3537 3538 0 0 0
6709 3550 3549 3537 0 0 0
6710 3548 3551 3538 0 0 0
6711 3550 3538 3551 0 0 0
6712 3539 3552 3542 0 0 0
6713 3541 3542 3553 0 0 0
6714 3541 3553 3540 0 0 0
6715 3547 3540 3553 0 0 0
6716 3554 3542 3552 0 0 0
6717 3554 3553 3542 0 0 0
6718 3544 3555 3556 0 0 0
6719 3555 3544 3543 0 0 0
6720 3557 3555 3543 0 0 0
6721 3557 3543 3549 0 0 0
6722 3558 3556 3555 0 0 0
6723 3546 3559 3548 0 0 0
6724 3546 3545 3559 0 0 0
6725 3547 3559 3545 0 0 0
6726 3547 3560 3559 0 0 0
6727 3547 3553 3560 0 0 0
6728 3548 3559 3561 0 0 0
6729 3551 3548 3561 0 0 0
6730 3557 3549 3562 0 0 0
6731 3550 3551 3562 0 0 0
6732 3549 3550 3562 0 0 0
6733 3563 3562 3551 0 0 0
6734 3561 3563 3551 0 0 0
6735 3552 3564 3554 0 0 0
6736 3565 3554 3564 0 0 0
6737 3554 3566 3553 0 0 0
6738 3565 3566 3554 0 0 0
6739 3560 3553 3566 0 0 0
6740 3558 3555 3567 0 0 0
6741 3557 3562 3567 0 0 0
6742 3555 3557 3567 0 0 0
6743 3568 3560 3566 0 0 0
6744 3561 3559 3569 0 0 0
6745 3560 3569 3559 0 0 0
6746 3568 3569 3560 0 0 0
6747 3570 3561 3569 0 0 0
6748 3570 3563 3561 0 0 0
6749 3571 3567 3562 0 0 0
6750 3563 3571 3562 0 0 0
6751 3572 3571 3563 0 0 0
6752 3570 3572 3563 0 0 0
6753 3573 3574 3564 0 0 0
6754 3565 3564 3574 0 0 0
6755 3565 3575 3566 0 0 0
6756 3574 3575 3565 0 0 0
6757 3575 3576 3566 0 0 0
6758 3568 3566 3576 0 0 0
6759 3568 3576 3577 0 0 0
6760 3568 3577 3569 0 0 0
6761 3577 3578 3569 0 0 0
6762 3570 3578 3572 0 0 0
6763 3570 3569 3578 0 0 0
6764 3579 3402 3400 0 0 0
6765 3579 3400 3580 0 0 0
6766 3579 3580 3581 0 0 0
6767 3581 3582 3579 0 0 0
6768 3402 3579 3582 0 0 0
6769 3582 3403 3402 0 0 0
6770 3582 3581 3583 0 0 0
6771 3403 3582 3584 0 0 0
6772 3583 3584 3582 0 0 0
6773 3584 3418 3403 0 0 0
6774 3584 3583 3585 0 0 0
6775 3418 3584 3586 0 0 0
6776 3586 3584 3585 0 0 0
6777 3586 3428 3418 0 0 0
6778 3428 3586 3587 0 0 0
6779 3586 3585 3587 0 0 0
6780 3588 3428 3587 0 0 0
6781 3588 3438 3428 0 0 0
6782 3588 3587 3589 0 0 0
6783 3589 3590 3588 0 0 0
6784 3438 3588 3590 0 0 0
6785 3590 3447 3438 0 0 0
6786 3590 3589 3591 0 0 0
6787 3447 3590 3592 0 0 0
6788 3591 3592 3590 0 0 0
6789 3592 3458 3447 0 0 0
6790 3458 3592 3593 0 0 0
6791 3592 3591 3594 0 0 0
6792 3593 3592 3594 0 0 0
6793 3593 3594 3595 0 0 0
6794 3593 3471 3458 0 0 0
6795 3595 3471 3593 0 0 0
6796 3471 3595 3482 0 0 0
6797 3595 3594 3596 0 0 0
6798 3595 3596 3482 0 0 0
6799 3597 3482 3596 0 0 0
6800 3597 3492 3482 0 0 0
6801 3598 3492 3597 0 0 0
6802 3598 3599 3492 0 0 0
6803 3597 3596 3600 0 0 0
6804 3597 3600 3598 0 0 0
6805 3599 3504 3492 0 0 0
6806 3601 3602 3504 0 0 0
6807 3601 3504 3599 0 0 0
6808 3599 3598 3603 0 0 0
6809 3599 3603 3601 0 0 0
6810 3598 3600 3603 0 0 0
6811 3602 3515 3504 0 0 0
6812 3604 3515 3602 0 0 0
6813 3601 3603 3605 0 0 0
6814 3602 3601 3605 0 0 0
6815 3602 3605 3604 0 0 0
6816 3604 3527 3515 0 0 0
6817 3604 3605 3606 0 0 0
6818 3606 3527 3604 0 0 0
6819 3528 3527 3607 0 0 0
6820 3608 3528 3607 0 0 0
6821 3606 3607 3527 0 0 0
6822 3608 3539 3528 0 0 0
6823 3539 3608 3609 0 0 0
6824 3608 3607 3610 0 0 0
6825 3610 3609 3608 0 0 0
6826 3609 3610 3611 0 0 0
6827 3609 3552 3539 0 0 0
6828 3552 3609 3612 0 0 0
6829 3611 3612 3609 0 0 0
6830 3612 3611 3613 0 0 0
6831 3613 3614 3612 0 0 0
6832 3612 3564 3552 0 0 0
6833 3614 3564 3612 0 0 0
6834 3614 3613 3615 0 0 0
6835 3614 3573 3564 0 0 0
6836 3615 3573 3614 0 0 0
6837 3616 3617 3618 0 0 0
6838 3618 3619 3620 0 0 0
6839 3619 3618 3617 0 0 0
6840 3621 3622 3623 0 0 0
6841 3624 3625 3626 0 0 0
6842 3619 3627 3620 0 0 0
6843 3621 3623 3627 0 0 0
6844 3620 3627 3623 0 0 0
6845 3628 3629 3617 0 0 0
6846 3619 3617 3629 0 0 0
6847 3619 3629 3627 0 0 0
6848 3630 3631 3632 0 0 0
6849 3630 3633 3631 0 0 0
6850 3634 3632 3631 0 0 0
6851 3631 3633 3635 0 0 0
6852 3625 3636 3637 0 0 0
6853 3624 3636 3625 0 0 0
6854 3637 3638 3633 0 0 0
6855 3635 3633 3638 0 0 0
6856 3636 3638 3637 0 0 0
6857 3622 3639 3626 0 0 0
6858 3624 3626 3639 0 0 0
6859 3621 3639 3622 0 0 0
6860 3621 3640 3639 0 0 0
6861 3621 3627 3640 0 0 0
6862 3624 3639 3641 0 0 0
6863 3624 3641 3636 0 0 0
6864 3642 3643 3628 0 0 0
6865 3629 3628 3643 0 0 0
6866 3629 3644 3627 0 0 0
6867 3629 3643 3644 0 0 0
6868 3640 3627 3644 0 0 0
6869 3631 3645 3634 0 0 0
6870 3635 3645 3631 0 0 0
6871 3645 3646 3634 0 0 0
6872 3635 3638 3647 0 0 0
6873 3635 3647 3645 0 0 0
6874 3636 3648 3638 0 0 0
6875 3641 3648 3636 0 0 0
6876 3649 3638 3648 0 0 0
6877 3647 3638 3649 0 0 0
6878 3650 3640 3644 0 0 0
6879 3641 3639 3651 0 0 0
6880 3640 3651 3639 0 0 0
6881 3650 3651 3640 0 0 0
6882 3652 3641 3651 0 0 0
6883 3648 3641 3652 0 0 0
6884 3653 3642 3654 0 0 0
6885 3653 3643 3642 0 0 0
6886 3655 3644 3643 0 0 0
6887 3656 3655 3643 0 0 0
6888 3653 3656 3643 0 0 0
6889 3655 3657 3644 0 0 0
6890 3650 3644 3657 0 0 0
6891 3646 3645 3658 0 0 0
6892 3645 3647 3658 0 0 0
6893 3658 3659 3646 0 0 0
6894 3660 3658 3647 0 0 0
6895 3649 3660 3647 0 0 0
6896 3649 3661 3660 0 0 0
6897 3652 3661 3648 0 0 0
6898 3649 3648 3661 0 0 0
6899 3650 3657 3662 0 0 0
6900 3650 3662 3651 0 0 0
6901 3663 3661 3652 0 0 0
6902 3664 3652 3651 0 0 0
6903 3664 3663 3652 0 0 0
6904 3664 3651 3662 0 0 0
6905 3665 3666 3654 0 0 0
6906 3656 3653 3666 0 0 0
6907 3653 3654 3666 0 0 0
6908 3667 3665 3668 0 0 0
6909 3667 3666 3665 0 0 0
6910 3656 3666 3669 0 0 0
6911 3656 3669 3655 0 0 0
6912 3655 3669 3657 0 0 0
6913 3657 3669 3670 0 0 0
6914 3662 3657 3670 0 0 0
6915 3671 3659 3672 0 0 0
6916 3660 3672 3658 0 0 0
6917 3659 3658 3672 0 0 0
6918 3673 3671 3672 0 0 0
6919 3660 3674 3672 0 0 0
6920 3660 3661 3674 0 0 0
6921 3674 3661 3675 0 0 0
6922 3663 3675 3661 0 0 0
6923 3663 3664 3676 0 0 0
6924 3663 3676 3675 0 0 0
6925 3670 3676 3662 0 0 0
6926 3664 3662 3676 0 0 0
6927 3677 3676 3670 0 0 0
6928 3668 3678 3679 0 0 0
6929 3667 3668 3679 0 0 0
6930 3666 3680 3669 0 0 0
6931 3667 3680 3666 0 0 0
6932 3667 3679 3680 0 0 0
6933 3670 3669 3681 0 0 0
6934 3677 3670 3681 0 0 0
6935 3681 3669 3680 0 0 0
6936 3673 3682 3671 0 0 0
6937 3683 3682 3673 0 0 0
6938 3684 3672 3674 0 0 0
6939 3673 3672 3684 0 0 0
6940 3673 3684 3683 0 0 0
6941 3675 3685 3674 0 0 0
6942 3674 3685 3684 0 0 0
6943 3675 3676 3686 0 0 0
6944 3685 3675 3686 0 0 0
6945 3687 3686 3676 0 0 0
6946 3677 3687 3676 0 0 0
6947 3687 3677 3688 0 0 0
6948 3677 3681 3688 0 0 0
6949 3678 3689 3690 0 0 0
6950 3690 3679 3678 0 0 0
6951 3690 3691 3679 0 0 0
6952 3679 3691 3680 0 0 0
6953 3681 3680 3692 0 0 0
6954 3691 3692 3680 0 0 0
6955 3688 3681 3692 0 0 0
6956 3682 3683 3693 0 0 0
6957 3683 3684 3694 0 0 0
6958 3683 3694 3693 0 0 0
6959 3685 3695 3684 0 0 0
6960 3694 3684 3695 0 0 0
6961 3686 3696 3685 0 0 0
6962 3695 3685 3696 0 0 0
6963 3687 3697 3686 0 0 0
6964 3696 3686 3697 0 0 0
6965 3687 3688 3697 0 0 0
6966 3698 3697 3688 0 0 0
6967 3688 3692 3698 0 0 0
6968 3699 3700 3689 0 0 0
6969 3689 3700 3690 0 0 0
6970 3701 3690 3700 0 0 0
6971 3701 3691 3690 0 0 0
6972 3701 3702 3691 0 0 0
6973 3698 3692 3702 0 0 0
6974 3691 3702 3692 0 0 0
6975 3703 3693 3704 0 0 0
6976 3704 3693 3694 0 0 0
6977 3704 3694 3705 0 0 0
6978 3694 3695 3705 0 0 0
6979 3705 3695 3706 0 0 0
6980 3696 3706 3695 0 0 0
6981 3696 3697 3707 0 0 0
6982 3706 3696 3707 0 0 0
6983 3708 3698 3702 0 0 0
6984 3709 3707 3697 0 0 0
6985 3709 3697 3698 0 0 0
6986 3709 3698 3708 0 0 0
6987 3710 3711 3699 0 0 0
6988 3699 3711 3700 0 0 0
6989 3711 3712 3700 0 0 0
6990 3701 3712 3702 0 0 0
6991 3700 3712 3701 0 0 0
6992 3713 3702 3712 0 0 0
6993 3708 3702 3713 0 0 0
6994 3704 3705 3714 0 0 0
6995 3715 3703 3714 0 0 0
6996 3704 3714 3703 0 0 0
6997 3714 3716 3715 0 0 0
6998 3705 3717 3714 0 0 0
6999 3706 3717 3705 0 0 0
7000 3717 3706 3718 0 0 0
7001 3707 3718 3706 0 0 0
7002 3718 3707 3719 0 0 0
7003 3709 3719 3707 0 0 0
7004 3708 3719 3709 0 0 0
7005 3708 3713 3719 0 0 0
7006 3720 3719 3713 0 0 0
7007 3721 3710 3722 0 0 0
7008 3721 3711 3710 0 0 0
7009 3711 3723 3712 0 0 0
7010 3721 3723 3711 0 0 0
7011 3712 3724 3713 0 0 0
7012 3720 3713 3724 0 0 0
7013 3723 3724 3712 0 0 0
7014 3716 3725 3715 0 0 0
7015 3717 3726 3714 0 0 0
7016 3716 3714 3726 0 0 0
7017 3716 3727 3725 0 0 0
7018 3716 3726 3727 0 0 0
7019 3718 3728 3717 0 0 0
7020 3726 3717 3728 0 0 0
7021 3718 3719 3729 0 0 0
7022 3729 3728 3718 0 0 0
7023 3730 3719 3720 0 0 0
7024 3730 3729 3719 0 0 0
7025 3720 3731 3730 0 0 0
7026 3731 3720 3724 0 0 0
7027 3721 3732 3723 0 0 0
7028 3722 3732 3721 0 0 0
7029 3722 3733 3732 0 0 0
7030 3734 3723 3732 0 0 0
7031 3723 3734 3724 0 0 0
7032 3735 3724 3734 0 0 0
7033 3735 3731 3724 0 0 0
7034 3727 3736 3725 0 0 0
7035 3737 3727 3726 0 0 0
7036 3728 3738 3726 0 0 0
7037 3737 3726 3738 0 0 0
7038 3736 3727 3739 0 0 0
7039 3737 3739 3727 0 0 0
7040 3729 3740 3728 0 0 0
7041 3738 3728 3740 0 0 0
7042 3730 3731 3741 0 0 0
7043 3730 3741 3729 0 0 0
7044 3740 3729 3741 0 0 0
7045 3742 3741 3731 0 0 0
7046 3742 3731 3735 0 0 0
7047 3743 3733 3744 0 0 0
7048 3733 3743 3732 0 0 0
7049 3743 3745 3732 0 0 0
7050 3734 3732 3745 0 0 0
7051 3745 3746 3734 0 0 0
7052 3735 3746 3742 0 0 0
7053 3735 3734 3746 0 0 0
7054 3739 3747 3736 0 0 0
7055 3737 3748 3739 0 0 0
7056 3737 3738 3748 0 0 0
7057 3748 3738 3749 0 0 0
7058 3740 3749 3738 0 0 0
7059 3739 3748 3750 0 0 0
7060 3747 3739 3750 0 0 0
7061 3740 3741 3751 0 0 0
7062 3751 3749 3740 0 0 0
7063 3742 3746 3752 0 0 0
7064 3742 3752 3741 0 0 0
7065 3752 3751 3741 0 0 0
7066 3743 3753 3745 0 0 0
7067 3743 3744 3753 0 0 0
7068 3754 3753 3744 0 0 0
7069 3745 3753 3755 0 0 0
7070 3745 3755 3746 0 0 0
7071 3756 3746 3755 0 0 0
7072 3756 3752 3746 0 0 0
7073 3757 3753 3754 0 0 0
7074 3757 3754 3758 0 0 0
7075 3747 3750 3759 0 0 0
7076 3760 3750 3748 0 0 0
7077 3748 3749 3760 0 0 0
7078 3761 3760 3749 0 0 0
7079 3749 3751 3761 0 0 0
7080 3759 3750 3762 0 0 0
7081 3763 3762 3750 0 0 0
7082 3763 3750 3760 0 0 0
7083 3752 3756 3764 0 0 0
7084 3752 3764 3751 0 0 0
7085 3761 3751 3764 0 0 0
7086 3765 3761 3764 0 0 0
7087 3766 3755 3753 0 0 0
7088 3757 3766 3753 0 0 0
7089 3755 3767 3756 0 0 0
7090 3766 3767 3755 0 0 0
7091 3768 3764 3756 0 0 0
7092 3768 3756 3767 0 0 0
7093 3769 3770 3758 0 0 0
7094 3757 3758 3770 0 0 0
7095 3757 3770 3766 0 0 0
7096 3762 3771 3759 0 0 0
7097 3772 3771 3762 0 0 0
7098 3760 3761 3773 0 0 0
7099 3763 3760 3773 0 0 0
7100 3765 3773 3761 0 0 0
7101 3772 3762 3774 0 0 0
7102 3763 3773 3774 0 0 0
7103 3763 3774 3762 0 0 0
7104 3775 3776 3769 0 0 0
7105 3769 3776 3770 0 0 0
7106 3768 3777 3764 0 0 0
7107 3765 3764 3777 0 0 0
7108 3765 3777 3778 0 0 0
7109 3765 3778 3773 0 0 0
7110 3767 3766 3779 0 0 0
7111 3770 3779 3766 0 0 0
7112 3768 3780 3777 0 0 0
7113 3768 3767 3780 0 0 0
7114 3767 3779 3780 0 0 0
7115 3776 3781 3770 0 0 0
7116 3779 3770 3781 0 0 0
7117 3772 3782 3771 0 0 0
7118 3772 3774 3783 0 0 0
7119 3772 3783 3782 0 0 0
7120 3783 3774 3784 0 0 0
7121 3774 3773 3784 0 0 0
7122 3778 3784 3773 0 0 0
7123 3775 3400 3776 0 0 0
7124 3399 3776 3400 0 0 0
7125 3776 3399 3781 0 0 0
7126 3785 3784 3778 0 0 0
7127 3780 3786 3777 0 0 0
7128 3778 3777 3786 0 0 0
7129 3785 3778 3786 0 0 0
7130 3787 3786 3780 0 0 0
7131 3781 3787 3779 0 0 0
7132 3780 3779 3787 0 0 0
7133 3404 3781 3399 0 0 0
7134 3781 3404 3787 0 0 0
7135 3410 3782 3408 0 0 0
7136 3783 3408 3782 0 0 0
7137 3408 3783 3413 0 0 0
7138 3783 3784 3413 0 0 0
7139 3413 3784 3414 0 0 0
7140 3785 3414 3784 0 0 0
7141 3414 3785 3417 0 0 0
7142 3785 3786 3417 0 0 0
7143 3404 3407 3787 0 0 0
7144 3787 3407 3786 0 0 0
7145 3417 3786 3407 0 0 0
7146 3788 3789 3616 0 0 0
7147 3789 3788 3790 0 0 0
7148 3790 3791 3789 0 0 0
7149 3789 3617 3616 0 0 0
7150 3617 3789 3791 0 0 0
7151 3791 3790 3792 0 0 0
7152 3792 3793 3791 0 0 0
7153 3791 3628 3617 0 0 0
7154 3628 3791 3793 0 0 0
7155 3793 3792 3794 0 0 0
7156 3794 3795 3793 0 0 0
7157 3793 3642 3628 0 0 0
7158 3642 3793 3795 0 0 0
7159 3795 3794 3796 0 0 0
7160 3795 3796 3654 0 0 0
7161 3795 3654 3642 0 0 0
7162 3654 3796 3665 0 0 0
7163 3797 3665 3796 0 0 0
7164 3797 3798 3665 0 0 0
7165 3798 3668 3665 0 0 0
7166 3798 3799 3668 0 0 0
7167 3799 3798 3800 0 0 0
7168 3798 3797 3800 0 0 0
7169 3799 3800 3801 0 0 0
7170 3799 3678 3668 0 0 0
7171 3801 3678 3799 0 0 0
7172 3801 3800 3802 0 0 0
7173 3802 3803 3801 0 0 0
7174 3801 3689 3678 0 0 0
7175 3803 3804 3689 0 0 0
7176 3803 3689 3801 0 0 0
7177 3804 3805 3806 0 0 0
7178 3804 3803 3805 0 0 0
7179 3803 3802 3805 0 0 0
7180 3804 3699 3689 0 0 0
7181 3806 3699 3804 0 0 0
7182 3806 3807 3699 0 0 0
7183 3806 3805 3808 0 0 0
7184 3808 3807 3806 0 0 0
7185 3807 3710 3699 0 0 0
7186 3710 3807 3809 0 0 0
7187 3807 3808 3810 0 0 0
7188 3809 3807 3810 0 0 0
7189 3809 3810 3811 0 0 0
7190 3809 3722 3710 0 0 0
7191 3722 3809 3811 0 0 0
7192 3811 3810 3812 0 0 0
7193 3812 3813 3811 0 0 0
7194 3811 3733 3722 0 0 0
7195 3733 3811 3813 0 0 0
7196 3813 3812 3814 0 0 0
7197 3814 3815 3813 0 0 0
7198 3813 3744 3733 0 0 0
7199 3744 3813 3815 0 0 0
7200 3815 3754 3744 0 0 0
7201 3754 3816 3817 0 0 0
7202 3815 3814 3816 0 0 0
7203 3815 3816 3754 0 0 0
7204 3817 3758 3754 0 0 0
7205 3758 3817 3818 0 0 0
7206 3817 3816 3819 0 0 0
7207 3817 3819 3818 0 0 0
7208 3818 3769 3758 0 0 0
7209 3769 3818 3820 0 0 0
7210 3818 3819 3821 0 0 0
7211 3821 3820 3818 0 0 0
7212 3820 3775 3769 0 0 0
7213 3820 3821 3822 0 0 0
7214 3822 3823 3820 0 0 0
7215 3775 3820 3823 0 0 0
7216 3823 3400 3775 0 0 0
7217 3823 3580 3400 0 0 0
7218 3823 3822 3580 0 0 0
7219 3824 3825 3826 0 0 0
7220 3824 3827 3825 0 0 0
7221 3828 3829 3830 0 0 0
7222 3831 3829 3828 0 0 0
7223 3832 3833 3830 0 0 0
7224 3827 3834 3835 0 0 0
7225 3824 3834 3827 0 0 0
7226 3836 3826 3837 0 0 0
7227 3824 3826 3836 0 0 0
7228 3824 3836 3834 0 0 0
7229 3838 3839 3835 0 0 0
7230 3838 3835 3834 0 0 0
7231 3840 3841 3839 0 0 0
7232 3839 3838 3840 0 0 0
7233 3842 3843 3841 0 0 0
7234 3842 3841 3840 0 0 0
7235 3844 3843 3845 0 0 0
7236 3844 3845 3846 0 0 0
7237 3846 3847 3832 0 0 0
7238 3833 3832 3847 0 0 0
7239 3846 3845 3847 0 0 0
7240 3848 3831 3849 0 0 0
7241 3828 3849 3831 0 0 0
7242 3833 3850 3830 0 0 0
7243 3828 3830 3850 0 0 0
7244 3850 3849 3828 0 0 0
7245 3833 3851 3850 0 0 0
7246 3847 3851 3833 0 0 0
7247 3852 3853 3837 0 0 0
7248 3837 3853 3836 0 0 0
7249 3854 3838 3834 0 0 0
7250 3855 3836 3853 0 0 0
7251 3855 3834 3836 0 0 0
7252 3855 3854 3834 0 0 0
7253 3842 3856 3843 0 0 0
7254 3856 3845 3843 0 0 0
7255 3840 3838 3857 0 0 0
7256 3854 3857 3838 0 0 0
7257 3842 3858 3856 0 0 0
7258 3842 3840 3858 0 0 0
7259 3840 3857 3858 0 0 0
7260 3845 3856 3859 0 0 0
7261 3847 3859 3851 0 0 0
7262 3845 3859 3847 0 0 0
7263 3848 3849 3860 0 0 0
7264 3860 3861 3848 0 0 0
7265 3851 3862 3850 0 0 0
7266 3849 3850 3862 0 0 0
7267 3860 3849 3862 0 0 0
7268 3863 3851 3859 0 0 0
7269 3851 3863 3862 0 0 0
7270 3861 3860 3864 0 0 0
7271 3864 3865 3861 0 0 0
7272 3866 3867 3852 0 0 0
7273 3853 3852 3867 0 0 0
7274 3853 3867 3868 0 0 0
7275 3855 3853 3868 0 0 0
7276 3854 3868 3857 0 0 0
7277 3854 3855 3868 0 0 0
7278 3856 3858 3869 0 0 0
7279 3856 3869 3859 0 0 0
7280 3858 3870 3869 0 0 0
7281 3858 3857 3870 0 0 0
7282 3857 3868 3870 0 0 0
7283 3871 3859 3869 0 0 0
7284 3871 3863 3859 0 0 0
7285 3872 3868 3867 0 0 0
7286 3873 3863 3871 0 0 0
7287 3864 3860 3874 0 0 0
7288 3860 3862 3874 0 0 0
7289 3874 3862 3875 0 0 0
7290 3873 3875 3863 0 0 0
7291 3863 3875 3862 0 0 0
7292 3864 3874 3876 0 0 0
7293 3865 3864 3876 0 0 0
7294 3876 3877 3865 0 0 0
7295 3872 3867 3878 0 0 0
7296 3867 3866 3878 0 0 0
7297 3879 3878 3866 0 0 0
7298 3880 3879 3881 0 0 0
7299 3880 3878 3879 0 0 0
7300 3872 3882 3868 0 0 0
7301 3882 3870 3868 0 0 0
7302 3869 3870 3883 0 0 0
7303 3883 3871 3869 0 0 0
7304 3884 3883 3870 0 0 0
7305 3884 3870 3882 0 0 0
7306 3885 3871 3883 0 0 0
7307 3885 3873 3871 0 0 0
7308 3872 3878 3886 0 0 0
7309 3872 3886 3882 0 0 0
7310 3887 3873 3885 0 0 0
7311 3887 3888 3873 0 0 0
7312 3873 3888 3875 0 0 0
7313 3876 3874 3889 0 0 0
7314 3889 3875 3888 0 0 0
7315 3874 3875 3889 0 0 0
7316 3877 3876 3890 0 0 0
7317 3876 3889 3890 0 0 0
7318 3891 3556 3558 0 0 0
7319 3891 3892 3556 0 0 0
7320 3893 3886 3878 0 0 0
7321 3880 3893 3878 0 0 0
7322 3894 3895 3881 0 0 0
7323 3880 3881 3895 0 0 0
7324 3880 3895 3893 0 0 0
7325 3882 3886 3896 0 0 0
7326 3884 3882 3896 0 0 0
7327 3884 3896 3897 0 0 0
7328 3884 3897 3883 0 0 0
7329 3885 3897 3887 0 0 0
7330 3885 3883 3897 0 0 0
7331 3886 3898 3896 0 0 0
7332 3886 3893 3898 0 0 0
7333 3887 3897 3899 0 0 0
7334 3887 3899 3888 0 0 0
7335 3900 3888 3899 0 0 0
7336 3901 3889 3888 0 0 0
7337 3900 3901 3888 0 0 0
7338 3902 3890 3889 0 0 0
7339 3901 3902 3889 0 0 0
7340 3903 3890 3902 0 0 0
7341 3892 3904 3905 0 0 0
7342 3891 3904 3892 0 0 0
7343 3558 3567 3906 0 0 0
7344 3891 3558 3906 0 0 0
7345 3891 3906 3904 0 0 0
7346 3907 3574 3573 0 0 0
7347 3907 3573 3908 0 0 0
7348 3909 3910 3894 0 0 0
7349 3895 3894 3910 0 0 0
7350 3910 3911 3895 0 0 0
7351 3911 3898 3893 0 0 0
7352 3893 3895 3911 0 0 0
7353 3912 3909 3913 0 0 0
7354 3912 3910 3909 0 0 0
7355 3914 3897 3896 0 0 0
7356 3914 3896 3898 0 0 0
7357 3915 3899 3897 0 0 0
7358 3915 3897 3914 0 0 0
7359 3916 3914 3898 0 0 0
7360 3916 3898 3917 0 0 0
7361 3917 3898 3911 0 0 0
7362 3915 3918 3899 0 0 0
7363 3900 3899 3918 0 0 0
7364 3900 3919 3901 0 0 0
7365 3900 3918 3919 0 0 0
7366 3920 3902 3901 0 0 0
7367 3920 3901 3919 0 0 0
7368 3902 3921 3903 0 0 0
7369 3920 3921 3902 0 0 0
7370 3922 3903 3921 0 0 0
7371 3904 3923 3905 0 0 0
7372 3924 3905 3923 0 0 0
7373 3925 3926 3924 0 0 0
7374 3925 3924 3923 0 0 0
7375 3927 3923 3904 0 0 0
7376 3928 3567 3571 0 0 0
7377 3567 3928 3906 0 0 0
7378 3906 3928 3929 0 0 0
7379 3906 3929 3904 0 0 0
7380 3927 3904 3929 0 0 0
7381 3572 3930 3571 0 0 0
7382 3928 3571 3930 0 0 0
7383 3931 3572 3578 0 0 0
7384 3931 3930 3572 0 0 0
7385 3932 3575 3574 0 0 0
7386 3907 3932 3574 0 0 0
7387 3933 3576 3575 0 0 0
7388 3575 3932 3933 0 0 0
7389 3907 3908 3934 0 0 0
7390 3907 3934 3932 0 0 0
7391 3934 3908 3935 0 0 0
7392 3910 3936 3911 0 0 0
7393 3911 3936 3917 0 0 0
7394 3912 3936 3910 0 0 0
7395 3937 3938 3913 0 0 0
7396 3912 3938 3936 0 0 0
7397 3912 3913 3938 0 0 0
7398 3939 3937 3940 0 0 0
7399 3939 3938 3937 0 0 0
7400 3915 3941 3918 0 0 0
7401 3915 3914 3941 0 0 0
7402 3916 3941 3914 0 0 0
7403 3916 3942 3941 0 0 0
7404 3916 3917 3942 0 0 0
7405 3917 3936 3943 0 0 0
7406 3943 3942 3917 0 0 0
7407 3918 3941 3944 0 0 0
7408 3918 3944 3919 0 0 0
7409 3920 3945 3921 0 0 0
7410 3920 3919 3945 0 0 0
7411 3919 3944 3945 0 0 0
7412 3921 3946 3922 0 0 0
7413 3921 3945 3946 0 0 0
7414 3947 3922 3946 0 0 0
7415 3948 3940 3949 0 0 0
7416 3940 3948 3939 0 0 0
7417 3949 3950 3951 0 0 0
7418 3951 3948 3949 0 0 0
7419 3951 3950 3952 0 0 0
7420 3953 3950 3954 0 0 0
7421 3953 3952 3950 0 0 0
7422 3954 3926 3955 0 0 0
7423 3953 3954 3955 0 0 0
7424 3925 3955 3926 0 0 0
7425 3925 3956 3955 0 0 0
7426 3925 3923 3956 0 0 0
7427 3927 3956 3923 0 0 0
7428 3957 3577 3576 0 0 0
7429 3576 3933 3957 0 0 0
7430 3958 3957 3933 0 0 0
7431 3927 3959 3956 0 0 0
7432 3927 3929 3959 0 0 0
7433 3930 3960 3928 0 0 0
7434 3928 3960 3929 0 0 0
7435 3959 3929 3960 0 0 0
7436 3931 3578 3961 0 0 0
7437 3578 3577 3961 0 0 0
7438 3577 3957 3961 0 0 0
7439 3931 3961 3962 0 0 0
7440 3931 3962 3930 0 0 0
7441 3930 3962 3960 0 0 0
7442 3933 3932 3963 0 0 0
7443 3958 3933 3963 0 0 0
7444 3932 3934 3963 0 0 0
7445 3935 3964 3965 0 0 0
7446 3934 3935 3965 0 0 0
7447 3965 3963 3934 0 0 0
7448 3966 3936 3938 0 0 0
7449 3966 3943 3936 0 0 0
7450 3967 3966 3938 0 0 0
7451 3939 3967 3938 0 0 0
7452 3939 3948 3967 0 0 0
7453 3968 3944 3941 0 0 0
7454 3968 3941 3942 0 0 0
7455 3969 3968 3942 0 0 0
7456 3969 3942 3943 0 0 0
7457 3943 3966 3970 0 0 0
7458 3969 3943 3970 0 0 0
7459 3971 3944 3968 0 0 0
7460 3971 3972 3944 0 0 0
7461 3972 3945 3944 0 0 0
7462 3973 3945 3972 0 0 0
7463 3973 3946 3945 0 0 0
7464 3974 3975 3947 0 0 0
7465 3974 3947 3946 0 0 0
7466 3974 3946 3973 0 0 0
7467 3951 3976 3948 0 0 0
7468 3951 3952 3976 0 0 0
7469 3948 3976 3967 0 0 0
7470 3953 3955 3977 0 0 0
7471 3952 3953 3977 0 0 0
7472 3952 3977 3976 0 0 0
7473 3977 3955 3978 0 0 0
7474 3978 3955 3956 0 0 0
7475 3979 3978 3956 0 0 0
7476 3959 3979 3956 0 0 0
7477 3958 3980 3957 0 0 0
7478 3980 3961 3957 0 0 0
7479 3958 3981 3980 0 0 0
7480 3981 3958 3963 0 0 0
7481 3959 3982 3979 0 0 0
7482 3960 3962 3982 0 0 0
7483 3960 3982 3959 0 0 0
7484 3962 3961 3983 0 0 0
7485 3962 3983 3982 0 0 0
7486 3980 3983 3961 0 0 0
7487 3964 3984 3985 0 0 0
7488 3985 3965 3964 0 0 0
7489 3965 3985 3986 0 0 0
7490 3963 3965 3986 0 0 0
7491 3981 3963 3986 0 0 0
7492 3966 3987 3970 0 0 0
7493 3966 3967 3987 0 0 0
7494 3967 3976 3987 0 0 0
7495 3971 3968 3988 0 0 0
7496 3969 3988 3968 0 0 0
7497 3969 3970 3988 0 0 0
7498 3989 3988 3970 0 0 0
7499 3989 3970 3987 0 0 0
7500 3971 3988 3990 0 0 0
7501 3971 3990 3972 0 0 0
7502 3972 3990 3991 0 0 0
7503 3991 3973 3972 0 0 0
7504 3974 3992 3975 0 0 0
7505 3973 3991 3992 0 0 0
7506 3974 3973 3992 0 0 0
7507 3975 3992 3993 0 0 0
7508 3994 3987 3976 0 0 0
7509 3976 3977 3994 0 0 0
7510 3978 3995 3977 0 0 0
7511 3995 3994 3977 0 0 0
7512 3995 3978 3996 0 0 0
7513 3979 3996 3978 0 0 0
7514 3997 3996 3979 0 0 0
7515 3997 3979 3982 0 0 0
7516 3980 3998 3983 0 0 0
7517 3981 3998 3980 0 0 0
7518 3981 3986 3998 0 0 0
7519 3983 3999 3982 0 0 0
7520 3997 3982 3999 0 0 0
7521 3983 3998 3999 0 0 0
7522 3984 4000 4001 0 0 0
7523 4001 3985 3984 0 0 0
7524 4001 4002 3985 0 0 0
7525 4002 3986 3985 0 0 0
7526 4003 3986 4002 0 0 0
7527 4003 3998 3986 0 0 0
7528 3989 3987 4004 0 0 0
7529 3994 4004 3987 0 0 0
7530 3989 4005 3988 0 0 0
7531 3989 4004 4005 0 0 0
7532 3988 4005 3990 0 0 0
7533 4006 3991 3990 0 0 0
7534 4006 3990 4005 0 0 0
7535 4007 3992 3991 0 0 0
7536 4007 3991 4006 0 0 0
7537 4008 4009 3993 0 0 0
7538 4008 3993 3992 0 0 0
7539 4007 4010 3992 0 0 0
7540 4010 4008 3992 0 0 0
7541 4011 4012 4009 0 0 0
7542 4009 4008 4011 0 0 0
7543 4012 4013 4014 0 0 0
7544 4012 4011 4013 0 0 0
7545 4014 4015 4000 0 0 0
7546 4015 4014 4013 0 0 0
7547 4016 4004 3994 0 0 0
7548 3995 4016 3994 0 0 0
7549 3996 4017 3995 0 0 0
7550 4017 4016 3995 0 0 0
7551 4017 3996 4018 0 0 0
7552 3997 4018 3996 0 0 0
7553 3997 3999 4018 0 0 0
7554 3999 4019 4018 0 0 0
7555 4019 3999 3998 0 0 0
7556 4003 4019 3998 0 0 0
7557 4001 4000 4020 0 0 0
7558 4001 4020 4002 0 0 0
7559 4015 4020 4000 0 0 0
7560 4002 4020 4021 0 0 0
7561 4003 4002 4021 0 0 0
7562 4003 4021 4019 0 0 0
7563 4022 4005 4004 0 0 0
7564 4004 4016 4022 0 0 0
7565 4023 4005 4022 0 0 0
7566 4023 4006 4005 0 0 0
7567 4010 4007 4024 0 0 0
7568 4007 4006 4024 0 0 0
7569 4023 4024 4006 0 0 0
7570 4010 4024 4025 0 0 0
7571 4010 4025 4008 0 0 0
7572 4011 4008 4025 0 0 0
7573 4011 4025 4013 0 0 0
7574 4015 4026 4020 0 0 0
7575 4013 4025 4026 0 0 0
7576 4013 4026 4015 0 0 0
7577 4022 4016 4027 0 0 0
7578 4017 4018 4027 0 0 0
7579 4017 4027 4016 0 0 0
7580 4028 4018 4019 0 0 0
7581 4019 4021 4028 0 0 0
7582 4028 4027 4018 0 0 0
7583 4026 4029 4020 0 0 0
7584 4021 4020 4029 0 0 0
7585 4029 4028 4021 0 0 0
7586 4022 4027 4030 0 0 0
7587 4023 4022 4030 0 0 0
7588 4023 4030 4024 0 0 0
7589 4031 4026 4025 0 0 0
7590 4031 4025 4024 0 0 0
7591 4026 4031 4029 0 0 0
7592 4031 4024 4030 0 0 0
7593 4032 4027 4028 0 0 0
7594 4032 4030 4027 0 0 0
7595 4032 4029 4031 0 0 0
7596 4032 4028 4029 0 0 0
7597 4032 4031 4030 0 0 0
7598 4033 4034 4035 0 0 0
7599 4033 4036 4034 0 0 0
7600 4037 4035 4034 0 0 0
7601 4038 4035 4037 0 0 0
7602 4038 4037 4039 0 0 0
7603 4037 4040 4039 0 0 0
7604 4033 4035 4041 0 0 0
7605 4038 4042 4035 0 0 0
7606 4041 4035 4043 0 0 0
7607 4042 4043 4035 0 0 0
7608 4044 4039 4040 0 0 0
7609 4044 4040 4045 0 0 0
7610 4038 4046 4042 0 0 0
7611 4038 4039 4046 0 0 0
7612 4047 4046 4039 0 0 0
7613 4039 4044 4047 0 0 0
7614 4033 4048 4036 0 0 0
7615 4033 4041 4048 0 0 0
7616 4049 4050 4051 0 0 0
7617 4049 4036 4050 0 0 0
7618 4036 4048 4050 0 0 0
7619 4036 4052 4034 0 0 0
7620 4049 4052 4036 0 0 0
7621 4034 4052 4053 0 0 0
7622 4034 4053 4037 0 0 0
7623 4040 4037 4053 0 0 0
7624 4054 4040 4053 0 0 0
7625 4040 4054 4045 0 0 0
7626 4055 4045 4056 0 0 0
7627 4054 4056 4045 0 0 0
7628 4049 4057 4052 0 0 0
7629 4049 4051 4057 0 0 0
7630 4058 4057 4051 0 0 0
7631 4055 4059 4060 0 0 0
7632 4059 4055 4056 0 0 0
7633 4061 4060 4062 0 0 0
7634 4063 4060 4059 0 0 0
7635 4063 4062 4060 0 0 0
7636 4064 4048 4041 0 0 0
7637 4043 4065 4041 0 0 0
7638 4064 4041 4065 0 0 0
7639 4066 4048 4064 0 0 0
7640 4067 4048 4066 0 0 0
7641 4066 4064 4068 0 0 0
7642 4055 4060 4069 0 0 0
7643 4069 4060 4070 0 0 0
7644 4061 4070 4060 0 0 0
7645 4071 4044 4045 0 0 0
7646 4072 4047 4044 0 0 0
7647 4071 4072 4044 0 0 0
7648 4069 4073 4055 0 0 0
7649 4055 4073 4045 0 0 0
7650 4071 4045 4073 0 0 0
7651 4070 4061 4074 0 0 0
7652 4062 4075 4076 0 0 0
7653 4076 4061 4062 0 0 0
7654 4077 4074 4061 0 0 0
7655 4077 4061 4076 0 0 0
7656 4058 4051 4078 0 0 0
7657 4079 4051 4050 0 0 0
7658 4051 4079 4078 0 0 0
7659 4067 4080 4048 0 0 0
7660 4080 4050 4048 0 0 0
7661 4081 4079 4050 0 0 0
7662 4081 4050 4080 0 0 0
7663 4082 4052 4057 0 0 0
7664 4082 4053 4052 0 0 0
7665 4083 4053 4082 0 0 0
7666 4083 4054 4053 0 0 0
7667 4083 4084 4054 0 0 0
7668 4056 4054 4084 0 0 0
7669 4085 4059 4056 0 0 0
7670 4085 4056 4084 0 0 0
7671 4086 4082 4057 0 0 0
7672 4086 4057 4087 0 0 0
7673 4058 4088 4057 0 0 0
7674 4088 4087 4057 0 0 0
7675 4088 4058 4089 0 0 0
7676 4058 4078 4089 0 0 0
7677 4063 4059 4090 0 0 0
7678 4085 4090 4059 0 0 0
7679 4063 4090 4091 0 0 0
7680 4075 4062 4091 0 0 0
7681 4063 4091 4062 0 0 0
7682 4092 4075 4091 0 0 0
7683 4092 4093 4075 0 0 0
7684 4094 4093 4095 0 0 0
7685 4065 4096 4064 0 0 0
7686 4096 4068 4064 0 0 0
7687 4067 4097 4080 0 0 0
7688 4067 4098 4097 0 0 0
7689 4066 4068 4098 0 0 0
7690 4066 4098 4067 0 0 0
7691 4099 4098 4068 0 0 0
7692 4068 4096 4100 0 0 0
7693 4099 4068 4100 0 0 0
7694 4101 4070 4074 0 0 0
7695 4101 4074 4102 0 0 0
7696 4103 4073 4069 0 0 0
7697 4103 4069 4104 0 0 0
7698 4104 4069 4070 0 0 0
7699 4105 4104 4070 0 0 0
7700 4105 4070 4101 0 0 0
7701 4072 4071 4106 0 0 0
7702 4071 4073 4106 0 0 0
7703 4107 4106 4073 0 0 0
7704 4103 4107 4073 0 0 0
7705 4102 4074 4108 0 0 0
7706 4074 4109 4108 0 0 0
7707 4109 4074 4077 0 0 0
7708 4075 4110 4076 0 0 0
7709 4075 4093 4110 0 0 0
7710 4094 4110 4093 0 0 0
7711 4111 4076 4110 0 0 0
7712 4111 4077 4076 0 0 0
7713 4077 4112 4109 0 0 0
7714 4112 4077 4111 0 0 0
7715 4094 4113 4110 0 0 0
7716 4089 4078 4114 0 0 0
7717 4078 4079 4115 0 0 0
7718 4078 4115 4114 0 0 0
7719 4114 4115 4116 0 0 0
7720 4117 4079 4081 0 0 0
7721 4117 4115 4079 0 0 0
7722 4118 4080 4097 0 0 0
7723 4118 4081 4080 0 0 0
7724 4119 4117 4081 0 0 0
7725 4119 4081 4118 0 0 0
7726 4120 4115 4117 0 0 0
7727 4086 4121 4082 0 0 0
7728 4083 4121 4084 0 0 0
7729 4083 4082 4121 0 0 0
7730 4122 4084 4121 0 0 0
7731 4085 4122 4090 0 0 0
7732 4085 4084 4122 0 0 0
7733 4123 4090 4122 0 0 0
7734 4086 4124 4121 0 0 0
7735 4086 4087 4124 0 0 0
7736 4125 4124 4087 0 0 0
7737 4088 4089 4126 0 0 0
7738 4088 4126 4087 0 0 0
7739 4125 4087 4126 0 0 0
7740 4089 4127 4126 0 0 0
7741 4089 4114 4127 0 0 0
7742 4128 4129 4113 0 0 0
7743 4094 4095 4128 0 0 0
7744 4094 4128 4113 0 0 0
7745 4130 4128 4095 0 0 0
7746 4123 4131 4090 0 0 0
7747 4090 4131 4091 0 0 0
7748 4132 4091 4131 0 0 0
7749 4092 4091 4132 0 0 0
7750 4092 4133 4093 0 0 0
7751 4092 4132 4133 0 0 0
7752 4095 4093 4133 0 0 0
7753 4095 4134 4130 0 0 0
7754 4095 4133 4134 0 0 0
7755 4135 4118 4097 0 0 0
7756 4097 4136 4135 0 0 0
7757 4097 4098 4136 0 0 0
7758 4137 4136 4098 0 0 0
7759 4099 4137 4098 0 0 0
7760 4099 4100 4138 0 0 0
7761 4099 4138 4137 0 0 0
7762 4102 4139 4101 0 0 0
7763 4105 4101 4139 0 0 0
7764 4102 4140 4139 0 0 0
7765 4102 4108 4140 0 0 0
7766 4103 4141 4107 0 0 0
7767 4141 4103 4104 0 0 0
7768 4142 4105 4139 0 0 0
7769 4104 4142 4141 0 0 0
7770 4105 4142 4104 0 0 0
7771 4140 4108 4143 0 0 0
7772 4144 4143 4108 0 0 0
7773 4109 4145 4108 0 0 0
7774 4144 4108 4145 0 0 0
7775 4146 4109 4112 0 0 0
7776 4146 4145 4109 0 0 0
7777 4111 4110 4147 0 0 0
7778 4111 4147 4112 0 0 0
7779 4113 4147 4110 0 0 0
7780 4148 4112 4147 0 0 0
7781 4148 4146 4112 0 0 0
7782 4113 4149 4147 0 0 0
7783 4149 4113 4129 0 0 0
7784 4150 4129 4151 0 0 0
7785 4150 4149 4129 0 0 0
7786 4150 4151 4152 0 0 0
7787 4151 4153 4152 0 0 0
7788 4114 4154 4127 0 0 0
7789 4116 4154 4114 0 0 0
7790 4155 4116 4115 0 0 0
7791 4120 4155 4115 0 0 0
7792 4116 4156 4154 0 0 0
7793 4157 4156 4116 0 0 0
7794 4155 4157 4116 0 0 0
7795 4119 4158 4117 0 0 0
7796 4117 4158 4120 0 0 0
7797 4135 4159 4118 0 0 0
7798 4119 4159 4158 0 0 0
7799 4119 4118 4159 0 0 0
7800 4155 4120 4160 0 0 0
7801 4161 4120 4158 0 0 0
7802 4161 4160 4120 0 0 0
7803 4162 4152 4153 0 0 0
7804 4153 4163 4162 0 0 0
7805 4122 4121 4164 0 0 0
7806 4123 4122 4164 0 0 0
7807 4124 4164 4121 0 0 0
7808 4123 4165 4131 0 0 0
7809 4123 4164 4165 0 0 0
7810 4124 4166 4164 0 0 0
7811 4125 4166 4124 0 0 0
7812 4125 4126 4167 0 0 0
7813 4125 4167 4166 0 0 0
7814 4168 4126 4127 0 0 0
7815 4126 4168 4167 0 0 0
7816 4127 4169 4168 0 0 0
7817 4169 4127 4154 0 0 0
7818 4151 4129 4170 0 0 0
7819 4130 4170 4128 0 0 0
7820 4129 4128 4170 0 0 0
7821 4171 4151 4170 0 0 0
7822 4171 4153 4151 0 0 0
7823 4163 4153 4172 0 0 0
7824 4171 4172 4153 0 0 0
7825 4173 4170 4130 0 0 0
7826 4174 4130 4134 0 0 0
7827 4174 4173 4130 0 0 0
7828 4175 4174 4134 0 0 0
7829 4176 4131 4165 0 0 0
7830 4132 4131 4176 0 0 0
7831 4177 4132 4176 0 0 0
7832 4177 4133 4132 0 0 0
7833 4178 4134 4133 0 0 0
7834 4177 4178 4133 0 0 0
7835 4179 4134 4178 0 0 0
7836 4175 4134 4179 0 0 0
7837 4144 4180 4143 0 0 0
7838 4144 4181 4180 0 0 0
7839 4144 4145 4181 0 0 0
7840 4182 4181 4145 0 0 0
7841 4183 4145 4146 0 0 0
7842 4182 4145 4183 0 0 0
7843 4148 4184 4146 0 0 0
7844 4183 4146 4184 0 0 0
7845 4185 4147 4149 0 0 0
7846 4148 4147 4185 0 0 0
7847 4148 4185 4184 0 0 0
7848 4149 4186 4185 0 0 0
7849 4150 4186 4149 0 0 0
7850 4150 4152 4186 0 0 0
7851 4187 4186 4152 0 0 0
7852 4188 4152 4162 0 0 0
7853 4187 4152 4188 0 0 0
7854 4162 4189 4188 0 0 0
7855 4190 4169 4191 0 0 0
7856 4191 4169 4154 0 0 0
7857 4192 4154 4156 0 0 0
7858 4191 4154 4192 0 0 0
7859 4160 4193 4155 0 0 0
7860 4157 4155 4193 0 0 0
7861 4156 4194 4192 0 0 0
7862 4194 4156 4195 0 0 0
7863 4157 4195 4156 0 0 0
7864 4193 4195 4157 0 0 0
7865 4196 4189 4197 0 0 0
7866 4198 4162 4163 0 0 0
7867 4189 4198 4197 0 0 0
7868 4189 4162 4198 0 0 0
7869 4165 4199 4176 0 0 0
7870 4199 4165 4200 0 0 0
7871 4165 4164 4200 0 0 0
7872 4200 4164 4166 0 0 0
7873 4201 4166 4167 0 0 0
7874 4166 4201 4200 0 0 0
7875 4202 4201 4167 0 0 0
7876 4203 4167 4168 0 0 0
7877 4203 4202 4167 0 0 0
7878 4204 4190 4191 0 0 0
7879 4205 4168 4169 0 0 0
7880 4190 4205 4169 0 0 0
7881 4168 4205 4203 0 0 0
7882 4190 4204 4206 0 0 0
7883 4206 4205 4190 0 0 0
7884 4172 4171 4207 0 0 0
7885 4171 4170 4207 0 0 0
7886 4173 4207 4170 0 0 0
7887 4208 4207 4173 0 0 0
7888 4173 4174 4208 0 0 0
7889 4174 4209 4208 0 0 0
7890 4209 4174 4175 0 0 0
7891 4175 4210 4209 0 0 0
7892 4175 4179 4210 0 0 0
7893 4176 4199 4211 0 0 0
7894 4177 4176 4211 0 0 0
7895 4177 4211 4178 0 0 0
7896 4212 4178 4211 0 0 0
7897 4179 4178 4212 0 0 0
7898 4179 4212 4210 0 0 0
7899 4213 4211 4199 0 0 0
7900 4214 4210 4212 0 0 0
7901 4180 4181 4215 0 0 0
7902 4182 4216 4181 0 0 0
7903 4216 4215 4181 0 0 0
7904 4182 4217 4216 0 0 0
7905 4182 4183 4217 0 0 0
7906 4183 4218 4217 0 0 0
7907 4218 4183 4184 0 0 0
7908 4218 4184 4219 0 0 0
7909 4220 4185 4186 0 0 0
7910 4220 4184 4185 0 0 0
7911 4219 4184 4220 0 0 0
7912 4221 4220 4186 0 0 0
7913 4187 4221 4186 0 0 0
7914 4222 4221 4187 0 0 0
7915 4187 4188 4222 0 0 0
7916 4222 4188 4223 0 0 0
7917 4196 4224 4189 0 0 0
7918 4224 4223 4188 0 0 0
7919 4224 4188 4189 0 0 0
7920 4196 4197 3616 0 0 0
7921 4196 3616 3618 0 0 0
7922 4196 3618 4224 0 0 0
7923 4225 4191 4192 0 0 0
7924 4204 4191 4225 0 0 0
7925 4225 4192 4226 0 0 0
7926 4194 4226 4192 0 0 0
7927 4194 4195 4227 0 0 0
7928 4226 4194 4227 0 0 0
7929 4213 4199 4228 0 0 0
7930 4199 4200 4228 0 0 0
7931 4201 4228 4200 0 0 0
7932 4229 4201 4202 0 0 0
7933 4229 4228 4201 0 0 0
7934 4213 4228 4230 0 0 0
7935 4229 4202 4231 0 0 0
7936 4231 4202 4232 0 0 0
7937 4203 4205 4232 0 0 0
7938 4203 4232 4202 0 0 0
7939 4233 4232 4205 0 0 0
7940 4205 4206 4233 0 0 0
7941 4230 4234 4213 0 0 0
7942 4213 4234 4211 0 0 0
7943 4212 4211 4234 0 0 0
7944 4214 4212 4234 0 0 0
7945 4235 4215 4216 0 0 0
7946 4236 4235 4216 0 0 0
7947 4236 4216 4237 0 0 0
7948 4237 4216 4217 0 0 0
7949 4237 4217 4238 0 0 0
7950 4238 4217 4218 0 0 0
7951 4239 4238 4218 0 0 0
7952 4239 4218 4219 0 0 0
7953 4240 4239 4219 0 0 0
7954 4221 4241 4220 0 0 0
7955 4219 4220 4241 0 0 0
7956 4240 4219 4241 0 0 0
7957 4222 4223 4242 0 0 0
7958 4222 4242 4221 0 0 0
7959 4221 4242 4241 0 0 0
7960 3623 4242 4223 0 0 0
7961 4224 3618 3620 0 0 0
7962 4223 3620 3623 0 0 0
7963 3620 4223 4224 0 0 0
7964 4229 4231 4243 0 0 0
7965 4243 4230 4228 0 0 0
7966 4229 4243 4228 0 0 0
7967 4236 4237 3630 0 0 0
7968 4236 3630 3632 0 0 0
7969 4236 3632 4235 0 0 0
7970 4240 3625 4239 0 0 0
7971 3630 4237 3633 0 0 0
7972 3633 4237 4238 0 0 0
7973 3625 3637 4239 0 0 0
7974 4238 3637 3633 0 0 0
7975 4238 4239 3637 0 0 0
7976 4240 3626 3625 0 0 0
7977 4240 4241 3626 0 0 0
7978 4242 3623 3622 0 0 0
7979 3622 4241 4242 0 0 0
7980 3626 4241 3622 0 0 0
7981 4244 4245 4246 0 0 0
7982 4244 4247 4245 0 0 0
7983 4248 4246 4249 0 0 0
7984 4250 4246 4245 0 0 0
7985 4250 4249 4246 0 0 0
7986 4251 4247 4252 0 0 0
7987 4247 4251 4245 0 0 0
7988 4253 4251 4252 0 0 0
7989 4252 4254 4253 0 0 0
7990 4255 4245 4251 0 0 0
7991 4256 4250 4245 0 0 0
7992 4255 4256 4245 0 0 0
7993 4257 4249 4250 0 0 0
7994 4258 4259 4257 0 0 0
7995 4259 4249 4257 0 0 0
7996 4250 4260 4257 0 0 0
7997 4260 4250 4256 0 0 0
7998 4255 4251 4261 0 0 0
7999 4253 4261 4251 0 0 0
8000 4253 4262 4261 0 0 0
8001 4253 4254 4262 0 0 0
8002 3410 3411 4254 0 0 0
8003 3411 4262 4254 0 0 0
8004 4255 4263 4256 0 0 0
8005 4255 4261 4263 0 0 0
8006 4264 4256 4263 0 0 0
8007 4256 4264 4260 0 0 0
8008 4265 4257 4260 0 0 0
8009 4258 4257 4265 0 0 0
8010 4266 4258 4265 0 0 0
8011 4258 4266 4267 0 0 0
8012 4258 4267 4259 0 0 0
8013 4265 4260 4268 0 0 0
8014 4268 4260 4264 0 0 0
8015 4263 4261 4269 0 0 0
8016 4262 4270 4261 0 0 0
8017 4269 4261 4270 0 0 0
8018 3411 3420 4262 0 0 0
8019 4270 4262 3420 0 0 0
8020 4271 4263 4269 0 0 0
8021 4263 4271 4264 0 0 0
8022 4272 4271 4269 0 0 0
8023 4268 4264 4273 0 0 0
8024 4271 4273 4264 0 0 0
8025 4268 4274 4265 0 0 0
8026 4266 4265 4274 0 0 0
8027 4266 4275 4267 0 0 0
8028 4266 4274 4275 0 0 0
8029 4267 4275 4276 0 0 0
8030 4268 4277 4274 0 0 0
8031 4273 4277 4268 0 0 0
8032 4272 4269 4278 0 0 0
8033 4270 4278 4269 0 0 0
8034 4279 4272 4278 0 0 0
8035 4278 4270 3430 0 0 0
8036 3420 3430 4270 0 0 0
8037 4272 4280 4271 0 0 0
8038 4273 4271 4280 0 0 0
8039 4281 4272 4279 0 0 0
8040 4281 4280 4272 0 0 0
8041 4273 4282 4277 0 0 0
8042 4280 4282 4273 0 0 0
8043 4277 4283 4274 0 0 0
8044 4284 4275 4274 0 0 0
8045 4284 4274 4283 0 0 0
8046 4276 4275 4285 0 0 0
8047 4275 4284 4285 0 0 0
8048 4276 4285 4286 0 0 0
8049 4283 4277 4287 0 0 0
8050 4282 4287 4277 0 0 0
8051 4287 4288 4283 0 0 0
8052 4279 4289 4281 0 0 0
8053 4279 4278 3441 0 0 0
8054 3430 3441 4278 0 0 0
8055 4279 3441 4289 0 0 0
8056 4281 4289 4290 0 0 0
8057 4280 4290 4282 0 0 0
8058 4281 4290 4280 0 0 0
8059 4287 4282 4291 0 0 0
8060 4291 4282 4290 0 0 0
8061 4289 4292 4290 0 0 0
8062 4293 4284 4283 0 0 0
8063 4293 4283 4288 0 0 0
8064 4294 4285 4284 0 0 0
8065 4294 4284 4293 0 0 0
8066 4285 4295 4286 0 0 0
8067 4285 4294 4295 0 0 0
8068 4296 4293 4288 0 0 0
8069 4291 4297 4287 0 0 0
8070 4288 4287 4297 0 0 0
8071 4296 4288 4298 0 0 0
8072 4297 4298 4288 0 0 0
8073 3451 4289 3441 0 0 0
8074 4289 3451 4292 0 0 0
8075 4297 4291 4299 0 0 0
8076 4299 4291 4300 0 0 0
8077 4291 4290 4300 0 0 0
8078 4292 4300 4290 0 0 0
8079 4301 4300 4292 0 0 0
8080 3462 4292 3451 0 0 0
8081 3462 4301 4292 0 0 0
8082 4302 4294 4293 0 0 0
8083 4296 4302 4293 0 0 0
8084 4303 4302 4296 0 0 0
8085 4294 4304 4295 0 0 0
8086 4302 4304 4294 0 0 0
8087 4303 4296 4305 0 0 0
8088 4298 4305 4296 0 0 0
8089 4306 4303 4305 0 0 0
8090 4299 4307 4297 0 0 0
8091 4298 4297 4307 0 0 0
8092 4305 4298 4308 0 0 0
8093 4307 4308 4298 0 0 0
8094 4309 4299 4300 0 0 0
8095 4309 4310 4299 0 0 0
8096 4307 4299 4310 0 0 0
8097 4301 4311 4300 0 0 0
8098 4309 4300 4311 0 0 0
8099 4312 4311 4301 0 0 0
8100 4312 4301 3469 0 0 0
8101 4301 3462 3469 0 0 0
8102 4302 4313 4304 0 0 0
8103 4303 4313 4302 0 0 0
8104 4303 4306 4313 0 0 0
8105 4306 4305 4314 0 0 0
8106 4305 4308 4314 0 0 0
8107 4306 4314 4315 0 0 0
8108 4306 4315 4313 0 0 0
8109 4310 4316 4307 0 0 0
8110 4308 4307 4316 0 0 0
8111 4314 4308 4317 0 0 0
8112 4308 4316 4317 0 0 0
8113 4309 4311 4318 0 0 0
8114 4309 4318 4310 0 0 0
8115 4318 4319 4310 0 0 0
8116 4319 4316 4310 0 0 0
8117 4312 4320 4311 0 0 0
8118 4318 4311 4320 0 0 0
8119 4312 3469 3480 0 0 0
8120 4312 3480 4320 0 0 0
8121 4314 4321 4315 0 0 0
8122 4317 4321 4314 0 0 0
8123 4322 4316 4319 0 0 0
8124 4323 4317 4316 0 0 0
8125 4322 4323 4316 0 0 0
8126 4321 4317 4324 0 0 0
8127 4323 4324 4317 0 0 0
8128 4322 4319 4325 0 0 0
8129 4319 4326 4325 0 0 0
8130 4318 4320 4326 0 0 0
8131 4319 4318 4326 0 0 0
8132 4327 4326 4320 0 0 0
8133 3490 4327 4320 0 0 0
8134 3480 3490 4320 0 0 0
8135 4322 4328 4323 0 0 0
8136 4322 4325 4328 0 0 0
8137 4324 4323 4329 0 0 0
8138 4328 4329 4323 0 0 0
8139 4330 4328 4325 0 0 0
8140 4330 4325 4331 0 0 0
8141 4327 4332 4326 0 0 0
8142 4326 4332 4325 0 0 0
8143 4331 4325 4332 0 0 0
8144 4333 4332 4327 0 0 0
8145 3501 4327 3490 0 0 0
8146 4333 4327 3501 0 0 0
8147 4329 4328 4334 0 0 0
8148 4330 4334 4328 0 0 0
8149 4335 4330 4331 0 0 0
8150 4335 4336 4330 0 0 0
8151 4334 4330 4336 0 0 0
8152 4337 4335 4331 0 0 0
8153 4331 4332 4338 0 0 0
8154 4337 4331 4338 0 0 0
8155 4339 4338 4332 0 0 0
8156 4333 4339 4332 0 0 0
8157 4333 3501 3512 0 0 0
8158 3512 4339 4333 0 0 0
8159 4335 4337 4340 0 0 0
8160 4336 4335 4340 0 0 0
8161 4341 4340 4342 0 0 0
8162 4337 4342 4340 0 0 0
8163 4337 4338 4342 0 0 0
8164 4338 4339 4343 0 0 0
8165 4342 4338 4343 0 0 0
8166 4339 3512 3524 0 0 0
8167 3524 4343 4339 0 0 0
8168 4341 4342 4344 0 0 0
8169 4345 4341 4344 0 0 0
8170 4343 4344 4342 0 0 0
8171 4343 3524 3536 0 0 0
8172 3536 4344 4343 0 0 0
8173 4345 4344 4346 0 0 0
8174 4344 3536 3544 0 0 0
8175 3544 4346 4344 0 0 0
8176 4346 3544 3556 0 0 0
8177 4347 4348 4349 0 0 0
8178 4347 4350 4348 0 0 0
8179 4350 3632 3634 0 0 0
8180 3634 4348 4350 0 0 0
8181 4351 4352 4353 0 0 0
8182 4349 4354 4352 0 0 0
8183 4349 4348 4354 0 0 0
8184 4355 4352 4354 0 0 0
8185 4353 4352 4355 0 0 0
8186 4356 4354 4348 0 0 0
8187 4348 3634 3646 0 0 0
8188 3646 4356 4348 0 0 0
8189 4353 4357 4351 0 0 0
8190 4358 4351 4357 0 0 0
8191 4353 4359 4357 0 0 0
8192 4355 4359 4353 0 0 0
8193 4355 4354 4360 0 0 0
8194 4355 4360 4359 0 0 0
8195 4354 4356 4360 0 0 0
8196 4360 4356 4361 0 0 0
8197 4362 4358 4363 0 0 0
8198 4357 4363 4358 0 0 0
8199 4356 3646 3659 0 0 0
8200 3659 4361 4356 0 0 0
8201 4357 4364 4363 0 0 0
8202 4357 4359 4364 0 0 0
8203 4361 3659 3671 0 0 0
8204 4361 4365 4360 0 0 0
8205 4359 4360 4365 0 0 0
8206 4359 4365 4364 0 0 0
8207 4366 4365 4361 0 0 0
8208 3671 4366 4361 0 0 0
8209 4367 4362 4368 0 0 0
8210 4363 4368 4362 0 0 0
8211 4369 4368 4363 0 0 0
8212 4369 4363 4364 0 0 0
8213 4370 4367 4371 0 0 0
8214 4368 4371 4367 0 0 0
8215 4371 4372 4370 0 0 0
8216 4372 4373 4370 0 0 0
8217 4374 4373 4372 0 0 0
8218 4369 4364 4375 0 0 0
8219 4375 4364 4376 0 0 0
8220 4376 4364 4365 0 0 0
8221 4366 3671 3682 0 0 0
8222 4377 4376 4365 0 0 0
8223 4366 4377 4365 0 0 0
8224 4366 3682 4377 0 0 0
8225 4368 4378 4371 0 0 0
8226 4369 4375 4378 0 0 0
8227 4369 4378 4368 0 0 0
8228 4372 4371 4379 0 0 0
8229 4379 4371 4378 0 0 0
8230 4374 4372 4380 0 0 0
8231 4380 4372 4379 0 0 0
8232 4374 4380 4381 0 0 0
8233 4381 4382 4374 0 0 0
8234 4374 4382 4373 0 0 0
8235 4375 4383 4378 0 0 0
8236 4375 4376 4384 0 0 0
8237 4384 4383 4375 0 0 0
8238 4384 4376 4385 0 0 0
8239 4377 4385 4376 0 0 0
8240 3682 3693 4377 0 0 0
8241 3693 4385 4377 0 0 0
8242 4383 4386 4378 0 0 0
8243 4379 4378 4386 0 0 0
8244 4380 4379 4387 0 0 0
8245 4386 4387 4379 0 0 0
8246 4381 4380 4388 0 0 0
8247 4387 4388 4380 0 0 0
8248 4381 4388 4389 0 0 0
8249 4381 4389 4382 0 0 0
8250 4389 4390 4382 0 0 0
8251 4386 4383 4391 0 0 0
8252 4392 4391 4383 0 0 0
8253 4392 4383 4384 0 0 0
8254 4384 4385 4393 0 0 0
8255 4392 4384 4393 0 0 0
8256 4394 4393 4385 0 0 0
8257 3703 4385 3693 0 0 0
8258 4394 4385 3703 0 0 0
8259 4391 4395 4386 0 0 0
8260 4387 4386 4395 0 0 0
8261 4388 4387 4396 0 0 0
8262 4395 4396 4387 0 0 0
8263 4388 4397 4389 0 0 0
8264 4388 4396 4397 0 0 0
8265 4389 4398 4390 0 0 0
8266 4389 4397 4398 0 0 0
8267 4390 4398 4399 0 0 0
8268 4395 4391 4400 0 0 0
8269 4391 4401 4400 0 0 0
8270 4392 4401 4391 0 0 0
8271 4392 4393 4401 0 0 0
8272 4402 4401 4393 0 0 0
8273 4394 4402 4393 0 0 0
8274 4394 3715 4402 0 0 0
8275 4394 3703 3715 0 0 0
8276 4400 4403 4395 0 0 0
8277 4396 4395 4403 0 0 0
8278 4403 4404 4396 0 0 0
8279 4397 4396 4404 0 0 0
8280 4397 4404 4405 0 0 0
8281 4398 4397 4405 0 0 0
8282 4406 4399 4398 0 0 0
8283 4398 4405 4406 0 0 0
8284 4406 4407 4399 0 0 0
8285 4403 4400 4408 0 0 0
8286 4400 4401 4409 0 0 0
8287 4400 4409 4408 0 0 0
8288 4402 4410 4401 0 0 0
8289 4410 4409 4401 0 0 0
8290 4402 3715 3725 0 0 0
8291 3725 4410 4402 0 0 0
8292 4404 4403 4411 0 0 0
8293 4408 4411 4403 0 0 0
8294 4411 4412 4404 0 0 0
8295 4405 4404 4412 0 0 0
8296 4413 4406 4405 0 0 0
8297 4405 4412 4413 0 0 0
8298 4414 4407 4406 0 0 0
8299 4406 4413 4414 0 0 0
8300 4415 4413 4412 0 0 0
8301 4416 4411 4408 0 0 0
8302 4417 4416 4408 0 0 0
8303 4417 4408 4409 0 0 0
8304 4418 4417 4409 0 0 0
8305 4419 4409 4410 0 0 0
8306 4418 4409 4419 0 0 0
8307 3725 3736 4410 0 0 0
8308 4419 4410 3736 0 0 0
8309 4420 4412 4411 0 0 0
8310 4416 4420 4411 0 0 0
8311 4420 4421 4412 0 0 0
8312 4415 4412 4421 0 0 0
8313 4415 4422 4413 0 0 0
8314 4422 4414 4413 0 0 0
8315 4423 4422 4415 0 0 0
8316 4415 4421 4423 0 0 0
8317 4424 4418 4419 0 0 0
8318 4418 4424 4425 0 0 0
8319 4418 4425 4417 0 0 0
8320 4420 4416 4426 0 0 0
8321 4425 4427 4417 0 0 0
8322 4427 4426 4416 0 0 0
8323 4416 4417 4427 0 0 0
8324 3736 3747 4419 0 0 0
8325 4424 4419 3747 0 0 0
8326 4421 4420 4428 0 0 0
8327 4420 4426 4428 0 0 0
8328 4421 4428 4429 0 0 0
8329 4423 4421 4429 0 0 0
8330 4423 4430 4422 0 0 0
8331 4423 4429 4430 0 0 0
8332 4431 4428 4426 0 0 0
8333 4424 3747 4432 0 0 0
8334 4424 4432 4425 0 0 0
8335 4425 4432 4433 0 0 0
8336 4425 4433 4427 0 0 0
8337 4427 4433 4434 0 0 0
8338 4426 4434 4431 0 0 0
8339 4434 4426 4427 0 0 0
8340 4435 4431 4434 0 0 0
8341 3759 4432 3747 0 0 0
8342 4436 4429 4428 0 0 0
8343 4428 4431 4436 0 0 0
8344 4429 4436 4437 0 0 0
8345 4430 4429 4437 0 0 0
8346 4431 4438 4436 0 0 0
8347 4435 4438 4431 0 0 0
8348 4439 4433 4432 0 0 0
8349 4432 3759 4439 0 0 0
8350 4434 4433 4440 0 0 0
8351 4435 4434 4440 0 0 0
8352 4433 4439 4440 0 0 0
8353 4435 4441 4438 0 0 0
8354 4435 4440 4441 0 0 0
8355 3771 4439 3759 0 0 0
8356 4244 4246 4438 0 0 0
8357 4436 4438 4246 0 0 0
8358 4248 4437 4246 0 0 0
8359 4436 4246 4437 0 0 0
8360 4244 4438 4247 0 0 0
8361 4247 4438 4441 0 0 0
8362 4439 3771 4442 0 0 0
8363 4442 4440 4439 0 0 0
8364 4247 4441 4252 0 0 0
8365 4443 4440 4442 0 0 0
8366 4443 4252 4441 0 0 0
8367 4443 4441 4440 0 0 0
8368 3782 4442 3771 0 0 0
8369 4252 4443 4254 0 0 0
8370 3782 4254 4442 0 0 0
8371 4443 4442 4254 0 0 0
8372 3410 4254 3782 0 0 0
8373 3829 3831 4444 0 0 0
8374 4445 4444 3831 0 0 0
8375 3848 4445 3831 0 0 0
8376 3848 4446 4445 0 0 0
8377 4446 3848 3861 0 0 0
8378 4446 4447 4445 0 0 0
8379 3861 4448 4446 0 0 0
8380 4446 4448 4447 0 0 0
8381 4448 3861 3865 0 0 0
8382 4448 4449 4447 0 0 0
8383 4449 4448 4450 0 0 0
8384 3865 4450 4448 0 0 0
8385 4450 3865 3877 0 0 0
8386 3877 4451 4450 0 0 0
8387 4450 4451 4449 0 0 0
8388 3877 3890 4451 0 0 0
8389 3890 4452 4451 0 0 0
8390 3903 4452 3890 0 0 0
8391 4453 3908 3615 0 0 0
8392 3573 3615 3908 0 0 0
8393 3903 4454 4452 0 0 0
8394 3922 4454 3903 0 0 0
8395 4455 4453 4456 0 0 0
8396 3935 4453 4455 0 0 0
8397 3935 3908 4453 0 0 0
8398 4454 3922 4457 0 0 0
8399 3947 4457 3922 0 0 0
8400 4458 4456 4459 0 0 0
8401 4456 4458 4455 0 0 0
8402 4455 3964 3935 0 0 0
8403 3964 4455 4458 0 0 0
8404 4460 4461 4462 0 0 0
8405 3975 4460 4462 0 0 0
8406 3947 3975 4457 0 0 0
8407 4462 4457 3975 0 0 0
8408 4463 4464 4461 0 0 0
8409 4460 4463 4461 0 0 0
8410 4465 4466 4464 0 0 0
8411 4464 4463 4465 0 0 0
8412 4467 4468 4466 0 0 0
8413 4466 4465 4467 0 0 0
8414 4469 4459 4470 0 0 0
8415 4459 4469 4458 0 0 0
8416 4471 4470 4468 0 0 0
8417 4468 4467 4471 0 0 0
8418 4458 3984 3964 0 0 0
8419 3984 4458 4469 0 0 0
8420 4460 3975 3993 0 0 0
8421 3993 4463 4460 0 0 0
8422 4463 3993 4009 0 0 0
8423 4009 4465 4463 0 0 0
8424 4465 4009 4012 0 0 0
8425 4012 4467 4465 0 0 0
8426 4467 4012 4014 0 0 0
8427 4014 4471 4467 0 0 0
8428 4471 4000 4470 0 0 0
8429 4471 4014 4000 0 0 0
8430 4469 4000 3984 0 0 0
8431 4469 4470 4000 0 0 0
8432 4472 4198 4163 0 0 0
8433 4473 4163 4172 0 0 0
8434 4163 4473 4472 0 0 0
8435 4474 4172 4207 0 0 0
8436 4172 4474 4473 0 0 0
8437 3616 4197 3788 0 0 0
8438 4198 4472 4475 0 0 0
8439 4475 3788 4197 0 0 0
8440 4198 4475 4197 0 0 0
8441 4472 4476 4475 0 0 0
8442 4476 4472 4473 0 0 0
8443 4473 4477 4476 0 0 0
8444 4477 4473 4474 0 0 0
8445 4478 4204 4225 0 0 0
8446 4479 4206 4204 0 0 0
8447 4204 4478 4479 0 0 0
8448 4480 4233 4206 0 0 0
8449 4206 4479 4480 0 0 0
8450 4481 4207 4208 0 0 0
8451 4207 4481 4482 0 0 0
8452 4474 4207 4482 0 0 0
8453 4474 4482 4477 0 0 0
8454 4483 4208 4209 0 0 0
8455 4208 4483 4481 0 0 0
8456 4484 4209 4210 0 0 0
8457 4209 4484 4483 0 0 0
8458 4485 4210 4214 0 0 0
8459 4210 4485 4484 0 0 0
8460 4486 4214 4234 0 0 0
8461 4214 4486 4485 0 0 0
8462 4225 4226 4487 0 0 0
8463 4225 4487 4478 0 0 0
8464 4487 4226 4488 0 0 0
8465 4227 4488 4226 0 0 0
8466 4230 4243 4489 0 0 0
8467 4230 4489 4234 0 0 0
8468 4490 4243 4231 0 0 0
8469 4231 4491 4490 0 0 0
8470 4232 4491 4231 0 0 0
8471 4232 4233 4491 0 0 0
8472 4478 4487 4492 0 0 0
8473 4478 4492 4479 0 0 0
8474 4479 4492 4493 0 0 0
8475 4493 4480 4479 0 0 0
8476 4233 4480 4494 0 0 0
8477 4480 4493 4494 0 0 0
8478 4233 4494 4491 0 0 0
8479 4481 4495 4482 0 0 0
8480 4481 4483 4495 0 0 0
8481 4483 4496 4495 0 0 0
8482 4496 4483 4484 0 0 0
8483 4484 4497 4496 0 0 0
8484 4497 4484 4485 0 0 0
8485 4485 4498 4497 0 0 0
8486 4498 4485 4486 0 0 0
8487 4486 4234 4499 0 0 0
8488 4486 4499 4498 0 0 0
8489 4234 4489 4499 0 0 0
8490 4500 4499 4489 0 0 0
8491 4501 4489 4243 0 0 0
8492 4500 4489 4501 0 0 0
8493 4243 4490 4501 0 0 0
8494 4502 4490 4491 0 0 0
8495 4490 4502 4501 0 0 0
8496 4503 4502 4491 0 0 0
8497 4503 4491 4494 0 0 0
8498 4504 4505 4506 0 0 0
8499 4506 4505 4507 0 0 0
8500 4504 4508 4509 0 0 0
8501 4506 4508 4504 0 0 0
8502 4506 4507 4510 0 0 0
8503 4506 4510 4508 0 0 0
8504 4507 4511 4510 0 0 0
8505 4512 4513 4514 0 0 0
8506 4515 4514 4286 0 0 0
8507 4514 4515 4512 0 0 0
8508 4516 4513 4512 0 0 0
8509 4509 4517 4518 0 0 0
8510 4517 4509 4508 0 0 0
8511 4519 4517 4508 0 0 0
8512 4519 4508 4520 0 0 0
8513 4510 4520 4508 0 0 0
8514 4521 4510 4511 0 0 0
8515 4520 4510 4521 0 0 0
8516 4521 4511 4522 0 0 0
8517 4522 4513 4516 0 0 0
8518 4513 4522 4511 0 0 0
8519 4523 4524 4525 0 0 0
8520 4515 4286 4295 0 0 0
8521 4515 4295 4526 0 0 0
8522 4512 4515 4526 0 0 0
8523 4512 4526 4516 0 0 0
8524 4516 4527 4522 0 0 0
8525 4516 4526 4527 0 0 0
8526 4523 4525 4528 0 0 0
8527 4528 4518 4517 0 0 0
8528 4525 4518 4528 0 0 0
8529 4517 4529 4528 0 0 0
8530 4519 4529 4517 0 0 0
8531 4519 4530 4529 0 0 0
8532 4519 4520 4530 0 0 0
8533 4521 4531 4520 0 0 0
8534 4530 4520 4531 0 0 0
8535 4522 4532 4521 0 0 0
8536 4531 4521 4532 0 0 0
8537 4532 4522 4527 0 0 0
8538 4533 4534 4524 0 0 0
8539 4523 4533 4524 0 0 0
8540 4523 4528 4535 0 0 0
8541 4523 4535 4533 0 0 0
8542 4295 4304 4526 0 0 0
8543 4536 4527 4526 0 0 0
8544 4537 4526 4304 0 0 0
8545 4537 4536 4526 0 0 0
8546 4527 4538 4532 0 0 0
8547 4538 4527 4536 0 0 0
8548 4539 4538 4536 0 0 0
8549 4534 4533 4540 0 0 0
8550 4540 4541 4534 0 0 0
8551 4535 4528 4542 0 0 0
8552 4529 4542 4528 0 0 0
8553 4529 4543 4542 0 0 0
8554 4530 4543 4529 0 0 0
8555 4531 4544 4530 0 0 0
8556 4530 4544 4543 0 0 0
8557 4532 4545 4531 0 0 0
8558 4544 4531 4545 0 0 0
8559 4538 4545 4532 0 0 0
8560 4540 4533 4546 0 0 0
8561 4533 4535 4546 0 0 0
8562 4547 4540 4546 0 0 0
8563 4542 4548 4535 0 0 0
8564 4548 4546 4535 0 0 0
8565 4313 4549 4304 0 0 0
8566 4549 4537 4304 0 0 0
8567 4549 4550 4537 0 0 0
8568 4539 4536 4550 0 0 0
8569 4536 4537 4550 0 0 0
8570 4538 4551 4545 0 0 0
8571 4539 4551 4538 0 0 0
8572 4539 4550 4552 0 0 0
8573 4539 4552 4551 0 0 0
8574 4540 4553 4541 0 0 0
8575 4547 4553 4540 0 0 0
8576 4554 4541 4553 0 0 0
8577 4547 4555 4553 0 0 0
8578 4547 4556 4555 0 0 0
8579 4547 4546 4556 0 0 0
8580 4548 4542 4557 0 0 0
8581 4543 4557 4542 0 0 0
8582 4557 4543 4558 0 0 0
8583 4544 4558 4543 0 0 0
8584 4545 4559 4544 0 0 0
8585 4558 4544 4559 0 0 0
8586 4551 4559 4545 0 0 0
8587 4548 4560 4546 0 0 0
8588 4556 4546 4560 0 0 0
8589 4557 4561 4548 0 0 0
8590 4560 4548 4561 0 0 0
8591 4549 4313 4562 0 0 0
8592 4315 4562 4313 0 0 0
8593 4549 4562 4550 0 0 0
8594 4563 4550 4562 0 0 0
8595 4552 4550 4563 0 0 0
8596 4559 4551 4564 0 0 0
8597 4551 4552 4564 0 0 0
8598 4563 4565 4552 0 0 0
8599 4565 4564 4552 0 0 0
8600 4566 4315 4321 0 0 0
8601 4315 4566 4562 0 0 0
8602 4567 4554 4568 0 0 0
8603 4553 4568 4554 0 0 0
8604 4553 4555 4568 0 0 0
8605 4569 4567 4568 0 0 0
8606 4569 4570 4567 0 0 0
8607 4555 4571 4568 0 0 0
8608 4571 4555 4572 0 0 0
8609 4555 4556 4572 0 0 0
8610 4556 4573 4572 0 0 0
8611 4560 4573 4556 0 0 0
8612 4561 4557 4574 0 0 0
8613 4558 4574 4557 0 0 0
8614 4559 4575 4558 0 0 0
8615 4574 4558 4575 0 0 0
8616 4559 4564 4575 0 0 0
8617 4573 4560 4576 0 0 0
8618 4561 4576 4560 0 0 0
8619 4577 4561 4574 0 0 0
8620 4577 4576 4561 0 0 0
8621 4578 4579 4580 0 0 0
8622 4563 4562 4581 0 0 0
8623 4566 4581 4562 0 0 0
8624 4582 4565 4563 0 0 0
8625 4582 4563 4581 0 0 0
8626 4582 4583 4565 0 0 0
8627 4564 4565 4584 0 0 0
8628 4564 4584 4575 0 0 0
8629 4583 4584 4565 0 0 0
8630 4324 4585 4321 0 0 0
8631 4321 4585 4566 0 0 0
8632 4586 4566 4585 0 0 0
8633 4586 4581 4566 0 0 0
8634 4329 4587 4324 0 0 0
8635 4585 4324 4587 0 0 0
8636 4580 4570 4588 0 0 0
8637 4569 4588 4570 0 0 0
8638 4580 4588 4578 0 0 0
8639 4571 4589 4568 0 0 0
8640 4569 4568 4589 0 0 0
8641 4569 4589 4588 0 0 0
8642 4590 4579 4578 0 0 0
8643 4590 4578 4591 0 0 0
8644 4578 4588 4592 0 0 0
8645 4591 4578 4592 0 0 0
8646 4593 4589 4571 0 0 0
8647 4572 4594 4571 0 0 0
8648 4593 4571 4594 0 0 0
8649 4572 4595 4594 0 0 0
8650 4595 4572 4573 0 0 0
8651 4573 4596 4595 0 0 0
8652 4596 4573 4576 0 0 0
8653 4577 4574 4597 0 0 0
8654 4574 4575 4597 0 0 0
8655 4575 4584 4597 0 0 0
8656 4576 4598 4596 0 0 0
8657 4577 4597 4598 0 0 0
8658 4577 4598 4576 0 0 0
8659 4599 4579 4600 0 0 0
8660 4590 4600 4579 0 0 0
8661 4599 4601 3825 0 0 0
8662 4601 4599 4600 0 0 0
8663 3826 3825 4601 0 0 0
8664 4582 4581 4602 0 0 0
8665 4582 4602 4583 0 0 0
8666 4586 4602 4581 0 0 0
8667 4603 4583 4602 0 0 0
8668 4584 4604 4597 0 0 0
8669 4583 4604 4584 0 0 0
8670 4603 4604 4583 0 0 0
8671 4585 4587 4605 0 0 0
8672 4586 4585 4605 0 0 0
8673 4586 4605 4602 0 0 0
8674 4606 4329 4334 0 0 0
8675 4606 4587 4329 0 0 0
8676 4606 4607 4587 0 0 0
8677 4607 4605 4587 0 0 0
8678 4593 4608 4589 0 0 0
8679 4592 4588 4608 0 0 0
8680 4589 4608 4588 0 0 0
8681 4591 4592 4609 0 0 0
8682 4590 4610 4600 0 0 0
8683 4591 4610 4590 0 0 0
8684 4591 4609 4610 0 0 0
8685 4592 4608 4611 0 0 0
8686 4609 4592 4611 0 0 0
8687 4593 4594 4612 0 0 0
8688 4593 4612 4608 0 0 0
8689 4613 4612 4594 0 0 0
8690 4613 4594 4595 0 0 0
8691 4595 4596 4614 0 0 0
8692 4595 4614 4613 0 0 0
8693 4596 4598 4615 0 0 0
8694 4596 4615 4614 0 0 0
8695 4598 4597 4616 0 0 0
8696 4598 4616 4615 0 0 0
8697 4616 4597 4604 0 0 0
8698 3826 4601 3837 0 0 0
8699 4610 3837 4600 0 0 0
8700 4601 4600 3837 0 0 0
8701 4603 4602 4617 0 0 0
8702 4617 4602 4605 0 0 0
8703 4603 4618 4604 0 0 0
8704 4603 4617 4618 0 0 0
8705 4618 4619 4604 0 0 0
8706 4616 4604 4619 0 0 0
8707 4620 4617 4605 0 0 0
8708 4620 4605 4607 0 0 0
8709 4334 4336 4621 0 0 0
8710 4606 4621 4607 0 0 0
8711 4606 4334 4621 0 0 0
8712 4607 4621 4622 0 0 0
8713 4622 4620 4607 0 0 0
8714 4623 4336 4340 0 0 0
8715 4623 4621 4336 0 0 0
8716 4612 4624 4608 0 0 0
8717 4611 4608 4624 0 0 0
8718 4609 4611 4625 0 0 0
8719 3837 4610 3852 0 0 0
8720 4625 3852 4609 0 0 0
8721 4610 4609 3852 0 0 0
8722 4611 4624 4626 0 0 0
8723 4625 4611 4626 0 0 0
8724 4612 4627 4624 0 0 0
8725 4612 4613 4627 0 0 0
8726 4613 4614 4628 0 0 0
8727 4613 4628 4627 0 0 0
8728 4629 4614 4615 0 0 0
8729 4614 4629 4628 0 0 0
8730 4630 4615 4616 0 0 0
8731 4615 4630 4629 0 0 0
8732 4630 4616 4619 0 0 0
8733 4617 4631 4618 0 0 0
8734 4631 4617 4620 0 0 0
8735 4632 4618 4631 0 0 0
8736 4618 4632 4619 0 0 0
8737 4633 4630 4619 0 0 0
8738 4633 4619 4632 0 0 0
8739 4620 4634 4631 0 0 0
8740 4634 4620 4622 0 0 0
8741 4635 4634 4622 0 0 0
8742 4622 4621 4636 0 0 0
8743 4623 4636 4621 0 0 0
8744 4635 4622 4636 0 0 0
8745 4340 4341 4637 0 0 0
8746 4623 4340 4637 0 0 0
8747 4623 4637 4636 0 0 0
8748 4341 4345 4638 0 0 0
8749 4638 4637 4341 0 0 0
8750 4639 4626 4624 0 0 0
8751 4639 4624 4627 0 0 0
8752 4625 4626 3866 0 0 0
8753 3866 3852 4625 0 0 0
8754 4640 4626 4639 0 0 0
8755 4640 3879 4626 0 0 0
8756 3879 3866 4626 0 0 0
8757 4627 4641 4639 0 0 0
8758 4627 4628 4641 0 0 0
8759 4642 4628 4629 0 0 0
8760 4628 4642 4641 0 0 0
8761 4643 4629 4630 0 0 0
8762 4629 4643 4642 0 0 0
8763 4633 4643 4630 0 0 0
8764 4634 4644 4631 0 0 0
8765 4631 4644 4632 0 0 0
8766 4645 4632 4644 0 0 0
8767 4645 4633 4632 0 0 0
8768 4646 4643 4633 0 0 0
8769 4645 4646 4633 0 0 0
8770 4635 4647 4634 0 0 0
8771 4634 4647 4644 0 0 0
8772 4648 4644 4647 0 0 0
8773 4635 4649 4647 0 0 0
8774 4635 4636 4649 0 0 0
8775 4637 4650 4636 0 0 0
8776 4637 4638 4650 0 0 0
8777 4649 4636 4650 0 0 0
8778 4651 4345 4346 0 0 0
8779 4651 4638 4345 0 0 0
8780 4638 4651 4652 0 0 0
8781 4652 4650 4638 0 0 0
8782 4653 4651 4346 0 0 0
8783 4653 4346 3556 0 0 0
8784 4640 4639 4654 0 0 0
8785 4654 4639 4641 0 0 0
8786 4640 3881 3879 0 0 0
8787 4640 4654 3881 0 0 0
8788 4655 4654 4641 0 0 0
8789 4656 4641 4642 0 0 0
8790 4655 4641 4656 0 0 0
8791 4657 4642 4643 0 0 0
8792 4657 4656 4642 0 0 0
8793 4643 4646 4657 0 0 0
8794 4648 4658 4644 0 0 0
8795 4645 4658 4646 0 0 0
8796 4645 4644 4658 0 0 0
8797 4657 4646 4659 0 0 0
8798 4646 4658 4659 0 0 0
8799 4660 4658 4648 0 0 0
8800 4661 4660 4648 0 0 0
8801 4647 4649 4662 0 0 0
8802 4647 4662 4648 0 0 0
8803 4661 4648 4662 0 0 0
8804 4649 4663 4662 0 0 0
8805 4650 4663 4649 0 0 0
8806 4650 4652 4663 0 0 0
8807 4653 4664 4651 0 0 0
8808 4664 4652 4651 0 0 0
8809 4665 4652 4664 0 0 0
8810 4665 4663 4652 0 0 0
8811 4653 3556 3892 0 0 0
8812 4653 3892 4664 0 0 0
8813 4654 3894 3881 0 0 0
8814 3894 4654 4655 0 0 0
8815 4666 4655 4656 0 0 0
8816 3909 3894 4655 0 0 0
8817 4666 3909 4655 0 0 0
8818 4656 4657 4667 0 0 0
8819 4666 4656 4667 0 0 0
8820 4659 4667 4657 0 0 0
8821 4668 4667 4659 0 0 0
8822 4668 4659 4669 0 0 0
8823 4659 4658 4669 0 0 0
8824 4660 4669 4658 0 0 0
8825 4660 4670 4669 0 0 0
8826 4661 4670 4660 0 0 0
8827 4661 4671 4670 0 0 0
8828 4661 4662 4671 0 0 0
8829 4672 4662 4663 0 0 0
8830 4672 4671 4662 0 0 0
8831 4673 4672 4663 0 0 0
8832 4673 4663 4665 0 0 0
8833 3905 4664 3892 0 0 0
8834 4664 3905 4665 0 0 0
8835 3924 4665 3905 0 0 0
8836 4665 3924 4673 0 0 0
8837 4666 3913 3909 0 0 0
8838 4666 4667 3913 0 0 0
8839 3913 4667 3937 0 0 0
8840 4668 3937 4667 0 0 0
8841 3937 4668 3940 0 0 0
8842 4668 4669 3940 0 0 0
8843 3940 4669 3949 0 0 0
8844 4670 3949 4669 0 0 0
8845 3949 4670 3950 0 0 0
8846 4671 3950 4670 0 0 0
8847 4672 4673 3954 0 0 0
8848 3950 4671 3954 0 0 0
8849 4672 3954 4671 0 0 0
8850 3926 3954 4673 0 0 0
8851 3926 4673 3924 0 0 0
8852 4674 4042 4046 0 0 0
8853 4043 4675 4065 0 0 0
8854 4674 4676 4042 0 0 0
8855 4042 4676 4043 0 0 0
8856 4675 4043 4676 0 0 0
8857 4674 4677 4676 0 0 0
8858 4678 4046 4047 0 0 0
8859 4674 4046 4678 0 0 0
8860 4674 4678 4677 0 0 0
8861 4072 4679 4047 0 0 0
8862 4047 4679 4678 0 0 0
8863 4096 4065 4680 0 0 0
8864 4675 4681 4065 0 0 0
8865 4680 4065 4681 0 0 0
8866 4675 4676 4682 0 0 0
8867 4681 4675 4682 0 0 0
8868 4677 4683 4676 0 0 0
8869 4682 4676 4683 0 0 0
8870 4100 4096 4684 0 0 0
8871 4685 4072 4106 0 0 0
8872 4685 4679 4072 0 0 0
8873 4677 4686 4683 0 0 0
8874 4686 4677 4687 0 0 0
8875 4679 4687 4678 0 0 0
8876 4678 4687 4677 0 0 0
8877 4685 4688 4679 0 0 0
8878 4679 4688 4687 0 0 0
8879 4680 4689 4096 0 0 0
8880 4684 4096 4689 0 0 0
8881 4690 4689 4680 0 0 0
8882 4691 4690 4680 0 0 0
8883 4691 4680 4681 0 0 0
8884 4691 4681 4692 0 0 0
8885 4681 4682 4692 0 0 0
8886 4682 4683 4693 0 0 0
8887 4692 4682 4693 0 0 0
8888 4694 4683 4686 0 0 0
8889 4694 4693 4683 0 0 0
8890 4695 4693 4694 0 0 0
8891 4100 4684 4138 0 0 0
8892 4696 4138 4684 0 0 0
8893 4684 4689 4696 0 0 0
8894 4685 4697 4688 0 0 0
8895 4685 4106 4697 0 0 0
8896 4106 4107 4697 0 0 0
8897 4107 4141 4698 0 0 0
8898 4698 4697 4107 0 0 0
8899 4142 4139 4699 0 0 0
8900 4694 4686 4700 0 0 0
8901 4700 4686 4701 0 0 0
8902 4686 4687 4701 0 0 0
8903 4688 4702 4687 0 0 0
8904 4701 4687 4702 0 0 0
8905 4688 4697 4703 0 0 0
8906 4703 4702 4688 0 0 0
8907 4696 4689 4704 0 0 0
8908 4690 4704 4689 0 0 0
8909 4690 4705 4704 0 0 0
8910 4690 4691 4705 0 0 0
8911 4691 4692 4705 0 0 0
8912 4705 4692 4706 0 0 0
8913 4692 4693 4706 0 0 0
8914 4695 4707 4693 0 0 0
8915 4707 4706 4693 0 0 0
8916 4700 4708 4694 0 0 0
8917 4695 4694 4708 0 0 0
8918 4695 4708 4709 0 0 0
8919 4695 4709 4707 0 0 0
8920 4139 4140 4710 0 0 0
8921 4710 4699 4139 0 0 0
8922 4143 4711 4140 0 0 0
8923 4712 4140 4711 0 0 0
8924 4712 4710 4140 0 0 0
8925 4141 4142 4713 0 0 0
8926 4698 4141 4713 0 0 0
8927 4699 4713 4142 0 0 0
8928 4714 4703 4697 0 0 0
8929 4698 4714 4697 0 0 0
8930 4698 4713 4714 0 0 0
8931 4715 4713 4699 0 0 0
8932 4716 4699 4710 0 0 0
8933 4716 4715 4699 0 0 0
8934 4703 4714 4717 0 0 0
8935 4700 4718 4708 0 0 0
8936 4718 4700 4719 0 0 0
8937 4700 4701 4719 0 0 0
8938 4702 4720 4701 0 0 0
8939 4719 4701 4720 0 0 0
8940 4703 4721 4702 0 0 0
8941 4720 4702 4721 0 0 0
8942 4721 4703 4717 0 0 0
8943 4143 4180 4711 0 0 0
8944 4722 4711 4180 0 0 0
8945 4705 4723 4704 0 0 0
8946 4723 4705 4706 0 0 0
8947 4723 4706 4724 0 0 0
8948 4725 4724 4706 0 0 0
8949 4725 4706 4707 0 0 0
8950 4709 4726 4707 0 0 0
8951 4725 4707 4726 0 0 0
8952 4727 4708 4718 0 0 0
8953 4727 4709 4708 0 0 0
8954 4728 4726 4709 0 0 0
8955 4709 4727 4728 0 0 0
8956 4718 4729 4727 0 0 0
8957 4712 4730 4710 0 0 0
8958 4716 4710 4730 0 0 0
8959 4712 4731 4730 0 0 0
8960 4711 4731 4712 0 0 0
8961 4711 4722 4731 0 0 0
8962 4717 4714 4732 0 0 0
8963 4714 4713 4732 0 0 0
8964 4715 4732 4713 0 0 0
8965 4716 4730 4733 0 0 0
8966 4716 4733 4715 0 0 0
8967 4715 4733 4732 0 0 0
8968 4734 4717 4732 0 0 0
8969 4735 4733 4730 0 0 0
8970 4717 4736 4721 0 0 0
8971 4734 4736 4717 0 0 0
8972 4729 4718 4737 0 0 0
8973 4718 4719 4737 0 0 0
8974 4737 4719 4738 0 0 0
8975 4720 4738 4719 0 0 0
8976 4721 4739 4720 0 0 0
8977 4738 4720 4739 0 0 0
8978 4736 4739 4721 0 0 0
8979 4737 4740 4729 0 0 0
8980 4180 4215 4722 0 0 0
8981 4741 4722 4215 0 0 0
8982 4722 4741 4742 0 0 0
8983 4722 4742 4731 0 0 0
8984 4725 4726 4743 0 0 0
8985 4725 4743 4724 0 0 0
8986 4743 4726 4744 0 0 0
8987 4745 4744 4726 0 0 0
8988 4745 4726 4728 0 0 0
8989 4728 4727 4746 0 0 0
8990 4746 4727 4729 0 0 0
8991 4747 4745 4728 0 0 0
8992 4747 4728 4746 0 0 0
8993 4729 4740 4748 0 0 0
8994 4748 4746 4729 0 0 0
8995 4735 4730 4749 0 0 0
8996 4749 4730 4731 0 0 0
8997 4750 4749 4731 0 0 0
8998 4750 4731 4742 0 0 0
8999 4751 4735 4749 0 0 0
9000 4733 4735 4752 0 0 0
9001 4733 4752 4732 0 0 0
9002 4734 4732 4752 0 0 0
9003 4734 4752 4753 0 0 0
9004 4734 4753 4736 0 0 0
9005 4751 4754 4735 0 0 0
9006 4754 4752 4735 0 0 0
9007 4736 4755 4739 0 0 0
9008 4736 4753 4755 0 0 0
9009 4740 4737 4756 0 0 0
9010 4737 4738 4756 0 0 0
9011 4739 4757 4738 0 0 0
9012 4756 4738 4757 0 0 0
9013 4739 4755 4757 0 0 0
9014 4758 4740 4756 0 0 0
9015 4758 4759 4740 0 0 0
9016 4759 4748 4740 0 0 0
9017 4215 4235 4741 0 0 0
9018 4741 4760 4742 0 0 0
9019 4761 4741 4235 0 0 0
9020 4761 4760 4741 0 0 0
9021 4762 4742 4760 0 0 0
9022 4742 4762 4750 0 0 0
9023 4763 4750 4762 0 0 0
9024 4744 4745 4764 0 0 0
9025 4765 4764 4745 0 0 0
9026 4747 4765 4745 0 0 0
9027 4747 4766 4765 0 0 0
9028 4747 4746 4766 0 0 0
9029 4746 4748 4766 0 0 0
9030 4748 4759 4767 0 0 0
9031 4767 4766 4748 0 0 0
9032 4751 4749 4768 0 0 0
9033 4763 4768 4750 0 0 0
9034 4749 4750 4768 0 0 0
9035 4751 4769 4754 0 0 0
9036 4751 4768 4769 0 0 0
9037 4754 4770 4752 0 0 0
9038 4770 4753 4752 0 0 0
9039 4753 4770 4771 0 0 0
9040 4771 4755 4753 0 0 0
9041 4772 4770 4754 0 0 0
9042 4754 4769 4772 0 0 0
9043 4771 4773 4755 0 0 0
9044 4757 4755 4773 0 0 0
9045 4758 4756 4774 0 0 0
9046 4756 4757 4774 0 0 0
9047 4757 4773 4774 0 0 0
9048 4758 4774 4775 0 0 0
9049 4758 4775 4759 0 0 0
9050 4759 4775 4776 0 0 0
9051 4776 4767 4759 0 0 0
9052 4760 4347 4762 0 0 0
9053 4761 4235 3632 0 0 0
9054 4761 3632 4350 0 0 0
9055 4760 4350 4347 0 0 0
9056 4761 4350 4760 0 0 0
9057 4777 4768 4763 0 0 0
9058 4349 4762 4347 0 0 0
9059 4762 4349 4763 0 0 0
9060 4352 4763 4349 0 0 0
9061 4777 4763 4352 0 0 0
9062 4765 4778 4764 0 0 0
9063 4778 4765 4779 0 0 0
9064 4765 4766 4779 0 0 0
9065 4767 4780 4766 0 0 0
9066 4779 4766 4780 0 0 0
9067 4767 4776 4781 0 0 0
9068 4781 4780 4767 0 0 0
9069 4769 4768 4782 0 0 0
9070 4777 4782 4768 0 0 0
9071 4783 4769 4782 0 0 0
9072 4769 4783 4772 0 0 0
9073 4784 4771 4770 0 0 0
9074 4770 4772 4784 0 0 0
9075 4785 4773 4771 0 0 0
9076 4785 4771 4784 0 0 0
9077 4772 4786 4784 0 0 0
9078 4772 4783 4786 0 0 0
9079 4787 4774 4773 0 0 0
9080 4788 4787 4773 0 0 0
9081 4785 4788 4773 0 0 0
9082 4775 4774 4789 0 0 0
9083 4789 4774 4787 0 0 0
9084 4790 4776 4775 0 0 0
9085 4775 4789 4790 0 0 0
9086 4791 4781 4776 0 0 0
9087 4776 4790 4791 0 0 0
9088 4777 4352 4351 0 0 0
9089 4777 4351 4782 0 0 0
9090 4779 4792 4778 0 0 0
9091 4793 4792 4779 0 0 0
9092 4793 4779 4780 0 0 0
9093 4780 4781 4794 0 0 0
9094 4793 4780 4794 0 0 0
9095 4795 4794 4781 0 0 0
9096 4795 4781 4791 0 0 0
9097 4796 4783 4782 0 0 0
9098 4358 4782 4351 0 0 0
9099 4796 4782 4358 0 0 0
9100 4796 4797 4783 0 0 0
9101 4783 4797 4786 0 0 0
9102 4785 4784 4798 0 0 0
9103 4785 4798 4788 0 0 0
9104 4784 4786 4798 0 0 0
9105 4799 4786 4797 0 0 0
9106 4800 4786 4799 0 0 0
9107 4800 4798 4786 0 0 0
9108 4801 4789 4787 0 0 0
9109 4801 4787 4802 0 0 0
9110 4788 4802 4787 0 0 0
9111 4803 4802 4788 0 0 0
9112 4803 4788 4798 0 0 0
9113 4804 4790 4789 0 0 0
9114 4804 4789 4801 0 0 0
9115 4790 4804 4805 0 0 0
9116 4805 4791 4790 0 0 0
9117 4806 4795 4791 0 0 0
9118 4806 4791 4805 0 0 0
9119 4793 4807 4792 0 0 0
9120 4793 4794 4807 0 0 0
9121 4807 4794 4808 0 0 0
9122 4809 4794 4795 0 0 0
9123 4794 4809 4808 0 0 0
9124 4810 4809 4795 0 0 0
9125 4810 4795 4806 0 0 0
9126 4796 4358 4362 0 0 0
9127 4796 4362 4797 0 0 0
9128 4362 4367 4797 0 0 0
9129 4799 4797 4367 0 0 0
9130 4367 4370 4799 0 0 0
9131 4803 4798 4811 0 0 0
9132 4800 4811 4798 0 0 0
9133 4370 4812 4799 0 0 0
9134 4800 4799 4812 0 0 0
9135 4800 4812 4811 0 0 0
9136 4804 4801 4813 0 0 0
9137 4802 4814 4801 0 0 0
9138 4813 4801 4814 0 0 0
9139 4815 4814 4802 0 0 0
9140 4803 4815 4802 0 0 0
9141 4803 4811 4815 0 0 0
9142 4816 4805 4804 0 0 0
9143 4813 4816 4804 0 0 0
9144 4805 4816 4817 0 0 0
9145 4817 4806 4805 0 0 0
9146 4806 4817 4818 0 0 0
9147 4810 4806 4818 0 0 0
9148 4819 4808 4809 0 0 0
9149 4809 4820 4819 0 0 0
9150 4810 4820 4809 0 0 0
9151 4810 4818 4820 0 0 0
9152 4812 4370 4373 0 0 0
9153 4815 4811 4821 0 0 0
9154 4373 4821 4812 0 0 0
9155 4812 4821 4811 0 0 0
9156 4822 4816 4813 0 0 0
9157 4823 4822 4813 0 0 0
9158 4823 4813 4814 0 0 0
9159 4815 4821 4824 0 0 0
9160 4814 4815 4824 0 0 0
9161 4823 4814 4824 0 0 0
9162 4825 4817 4816 0 0 0
9163 4822 4825 4816 0 0 0
9164 4817 4825 4826 0 0 0
9165 4826 4818 4817 0 0 0
9166 4818 4826 4827 0 0 0
9167 4827 4820 4818 0 0 0
9168 4828 4819 4820 0 0 0
9169 4829 4828 4820 0 0 0
9170 4829 4820 4827 0 0 0
9171 4829 4827 4830 0 0 0
9172 4373 4382 4821 0 0 0
9173 4831 4821 4382 0 0 0
9174 4831 4824 4821 0 0 0
9175 4832 4825 4822 0 0 0
9176 4822 4833 4832 0 0 0
9177 4823 4833 4822 0 0 0
9178 4823 4824 4833 0 0 0
9179 4831 4834 4824 0 0 0
9180 4833 4824 4834 0 0 0
9181 4835 4826 4825 0 0 0
9182 4825 4832 4835 0 0 0
9183 4826 4835 4836 0 0 0
9184 4830 4827 4836 0 0 0
9185 4826 4836 4827 0 0 0
9186 4837 4835 4832 0 0 0
9187 4828 4829 4838 0 0 0
9188 4829 4830 4838 0 0 0
9189 4382 4390 4831 0 0 0
9190 4831 4390 4834 0 0 0
9191 4834 4390 4839 0 0 0
9192 4834 4839 4833 0 0 0
9193 4837 4832 4839 0 0 0
9194 4833 4839 4832 0 0 0
9195 4835 4837 4840 0 0 0
9196 4840 4836 4835 0 0 0
9197 4837 4841 4840 0 0 0
9198 4841 4837 4839 0 0 0
9199 4399 4839 4390 0 0 0
9200 4842 4839 4399 0 0 0
9201 4841 4839 4842 0 0 0
9202 4841 4843 4840 0 0 0
9203 4843 4841 4842 0 0 0
9204 4842 4399 4407 0 0 0
9205 4842 4407 4843 0 0 0
9206 4844 4845 4846 0 0 0
9207 4845 4847 4846 0 0 0
9208 4848 4849 4847 0 0 0
9209 4845 4848 4847 0 0 0
9210 4850 4844 4851 0 0 0
9211 4845 4844 4850 0 0 0
9212 4845 4850 4848 0 0 0
9213 3581 3580 4852 0 0 0
9214 4852 3580 4853 0 0 0
9215 4852 4854 3581 0 0 0
9216 4854 3583 3581 0 0 0
9217 4849 4855 4856 0 0 0
9218 4849 4848 4855 0 0 0
9219 4857 4855 4848 0 0 0
9220 4848 4850 4857 0 0 0
9221 4858 4859 4851 0 0 0
9222 4850 4851 4859 0 0 0
9223 4859 4857 4850 0 0 0
9224 4860 4861 4858 0 0 0
9225 4859 4858 4861 0 0 0
9226 4862 4855 4857 0 0 0
9227 4863 4853 4864 0 0 0
9228 4852 4853 4863 0 0 0
9229 4852 4863 4854 0 0 0
9230 4865 4854 4863 0 0 0
9231 4854 4866 3583 0 0 0
9232 4865 4866 4854 0 0 0
9233 3585 3583 4866 0 0 0
9234 4867 4868 4856 0 0 0
9235 4867 4856 4855 0 0 0
9236 4869 4870 4868 0 0 0
9237 4868 4867 4869 0 0 0
9238 4871 4872 4870 0 0 0
9239 4870 4869 4871 0 0 0
9240 4864 4873 4874 0 0 0
9241 4864 4874 4863 0 0 0
9242 4875 4873 4876 0 0 0
9243 4873 4875 4874 0 0 0
9244 4877 4876 4878 0 0 0
9245 4876 4877 4875 0 0 0
9246 4879 4878 4880 0 0 0
9247 4878 4879 4877 0 0 0
9248 4881 4880 4872 0 0 0
9249 4872 4871 4881 0 0 0
9250 4880 4881 4879 0 0 0
9251 4861 4860 4882 0 0 0
9252 4883 4882 4860 0 0 0
9253 4884 4867 4855 0 0 0
9254 4862 4884 4855 0 0 0
9255 4861 4885 4859 0 0 0
9256 4857 4859 4885 0 0 0
9257 4862 4857 4885 0 0 0
9258 4886 4861 4882 0 0 0
9259 4886 4885 4861 0 0 0
9260 4862 4887 4884 0 0 0
9261 4862 4885 4887 0 0 0
9262 4888 4863 4874 0 0 0
9263 4865 4863 4888 0 0 0
9264 4865 4889 4866 0 0 0
9265 4865 4888 4889 0 0 0
9266 4890 3585 4866 0 0 0
9267 4890 4866 4889 0 0 0
9268 3585 4890 3587 0 0 0
9269 4869 4867 4891 0 0 0
9270 4884 4891 4867 0 0 0
9271 4892 4871 4869 0 0 0
9272 4891 4892 4869 0 0 0
9273 4893 4881 4871 0 0 0
9274 4871 4892 4893 0 0 0
9275 4894 4874 4875 0 0 0
9276 4888 4874 4894 0 0 0
9277 4895 4875 4877 0 0 0
9278 4875 4895 4894 0 0 0
9279 4896 4877 4879 0 0 0
9280 4877 4896 4895 0 0 0
9281 4897 4879 4881 0 0 0
9282 4881 4893 4897 0 0 0
9283 4879 4897 4896 0 0 0
9284 4886 4882 4898 0 0 0
9285 4882 4883 4899 0 0 0
9286 4882 4899 4898 0 0 0
9287 4900 4899 4883 0 0 0
9288 4891 4884 4901 0 0 0
9289 4887 4901 4884 0 0 0
9290 4886 4898 4902 0 0 0
9291 4886 4902 4885 0 0 0
9292 4887 4885 4902 0 0 0
9293 4898 4903 4902 0 0 0
9294 4901 4887 4904 0 0 0
9295 4887 4902 4904 0 0 0
9296 4894 4905 4888 0 0 0
9297 4889 4888 4905 0 0 0
9298 4906 4889 4905 0 0 0
9299 4907 4890 4889 0 0 0
9300 4907 4889 4906 0 0 0
9301 4908 3587 4890 0 0 0
9302 4907 4908 4890 0 0 0
9303 3587 4908 3589 0 0 0
9304 4892 4891 4909 0 0 0
9305 4901 4909 4891 0 0 0
9306 4910 4893 4892 0 0 0
9307 4909 4910 4892 0 0 0
9308 4911 4897 4893 0 0 0
9309 4893 4910 4911 0 0 0
9310 4912 4894 4895 0 0 0
9311 4905 4894 4912 0 0 0
9312 4895 4896 4913 0 0 0
9313 4895 4913 4912 0 0 0
9314 4914 4896 4897 0 0 0
9315 4897 4911 4914 0 0 0
9316 4896 4914 4913 0 0 0
9317 4898 4899 4915 0 0 0
9318 4903 4898 4915 0 0 0
9319 4916 4917 4900 0 0 0
9320 4899 4900 4917 0 0 0
9321 4917 4915 4899 0 0 0
9322 4909 4901 4918 0 0 0
9323 4904 4918 4901 0 0 0
9324 4903 4915 4919 0 0 0
9325 4903 4919 4920 0 0 0
9326 4903 4920 4902 0 0 0
9327 4904 4902 4920 0 0 0
9328 4921 4918 4904 0 0 0
9329 4921 4904 4920 0 0 0
9330 4912 4922 4905 0 0 0
9331 4906 4905 4922 0 0 0
9332 4923 4906 4922 0 0 0
9333 4907 4924 4908 0 0 0
9334 4907 4906 4924 0 0 0
9335 4923 4924 4906 0 0 0
9336 4925 3589 4908 0 0 0
9337 4908 4924 4925 0 0 0
9338 3589 4925 3591 0 0 0
9339 4909 4926 4910 0 0 0
9340 4918 4926 4909 0 0 0
9341 4927 4911 4910 0 0 0
9342 4926 4927 4910 0 0 0
9343 4928 4914 4911 0 0 0
9344 4911 4927 4928 0 0 0
9345 4913 4929 4912 0 0 0
9346 4922 4912 4929 0 0 0
9347 4913 4914 4930 0 0 0
9348 4914 4928 4930 0 0 0
9349 4913 4930 4929 0 0 0
9350 4915 4917 4931 0 0 0
9351 4919 4915 4931 0 0 0
9352 4932 4933 4916 0 0 0
9353 4917 4916 4933 0 0 0
9354 4933 4931 4917 0 0 0
9355 4918 4934 4926 0 0 0
9356 4921 4934 4918 0 0 0
9357 4931 4935 4919 0 0 0
9358 4936 4919 4935 0 0 0
9359 4936 4920 4919 0 0 0
9360 4936 4937 4920 0 0 0
9361 4921 4920 4937 0 0 0
9362 4921 4937 4934 0 0 0
9363 4938 4923 4922 0 0 0
9364 4939 4922 4929 0 0 0
9365 4938 4922 4939 0 0 0
9366 4923 4940 4924 0 0 0
9367 4938 4940 4923 0 0 0
9368 4941 4925 4924 0 0 0
9369 4941 4924 4940 0 0 0
9370 4942 3591 4925 0 0 0
9371 4941 4942 4925 0 0 0
9372 3594 3591 4942 0 0 0
9373 4927 4926 4943 0 0 0
9374 4934 4943 4926 0 0 0
9375 4928 4927 4944 0 0 0
9376 4927 4943 4944 0 0 0
9377 4945 4930 4928 0 0 0
9378 4944 4945 4928 0 0 0
9379 4930 4946 4929 0 0 0
9380 4945 4946 4930 0 0 0
9381 4939 4929 4946 0 0 0
9382 4931 4933 4947 0 0 0
9383 4947 4935 4931 0 0 0
9384 4948 4949 4932 0 0 0
9385 4933 4932 4949 0 0 0
9386 4949 4947 4933 0 0 0
9387 4935 4947 4950 0 0 0
9388 4934 4951 4943 0 0 0
9389 4934 4937 4951 0 0 0
9390 4935 4950 4952 0 0 0
9391 4936 4935 4952 0 0 0
9392 4936 4952 4937 0 0 0
9393 4953 4937 4952 0 0 0
9394 4953 4951 4937 0 0 0
9395 4938 4954 4940 0 0 0
9396 4938 4939 4954 0 0 0
9397 4939 4955 4954 0 0 0
9398 4955 4939 4946 0 0 0
9399 4956 4940 4954 0 0 0
9400 4941 4957 4942 0 0 0
9401 4941 4940 4957 0 0 0
9402 4956 4957 4940 0 0 0
9403 4942 4958 3594 0 0 0
9404 4942 4957 4958 0 0 0
9405 3594 4958 3596 0 0 0
9406 4959 4944 4943 0 0 0
9407 4943 4951 4959 0 0 0
9408 4960 4945 4944 0 0 0
9409 4960 4944 4959 0 0 0
9410 4961 4946 4945 0 0 0
9411 4961 4945 4960 0 0 0
9412 4962 4946 4961 0 0 0
9413 4962 4955 4946 0 0 0
9414 4947 4949 4963 0 0 0
9415 4963 4950 4947 0 0 0
9416 4964 4965 4948 0 0 0
9417 4949 4948 4965 0 0 0
9418 4965 4963 4949 0 0 0
9419 4966 4967 4964 0 0 0
9420 4967 4965 4964 0 0 0
9421 4968 4969 4966 0 0 0
9422 4967 4966 4969 0 0 0
9423 4970 4950 4963 0 0 0
9424 4950 4970 4971 0 0 0
9425 4971 4952 4950 0 0 0
9426 4972 4959 4951 0 0 0
9427 4953 4973 4951 0 0 0
9428 4972 4951 4973 0 0 0
9429 4974 4952 4971 0 0 0
9430 4953 4952 4974 0 0 0
9431 4953 4974 4973 0 0 0
9432 4956 4954 4975 0 0 0
9433 4954 4955 4975 0 0 0
9434 4976 4975 4955 0 0 0
9435 4962 4976 4955 0 0 0
9436 4956 4977 4957 0 0 0
9437 4956 4975 4977 0 0 0
9438 4958 4957 4978 0 0 0
9439 4977 4978 4957 0 0 0
9440 4979 3596 4958 0 0 0
9441 4958 4978 4979 0 0 0
9442 3596 4979 3600 0 0 0
9443 4960 4959 4980 0 0 0
9444 4972 4980 4959 0 0 0
9445 4960 4981 4961 0 0 0
9446 4981 4960 4980 0 0 0
9447 4962 4982 4976 0 0 0
9448 4962 4961 4982 0 0 0
9449 4982 4961 4981 0 0 0
9450 4967 4983 4965 0 0 0
9451 4965 4983 4963 0 0 0
9452 4970 4963 4983 0 0 0
9453 4984 4967 4969 0 0 0
9454 4984 4983 4967 0 0 0
9455 4985 4986 4968 0 0 0
9456 4969 4968 4986 0 0 0
9457 4969 4986 4987 0 0 0
9458 4984 4969 4987 0 0 0
9459 4988 4970 4983 0 0 0
9460 4988 4989 4970 0 0 0
9461 4989 4971 4970 0 0 0
9462 4971 4989 4990 0 0 0
9463 4974 4971 4990 0 0 0
9464 4972 4973 4991 0 0 0
9465 4972 4991 4980 0 0 0
9466 4990 4992 4974 0 0 0
9467 4973 4974 4992 0 0 0
9468 4992 4991 4973 0 0 0
9469 4975 4993 4977 0 0 0
9470 4975 4976 4993 0 0 0
9471 4976 4994 4993 0 0 0
9472 4976 4982 4994 0 0 0
9473 4977 4995 4978 0 0 0
9474 4977 4993 4995 0 0 0
9475 4996 4979 4978 0 0 0
9476 4996 4978 4995 0 0 0
9477 3603 3600 4997 0 0 0
9478 3600 4979 4997 0 0 0
9479 4996 4997 4979 0 0 0
9480 4998 4980 4991 0 0 0
9481 4981 4980 4999 0 0 0
9482 4998 4999 4980 0 0 0
9483 5000 4982 4981 0 0 0
9484 5000 4981 4999 0 0 0
9485 5001 4994 4982 0 0 0
9486 5000 5001 4982 0 0 0
9487 5002 4444 5003 0 0 0
9488 5004 5005 5002 0 0 0
9489 5004 5002 5003 0 0 0
9490 5006 5007 4985 0 0 0
9491 4986 4985 5007 0 0 0
9492 5005 5008 5006 0 0 0
9493 5004 5008 5005 0 0 0
9494 5007 5006 5008 0 0 0
9495 4984 4987 5009 0 0 0
9496 4984 5009 4983 0 0 0
9497 4988 4983 5009 0 0 0
9498 5007 5010 4986 0 0 0
9499 4987 4986 5010 0 0 0
9500 5011 4987 5010 0 0 0
9501 5011 5009 4987 0 0 0
9502 4988 5009 5012 0 0 0
9503 4988 5012 4989 0 0 0
9504 4989 5012 5013 0 0 0
9505 5013 4990 4989 0 0 0
9506 5013 5014 4990 0 0 0
9507 5014 4992 4990 0 0 0
9508 5014 5015 4992 0 0 0
9509 4991 4992 5015 0 0 0
9510 4998 4991 5015 0 0 0
9511 5016 4995 4993 0 0 0
9512 5016 4993 4994 0 0 0
9513 4994 5017 5016 0 0 0
9514 5017 4994 5001 0 0 0
9515 5018 4995 5016 0 0 0
9516 4996 5019 4997 0 0 0
9517 4996 4995 5019 0 0 0
9518 5018 5019 4995 0 0 0
9519 3605 3603 5020 0 0 0
9520 4997 5020 3603 0 0 0
9521 4997 5019 5020 0 0 0
9522 4998 5015 5021 0 0 0
9523 4998 5021 4999 0 0 0
9524 5000 5022 5001 0 0 0
9525 4999 5022 5000 0 0 0
9526 5022 4999 5021 0 0 0
9527 5001 5023 5017 0 0 0
9528 5023 5001 5022 0 0 0
9529 4444 4445 5003 0 0 0
9530 5003 4445 5024 0 0 0
9531 5003 5024 5025 0 0 0
9532 5004 5025 5008 0 0 0
9533 5004 5003 5025 0 0 0
9534 5008 5026 5007 0 0 0
9535 5010 5007 5026 0 0 0
9536 5027 5026 5008 0 0 0
9537 5027 5008 5025 0 0 0
9538 5011 5028 5009 0 0 0
9539 5012 5009 5028 0 0 0
9540 5026 5029 5010 0 0 0
9541 5011 5010 5029 0 0 0
9542 5011 5029 5028 0 0 0
9543 5012 5028 5030 0 0 0
9544 5030 5013 5012 0 0 0
9545 5031 5013 5030 0 0 0
9546 5031 5014 5013 0 0 0
9547 5031 5032 5014 0 0 0
9548 5014 5032 5015 0 0 0
9549 5033 5015 5032 0 0 0
9550 5033 5021 5015 0 0 0
9551 5018 5016 5034 0 0 0
9552 5034 5016 5017 0 0 0
9553 5017 5035 5034 0 0 0
9554 5035 5017 5023 0 0 0
9555 5036 5035 5023 0 0 0
9556 5018 5037 5019 0 0 0
9557 5018 5034 5037 0 0 0
9558 3606 3605 5038 0 0 0
9559 5020 5038 3605 0 0 0
9560 5038 5020 5039 0 0 0
9561 5020 5019 5039 0 0 0
9562 5037 5039 5019 0 0 0
9563 5033 5040 5021 0 0 0
9564 5021 5040 5041 0 0 0
9565 5022 5041 5023 0 0 0
9566 5036 5023 5041 0 0 0
9567 5022 5021 5041 0 0 0
9568 5042 5030 5028 0 0 0
9569 4447 5024 4445 0 0 0
9570 5043 5024 4447 0 0 0
9571 5043 5044 5024 0 0 0
9572 5025 5024 5044 0 0 0
9573 5025 5044 5027 0 0 0
9574 5027 5045 5026 0 0 0
9575 5045 5029 5026 0 0 0
9576 5027 5044 5045 0 0 0
9577 5046 5028 5029 0 0 0
9578 5042 5028 5046 0 0 0
9579 5047 5046 5029 0 0 0
9580 5047 5029 5045 0 0 0
9581 5042 5048 5030 0 0 0
9582 5031 5048 5032 0 0 0
9583 5031 5030 5048 0 0 0
9584 5032 5048 5049 0 0 0
9585 5033 5032 5049 0 0 0
9586 5033 5049 5040 0 0 0
9587 5050 5040 5049 0 0 0
9588 5051 5037 5034 0 0 0
9589 5034 5035 5051 0 0 0
9590 5052 5051 5035 0 0 0
9591 5036 5052 5035 0 0 0
9592 5036 5053 5052 0 0 0
9593 5036 5041 5053 0 0 0
9594 5037 5054 5039 0 0 0
9595 5054 5037 5051 0 0 0
9596 3607 3606 5055 0 0 0
9597 5055 3606 5038 0 0 0
9598 5055 5038 5056 0 0 0
9599 5038 5039 5056 0 0 0
9600 5039 5054 5056 0 0 0
9601 5040 5057 5041 0 0 0
9602 5050 5057 5040 0 0 0
9603 5058 5041 5057 0 0 0
9604 5058 5053 5041 0 0 0
9605 5042 5046 5059 0 0 0
9606 5042 5059 5048 0 0 0
9607 5043 4447 4449 0 0 0
9608 5043 4449 5060 0 0 0
9609 5043 5060 5044 0 0 0
9610 5060 5061 5044 0 0 0
9611 5045 5044 5061 0 0 0
9612 5047 5045 5061 0 0 0
9613 5047 5061 5062 0 0 0
9614 5047 5062 5046 0 0 0
9615 5062 5059 5046 0 0 0
9616 5059 5063 5048 0 0 0
9617 5063 5049 5048 0 0 0
9618 5064 5049 5063 0 0 0
9619 5050 5049 5064 0 0 0
9620 5064 5065 5050 0 0 0
9621 5050 5065 5057 0 0 0
9622 5065 5066 5057 0 0 0
9623 3610 3607 5067 0 0 0
9624 5067 3607 5055 0 0 0
9625 5058 5068 5053 0 0 0
9626 5051 5069 5054 0 0 0
9627 5052 5069 5051 0 0 0
9628 5069 5052 5070 0 0 0
9629 5052 5053 5070 0 0 0
9630 5068 5070 5053 0 0 0
9631 5054 5071 5056 0 0 0
9632 5071 5054 5069 0 0 0
9633 5067 5055 5072 0 0 0
9634 5056 5072 5055 0 0 0
9635 5072 5056 5071 0 0 0
9636 5066 5073 5057 0 0 0
9637 5058 5057 5073 0 0 0
9638 5068 5058 5073 0 0 0
9639 5059 5062 5074 0 0 0
9640 5074 5063 5059 0 0 0
9641 4449 4451 5060 0 0 0
9642 4451 5075 5060 0 0 0
9643 5060 5075 5061 0 0 0
9644 5075 5076 5061 0 0 0
9645 5062 5061 5076 0 0 0
9646 5076 5074 5062 0 0 0
9647 5074 5077 5063 0 0 0
9648 5064 5063 5077 0 0 0
9649 5064 5077 5065 0 0 0
9650 5078 5065 5077 0 0 0
9651 5079 5065 5078 0 0 0
9652 5066 5065 5079 0 0 0
9653 5066 5079 5080 0 0 0
9654 5066 5080 5073 0 0 0
9655 3611 3610 5081 0 0 0
9656 3610 5067 5081 0 0 0
9657 5082 3613 3611 0 0 0
9658 5082 3611 5081 0 0 0
9659 5083 5081 5067 0 0 0
9660 5083 5067 5072 0 0 0
9661 5084 5068 5073 0 0 0
9662 5084 5085 5068 0 0 0
9663 5085 5070 5068 0 0 0
9664 5071 5069 5086 0 0 0
9665 5070 5086 5069 0 0 0
9666 5085 5086 5070 0 0 0
9667 5087 5072 5071 0 0 0
9668 5087 5071 5086 0 0 0
9669 5083 5072 5088 0 0 0
9670 5088 5072 5087 0 0 0
9671 5089 5073 5080 0 0 0
9672 5084 5073 5089 0 0 0
9673 5082 5090 3613 0 0 0
9674 3613 5090 3615 0 0 0
9675 5091 5074 5076 0 0 0
9676 5091 5077 5074 0 0 0
9677 4451 4452 5075 0 0 0
9678 5092 5075 4452 0 0 0
9679 5076 5075 5092 0 0 0
9680 5076 5092 5091 0 0 0
9681 5093 5077 5091 0 0 0
9682 5078 5077 5093 0 0 0
9683 5078 5093 5094 0 0 0
9684 5078 5094 5079 0 0 0
9685 5095 5079 5094 0 0 0
9686 5079 5095 5080 0 0 0
9687 5096 5080 5095 0 0 0
9688 5089 5080 5096 0 0 0
9689 5082 5081 5097 0 0 0
9690 5082 5097 5090 0 0 0
9691 5083 5097 5081 0 0 0
9692 5083 5088 5097 0 0 0
9693 5084 5089 5098 0 0 0
9694 5084 5098 5085 0 0 0
9695 5099 5085 5098 0 0 0
9696 5099 5086 5085 0 0 0
9697 5088 5100 5097 0 0 0
9698 5087 5086 5100 0 0 0
9699 5088 5087 5100 0 0 0
9700 5099 5100 5086 0 0 0
9701 5101 5090 5097 0 0 0
9702 5096 5102 5089 0 0 0
9703 5098 5089 5102 0 0 0
9704 5103 5090 5101 0 0 0
9705 3615 5090 4453 0 0 0
9706 5103 4453 5090 0 0 0
9707 5104 5091 5092 0 0 0
9708 5093 5091 5104 0 0 0
9709 4454 5092 4452 0 0 0
9710 5104 5092 4454 0 0 0
9711 5093 5104 5105 0 0 0
9712 5094 5093 5105 0 0 0
9713 5094 5105 5106 0 0 0
9714 5094 5106 5095 0 0 0
9715 5107 5095 5106 0 0 0
9716 5095 5107 5096 0 0 0
9717 5108 5096 5107 0 0 0
9718 5096 5108 5102 0 0 0
9719 5101 5097 5109 0 0 0
9720 5109 5097 5100 0 0 0
9721 5098 5102 5110 0 0 0
9722 5099 5098 5110 0 0 0
9723 5099 5110 5100 0 0 0
9724 5111 5109 5100 0 0 0
9725 5111 5100 5110 0 0 0
9726 5101 5112 5103 0 0 0
9727 5101 5109 5112 0 0 0
9728 5113 5102 5108 0 0 0
9729 5102 5113 5110 0 0 0
9730 4456 4453 5103 0 0 0
9731 5103 5112 4456 0 0 0
9732 4454 4457 5104 0 0 0
9733 5105 5104 4457 0 0 0
9734 4462 5105 4457 0 0 0
9735 5105 4462 5106 0 0 0
9736 4461 5106 4462 0 0 0
9737 5106 4461 5107 0 0 0
9738 4464 5107 4461 0 0 0
9739 5107 4464 5108 0 0 0
9740 4464 4466 5108 0 0 0
9741 5108 4466 5113 0 0 0
9742 5112 5109 5114 0 0 0
9743 5111 5114 5109 0 0 0
9744 5111 5115 5114 0 0 0
9745 5115 5110 5113 0 0 0
9746 5111 5110 5115 0 0 0
9747 5112 4459 4456 0 0 0
9748 4459 5112 5114 0 0 0
9749 4468 5113 4466 0 0 0
9750 5115 5113 4468 0 0 0
9751 5114 4470 4459 0 0 0
9752 4470 5115 4468 0 0 0
9753 5114 5115 4470 0 0 0
9754 5116 3790 3788 0 0 0
9755 3788 4475 5116 0 0 0
9756 4476 5117 4475 0 0 0
9757 5116 4475 5117 0 0 0
9758 5118 4477 4482 0 0 0
9759 5119 4476 4477 0 0 0
9760 5119 4477 5118 0 0 0
9761 5119 5117 4476 0 0 0
9762 5120 3792 3790 0 0 0
9763 3790 5116 5120 0 0 0
9764 5121 5120 5116 0 0 0
9765 5116 5117 5121 0 0 0
9766 5122 4492 4487 0 0 0
9767 4495 5123 4482 0 0 0
9768 5118 4482 5123 0 0 0
9769 4488 5124 4487 0 0 0
9770 5122 4487 5124 0 0 0
9771 5125 5124 4488 0 0 0
9772 5126 5118 5123 0 0 0
9773 5119 5118 5127 0 0 0
9774 5119 5127 5117 0 0 0
9775 5126 5127 5118 0 0 0
9776 5121 5117 5127 0 0 0
9777 5128 3794 3792 0 0 0
9778 5120 5128 3792 0 0 0
9779 5128 5120 5129 0 0 0
9780 5121 5129 5120 0 0 0
9781 5121 5127 5129 0 0 0
9782 5130 4493 4492 0 0 0
9783 5122 5130 4492 0 0 0
9784 5122 5131 5130 0 0 0
9785 5122 5124 5131 0 0 0
9786 5132 4494 4493 0 0 0
9787 4493 5130 5132 0 0 0
9788 5133 4503 4494 0 0 0
9789 5133 4494 5132 0 0 0
9790 4495 4496 5134 0 0 0
9791 5123 4495 5134 0 0 0
9792 5123 5134 5135 0 0 0
9793 5126 5123 5135 0 0 0
9794 4496 4497 5136 0 0 0
9795 5134 4496 5136 0 0 0
9796 4497 4498 5137 0 0 0
9797 5137 5136 4497 0 0 0
9798 4499 5138 4498 0 0 0
9799 5138 5137 4498 0 0 0
9800 4499 4500 5139 0 0 0
9801 5139 5138 4499 0 0 0
9802 5124 5125 5140 0 0 0
9803 5124 5140 5131 0 0 0
9804 5141 5140 5125 0 0 0
9805 5131 5140 5142 0 0 0
9806 5126 5135 5143 0 0 0
9807 5126 5143 5127 0 0 0
9808 5144 5143 5135 0 0 0
9809 5129 5127 5145 0 0 0
9810 5143 5145 5127 0 0 0
9811 5146 3796 3794 0 0 0
9812 5146 3794 5128 0 0 0
9813 5146 5128 5147 0 0 0
9814 5128 5129 5147 0 0 0
9815 5129 5145 5147 0 0 0
9816 4501 5148 4500 0 0 0
9817 5139 4500 5148 0 0 0
9818 4501 4502 5149 0 0 0
9819 5148 4501 5149 0 0 0
9820 4503 5150 4502 0 0 0
9821 5133 5150 4503 0 0 0
9822 5149 4502 5150 0 0 0
9823 5132 5130 5151 0 0 0
9824 5130 5131 5151 0 0 0
9825 5142 5151 5131 0 0 0
9826 5152 5151 5142 0 0 0
9827 5133 5132 5153 0 0 0
9828 5133 5153 5150 0 0 0
9829 5132 5151 5153 0 0 0
9830 5136 5154 5134 0 0 0
9831 5135 5134 5154 0 0 0
9832 5155 5135 5154 0 0 0
9833 5144 5135 5155 0 0 0
9834 5156 5137 5138 0 0 0
9835 5137 5157 5136 0 0 0
9836 5156 5157 5137 0 0 0
9837 5154 5136 5157 0 0 0
9838 5158 5139 5148 0 0 0
9839 5138 5139 5159 0 0 0
9840 5158 5159 5139 0 0 0
9841 5156 5138 5159 0 0 0
9842 5140 5141 5160 0 0 0
9843 5160 5142 5140 0 0 0
9844 5161 5160 5141 0 0 0
9845 5142 5160 5162 0 0 0
9846 5152 5142 5162 0 0 0
9847 5143 5163 5145 0 0 0
9848 5144 5163 5143 0 0 0
9849 5144 5155 5164 0 0 0
9850 5144 5164 5163 0 0 0
9851 5165 5147 5145 0 0 0
9852 5163 5165 5145 0 0 0
9853 3796 5166 3797 0 0 0
9854 5146 5166 3796 0 0 0
9855 5146 5147 5166 0 0 0
9856 5167 5166 5147 0 0 0
9857 5167 5147 5165 0 0 0
9858 5148 5149 5168 0 0 0
9859 5158 5148 5168 0 0 0
9860 5169 5149 5150 0 0 0
9861 5169 5168 5149 0 0 0
9862 5170 5169 5150 0 0 0
9863 5170 5150 5153 0 0 0
9864 5171 5153 5151 0 0 0
9865 5152 5171 5151 0 0 0
9866 5152 5162 5172 0 0 0
9867 5152 5172 5171 0 0 0
9868 5173 5153 5171 0 0 0
9869 5170 5153 5173 0 0 0
9870 5154 5157 5174 0 0 0
9871 5155 5154 5174 0 0 0
9872 5175 5155 5174 0 0 0
9873 5175 5164 5155 0 0 0
9874 5156 5159 5176 0 0 0
9875 5156 5176 5157 0 0 0
9876 5174 5157 5177 0 0 0
9877 5176 5177 5157 0 0 0
9878 5158 5168 5178 0 0 0
9879 5158 5178 5159 0 0 0
9880 5179 5176 5159 0 0 0
9881 5179 5159 5178 0 0 0
9882 5180 5181 5161 0 0 0
9883 5160 5161 5181 0 0 0
9884 5162 5160 5181 0 0 0
9885 5182 5162 5181 0 0 0
9886 5182 5172 5162 0 0 0
9887 5183 5181 5180 0 0 0
9888 5184 5183 5180 0 0 0
9889 5182 5185 5172 0 0 0
9890 3800 3797 5186 0 0 0
9891 5186 3797 5166 0 0 0
9892 5163 5187 5165 0 0 0
9893 5163 5164 5187 0 0 0
9894 5175 5188 5164 0 0 0
9895 5164 5188 5187 0 0 0
9896 5167 5165 5189 0 0 0
9897 5189 5165 5187 0 0 0
9898 5190 5186 5166 0 0 0
9899 5167 5190 5166 0 0 0
9900 5167 5189 5190 0 0 0
9901 5191 5178 5168 0 0 0
9902 5169 5192 5168 0 0 0
9903 5191 5168 5192 0 0 0
9904 5170 5193 5169 0 0 0
9905 5170 5173 5193 0 0 0
9906 5193 5192 5169 0 0 0
9907 5173 5171 5194 0 0 0
9908 5172 5194 5171 0 0 0
9909 5172 5185 5194 0 0 0
9910 5195 5173 5194 0 0 0
9911 5195 5193 5173 0 0 0
9912 5196 5194 5185 0 0 0
9913 5174 5177 5197 0 0 0
9914 5175 5174 5197 0 0 0
9915 5175 5197 5188 0 0 0
9916 5179 5198 5176 0 0 0
9917 5177 5176 5198 0 0 0
9918 5199 5197 5177 0 0 0
9919 5199 5177 5198 0 0 0
9920 5191 5200 5178 0 0 0
9921 5179 5178 5200 0 0 0
9922 5179 5200 5198 0 0 0
9923 5183 5201 5181 0 0 0
9924 5182 5181 5201 0 0 0
9925 5182 5201 5185 0 0 0
9926 5183 5184 5202 0 0 0
9927 5183 5202 5201 0 0 0
9928 5203 5202 5184 0 0 0
9929 5185 5201 5204 0 0 0
9930 5185 5204 5196 0 0 0
9931 3802 3800 5205 0 0 0
9932 5186 5205 3800 0 0 0
9933 5205 5186 5206 0 0 0
9934 5190 5206 5186 0 0 0
9935 5207 5188 5197 0 0 0
9936 5187 5208 5189 0 0 0
9937 5188 5208 5187 0 0 0
9938 5207 5208 5188 0 0 0
9939 5206 5190 5209 0 0 0
9940 5189 5209 5190 0 0 0
9941 5209 5189 5208 0 0 0
9942 5191 5192 5210 0 0 0
9943 5191 5210 5200 0 0 0
9944 5193 5211 5192 0 0 0
9945 5195 5211 5193 0 0 0
9946 5211 5210 5192 0 0 0
9947 5196 5212 5194 0 0 0
9948 5195 5194 5212 0 0 0
9949 5195 5212 5211 0 0 0
9950 5213 5196 5204 0 0 0
9951 5214 5196 5213 0 0 0
9952 5214 5212 5196 0 0 0
9953 5199 5215 5197 0 0 0
9954 5207 5197 5215 0 0 0
9955 5199 5216 5215 0 0 0
9956 5198 5200 5216 0 0 0
9957 5199 5198 5216 0 0 0
9958 5210 5217 5200 0 0 0
9959 5217 5216 5200 0 0 0
9960 5202 5218 5201 0 0 0
9961 5201 5218 5204 0 0 0
9962 5219 5202 5203 0 0 0
9963 5219 5218 5202 0 0 0
9964 5203 5220 5219 0 0 0
9965 5221 5204 5218 0 0 0
9966 5204 5221 5213 0 0 0
9967 3802 5222 3805 0 0 0
9968 5222 3802 5205 0 0 0
9969 5222 5205 5223 0 0 0
9970 5206 5223 5205 0 0 0
9971 5206 5224 5223 0 0 0
9972 5224 5206 5209 0 0 0
9973 5207 5225 5208 0 0 0
9974 5207 5215 5225 0 0 0
9975 5224 5209 5226 0 0 0
9976 5226 5209 5208 0 0 0
9977 5208 5225 5226 0 0 0
9978 5211 5227 5210 0 0 0
9979 5217 5210 5227 0 0 0
9980 5212 5227 5211 0 0 0
9981 5228 5212 5214 0 0 0
9982 5228 5227 5212 0 0 0
9983 5213 5221 5229 0 0 0
9984 5229 5230 5213 0 0 0
9985 5214 5213 5230 0 0 0
9986 5214 5230 5228 0 0 0
9987 5231 5215 5216 0 0 0
9988 5232 5225 5215 0 0 0
9989 5232 5215 5231 0 0 0
9990 5217 5233 5216 0 0 0
9991 5231 5216 5233 0 0 0
9992 5234 5217 5227 0 0 0
9993 5233 5217 5234 0 0 0
9994 5235 5218 5219 0 0 0
9995 5235 5236 5218 0 0 0
9996 5236 5221 5218 0 0 0
9997 5237 5219 5220 0 0 0
9998 5235 5219 5237 0 0 0
9999 5238 5237 5220 0 0 0
10000 5236 5239 5221 0 0 0
10001 5239 5229 5221 0 0 0
10002 3808 3805 5240 0 0 0
10003 5240 3805 5222 0 0 0
10004 5241 5240 5222 0 0 0
10005 5241 5222 5223 0 0 0
10006 5241 5223 5242 0 0 0
10007 5243 5223 5224 0 0 0
10008 5243 5242 5223 0 0 0
10009 5244 5225 5232 0 0 0
10010 5243 5224 5245 0 0 0
10011 5245 5224 5226 0 0 0
10012 5245 5226 5246 0 0 0
10013 5246 5226 5225 0 0 0
10014 5244 5246 5225 0 0 0
10015 5229 5239 5247 0 0 0
10016 5228 5230 5248 0 0 0
10017 5234 5227 5248 0 0 0
10018 5228 5248 5227 0 0 0
10019 5229 5247 5249 0 0 0
10020 5230 5229 5249 0 0 0
10021 5230 5249 5248 0 0 0
10022 5231 5233 5250 0 0 0
10023 5231 5250 5232 0 0 0
10024 5244 5232 5251 0 0 0
10025 5251 5232 5250 0 0 0
10026 5234 5252 5233 0 0 0
10027 5252 5250 5233 0 0 0
10028 5253 5234 5248 0 0 0
10029 5253 5252 5234 0 0 0
10030 5235 5237 5254 0 0 0
10031 5235 5254 5236 0 0 0
10032 5236 5254 5239 0 0 0
10033 5237 5238 5255 0 0 0
10034 5237 5255 5254 0 0 0
10035 5256 5255 5238 0 0 0
10036 5239 5254 5257 0 0 0
10037 5239 5257 5247 0 0 0
10038 3808 5258 3810 0 0 0
10039 5240 5258 3808 0 0 0
10040 5240 5259 5258 0 0 0
10041 5241 5259 5240 0 0 0
10042 5241 5242 5259 0 0 0
10043 5260 5259 5242 0 0 0
10044 5243 5245 5261 0 0 0
10045 5242 5243 5261 0 0 0
10046 5260 5242 5261 0 0 0
10047 5244 5262 5246 0 0 0
10048 5244 5251 5262 0 0 0
10049 5245 5263 5261 0 0 0
10050 5246 5263 5245 0 0 0
10051 5246 5262 5263 0 0 0
10052 5264 5262 5251 0 0 0
10053 5265 5247 5257 0 0 0
10054 5247 5265 5266 0 0 0
10055 5266 5249 5247 0 0 0
10056 5249 5266 5267 0 0 0
10057 5267 5248 5249 0 0 0
10058 5253 5248 5267 0 0 0
10059 5250 5252 5268 0 0 0
10060 5264 5251 5268 0 0 0
10061 5251 5250 5268 0 0 0
10062 5253 5267 5269 0 0 0
10063 5253 5269 5252 0 0 0
10064 5269 5268 5252 0 0 0
10065 5255 5270 5254 0 0 0
10066 5257 5254 5270 0 0 0
10067 5271 5272 5256 0 0 0
10068 5255 5256 5272 0 0 0
10069 5272 5270 5255 0 0 0
10070 5273 5257 5270 0 0 0
10071 5257 5273 5265 0 0 0
10072 5274 5275 5271 0 0 0
10073 5275 5272 5271 0 0 0
10074 5276 5277 5274 0 0 0
10075 5275 5274 5277 0 0 0
10076 3810 5278 3812 0 0 0
10077 5278 3810 5258 0 0 0
10078 5258 5279 5278 0 0 0
10079 5279 5258 5259 0 0 0
10080 5280 5279 5259 0 0 0
10081 5280 5259 5260 0 0 0
10082 5260 5281 5280 0 0 0
10083 5260 5261 5281 0 0 0
10084 5263 5282 5261 0 0 0
10085 5281 5261 5282 0 0 0
10086 5282 5263 5283 0 0 0
10087 5262 5283 5263 0 0 0
10088 5264 5283 5262 0 0 0
10089 5264 5284 5283 0 0 0
10090 5264 5268 5284 0 0 0
10091 5285 5265 5273 0 0 0
10092 5285 5286 5265 0 0 0
10093 5286 5266 5265 0 0 0
10094 5286 5287 5266 0 0 0
10095 5266 5287 5267 0 0 0
10096 5287 5288 5267 0 0 0
10097 5269 5267 5288 0 0 0
10098 5288 5289 5269 0 0 0
10099 5289 5284 5268 0 0 0
10100 5269 5289 5268 0 0 0
10101 5290 5291 5276 0 0 0
10102 5277 5276 5291 0 0 0
10103 5275 5292 5272 0 0 0
10104 5270 5272 5292 0 0 0
10105 5273 5270 5292 0 0 0
10106 5293 5273 5292 0 0 0
10107 5293 5285 5273 0 0 0
10108 5294 5275 5277 0 0 0
10109 5294 5292 5275 0 0 0
10110 5291 5295 5277 0 0 0
10111 5294 5277 5295 0 0 0
10112 5296 3814 3812 0 0 0
10113 3812 5278 5296 0 0 0
10114 5297 5296 5278 0 0 0
10115 5297 5278 5279 0 0 0
10116 5279 5298 5297 0 0 0
10117 5280 5298 5279 0 0 0
10118 5280 5281 5298 0 0 0
10119 5299 5298 5281 0 0 0
10120 5299 5281 5300 0 0 0
10121 5282 5300 5281 0 0 0
10122 5283 5301 5282 0 0 0
10123 5283 5284 5301 0 0 0
10124 5300 5282 5301 0 0 0
10125 5302 5301 5284 0 0 0
10126 5302 5284 5303 0 0 0
10127 5289 5303 5284 0 0 0
10128 5304 5285 5293 0 0 0
10129 5304 5305 5285 0 0 0
10130 5285 5305 5286 0 0 0
10131 5306 5286 5305 0 0 0
10132 5306 5287 5286 0 0 0
10133 5306 5307 5287 0 0 0
10134 5287 5307 5288 0 0 0
10135 5308 5303 5289 0 0 0
10136 5307 5308 5288 0 0 0
10137 5289 5288 5308 0 0 0
10138 5309 5310 5290 0 0 0
10139 5291 5290 5310 0 0 0
10140 5310 5311 5291 0 0 0
10141 5295 5291 5311 0 0 0
10142 5294 5295 5312 0 0 0
10143 5294 5312 5292 0 0 0
10144 5293 5292 5312 0 0 0
10145 5293 5312 5304 0 0 0
10146 5313 5295 5311 0 0 0
10147 5313 5312 5295 0 0 0
10148 3814 5314 3816 0 0 0
10149 5314 3814 5296 0 0 0
10150 5296 5315 5314 0 0 0
10151 5297 5315 5296 0 0 0
10152 5297 5298 5315 0 0 0
10153 5316 5315 5298 0 0 0
10154 5316 5298 5299 0 0 0
10155 5317 5316 5299 0 0 0
10156 5318 5317 5299 0 0 0
10157 5318 5299 5300 0 0 0
10158 5318 5300 5319 0 0 0
10159 5302 5319 5301 0 0 0
10160 5300 5301 5319 0 0 0
10161 5302 5320 5319 0 0 0
10162 5302 5303 5320 0 0 0
10163 5303 5321 5320 0 0 0
10164 5303 5308 5321 0 0 0
10165 5304 5312 5322 0 0 0
10166 5305 5304 5322 0 0 0
10167 5305 5322 5323 0 0 0
10168 5306 5305 5323 0 0 0
10169 5306 5323 5307 0 0 0
10170 5308 5324 5321 0 0 0
10171 5307 5323 5324 0 0 0
10172 5307 5324 5308 0 0 0
10173 5309 5325 5326 0 0 0
10174 5326 5310 5309 0 0 0
10175 5310 5326 5327 0 0 0
10176 5327 5311 5310 0 0 0
10177 5327 5328 5311 0 0 0
10178 5313 5311 5328 0 0 0
10179 5313 5328 5329 0 0 0
10180 5313 5329 5312 0 0 0
10181 5322 5312 5329 0 0 0
10182 5330 3819 3816 0 0 0
10183 3816 5314 5330 0 0 0
10184 5331 5330 5314 0 0 0
10185 5331 5314 5315 0 0 0
10186 5331 5315 5332 0 0 0
10187 5316 5332 5315 0 0 0
10188 5316 5317 5332 0 0 0
10189 5333 5332 5317 0 0 0
10190 5318 5319 5334 0 0 0
10191 5317 5334 5333 0 0 0
10192 5318 5334 5317 0 0 0
10193 5335 5334 5319 0 0 0
10194 5320 5335 5319 0 0 0
10195 5320 5336 5335 0 0 0
10196 5320 5321 5336 0 0 0
10197 5321 5337 5336 0 0 0
10198 5337 5321 5324 0 0 0
10199 5322 5329 5338 0 0 0
10200 5338 5323 5322 0 0 0
10201 5324 5339 5337 0 0 0
10202 5338 5339 5323 0 0 0
10203 5324 5323 5339 0 0 0
10204 5325 5340 5341 0 0 0
10205 5341 5326 5325 0 0 0
10206 5326 5341 5342 0 0 0
10207 5342 5327 5326 0 0 0
10208 5343 5327 5342 0 0 0
10209 5343 5328 5327 0 0 0
10210 5343 5344 5328 0 0 0
10211 5328 5344 5329 0 0 0
10212 5344 5345 5329 0 0 0
10213 5338 5329 5345 0 0 0
10214 5346 3821 3819 0 0 0
10215 5330 5346 3819 0 0 0
10216 5330 5347 5346 0 0 0
10217 5331 5347 5330 0 0 0
10218 5331 5332 5347 0 0 0
10219 5348 5347 5332 0 0 0
10220 5333 5348 5332 0 0 0
10221 5333 5349 5348 0 0 0
10222 5333 5334 5349 0 0 0
10223 5349 5334 5350 0 0 0
10224 5350 5334 5335 0 0 0
10225 5335 5351 5350 0 0 0
10226 5351 5335 5336 0 0 0
10227 5336 5352 5351 0 0 0
10228 5352 5336 5337 0 0 0
10229 5337 5353 5352 0 0 0
10230 5353 5337 5339 0 0 0
10231 5353 5339 5354 0 0 0
10232 5345 5354 5338 0 0 0
10233 5339 5338 5354 0 0 0
10234 5340 5355 5356 0 0 0
10235 5356 5341 5340 0 0 0
10236 5357 5341 5356 0 0 0
10237 5357 5342 5341 0 0 0
10238 5358 5356 5355 0 0 0
10239 5355 4846 5358 0 0 0
10240 5342 5357 5359 0 0 0
10241 5343 5359 5344 0 0 0
10242 5343 5342 5359 0 0 0
10243 5344 5359 5360 0 0 0
10244 5344 5360 5345 0 0 0
10245 5361 5345 5360 0 0 0
10246 5345 5361 5354 0 0 0
10247 5362 3822 3821 0 0 0
10248 3821 5346 5362 0 0 0
10249 5363 5362 5346 0 0 0
10250 5363 5346 5347 0 0 0
10251 5363 5347 5364 0 0 0
10252 5348 5364 5347 0 0 0
10253 5348 5365 5364 0 0 0
10254 5348 5349 5365 0 0 0
10255 5366 5365 5349 0 0 0
10256 5349 5350 5366 0 0 0
10257 5367 5366 5350 0 0 0
10258 5367 5350 5351 0 0 0
10259 5351 5368 5367 0 0 0
10260 5368 5351 5352 0 0 0
10261 5352 5369 5368 0 0 0
10262 5369 5352 5353 0 0 0
10263 5353 5370 5369 0 0 0
10264 5370 5354 5361 0 0 0
10265 5354 5370 5353 0 0 0
10266 5358 5371 5356 0 0 0
10267 5357 5371 5359 0 0 0
10268 5357 5356 5371 0 0 0
10269 5358 4846 4847 0 0 0
10270 5358 4847 5371 0 0 0
10271 5372 3822 5362 0 0 0
10272 5372 3580 3822 0 0 0
10273 5373 5359 5371 0 0 0
10274 5373 5360 5359 0 0 0
10275 5360 5373 5374 0 0 0
10276 5360 5374 5361 0 0 0
10277 5375 5361 5374 0 0 0
10278 5361 5375 5370 0 0 0
10279 5362 5376 5372 0 0 0
10280 5363 5376 5362 0 0 0
10281 5363 5364 5376 0 0 0
10282 5364 5377 5376 0 0 0
10283 5364 5365 5377 0 0 0
10284 5365 5378 5377 0 0 0
10285 5365 5366 5378 0 0 0
10286 5366 5379 5378 0 0 0
10287 5379 5366 5367 0 0 0
10288 5367 5380 5379 0 0 0
10289 5380 5367 5368 0 0 0
10290 5368 5381 5380 0 0 0
10291 5381 5368 5369 0 0 0
10292 5369 5382 5381 0 0 0
10293 5370 5375 5382 0 0 0
10294 5382 5369 5370 0 0 0
10295 5371 4847 4849 0 0 0
10296 4849 5373 5371 0 0 0
10297 5372 4853 3580 0 0 0
10298 5372 5376 4853 0 0 0
10299 4856 5373 4849 0 0 0
10300 5373 4856 5374 0 0 0
10301 4868 5374 4856 0 0 0
10302 5374 4868 5375 0 0 0
10303 5375 4868 4870 0 0 0
10304 4870 5382 5375 0 0 0
10305 5376 4864 4853 0 0 0
10306 4864 5376 5377 0 0 0
10307 5377 4873 4864 0 0 0
10308 4873 5377 5378 0 0 0
10309 5378 4876 4873 0 0 0
10310 4876 5378 5379 0 0 0
10311 5379 4878 4876 0 0 0
10312 4878 5379 5380 0 0 0
10313 5380 4880 4878 0 0 0
10314 4880 5380 5381 0 0 0
10315 5381 4872 4880 0 0 0
10316 5382 4870 4872 0 0 0
10317 4872 5381 5382 0 0 0
10318 5383 1693 1705 0 0 0
10319 5384 1692 1693 0 0 0
10320 1693 5383 5384 0 0 0
10321 1692 5384 5385 0 0 0
10322 5385 1733 1692 0 0 0
10323 5386 5384 5383 0 0 0
10324 5387 1702 1703 0 0 0
10325 5388 1702 5387 0 0 0
10326 1702 5388 1705 0 0 0
10327 1703 5389 5387 0 0 0
10328 5389 1703 1704 0 0 0
10329 5390 1704 1707 0 0 0
10330 1704 5390 5389 0 0 0
10331 5391 1705 5388 0 0 0
10332 1705 5391 5383 0 0 0
10333 5383 5391 5386 0 0 0
10334 5392 5386 5391 0 0 0
10335 5393 1707 1708 0 0 0
10336 1707 5393 5390 0 0 0
10337 5394 1708 1742 0 0 0
10338 1708 5394 5393 0 0 0
10339 5395 1734 1733 0 0 0
10340 1733 5385 5395 0 0 0
10341 1734 5395 5396 0 0 0
10342 5396 1771 1734 0 0 0
10343 5385 5384 5397 0 0 0
10344 5385 5397 5395 0 0 0
10345 5384 5386 5397 0 0 0
10346 5398 5399 5392 0 0 0
10347 5399 5397 5386 0 0 0
10348 5386 5392 5399 0 0 0
10349 5387 5400 5388 0 0 0
10350 5388 5400 5391 0 0 0
10351 5400 5387 5389 0 0 0
10352 5390 5393 5401 0 0 0
10353 5389 5401 5400 0 0 0
10354 5390 5401 5389 0 0 0
10355 5392 5402 5398 0 0 0
10356 5403 5398 5402 0 0 0
10357 5402 5392 5404 0 0 0
10358 5404 5391 5400 0 0 0
10359 5391 5404 5392 0 0 0
10360 5405 1742 1781 0 0 0
10361 5405 5394 1742 0 0 0
10362 5393 5406 5401 0 0 0
10363 5394 5406 5393 0 0 0
10364 5394 5405 5406 0 0 0
10365 5407 5398 5403 0 0 0
10366 5403 5408 5407 0 0 0
10367 5399 5398 5409 0 0 0
10368 5407 5409 5398 0 0 0
10369 5410 1813 1771 0 0 0
10370 1771 5396 5410 0 0 0
10371 5396 5395 5411 0 0 0
10372 5396 5411 5410 0 0 0
10373 5395 5397 5411 0 0 0
10374 5409 5412 5399 0 0 0
10375 5412 5411 5397 0 0 0
10376 5397 5399 5412 0 0 0
10377 5413 1781 1825 0 0 0
10378 5414 5408 5403 0 0 0
10379 5403 5402 5415 0 0 0
10380 5414 5403 5415 0 0 0
10381 5401 5406 5416 0 0 0
10382 5400 5416 5404 0 0 0
10383 5401 5416 5400 0 0 0
10384 5417 5404 5416 0 0 0
10385 5404 5417 5402 0 0 0
10386 5415 5402 5417 0 0 0
10387 1781 5413 5418 0 0 0
10388 5418 5405 1781 0 0 0
10389 5405 5418 5406 0 0 0
10390 5419 5406 5418 0 0 0
10391 5406 5419 5416 0 0 0
10392 5420 5421 5422 0 0 0
10393 5423 5420 5424 0 0 0
10394 5423 5424 5425 0 0 0
10395 5422 5424 5420 0 0 0
10396 5422 5421 5426 0 0 0
10397 5421 5408 5426 0 0 0
10398 5427 5426 5408 0 0 0
10399 5414 5427 5408 0 0 0
10400 5421 5428 5408 0 0 0
10401 5428 5407 5408 0 0 0
10402 5429 5409 5407 0 0 0
10403 5428 5429 5407 0 0 0
10404 5420 5430 5421 0 0 0
10405 5430 5428 5421 0 0 0
10406 5412 5409 5431 0 0 0
10407 5429 5431 5409 0 0 0
10408 1813 5410 5432 0 0 0
10409 5432 1814 1813 0 0 0
10410 5433 1857 1814 0 0 0
10411 1814 5432 5433 0 0 0
10412 5434 5432 5410 0 0 0
10413 5410 5411 5434 0 0 0
10414 5431 5435 5412 0 0 0
10415 5435 5434 5411 0 0 0
10416 5411 5412 5435 0 0 0
10417 5423 5436 5420 0 0 0
10418 5436 5430 5420 0 0 0
10419 5436 5423 5437 0 0 0
10420 5425 5437 5423 0 0 0
10421 5437 5425 5438 0 0 0
10422 5413 5439 5418 0 0 0
10423 5439 5413 5440 0 0 0
10424 1825 5440 5413 0 0 0
10425 5440 1825 1868 0 0 0
10426 5414 5441 5427 0 0 0
10427 5414 5415 5441 0 0 0
10428 5417 5442 5415 0 0 0
10429 5415 5442 5441 0 0 0
10430 5443 5416 5419 0 0 0
10431 5416 5443 5417 0 0 0
10432 5442 5417 5443 0 0 0
10433 5444 5418 5439 0 0 0
10434 5418 5444 5419 0 0 0
10435 5445 5419 5444 0 0 0
10436 5419 5445 5443 0 0 0
10437 5422 5446 5424 0 0 0
10438 5422 5426 5446 0 0 0
10439 5447 5424 5446 0 0 0
10440 5448 5446 5426 0 0 0
10441 5426 5427 5448 0 0 0
10442 5449 5448 5427 0 0 0
10443 5449 5427 5441 0 0 0
10444 5450 5449 5441 0 0 0
10445 5450 5441 5451 0 0 0
10446 5430 5452 5428 0 0 0
10447 5452 5429 5428 0 0 0
10448 5431 5429 5453 0 0 0
10449 5452 5453 5429 0 0 0
10450 5436 5454 5430 0 0 0
10451 5454 5452 5430 0 0 0
10452 1857 5433 5455 0 0 0
10453 5455 1898 1857 0 0 0
10454 5435 5431 5456 0 0 0
10455 5453 5456 5431 0 0 0
10456 5433 5432 5457 0 0 0
10457 5433 5457 5455 0 0 0
10458 5432 5434 5457 0 0 0
10459 5456 5458 5435 0 0 0
10460 5458 5457 5434 0 0 0
10461 5434 5435 5458 0 0 0
10462 5437 5459 5436 0 0 0
10463 5454 5436 5459 0 0 0
10464 5459 5437 5460 0 0 0
10465 5438 5460 5437 0 0 0
10466 5460 5438 5461 0 0 0
10467 5439 5462 5444 0 0 0
10468 5440 5463 5439 0 0 0
10469 5462 5439 5463 0 0 0
10470 5463 5440 5464 0 0 0
10471 5464 1868 1909 0 0 0
10472 1868 5464 5440 0 0 0
10473 5451 5441 5465 0 0 0
10474 5465 5441 5442 0 0 0
10475 5445 5466 5443 0 0 0
10476 5443 5466 5442 0 0 0
10477 5465 5442 5466 0 0 0
10478 5467 5444 5462 0 0 0
10479 5444 5467 5445 0 0 0
10480 5445 5467 5466 0 0 0
10481 5462 5468 5467 0 0 0
10482 5446 5448 5469 0 0 0
10483 5447 5446 5469 0 0 0
10484 5470 5469 5448 0 0 0
10485 5449 5470 5448 0 0 0
10486 5450 5470 5449 0 0 0
10487 5451 5465 5471 0 0 0
10488 5472 5451 5471 0 0 0
10489 5470 5450 5472 0 0 0
10490 5450 5451 5472 0 0 0
10491 5454 5473 5452 0 0 0
10492 5453 5452 5473 0 0 0
10493 5474 5456 5453 0 0 0
10494 5474 5453 5473 0 0 0
10495 5459 5475 5454 0 0 0
10496 5473 5454 5475 0 0 0
10497 5476 1931 1898 0 0 0
10498 1898 5455 5476 0 0 0
10499 5477 1926 1930 0 0 0
10500 1926 5477 5478 0 0 0
10501 5479 5476 5455 0 0 0
10502 5455 5457 5479 0 0 0
10503 5458 5456 5480 0 0 0
10504 5474 5480 5456 0 0 0
10505 5480 5481 5458 0 0 0
10506 5481 5479 5457 0 0 0
10507 5457 5458 5481 0 0 0
10508 5460 5482 5459 0 0 0
10509 5475 5459 5482 0 0 0
10510 5482 5460 5483 0 0 0
10511 5461 5483 5460 0 0 0
10512 5483 5461 5484 0 0 0
10513 1909 5485 5464 0 0 0
10514 5485 1909 1946 0 0 0
10515 5468 5462 5486 0 0 0
10516 5463 5486 5462 0 0 0
10517 5464 5487 5463 0 0 0
10518 5487 5464 5485 0 0 0
10519 5486 5463 5487 0 0 0
10520 5471 5465 5488 0 0 0
10521 5488 5465 5466 0 0 0
10522 5489 5471 5490 0 0 0
10523 5490 5471 5488 0 0 0
10524 5468 5491 5467 0 0 0
10525 5467 5491 5466 0 0 0
10526 5488 5466 5491 0 0 0
10527 5486 5492 5468 0 0 0
10528 5468 5492 5491 0 0 0
10529 5469 5470 5493 0 0 0
10530 5470 5472 5493 0 0 0
10531 5494 5493 5472 0 0 0
10532 5472 5471 5494 0 0 0
10533 5489 5494 5471 0 0 0
10534 5489 5490 5495 0 0 0
10535 5496 5494 5489 0 0 0
10536 5489 5495 5496 0 0 0
10537 5497 5495 5490 0 0 0
10538 5498 5495 5497 0 0 0
10539 5478 1964 1926 0 0 0
10540 1964 5478 5499 0 0 0
10541 5474 5500 5480 0 0 0
10542 5474 5473 5500 0 0 0
10543 5475 5500 5473 0 0 0
10544 5482 5501 5475 0 0 0
10545 5501 5500 5475 0 0 0
10546 5476 5479 5502 0 0 0
10547 1930 1931 5502 0 0 0
10548 1931 5476 5502 0 0 0
10549 1930 5502 5477 0 0 0
10550 5503 5478 5477 0 0 0
10551 5477 5502 5503 0 0 0
10552 5478 5503 5499 0 0 0
10553 5504 5502 5479 0 0 0
10554 5479 5481 5504 0 0 0
10555 5505 5504 5481 0 0 0
10556 5481 5480 5505 0 0 0
10557 5480 5500 5505 0 0 0
10558 5483 5506 5482 0 0 0
10559 5501 5482 5506 0 0 0
10560 5506 5483 5507 0 0 0
10561 5484 5507 5483 0 0 0
10562 5507 5484 5508 0 0 0
10563 5509 1946 1968 0 0 0
10564 1946 5509 5485 0 0 0
10565 1968 5510 5509 0 0 0
10566 5485 5511 5487 0 0 0
10567 5511 5485 5509 0 0 0
10568 5492 5486 5512 0 0 0
10569 5487 5512 5486 0 0 0
10570 5512 5487 5511 0 0 0
10571 5512 5513 5492 0 0 0
10572 5488 5491 5514 0 0 0
10573 5490 5488 5514 0 0 0
10574 5497 5490 5514 0 0 0
10575 5513 5515 5492 0 0 0
10576 5492 5515 5491 0 0 0
10577 5514 5491 5515 0 0 0
10578 5516 5497 5514 0 0 0
10579 5494 5517 5493 0 0 0
10580 5496 5517 5494 0 0 0
10581 5496 5495 5518 0 0 0
10582 5498 5518 5495 0 0 0
10583 5496 5518 5517 0 0 0
10584 5498 5497 5519 0 0 0
10585 5497 5516 5519 0 0 0
10586 5520 5518 5498 0 0 0
10587 5498 5519 5520 0 0 0
10588 5499 1995 1964 0 0 0
10589 1995 5499 5521 0 0 0
10590 5522 5521 5499 0 0 0
10591 5499 5503 5522 0 0 0
10592 5505 5500 5523 0 0 0
10593 5501 5523 5500 0 0 0
10594 5524 5501 5506 0 0 0
10595 5524 5523 5501 0 0 0
10596 5503 5502 5525 0 0 0
10597 5503 5525 5522 0 0 0
10598 5502 5504 5525 0 0 0
10599 5526 5525 5504 0 0 0
10600 5504 5505 5526 0 0 0
10601 5523 5526 5505 0 0 0
10602 5524 5506 5527 0 0 0
10603 5507 5528 5506 0 0 0
10604 5527 5506 5528 0 0 0
10605 5528 5507 5529 0 0 0
10606 5508 5529 5507 0 0 0
10607 5530 5529 5508 0 0 0
10608 5510 1968 1997 0 0 0
10609 1997 5531 5510 0 0 0
10610 5509 5532 5511 0 0 0
10611 5532 5510 5531 0 0 0
10612 5510 5532 5509 0 0 0
10613 5513 5512 5533 0 0 0
10614 5533 5511 5532 0 0 0
10615 5511 5533 5512 0 0 0
10616 5533 5534 5513 0 0 0
10617 5513 5534 5515 0 0 0
10618 5535 5514 5515 0 0 0
10619 5516 5514 5535 0 0 0
10620 5534 5536 5515 0 0 0
10621 5535 5515 5536 0 0 0
10622 5537 5519 5516 0 0 0
10623 5537 5516 5538 0 0 0
10624 5516 5535 5538 0 0 0
10625 5520 5539 5518 0 0 0
10626 5518 5539 5517 0 0 0
10627 5520 5540 5539 0 0 0
10628 5520 5519 5540 0 0 0
10629 5519 5537 5540 0 0 0
10630 5541 5538 5535 0 0 0
10631 5521 2023 1995 0 0 0
10632 5521 5522 5542 0 0 0
10633 5542 5543 5521 0 0 0
10634 5543 2023 5521 0 0 0
10635 5544 5542 5522 0 0 0
10636 5522 5525 5544 0 0 0
10637 5526 5523 5545 0 0 0
10638 5524 5545 5523 0 0 0
10639 5527 5545 5524 0 0 0
10640 5546 5544 5525 0 0 0
10641 5525 5526 5546 0 0 0
10642 5546 5526 5545 0 0 0
10643 5527 5528 5547 0 0 0
10644 5527 5547 5545 0 0 0
10645 5529 5548 5528 0 0 0
10646 5548 5547 5528 0 0 0
10647 5530 5549 5529 0 0 0
10648 5548 5529 5550 0 0 0
10649 5550 5529 5549 0 0 0
10650 5531 1997 2024 0 0 0
10651 2024 5551 5531 0 0 0
10652 5531 5552 5532 0 0 0
10653 5552 5531 5551 0 0 0
10654 5534 5533 5553 0 0 0
10655 5532 5553 5533 0 0 0
10656 5553 5532 5552 0 0 0
10657 5553 5554 5534 0 0 0
10658 5536 5534 5554 0 0 0
10659 5536 5555 5535 0 0 0
10660 5541 5535 5555 0 0 0
10661 5554 5556 5536 0 0 0
10662 5555 5536 5556 0 0 0
10663 5537 5557 5540 0 0 0
10664 5537 5538 5557 0 0 0
10665 5558 5557 5538 0 0 0
10666 5541 5558 5538 0 0 0
10667 5540 5559 5539 0 0 0
10668 5540 5557 5559 0 0 0
10669 5541 5560 5558 0 0 0
10670 5541 5555 5560 0 0 0
10671 5548 5561 5547 0 0 0
10672 2023 5543 405 0 0 0
10673 5543 5542 5562 0 0 0
10674 5543 5562 405 0 0 0
10675 5542 5544 5562 0 0 0
10676 5563 5562 5544 0 0 0
10677 5563 5544 5546 0 0 0
10678 5563 5546 5564 0 0 0
10679 5546 5545 5564 0 0 0
10680 5547 5564 5545 0 0 0
10681 5565 5547 5561 0 0 0
10682 5565 5564 5547 0 0 0
10683 5550 5566 5548 0 0 0
10684 5561 5548 5566 0 0 0
10685 5561 5566 5567 0 0 0
10686 5550 5568 5566 0 0 0
10687 5549 5568 5550 0 0 0
10688 5551 2024 2043 0 0 0
10689 2043 5569 5551 0 0 0
10690 5551 5570 5552 0 0 0
10691 5569 5570 5551 0 0 0
10692 5569 5571 5570 0 0 0
10693 5554 5553 5572 0 0 0
10694 5570 5572 5552 0 0 0
10695 5552 5572 5553 0 0 0
10696 5572 5573 5554 0 0 0
10697 5556 5554 5573 0 0 0
10698 5556 5574 5555 0 0 0
10699 5560 5555 5574 0 0 0
10700 5575 5556 5573 0 0 0
10701 5575 5574 5556 0 0 0
10702 5557 5576 5559 0 0 0
10703 5557 5558 5576 0 0 0
10704 5577 5576 5558 0 0 0
10705 5558 5560 5577 0 0 0
10706 5578 5559 5576 0 0 0
10707 5579 5577 5560 0 0 0
10708 5560 5574 5579 0 0 0
10709 5580 5577 5579 0 0 0
10710 5567 5581 5561 0 0 0
10711 5565 5561 5581 0 0 0
10712 408 405 5562 0 0 0
10713 5562 5582 408 0 0 0
10714 5582 5562 5563 0 0 0
10715 5563 5564 5582 0 0 0
10716 5583 5582 5564 0 0 0
10717 5583 5565 5581 0 0 0
10718 5565 5583 5564 0 0 0
10719 5581 5567 5584 0 0 0
10720 5585 5584 5567 0 0 0
10721 5586 5587 5584 0 0 0
10722 5586 5584 5585 0 0 0
10723 5588 5589 5587 0 0 0
10724 5585 5567 5590 0 0 0
10725 5590 5567 5566 0 0 0
10726 5591 5592 5568 0 0 0
10727 5592 5566 5568 0 0 0
10728 5590 5566 5592 0 0 0
10729 5593 5589 5588 0 0 0
10730 5569 2043 2057 0 0 0
10731 2057 5571 5569 0 0 0
10732 5571 2057 2073 0 0 0
10733 2073 5594 5571 0 0 0
10734 5571 5595 5570 0 0 0
10735 5595 5571 5594 0 0 0
10736 5570 5595 5572 0 0 0
10737 5594 5596 5595 0 0 0
10738 5573 5572 5597 0 0 0
10739 5595 5597 5572 0 0 0
10740 5597 5598 5573 0 0 0
10741 5575 5573 5598 0 0 0
10742 5599 5579 5574 0 0 0
10743 5575 5598 5600 0 0 0
10744 5575 5600 5574 0 0 0
10745 5599 5574 5600 0 0 0
10746 5576 5601 5578 0 0 0
10747 5576 5577 5601 0 0 0
10748 5580 5601 5577 0 0 0
10749 5578 5601 5602 0 0 0
10750 5580 5579 5603 0 0 0
10751 5599 5603 5579 0 0 0
10752 5580 5604 5601 0 0 0
10753 5580 5603 5604 0 0 0
10754 410 408 5582 0 0 0
10755 5584 410 5581 0 0 0
10756 5582 5583 410 0 0 0
10757 5583 5581 410 0 0 0
10758 410 5584 5605 0 0 0
10759 5587 5605 5584 0 0 0
10760 5606 5605 5587 0 0 0
10761 5589 5606 5587 0 0 0
10762 5588 5587 5607 0 0 0
10763 5586 5607 5587 0 0 0
10764 5585 5608 5586 0 0 0
10765 5585 5590 5608 0 0 0
10766 5586 5608 5607 0 0 0
10767 5588 5609 5593 0 0 0
10768 5588 5607 5609 0 0 0
10769 5590 5592 5610 0 0 0
10770 5590 5610 5608 0 0 0
10771 5611 5612 5591 0 0 0
10772 5591 5612 5592 0 0 0
10773 5592 5612 5610 0 0 0
10774 5611 5613 5614 0 0 0
10775 5611 5614 5612 0 0 0
10776 5609 5615 5593 0 0 0
10777 5594 2073 2076 0 0 0
10778 5596 5594 2076 0 0 0
10779 5596 2076 5616 0 0 0
10780 5596 5617 5595 0 0 0
10781 5616 5617 5596 0 0 0
10782 5597 5595 5617 0 0 0
10783 5598 5597 5618 0 0 0
10784 5617 5618 5597 0 0 0
10785 5618 5619 5598 0 0 0
10786 5598 5619 5600 0 0 0
10787 5599 5600 5620 0 0 0
10788 5599 5620 5603 0 0 0
10789 5619 5621 5600 0 0 0
10790 5620 5600 5621 0 0 0
10791 5622 5602 5623 0 0 0
10792 5623 5602 5601 0 0 0
10793 5604 5623 5601 0 0 0
10794 5624 5603 5620 0 0 0
10795 5604 5603 5625 0 0 0
10796 5625 5603 5624 0 0 0
10797 5626 5623 5604 0 0 0
10798 5604 5625 5626 0 0 0
10799 5627 5628 5613 0 0 0
10800 5607 5629 5609 0 0 0
10801 5608 5629 5607 0 0 0
10802 5608 5610 5629 0 0 0
10803 5609 5630 5615 0 0 0
10804 5630 5609 5629 0 0 0
10805 5612 5614 5631 0 0 0
10806 5631 5610 5612 0 0 0
10807 5610 5631 5629 0 0 0
10808 5614 5613 5632 0 0 0
10809 5628 5632 5613 0 0 0
10810 5633 5614 5632 0 0 0
10811 5633 5631 5614 0 0 0
10812 5634 5615 5630 0 0 0
10813 5635 5634 5630 0 0 0
10814 5628 5627 5636 0 0 0
10815 5628 5636 5637 0 0 0
10816 5628 5637 5632 0 0 0
10817 5616 2076 2096 0 0 0
10818 5616 5638 5617 0 0 0
10819 2096 5638 5616 0 0 0
10820 5638 5639 5617 0 0 0
10821 5618 5617 5639 0 0 0
10822 5619 5618 5640 0 0 0
10823 5639 5640 5618 0 0 0
10824 5640 5641 5619 0 0 0
10825 5621 5619 5641 0 0 0
10826 5621 5642 5620 0 0 0
10827 5642 5624 5620 0 0 0
10828 5643 5621 5641 0 0 0
10829 5643 5642 5621 0 0 0
10830 5622 5644 5645 0 0 0
10831 5622 5623 5644 0 0 0
10832 5623 5626 5644 0 0 0
10833 5642 5646 5624 0 0 0
10834 5624 5647 5625 0 0 0
10835 5647 5624 5646 0 0 0
10836 5648 5626 5625 0 0 0
10837 5625 5647 5648 0 0 0
10838 5626 5649 5644 0 0 0
10839 5648 5649 5626 0 0 0
10840 5636 5627 5650 0 0 0
10841 5636 5650 5651 0 0 0
10842 5635 5630 5652 0 0 0
10843 5630 5629 5652 0 0 0
10844 5633 5652 5631 0 0 0
10845 5631 5652 5629 0 0 0
10846 5632 5653 5633 0 0 0
10847 5633 5653 5652 0 0 0
10848 5637 5653 5632 0 0 0
10849 5635 5652 5654 0 0 0
10850 5635 5655 5634 0 0 0
10851 5635 5654 5655 0 0 0
10852 5656 5636 5651 0 0 0
10853 5636 5656 5637 0 0 0
10854 5637 5656 5657 0 0 0
10855 5637 5657 5653 0 0 0
10856 5658 5651 5659 0 0 0
10857 5651 5658 5656 0 0 0
10858 5639 5638 5660 0 0 0
10859 5638 2096 2114 0 0 0
10860 2114 5660 5638 0 0 0
10861 5660 5661 5639 0 0 0
10862 5640 5639 5661 0 0 0
10863 5641 5640 5662 0 0 0
10864 5661 5662 5640 0 0 0
10865 5662 5663 5641 0 0 0
10866 5643 5641 5663 0 0 0
10867 5643 5663 5664 0 0 0
10868 5643 5664 5642 0 0 0
10869 5646 5642 5664 0 0 0
10870 5665 5646 5664 0 0 0
10871 5666 5645 5667 0 0 0
10872 5644 5667 5645 0 0 0
10873 5649 5667 5644 0 0 0
10874 5666 5668 5669 0 0 0
10875 5666 5667 5668 0 0 0
10876 5665 5670 5646 0 0 0
10877 5646 5670 5647 0 0 0
10878 5671 5648 5647 0 0 0
10879 5671 5647 5670 0 0 0
10880 5672 5649 5648 0 0 0
10881 5672 5648 5671 0 0 0
10882 5649 5673 5667 0 0 0
10883 5672 5673 5649 0 0 0
10884 5665 5674 5670 0 0 0
10885 5675 5676 5669 0 0 0
10886 5675 5669 5668 0 0 0
10887 5677 5676 5675 0 0 0
10888 5676 5677 5678 0 0 0
10889 5679 5678 5680 0 0 0
10890 5680 5678 5677 0 0 0
10891 5678 5679 5681 0 0 0
10892 5650 5682 5651 0 0 0
10893 5651 5682 5659 0 0 0
10894 5679 5683 5681 0 0 0
10895 5684 5683 5679 0 0 0
10896 5681 5685 5682 0 0 0
10897 5659 5682 5685 0 0 0
10898 5685 5681 5683 0 0 0
10899 5686 5659 5685 0 0 0
10900 5659 5687 5658 0 0 0
10901 5686 5687 5659 0 0 0
10902 5654 5652 5688 0 0 0
10903 5653 5688 5652 0 0 0
10904 5653 5657 5688 0 0 0
10905 5689 5654 5688 0 0 0
10906 5690 5655 5654 0 0 0
10907 5689 5690 5654 0 0 0
10908 5656 5658 5691 0 0 0
10909 5656 5691 5657 0 0 0
10910 5692 5688 5657 0 0 0
10911 5692 5657 5691 0 0 0
10912 5693 5658 5687 0 0 0
10913 5658 5693 5691 0 0 0
10914 5661 5660 5694 0 0 0
10915 2137 5694 5660 0 0 0
10916 5660 2114 2137 0 0 0
10917 5694 5695 5661 0 0 0
10918 5662 5661 5695 0 0 0
10919 5663 5662 5696 0 0 0
10920 5695 5696 5662 0 0 0
10921 5696 5697 5663 0 0 0
10922 5697 5664 5663 0 0 0
10923 5697 5698 5664 0 0 0
10924 5665 5698 5674 0 0 0
10925 5665 5664 5698 0 0 0
10926 5675 5668 5699 0 0 0
10927 5700 5699 5668 0 0 0
10928 5668 5667 5701 0 0 0
10929 5673 5701 5667 0 0 0
10930 5700 5668 5701 0 0 0
10931 5702 5703 5674 0 0 0
10932 5674 5703 5670 0 0 0
10933 5670 5703 5671 0 0 0
10934 5672 5704 5673 0 0 0
10935 5704 5671 5703 0 0 0
10936 5672 5671 5704 0 0 0
10937 5705 5701 5673 0 0 0
10938 5705 5673 5704 0 0 0
10939 5674 5698 5706 0 0 0
10940 5702 5674 5706 0 0 0
10941 5702 5706 5707 0 0 0
10942 5680 5708 5679 0 0 0
10943 5684 5679 5708 0 0 0
10944 5708 5680 5709 0 0 0
10945 5680 5677 5709 0 0 0
10946 5710 5684 5708 0 0 0
10947 5677 5675 5711 0 0 0
10948 5709 5677 5711 0 0 0
10949 5699 5711 5675 0 0 0
10950 5712 5711 5699 0 0 0
10951 5684 5713 5683 0 0 0
10952 5684 5710 5713 0 0 0
10953 5686 5714 5687 0 0 0
10954 5683 5715 5685 0 0 0
10955 5686 5685 5715 0 0 0
10956 5715 5683 5713 0 0 0
10957 5686 5715 5714 0 0 0
10958 5687 5716 5693 0 0 0
10959 5716 5687 5714 0 0 0
10960 5717 5716 5714 0 0 0
10961 5689 5688 5718 0 0 0
10962 5692 5718 5688 0 0 0
10963 5689 5719 5690 0 0 0
10964 5689 5718 5719 0 0 0
10965 5692 5720 5718 0 0 0
10966 5692 5691 5720 0 0 0
10967 5691 5693 5720 0 0 0
10968 5721 5720 5693 0 0 0
10969 5721 5693 5716 0 0 0
10970 5722 5718 5720 0 0 0
10971 5695 5694 5723 0 0 0
10972 2167 5723 5694 0 0 0
10973 5694 2137 2167 0 0 0
10974 5723 5724 5695 0 0 0
10975 5696 5695 5724 0 0 0
10976 5697 5696 5725 0 0 0
10977 5725 5698 5697 0 0 0
10978 5724 5725 5696 0 0 0
10979 5724 5723 5726 0 0 0
10980 5698 5725 5727 0 0 0
10981 5727 5706 5698 0 0 0
10982 5702 5707 5728 0 0 0
10983 5702 5728 5703 0 0 0
10984 5712 5699 5729 0 0 0
10985 5700 5729 5699 0 0 0
10986 5700 5730 5729 0 0 0
10987 5700 5701 5730 0 0 0
10988 5731 5730 5701 0 0 0
10989 5705 5731 5701 0 0 0
10990 5728 5732 5703 0 0 0
10991 5705 5704 5732 0 0 0
10992 5731 5705 5732 0 0 0
10993 5704 5703 5732 0 0 0
10994 5728 5707 5733 0 0 0
10995 5706 5727 5734 0 0 0
10996 5734 5707 5706 0 0 0
10997 5707 5734 5735 0 0 0
10998 5735 5733 5707 0 0 0
10999 5710 5736 5713 0 0 0
11000 5708 5709 5737 0 0 0
11001 5709 5711 5737 0 0 0
11002 5708 5737 5710 0 0 0
11003 5710 5737 5736 0 0 0
11004 5712 5738 5711 0 0 0
11005 5738 5737 5711 0 0 0
11006 5712 5739 5738 0 0 0
11007 5712 5729 5739 0 0 0
11008 5713 5740 5715 0 0 0
11009 5713 5736 5740 0 0 0
11010 5714 5715 5740 0 0 0
11011 5717 5714 5740 0 0 0
11012 5741 5740 5736 0 0 0
11013 5721 5716 5742 0 0 0
11014 5717 5742 5716 0 0 0
11015 5717 5740 5743 0 0 0
11016 5717 5743 5742 0 0 0
11017 5744 5719 5718 0 0 0
11018 5722 5744 5718 0 0 0
11019 5722 5720 5745 0 0 0
11020 5721 5745 5720 0 0 0
11021 5721 5742 5745 0 0 0
11022 5722 5746 5744 0 0 0
11023 5722 5745 5746 0 0 0
11024 5723 2167 2201 0 0 0
11025 2201 5726 5723 0 0 0
11026 5726 5747 5724 0 0 0
11027 5725 5724 5747 0 0 0
11028 5747 5727 5725 0 0 0
11029 5726 2201 2235 0 0 0
11030 5748 5747 5726 0 0 0
11031 2235 5748 5726 0 0 0
11032 5749 5734 5727 0 0 0
11033 5727 5747 5749 0 0 0
11034 5750 5734 5749 0 0 0
11035 5733 5751 5728 0 0 0
11036 5728 5751 5732 0 0 0
11037 5752 5751 5733 0 0 0
11038 5729 5753 5739 0 0 0
11039 5729 5730 5753 0 0 0
11040 5753 5730 5754 0 0 0
11041 5731 5754 5730 0 0 0
11042 5731 5732 5754 0 0 0
11043 5755 5732 5751 0 0 0
11044 5755 5754 5732 0 0 0
11045 5756 5739 5753 0 0 0
11046 5733 5735 5757 0 0 0
11047 5752 5733 5757 0 0 0
11048 5752 5757 5758 0 0 0
11049 5750 5759 5734 0 0 0
11050 5759 5735 5734 0 0 0
11051 5735 5759 5760 0 0 0
11052 5760 5757 5735 0 0 0
11053 5757 5760 5761 0 0 0
11054 5736 5737 5762 0 0 0
11055 5741 5736 5762 0 0 0
11056 5738 5763 5737 0 0 0
11057 5762 5737 5763 0 0 0
11058 5739 5764 5738 0 0 0
11059 5763 5738 5764 0 0 0
11060 5765 5762 5766 0 0 0
11061 5741 5762 5765 0 0 0
11062 5765 5767 5741 0 0 0
11063 5741 5767 5740 0 0 0
11064 5743 5740 5767 0 0 0
11065 5768 5745 5742 0 0 0
11066 5768 5742 5769 0 0 0
11067 5743 5767 5769 0 0 0
11068 5743 5769 5742 0 0 0
11069 5770 5746 5745 0 0 0
11070 5768 5770 5745 0 0 0
11071 5771 5749 5747 0 0 0
11072 5747 5748 5771 0 0 0
11073 2241 5771 5748 0 0 0
11074 5748 2235 2241 0 0 0
11075 5749 5771 5772 0 0 0
11076 5772 5750 5749 0 0 0
11077 5773 5759 5750 0 0 0
11078 5750 5772 5773 0 0 0
11079 5758 5774 5752 0 0 0
11080 5752 5774 5751 0 0 0
11081 5755 5751 5774 0 0 0
11082 5775 5756 5753 0 0 0
11083 5753 5754 5775 0 0 0
11084 5776 5755 5774 0 0 0
11085 5776 5775 5754 0 0 0
11086 5755 5776 5754 0 0 0
11087 5758 5777 5774 0 0 0
11088 5775 5778 5756 0 0 0
11089 5761 5779 5757 0 0 0
11090 5779 5758 5757 0 0 0
11091 5780 5777 5758 0 0 0
11092 5779 5780 5758 0 0 0
11093 5781 5779 5761 0 0 0
11094 5782 5759 5773 0 0 0
11095 5759 5782 5783 0 0 0
11096 5783 5760 5759 0 0 0
11097 5760 5783 5784 0 0 0
11098 5784 5761 5760 0 0 0
11099 5761 5784 5781 0 0 0
11100 5763 5785 5762 0 0 0
11101 5766 5762 5785 0 0 0
11102 5763 5764 5786 0 0 0
11103 5785 5763 5786 0 0 0
11104 5787 5766 5785 0 0 0
11105 5788 5766 5787 0 0 0
11106 5788 5789 5766 0 0 0
11107 5789 5790 5766 0 0 0
11108 5765 5790 5767 0 0 0
11109 5765 5766 5790 0 0 0
11110 5791 5767 5790 0 0 0
11111 5791 5769 5767 0 0 0
11112 5768 5792 5770 0 0 0
11113 5768 5769 5792 0 0 0
11114 5793 5792 5769 0 0 0
11115 5769 5791 5793 0 0 0
11116 2270 5772 5771 0 0 0
11117 5771 2241 2270 0 0 0
11118 2300 5773 5772 0 0 0
11119 5772 2270 2300 0 0 0
11120 2302 5782 5773 0 0 0
11121 5773 2300 2302 0 0 0
11122 5777 5794 5774 0 0 0
11123 5778 5775 5794 0 0 0
11124 5776 5774 5794 0 0 0
11125 5776 5794 5775 0 0 0
11126 5795 5794 5777 0 0 0
11127 5777 5780 5795 0 0 0
11128 5796 5778 5794 0 0 0
11129 5779 5781 5797 0 0 0
11130 5797 5780 5779 0 0 0
11131 5798 5795 5780 0 0 0
11132 5780 5797 5798 0 0 0
11133 2310 5797 5781 0 0 0
11134 2312 5781 5784 0 0 0
11135 5781 2312 2310 0 0 0
11136 5782 2302 2304 0 0 0
11137 2304 5783 5782 0 0 0
11138 5784 2314 2312 0 0 0
11139 5783 2304 2314 0 0 0
11140 2314 5784 5783 0 0 0
11141 5785 5786 5799 0 0 0
11142 5787 5785 5799 0 0 0
11143 5799 5800 5787 0 0 0
11144 5788 5787 5800 0 0 0
11145 5801 5788 5800 0 0 0
11146 5788 5801 5789 0 0 0
11147 5789 5801 5802 0 0 0
11148 5789 5802 5790 0 0 0
11149 5802 5803 5790 0 0 0
11150 5791 5803 5793 0 0 0
11151 5791 5790 5803 0 0 0
11152 5795 2340 5794 0 0 0
11153 5796 5794 2340 0 0 0
11154 5798 2340 5795 0 0 0
11155 2309 2340 5798 0 0 0
11156 5797 2310 2309 0 0 0
11157 5798 5797 2309 0 0 0
11158 5804 2764 2768 0 0 0
11159 2764 5804 5805 0 0 0
11160 5805 2804 2764 0 0 0
11161 2768 5806 5804 0 0 0
11162 5806 2768 2770 0 0 0
11163 5807 2770 2827 0 0 0
11164 2770 5807 5806 0 0 0
11165 5808 5804 5806 0 0 0
11166 2804 5805 5809 0 0 0
11167 5809 2805 2804 0 0 0
11168 5810 2806 2805 0 0 0
11169 2805 5809 5810 0 0 0
11170 5805 5811 5809 0 0 0
11171 5805 5804 5811 0 0 0
11172 5804 5808 5811 0 0 0
11173 5812 2856 2806 0 0 0
11174 5813 5812 2806 0 0 0
11175 5813 2806 5810 0 0 0
11176 5807 5814 5806 0 0 0
11177 5806 5814 5808 0 0 0
11178 5815 5808 5814 0 0 0
11179 5807 5816 5814 0 0 0
11180 2827 5816 5807 0 0 0
11181 5816 2827 2831 0 0 0
11182 2831 5817 5816 0 0 0
11183 5817 2831 2882 0 0 0
11184 5818 2857 2856 0 0 0
11185 2856 5812 5818 0 0 0
11186 2857 5818 5819 0 0 0
11187 5819 2858 2857 0 0 0
11188 5820 2859 2858 0 0 0
11189 2858 5819 5820 0 0 0
11190 5821 2899 2859 0 0 0
11191 2859 5820 5821 0 0 0
11192 5822 5811 5808 0 0 0
11193 5808 5815 5822 0 0 0
11194 5823 5822 5815 0 0 0
11195 5809 5811 5824 0 0 0
11196 5810 5809 5824 0 0 0
11197 5810 5824 5813 0 0 0
11198 5825 5824 5811 0 0 0
11199 5811 5822 5825 0 0 0
11200 5813 5824 5826 0 0 0
11201 5812 5813 5826 0 0 0
11202 5812 5826 5818 0 0 0
11203 5815 5827 5823 0 0 0
11204 5828 5823 5827 0 0 0
11205 5827 5815 5829 0 0 0
11206 5814 5829 5815 0 0 0
11207 5817 5830 5816 0 0 0
11208 5816 5830 5814 0 0 0
11209 5829 5814 5830 0 0 0
11210 5817 5831 5830 0 0 0
11211 2882 5831 5817 0 0 0
11212 5831 2882 2923 0 0 0
11213 5832 2900 2899 0 0 0
11214 2899 5821 5832 0 0 0
11215 5833 2901 2900 0 0 0
11216 2900 5832 5833 0 0 0
11217 5834 2901 5833 0 0 0
11218 5819 5818 5835 0 0 0
11219 5818 5826 5835 0 0 0
11220 5819 5835 5820 0 0 0
11221 5821 5820 5836 0 0 0
11222 5820 5835 5836 0 0 0
11223 5821 5836 5832 0 0 0
11224 5837 2902 2901 0 0 0
11225 5834 5837 2901 0 0 0
11226 2902 5837 5838 0 0 0
11227 5838 2937 2902 0 0 0
11228 5828 5839 5823 0 0 0
11229 5828 5840 5839 0 0 0
11230 5841 5825 5822 0 0 0
11231 5822 5823 5841 0 0 0
11232 5839 5841 5823 0 0 0
11233 5842 5826 5824 0 0 0
11234 5824 5825 5842 0 0 0
11235 5843 5842 5825 0 0 0
11236 5825 5841 5843 0 0 0
11237 5844 5835 5826 0 0 0
11238 5826 5842 5844 0 0 0
11239 5845 5846 5847 0 0 0
11240 5847 5848 5845 0 0 0
11241 5849 5847 5846 0 0 0
11242 5846 5850 5849 0 0 0
11243 5851 5849 5850 0 0 0
11244 5828 5827 5852 0 0 0
11245 5828 5852 5840 0 0 0
11246 5851 5840 5852 0 0 0
11247 5829 5853 5827 0 0 0
11248 5827 5853 5852 0 0 0
11249 5853 5829 5854 0 0 0
11250 5830 5854 5829 0 0 0
11251 5831 5855 5830 0 0 0
11252 5854 5830 5855 0 0 0
11253 5855 5831 5856 0 0 0
11254 5856 2923 2960 0 0 0
11255 2923 5856 5831 0 0 0
11256 5833 5857 5834 0 0 0
11257 5833 5832 5857 0 0 0
11258 5832 5836 5857 0 0 0
11259 5834 5857 5858 0 0 0
11260 5858 5837 5834 0 0 0
11261 5859 5836 5835 0 0 0
11262 5835 5844 5859 0 0 0
11263 5860 5857 5836 0 0 0
11264 5836 5859 5860 0 0 0
11265 5861 2968 2937 0 0 0
11266 2937 5838 5861 0 0 0
11267 5838 5862 5861 0 0 0
11268 5837 5858 5862 0 0 0
11269 5838 5837 5862 0 0 0
11270 5846 5845 5863 0 0 0
11271 5864 5850 5846 0 0 0
11272 5863 5864 5846 0 0 0
11273 5850 5865 5851 0 0 0
11274 5840 5851 5865 0 0 0
11275 5864 5866 5850 0 0 0
11276 5866 5865 5850 0 0 0
11277 5839 5840 5867 0 0 0
11278 5865 5867 5840 0 0 0
11279 5843 5841 5868 0 0 0
11280 5839 5868 5841 0 0 0
11281 5868 5839 5867 0 0 0
11282 5869 5844 5842 0 0 0
11283 5842 5843 5869 0 0 0
11284 5870 5869 5843 0 0 0
11285 5870 5843 5868 0 0 0
11286 5871 5859 5844 0 0 0
11287 5844 5869 5871 0 0 0
11288 5872 5873 5848 0 0 0
11289 5848 5847 5872 0 0 0
11290 5874 5872 5847 0 0 0
11291 5847 5849 5874 0 0 0
11292 5874 5849 5875 0 0 0
11293 5849 5851 5875 0 0 0
11294 5852 5875 5851 0 0 0
11295 5876 5852 5853 0 0 0
11296 5876 5875 5852 0 0 0
11297 5854 5877 5853 0 0 0
11298 5876 5853 5877 0 0 0
11299 5877 5854 5878 0 0 0
11300 5855 5878 5854 0 0 0
11301 5856 5879 5855 0 0 0
11302 5878 5855 5879 0 0 0
11303 2961 5879 2960 0 0 0
11304 2960 5879 5856 0 0 0
11305 5880 2961 2962 0 0 0
11306 2961 5880 5879 0 0 0
11307 2962 5881 5880 0 0 0
11308 5881 2962 2994 0 0 0
11309 2994 5882 5881 0 0 0
11310 2968 5861 5883 0 0 0
11311 5883 2998 2968 0 0 0
11312 5858 5884 5862 0 0 0
11313 5858 5857 5884 0 0 0
11314 5857 5860 5884 0 0 0
11315 5885 5860 5859 0 0 0
11316 5859 5871 5885 0 0 0
11317 5886 5884 5860 0 0 0
11318 5860 5885 5886 0 0 0
11319 5861 5862 5887 0 0 0
11320 5887 5883 5861 0 0 0
11321 5888 5887 5862 0 0 0
11322 5862 5884 5888 0 0 0
11323 5864 5863 5889 0 0 0
11324 5864 5889 5866 0 0 0
11325 5866 5890 5865 0 0 0
11326 5865 5890 5867 0 0 0
11327 5866 5889 5890 0 0 0
11328 5867 5890 5891 0 0 0
11329 5870 5868 5891 0 0 0
11330 5867 5891 5868 0 0 0
11331 5871 5869 5892 0 0 0
11332 5870 5892 5869 0 0 0
11333 5870 5891 5892 0 0 0
11334 5893 5885 5871 0 0 0
11335 5893 5871 5892 0 0 0
11336 5873 5872 5894 0 0 0
11337 5894 5895 5873 0 0 0
11338 5895 5894 5896 0 0 0
11339 5897 5895 5896 0 0 0
11340 5897 5896 5898 0 0 0
11341 5899 5898 5896 0 0 0
11342 5900 5894 5872 0 0 0
11343 5872 5874 5900 0 0 0
11344 5901 5900 5874 0 0 0
11345 5874 5875 5901 0 0 0
11346 5876 5877 5902 0 0 0
11347 5876 5902 5875 0 0 0
11348 5901 5875 5902 0 0 0
11349 5878 5903 5877 0 0 0
11350 5877 5903 5902 0 0 0
11351 5903 5878 5904 0 0 0
11352 5879 5904 5878 0 0 0
11353 5905 5880 5881 0 0 0
11354 5880 5905 5879 0 0 0
11355 5904 5879 5905 0 0 0
11356 5881 5906 5905 0 0 0
11357 5882 5906 5881 0 0 0
11358 5882 2994 3031 0 0 0
11359 5882 5907 5906 0 0 0
11360 3031 5907 5882 0 0 0
11361 5908 3000 2998 0 0 0
11362 2998 5883 5908 0 0 0
11363 5909 5908 5883 0 0 0
11364 5883 5887 5909 0 0 0
11365 3000 5908 5910 0 0 0
11366 5910 3001 3000 0 0 0
11367 5911 3033 3001 0 0 0
11368 3001 5910 5911 0 0 0
11369 5912 5888 5884 0 0 0
11370 5884 5886 5912 0 0 0
11371 5886 5885 5913 0 0 0
11372 5893 5913 5885 0 0 0
11373 5914 5912 5886 0 0 0
11374 5914 5886 5913 0 0 0
11375 5915 5909 5887 0 0 0
11376 5887 5888 5915 0 0 0
11377 5916 5915 5888 0 0 0
11378 5888 5912 5916 0 0 0
11379 5917 5890 5889 0 0 0
11380 5890 5917 5918 0 0 0
11381 5918 5891 5890 0 0 0
11382 5918 5919 5891 0 0 0
11383 5919 5892 5891 0 0 0
11384 5893 5920 5913 0 0 0
11385 5893 5892 5920 0 0 0
11386 5919 5920 5892 0 0 0
11387 5921 5913 5920 0 0 0
11388 5898 5899 5922 0 0 0
11389 5923 5896 5894 0 0 0
11390 5894 5900 5923 0 0 0
11391 5924 5899 5896 0 0 0
11392 5896 5923 5924 0 0 0
11393 5925 5922 5899 0 0 0
11394 5926 5922 5925 0 0 0
11395 5899 5924 5925 0 0 0
11396 5900 5927 5923 0 0 0
11397 5900 5901 5927 0 0 0
11398 5901 5902 5927 0 0 0
11399 5928 5902 5903 0 0 0
11400 5928 5927 5902 0 0 0
11401 5904 5929 5903 0 0 0
11402 5928 5903 5929 0 0 0
11403 5929 5904 5930 0 0 0
11404 5906 5930 5905 0 0 0
11405 5905 5930 5904 0 0 0
11406 5907 5931 5906 0 0 0
11407 5906 5931 5930 0 0 0
11408 5907 3031 3063 0 0 0
11409 5931 5907 5932 0 0 0
11410 5932 5907 3063 0 0 0
11411 5933 5910 5908 0 0 0
11412 5908 5909 5933 0 0 0
11413 5934 5933 5909 0 0 0
11414 5909 5915 5934 0 0 0
11415 5935 3034 3033 0 0 0
11416 3033 5911 5935 0 0 0
11417 5910 5933 5936 0 0 0
11418 5911 5936 5935 0 0 0
11419 5911 5910 5936 0 0 0
11420 5937 3035 3034 0 0 0
11421 3034 5935 5937 0 0 0
11422 3035 5937 5938 0 0 0
11423 5938 3064 3035 0 0 0
11424 5939 5916 5912 0 0 0
11425 5914 5939 5912 0 0 0
11426 5914 5940 5939 0 0 0
11427 5914 5913 5940 0 0 0
11428 5921 5940 5913 0 0 0
11429 5941 5934 5915 0 0 0
11430 5915 5916 5941 0 0 0
11431 5942 5941 5916 0 0 0
11432 5942 5916 5939 0 0 0
11433 5943 5918 5917 0 0 0
11434 5943 5944 5918 0 0 0
11435 5944 5919 5918 0 0 0
11436 5945 5919 5944 0 0 0
11437 5945 5920 5919 0 0 0
11438 5921 5946 5940 0 0 0
11439 5945 5947 5920 0 0 0
11440 5921 5947 5946 0 0 0
11441 5921 5920 5947 0 0 0
11442 5922 5926 5948 0 0 0
11443 5926 5949 5948 0 0 0
11444 5924 5923 5950 0 0 0
11445 5923 5927 5950 0 0 0
11446 5926 5925 5951 0 0 0
11447 5926 5951 5949 0 0 0
11448 5924 5952 5925 0 0 0
11449 5925 5952 5951 0 0 0
11450 5924 5950 5952 0 0 0
11451 5929 5953 5928 0 0 0
11452 5928 5953 5927 0 0 0
11453 5950 5927 5953 0 0 0
11454 5930 5954 5929 0 0 0
11455 5954 5953 5929 0 0 0
11456 5954 5930 5955 0 0 0
11457 5932 5955 5931 0 0 0
11458 5931 5955 5930 0 0 0
11459 5932 427 5955 0 0 0
11460 3063 427 5932 0 0 0
11461 5956 5936 5933 0 0 0
11462 5933 5934 5956 0 0 0
11463 5957 5956 5934 0 0 0
11464 5934 5941 5957 0 0 0
11465 5935 5936 5958 0 0 0
11466 5958 5937 5935 0 0 0
11467 5959 5958 5936 0 0 0
11468 5936 5956 5959 0 0 0
11469 5960 3092 3064 0 0 0
11470 3064 5938 5960 0 0 0
11471 5937 5958 5961 0 0 0
11472 5938 5937 5961 0 0 0
11473 5938 5961 5960 0 0 0
11474 5942 5939 5962 0 0 0
11475 5939 5940 5962 0 0 0
11476 5940 5946 5962 0 0 0
11477 5963 5962 5946 0 0 0
11478 5964 5963 5946 0 0 0
11479 5941 5965 5957 0 0 0
11480 5942 5965 5941 0 0 0
11481 5942 5962 5965 0 0 0
11482 5944 5943 5966 0 0 0
11483 5966 5967 5944 0 0 0
11484 5945 5944 5967 0 0 0
11485 5945 5967 5947 0 0 0
11486 5968 5946 5947 0 0 0
11487 5964 5946 5968 0 0 0
11488 5969 5947 5967 0 0 0
11489 5968 5947 5969 0 0 0
11490 5964 5970 5963 0 0 0
11491 5971 5964 5968 0 0 0
11492 5970 5964 5971 0 0 0
11493 5972 3093 3092 0 0 0
11494 3093 5972 5973 0 0 0
11495 5949 5951 5974 0 0 0
11496 5975 5948 5976 0 0 0
11497 5949 5976 5948 0 0 0
11498 5949 5974 5976 0 0 0
11499 3115 5973 5977 0 0 0
11500 5973 3115 3093 0 0 0
11501 5978 5974 5951 0 0 0
11502 5952 5950 5979 0 0 0
11503 5950 5953 5979 0 0 0
11504 5978 5951 5980 0 0 0
11505 5952 5980 5951 0 0 0
11506 5980 5952 5979 0 0 0
11507 5981 5954 5955 0 0 0
11508 5954 5981 5953 0 0 0
11509 5979 5953 5981 0 0 0
11510 5955 429 5981 0 0 0
11511 429 5955 427 0 0 0
11512 5982 5959 5956 0 0 0
11513 5956 5957 5982 0 0 0
11514 5983 5982 5957 0 0 0
11515 5983 5957 5965 0 0 0
11516 5984 5961 5958 0 0 0
11517 5958 5959 5984 0 0 0
11518 5985 5984 5959 0 0 0
11519 5959 5982 5985 0 0 0
11520 3092 5960 5986 0 0 0
11521 5972 3092 5986 0 0 0
11522 5960 5961 5986 0 0 0
11523 5987 5986 5961 0 0 0
11524 5961 5984 5987 0 0 0
11525 5970 5988 5963 0 0 0
11526 5963 5988 5989 0 0 0
11527 5989 5965 5962 0 0 0
11528 5963 5989 5962 0 0 0
11529 5983 5965 5990 0 0 0
11530 5989 5990 5965 0 0 0
11531 5967 5966 5991 0 0 0
11532 5969 5967 5991 0 0 0
11533 5969 5992 5968 0 0 0
11534 5971 5968 5992 0 0 0
11535 5992 5969 5991 0 0 0
11536 5971 5993 5970 0 0 0
11537 5970 5993 5988 0 0 0
11538 5994 5971 5992 0 0 0
11539 5993 5971 5994 0 0 0
11540 5972 5986 5995 0 0 0
11541 5973 5972 5995 0 0 0
11542 5995 5977 5973 0 0 0
11543 5978 5996 5974 0 0 0
11544 5997 5974 5996 0 0 0
11545 5998 5975 5999 0 0 0
11546 5999 5975 5976 0 0 0
11547 6000 5976 5974 0 0 0
11548 6000 5974 5997 0 0 0
11549 5999 5976 6001 0 0 0
11550 6001 5976 6000 0 0 0
11551 5977 5995 6002 0 0 0
11552 6002 6003 5977 0 0 0
11553 3142 5977 6003 0 0 0
11554 5977 3142 3115 0 0 0
11555 5978 5980 6004 0 0 0
11556 5978 6004 5996 0 0 0
11557 6005 6006 6007 0 0 0
11558 6005 6007 5996 0 0 0
11559 6005 5996 6004 0 0 0
11560 431 5981 429 0 0 0
11561 6008 6004 431 0 0 0
11562 6004 5980 431 0 0 0
11563 5981 431 5979 0 0 0
11564 5979 431 5980 0 0 0
11565 5982 6009 5985 0 0 0
11566 5983 6009 5982 0 0 0
11567 5983 5990 6009 0 0 0
11568 6010 5987 5984 0 0 0
11569 5984 5985 6010 0 0 0
11570 6011 6010 5985 0 0 0
11571 6011 5985 6009 0 0 0
11572 6012 5995 5986 0 0 0
11573 5986 5987 6012 0 0 0
11574 6013 6012 5987 0 0 0
11575 5987 6010 6013 0 0 0
11576 5993 6014 5988 0 0 0
11577 5988 6014 6015 0 0 0
11578 5988 6015 5989 0 0 0
11579 5990 5989 6015 0 0 0
11580 6016 6009 5990 0 0 0
11581 6016 5990 6015 0 0 0
11582 5994 5992 6017 0 0 0
11583 5992 5991 6017 0 0 0
11584 5994 6017 6018 0 0 0
11585 5994 6018 5993 0 0 0
11586 5993 6018 6014 0 0 0
11587 6002 5995 6019 0 0 0
11588 5995 6012 6019 0 0 0
11589 6007 6006 6020 0 0 0
11590 6007 6020 6021 0 0 0
11591 6007 6021 5996 0 0 0
11592 5997 5996 6021 0 0 0
11593 5997 6021 6022 0 0 0
11594 5997 6022 6000 0 0 0
11595 5998 6023 6024 0 0 0
11596 5999 6023 5998 0 0 0
11597 5999 6001 6023 0 0 0
11598 6001 6025 6023 0 0 0
11599 6000 6022 6025 0 0 0
11600 6001 6000 6025 0 0 0
11601 6024 6026 6027 0 0 0
11602 6026 6024 6023 0 0 0
11603 6003 6002 6028 0 0 0
11604 6002 6019 6028 0 0 0
11605 6028 6029 6003 0 0 0
11606 6003 3169 3142 0 0 0
11607 3169 6003 6029 0 0 0
11608 6008 6030 6004 0 0 0
11609 6005 6030 6006 0 0 0
11610 6005 6004 6030 0 0 0
11611 6011 6009 6031 0 0 0
11612 6016 6031 6009 0 0 0
11613 6013 6010 6032 0 0 0
11614 6011 6032 6010 0 0 0
11615 6011 6031 6032 0 0 0
11616 6033 6019 6012 0 0 0
11617 6012 6013 6033 0 0 0
11618 6034 6033 6013 0 0 0
11619 6034 6013 6032 0 0 0
11620 6019 6033 6035 0 0 0
11621 6036 6014 6018 0 0 0
11622 6036 6037 6014 0 0 0
11623 6014 6037 6015 0 0 0
11624 6037 6038 6015 0 0 0
11625 6016 6015 6038 0 0 0
11626 6016 6038 6031 0 0 0
11627 6036 6018 6039 0 0 0
11628 6018 6017 6039 0 0 0
11629 6035 6040 6019 0 0 0
11630 6028 6019 6040 0 0 0
11631 6020 6041 6021 0 0 0
11632 6042 6025 6022 0 0 0
11633 6043 6021 6041 0 0 0
11634 6022 6021 6043 0 0 0
11635 6042 6022 6043 0 0 0
11636 6044 6027 6026 0 0 0
11637 6027 6044 6045 0 0 0
11638 6026 6023 6046 0 0 0
11639 6025 6046 6023 0 0 0
11640 6025 6042 6046 0 0 0
11641 6047 6044 6026 0 0 0
11642 6047 6026 6046 0 0 0
11643 6048 6044 6047 0 0 0
11644 6029 6028 6049 0 0 0
11645 6040 6049 6028 0 0 0
11646 6049 6050 6029 0 0 0
11647 6029 3194 3169 0 0 0
11648 3194 6029 6050 0 0 0
11649 6038 6051 6031 0 0 0
11650 6031 6051 6032 0 0 0
11651 6034 6032 6052 0 0 0
11652 6052 6032 6051 0 0 0
11653 6053 6035 6033 0 0 0
11654 6034 6053 6033 0 0 0
11655 6034 6052 6053 0 0 0
11656 6040 6035 6054 0 0 0
11657 6055 6054 6035 0 0 0
11658 6055 6035 6053 0 0 0
11659 6036 6039 6056 0 0 0
11660 6036 6056 6037 0 0 0
11661 6037 6056 6057 0 0 0
11662 6037 6057 6038 0 0 0
11663 6038 6057 6051 0 0 0
11664 6056 6039 6058 0 0 0
11665 6054 6059 6040 0 0 0
11666 6049 6040 6059 0 0 0
11667 6059 6054 6060 0 0 0
11668 6042 6061 6046 0 0 0
11669 6062 6043 6041 0 0 0
11670 6063 6043 6062 0 0 0
11671 6063 6042 6043 0 0 0
11672 6061 6042 6063 0 0 0
11673 6045 6064 6065 0 0 0
11674 6044 6048 6064 0 0 0
11675 6064 6045 6044 0 0 0
11676 6047 6046 6066 0 0 0
11677 6048 6047 6066 0 0 0
11678 6066 6046 6061 0 0 0
11679 6067 6066 6061 0 0 0
11680 6068 6048 6066 0 0 0
11681 6069 6064 6048 0 0 0
11682 6069 6048 6068 0 0 0
11683 6050 3219 3194 0 0 0
11684 6050 6049 6070 0 0 0
11685 6059 6070 6049 0 0 0
11686 6071 6050 6070 0 0 0
11687 3219 6050 6071 0 0 0
11688 6051 6057 6072 0 0 0
11689 6073 6051 6072 0 0 0
11690 6073 6052 6051 0 0 0
11691 6055 6053 6074 0 0 0
11692 6053 6052 6074 0 0 0
11693 6073 6074 6052 0 0 0
11694 6075 6060 6054 0 0 0
11695 6055 6075 6054 0 0 0
11696 6055 6074 6075 0 0 0
11697 6076 6060 6075 0 0 0
11698 6058 6077 6056 0 0 0
11699 6057 6056 6077 0 0 0
11700 6077 6072 6057 0 0 0
11701 6058 6078 6077 0 0 0
11702 6079 6072 6077 0 0 0
11703 6060 6080 6059 0 0 0
11704 6070 6059 6080 0 0 0
11705 6080 6081 6070 0 0 0
11706 6080 6060 6082 0 0 0
11707 6076 6082 6060 0 0 0
11708 6063 6083 6061 0 0 0
11709 6067 6061 6083 0 0 0
11710 6062 6084 6063 0 0 0
11711 6083 6063 6084 0 0 0
11712 6067 6083 6085 0 0 0
11713 6086 6065 6087 0 0 0
11714 6064 6087 6065 0 0 0
11715 6069 6087 6064 0 0 0
11716 6067 6085 6088 0 0 0
11717 6067 6088 6066 0 0 0
11718 6068 6066 6088 0 0 0
11719 6069 6089 6087 0 0 0
11720 6068 6088 6089 0 0 0
11721 6068 6089 6069 0 0 0
11722 6071 3243 3219 0 0 0
11723 6090 6070 6081 0 0 0
11724 6071 6070 6090 0 0 0
11725 3243 6071 6090 0 0 0
11726 6081 6091 6090 0 0 0
11727 6076 6092 6082 0 0 0
11728 6079 6093 6072 0 0 0
11729 6073 6072 6093 0 0 0
11730 6073 6093 6074 0 0 0
11731 6076 6094 6092 0 0 0
11732 6076 6075 6094 0 0 0
11733 6075 6074 6094 0 0 0
11734 6074 6093 6094 0 0 0
11735 6095 6096 6078 0 0 0
11736 6078 6096 6077 0 0 0
11737 6079 6077 6096 0 0 0
11738 6079 6096 6097 0 0 0
11739 6079 6097 6093 0 0 0
11740 6098 6099 6100 0 0 0
11741 6101 6102 6100 0 0 0
11742 6099 6101 6100 0 0 0
11743 6082 6103 6080 0 0 0
11744 6081 6080 6103 0 0 0
11745 6091 6081 6104 0 0 0
11746 6103 6104 6081 0 0 0
11747 6103 6082 6105 0 0 0
11748 6082 6092 6105 0 0 0
11749 6106 6105 6092 0 0 0
11750 6085 6107 6088 0 0 0
11751 6084 6108 6083 0 0 0
11752 6083 6108 6085 0 0 0
11753 6109 6085 6108 0 0 0
11754 6085 6109 6107 0 0 0
11755 6098 6110 6099 0 0 0
11756 6111 6110 6098 0 0 0
11757 6086 6112 6111 0 0 0
11758 6111 6112 6110 0 0 0
11759 6086 6087 6112 0 0 0
11760 6113 6112 6087 0 0 0
11761 6113 6087 6089 0 0 0
11762 6114 6088 6107 0 0 0
11763 6114 6089 6088 0 0 0
11764 6115 6113 6089 0 0 0
11765 6115 6089 6114 0 0 0
11766 3266 6090 6091 0 0 0
11767 6090 3266 3243 0 0 0
11768 6104 6116 6091 0 0 0
11769 3286 6091 6116 0 0 0
11770 6091 3286 3266 0 0 0
11771 6116 6104 6117 0 0 0
11772 6092 6118 6106 0 0 0
11773 6092 6094 6118 0 0 0
11774 6097 6119 6093 0 0 0
11775 6119 6094 6093 0 0 0
11776 6118 6094 6119 0 0 0
11777 6120 6121 6095 0 0 0
11778 6095 6121 6096 0 0 0
11779 6097 6096 6121 0 0 0
11780 6122 6097 6121 0 0 0
11781 6122 6119 6097 0 0 0
11782 6123 6106 6118 0 0 0
11783 6120 6124 6125 0 0 0
11784 6120 6125 6121 0 0 0
11785 6102 6126 6124 0 0 0
11786 6126 6102 6101 0 0 0
11787 6127 6125 6124 0 0 0
11788 6126 6127 6124 0 0 0
11789 6110 6128 6099 0 0 0
11790 6101 6099 6129 0 0 0
11791 6129 6099 6128 0 0 0
11792 6130 6126 6101 0 0 0
11793 6130 6101 6129 0 0 0
11794 6105 6131 6103 0 0 0
11795 6104 6103 6131 0 0 0
11796 6117 6104 6131 0 0 0
11797 6131 6105 6132 0 0 0
11798 6106 6132 6105 0 0 0
11799 6132 6106 6133 0 0 0
11800 6123 6133 6106 0 0 0
11801 6134 6114 6107 0 0 0
11802 6135 6107 6109 0 0 0
11803 6107 6135 6134 0 0 0
11804 6112 6136 6110 0 0 0
11805 6110 6136 6128 0 0 0
11806 6112 6113 6136 0 0 0
11807 6137 6136 6113 0 0 0
11808 6137 6113 6115 0 0 0
11809 6114 6134 6138 0 0 0
11810 6115 6114 6138 0 0 0
11811 6137 6115 6138 0 0 0
11812 6139 6138 6134 0 0 0
11813 6140 6128 6136 0 0 0
11814 6141 6116 6117 0 0 0
11815 3287 6116 6141 0 0 0
11816 6116 3287 3286 0 0 0
11817 6117 6131 6142 0 0 0
11818 6117 6143 6141 0 0 0
11819 6143 6117 6142 0 0 0
11820 6122 6144 6119 0 0 0
11821 6123 6118 6144 0 0 0
11822 6118 6119 6144 0 0 0
11823 6125 6145 6121 0 0 0
11824 6122 6121 6145 0 0 0
11825 6122 6145 6144 0 0 0
11826 6123 6146 6133 0 0 0
11827 6123 6144 6146 0 0 0
11828 6127 6147 6125 0 0 0
11829 6145 6125 6147 0 0 0
11830 6126 6148 6127 0 0 0
11831 6130 6148 6126 0 0 0
11832 6149 6147 6127 0 0 0
11833 6149 6127 6148 0 0 0
11834 6129 6128 6150 0 0 0
11835 6128 6140 6150 0 0 0
11836 6129 6150 6151 0 0 0
11837 6130 6129 6151 0 0 0
11838 6130 6151 6148 0 0 0
11839 6132 6152 6131 0 0 0
11840 6142 6131 6152 0 0 0
11841 6152 6153 6142 0 0 0
11842 6152 6132 6154 0 0 0
11843 6133 6154 6132 0 0 0
11844 6154 6133 6155 0 0 0
11845 6133 6146 6155 0 0 0
11846 6156 6134 6135 0 0 0
11847 6139 6134 6156 0 0 0
11848 6157 6139 6156 0 0 0
11849 6137 6138 6158 0 0 0
11850 6137 6158 6136 0 0 0
11851 6140 6136 6158 0 0 0
11852 6159 6138 6139 0 0 0
11853 6159 6158 6138 0 0 0
11854 6160 6140 6158 0 0 0
11855 6139 6157 6161 0 0 0
11856 6159 6139 6161 0 0 0
11857 6162 6163 6150 0 0 0
11858 6162 6150 6140 0 0 0
11859 6160 6162 6140 0 0 0
11860 6164 6161 6157 0 0 0
11861 6141 3305 3287 0 0 0
11862 3305 6141 6143 0 0 0
11863 6142 6165 6143 0 0 0
11864 6165 6142 6153 0 0 0
11865 6143 3324 3305 0 0 0
11866 3324 6143 6165 0 0 0
11867 6153 6166 6165 0 0 0
11868 6147 6167 6145 0 0 0
11869 6146 6144 6167 0 0 0
11870 6145 6167 6144 0 0 0
11871 6146 6167 6168 0 0 0
11872 6168 6155 6146 0 0 0
11873 6149 6169 6147 0 0 0
11874 6169 6167 6147 0 0 0
11875 6151 6170 6148 0 0 0
11876 6149 6170 6169 0 0 0
11877 6149 6148 6170 0 0 0
11878 6163 6171 6172 0 0 0
11879 6163 6172 6150 0 0 0
11880 6151 6172 6170 0 0 0
11881 6151 6150 6172 0 0 0
11882 6154 6173 6152 0 0 0
11883 6153 6152 6173 0 0 0
11884 6173 6174 6153 0 0 0
11885 6166 6153 6174 0 0 0
11886 6173 6154 6175 0 0 0
11887 6154 6155 6175 0 0 0
11888 6176 6175 6155 0 0 0
11889 6176 6155 6168 0 0 0
11890 6161 6177 6159 0 0 0
11891 6159 6177 6158 0 0 0
11892 6160 6158 6177 0 0 0
11893 6178 6162 6160 0 0 0
11894 6160 6177 6178 0 0 0
11895 6161 6164 6179 0 0 0
11896 6179 6177 6161 0 0 0
11897 6171 6163 6180 0 0 0
11898 6181 6180 6163 0 0 0
11899 6181 6163 6162 0 0 0
11900 6178 6181 6162 0 0 0
11901 6179 6164 6182 0 0 0
11902 3327 6165 6166 0 0 0
11903 6165 3327 3324 0 0 0
11904 6174 6183 6166 0 0 0
11905 3352 6166 6183 0 0 0
11906 6166 3352 3327 0 0 0
11907 6168 6167 6184 0 0 0
11908 6169 6184 6167 0 0 0
11909 6168 6184 6185 0 0 0
11910 6176 6168 6185 0 0 0
11911 6186 6172 6171 0 0 0
11912 6170 6172 6186 0 0 0
11913 6184 6169 6186 0 0 0
11914 6170 6186 6169 0 0 0
11915 6175 6187 6173 0 0 0
11916 6183 6174 6187 0 0 0
11917 6174 6173 6187 0 0 0
11918 6187 6175 6188 0 0 0
11919 6176 6185 6188 0 0 0
11920 6176 6188 6175 0 0 0
11921 6179 6182 6189 0 0 0
11922 6179 6189 6177 0 0 0
11923 6178 6177 6189 0 0 0
11924 6178 6189 6181 0 0 0
11925 6180 6181 6190 0 0 0
11926 6189 6190 6181 0 0 0
11927 6191 6189 6182 0 0 0
11928 6187 3355 6183 0 0 0
11929 6183 3355 3352 0 0 0
11930 6192 6184 6186 0 0 0
11931 6192 6185 6184 0 0 0
11932 6193 6185 6192 0 0 0
11933 6193 6188 6185 0 0 0
11934 6194 6188 6193 0 0 0
11935 3355 6187 3379 0 0 0
11936 6194 3379 6188 0 0 0
11937 6188 3379 6187 0 0 0
11938 6191 6195 6189 0 0 0
11939 6195 6190 6189 0 0 0
11940 1639 1615 6196 0 0 0
11941 1646 6197 1615 0 0 0
11942 6197 6196 1615 0 0 0
11943 1642 1639 6198 0 0 0
11944 6198 1639 6196 0 0 0
11945 6196 6199 6198 0 0 0
11946 6200 1674 1642 0 0 0
11947 6200 1642 6198 0 0 0
11948 6199 6196 6201 0 0 0
11949 6197 6201 6196 0 0 0
11950 1648 6202 1646 0 0 0
11951 6197 1646 6202 0 0 0
11952 6202 6201 6197 0 0 0
11953 6203 1648 1679 0 0 0
11954 6203 6202 1648 0 0 0
11955 6198 6199 6204 0 0 0
11956 6200 6198 6204 0 0 0
11957 1674 6205 1709 0 0 0
11958 6200 6205 1674 0 0 0
11959 6200 6204 6205 0 0 0
11960 6201 6202 6206 0 0 0
11961 6203 6206 6202 0 0 0
11962 1680 6207 1679 0 0 0
11963 6203 1679 6207 0 0 0
11964 6207 6206 6203 0 0 0
11965 1680 1717 6208 0 0 0
11966 6208 6207 1680 0 0 0
11967 6205 6204 6209 0 0 0
11968 1710 1709 6210 0 0 0
11969 6205 6210 1709 0 0 0
11970 6210 6205 6209 0 0 0
11971 1743 1710 6211 0 0 0
11972 6211 1710 6210 0 0 0
11973 6207 6212 6206 0 0 0
11974 6208 6212 6207 0 0 0
11975 1727 6213 1717 0 0 0
11976 6208 1717 6213 0 0 0
11977 6208 6213 6212 0 0 0
11978 6214 6213 1727 0 0 0
11979 6214 1727 1762 0 0 0
11980 6209 6215 6210 0 0 0
11981 6211 6210 6215 0 0 0
11982 1745 1743 6216 0 0 0
11983 6211 6216 1743 0 0 0
11984 6216 6211 6215 0 0 0
11985 6217 1782 1745 0 0 0
11986 6217 1745 6216 0 0 0
11987 6218 6212 6213 0 0 0
11988 6218 6213 6219 0 0 0
11989 6214 6219 6213 0 0 0
11990 6219 6214 6220 0 0 0
11991 6214 1762 6220 0 0 0
11992 1804 6220 1762 0 0 0
11993 6215 6221 6216 0 0 0
11994 6217 6216 6221 0 0 0
11995 1782 6222 1823 0 0 0
11996 6217 6222 1782 0 0 0
11997 6217 6221 6222 0 0 0
11998 6223 1823 6222 0 0 0
11999 6219 6220 6224 0 0 0
12000 6219 6224 6218 0 0 0
12001 1866 1823 6223 0 0 0
12002 6225 6222 6221 0 0 0
12003 6222 6225 6223 0 0 0
12004 6223 6226 1866 0 0 0
12005 6223 6225 6226 0 0 0
12006 1900 1866 6226 0 0 0
12007 6227 6226 6225 0 0 0
12008 6226 6227 6228 0 0 0
12009 6226 6228 1900 0 0 0
12010 1933 1900 6228 0 0 0
12011 1933 6228 1935 0 0 0
12012 6229 6228 6227 0 0 0
12013 1935 6230 1947 0 0 0
12014 6229 6230 6228 0 0 0
12015 6230 1935 6228 0 0 0
12016 6231 1947 6230 0 0 0
12017 6231 1981 1947 0 0 0
12018 6229 6232 6230 0 0 0
12019 6231 6230 6232 0 0 0
12020 6231 6233 1981 0 0 0
12021 6231 6232 6233 0 0 0
12022 1981 6233 2011 0 0 0
12023 6234 6233 6232 0 0 0
12024 6235 2011 6233 0 0 0
12025 6233 6234 6235 0 0 0
12026 2036 2011 6235 0 0 0
12027 6235 6234 6236 0 0 0
12028 6237 2036 6235 0 0 0
12029 6235 6236 6237 0 0 0
12030 2053 2036 6237 0 0 0
12031 6238 6236 6239 0 0 0
12032 6238 6237 6236 0 0 0
12033 6237 6240 2053 0 0 0
12034 6238 6240 6237 0 0 0
12035 2069 2053 6240 0 0 0
12036 6241 6239 6242 0 0 0
12037 6238 6239 6241 0 0 0
12038 6238 6241 6240 0 0 0
12039 6243 2069 6240 0 0 0
12040 6243 6240 6241 0 0 0
12041 6244 6242 6245 0 0 0
12042 6242 6244 6241 0 0 0
12043 6243 2090 2069 0 0 0
12044 6243 6246 2090 0 0 0
12045 6246 6241 6244 0 0 0
12046 6243 6241 6246 0 0 0
12047 6247 6244 6245 0 0 0
12048 6248 6244 6247 0 0 0
12049 6248 6246 6244 0 0 0
12050 2107 2090 6246 0 0 0
12051 6249 2107 6246 0 0 0
12052 6249 6246 6248 0 0 0
12053 6248 6247 6250 0 0 0
12054 6248 6250 6249 0 0 0
12055 6249 2129 2107 0 0 0
12056 6249 6250 2129 0 0 0
12057 2157 2129 6250 0 0 0
12058 6220 1804 6251 0 0 0
12059 2525 6251 1804 0 0 0
12060 6252 6224 6220 0 0 0
12061 6251 6252 6220 0 0 0
12062 2525 2530 6251 0 0 0
12063 6253 6251 2530 0 0 0
12064 6252 6251 6253 0 0 0
12065 6252 6254 6224 0 0 0
12066 6252 6253 6254 0 0 0
12067 2530 2534 6253 0 0 0
12068 6255 6253 2534 0 0 0
12069 6254 6253 6256 0 0 0
12070 6255 6256 6253 0 0 0
12071 6257 6256 6255 0 0 0
12072 6255 2534 2543 0 0 0
12073 6255 2543 6257 0 0 0
12074 6257 6258 6256 0 0 0
12075 6259 6258 6257 0 0 0
12076 6259 6260 6258 0 0 0
12077 2543 2555 6257 0 0 0
12078 6259 6257 2555 0 0 0
12079 2555 2569 6259 0 0 0
12080 6259 2569 6260 0 0 0
12081 6261 6258 6260 0 0 0
12082 6260 6262 6261 0 0 0
12083 2569 2571 6260 0 0 0
12084 6262 6260 2571 0 0 0
12085 6263 6261 6264 0 0 0
12086 6262 6264 6261 0 0 0
12087 2571 2590 6262 0 0 0
12088 6262 2590 6264 0 0 0
12089 6265 6266 6263 0 0 0
12090 6264 6265 6263 0 0 0
12091 6267 6266 6265 0 0 0
12092 2590 2614 6264 0 0 0
12093 6265 6264 2614 0 0 0
12094 6268 6269 6266 0 0 0
12095 6267 2643 6268 0 0 0
12096 6267 6268 6266 0 0 0
12097 6270 6269 6268 0 0 0
12098 6269 6270 6271 0 0 0
12099 6272 6271 6270 0 0 0
12100 2614 2641 6265 0 0 0
12101 6267 2641 2643 0 0 0
12102 6267 6265 2641 0 0 0
12103 2643 2670 6268 0 0 0
12104 6268 2670 6270 0 0 0
12105 2704 6270 2670 0 0 0
12106 6272 6270 2704 0 0 0
12107 2708 6272 2704 0 0 0
12108 6272 2708 6273 0 0 0
12109 6272 6273 6271 0 0 0
12110 6271 6273 6274 0 0 0
12111 2710 6273 2708 0 0 0
12112 6275 6273 2710 0 0 0
12113 6275 6274 6273 0 0 0
12114 6276 6274 6277 0 0 0
12115 6275 6277 6274 0 0 0
12116 6278 6276 6277 0 0 0
12117 6279 6280 6245 0 0 0
12118 6247 6245 6280 0 0 0
12119 6281 6279 6282 0 0 0
12120 6279 6281 6280 0 0 0
12121 6283 6280 6281 0 0 0
12122 6284 6276 6285 0 0 0
12123 6278 6285 6276 0 0 0
12124 6286 6284 6287 0 0 0
12125 6285 6287 6284 0 0 0
12126 6286 6287 6288 0 0 0
12127 6275 2710 2750 0 0 0
12128 6275 2750 6277 0 0 0
12129 2750 2754 6277 0 0 0
12130 6278 6277 2754 0 0 0
12131 2753 6278 2754 0 0 0
12132 6278 2753 6285 0 0 0
12133 6280 6289 6247 0 0 0
12134 6289 6280 6283 0 0 0
12135 6250 6247 6289 0 0 0
12136 6283 2809 6289 0 0 0
12137 6288 6290 6286 0 0 0
12138 6291 6290 6288 0 0 0
12139 6281 6282 6292 0 0 0
12140 6293 6292 6294 0 0 0
12141 6282 6294 6292 0 0 0
12142 6295 6281 6292 0 0 0
12143 6295 6283 6281 0 0 0
12144 6283 2811 2809 0 0 0
12145 6295 2811 6283 0 0 0
12146 2767 6285 2753 0 0 0
12147 6285 2767 6287 0 0 0
12148 2817 6287 2767 0 0 0
12149 2819 6288 6287 0 0 0
12150 2817 2819 6287 0 0 0
12151 2821 6288 2819 0 0 0
12152 6291 6288 2821 0 0 0
12153 2808 6289 2809 0 0 0
12154 6289 2808 6250 0 0 0
12155 2157 6250 2808 0 0 0
12156 6293 2815 6292 0 0 0
12157 6296 6297 6294 0 0 0
12158 6297 6293 6294 0 0 0
12159 6296 6290 6298 0 0 0
12160 6291 6298 6290 0 0 0
12161 6298 6297 6296 0 0 0
12162 6291 2821 2826 0 0 0
12163 6291 2826 6298 0 0 0
12164 6293 2868 2815 0 0 0
12165 6293 6297 2868 0 0 0
12166 2813 6292 2815 0 0 0
12167 6295 2813 2811 0 0 0
12168 6295 6292 2813 0 0 0
12169 2826 2870 6298 0 0 0
12170 2870 2868 6297 0 0 0
12171 6297 6298 2870 0 0 0
12172 6299 6300 6301 0 0 0
12173 6302 6303 6300 0 0 0
12174 6299 6302 6300 0 0 0
12175 6302 6299 6304 0 0 0
12176 411 410 6305 0 0 0
12177 5605 6305 410 0 0 0
12178 6306 5605 5606 0 0 0
12179 6306 6305 5605 0 0 0
12180 5606 6303 6307 0 0 0
12181 6307 6306 5606 0 0 0
12182 6303 6308 6307 0 0 0
12183 6303 6302 6308 0 0 0
12184 6304 6309 6310 0 0 0
12185 6302 6304 6310 0 0 0
12186 6310 6308 6302 0 0 0
12187 6305 6311 411 0 0 0
12188 411 6311 414 0 0 0
12189 6305 6312 6311 0 0 0
12190 6307 6312 6306 0 0 0
12191 6307 6308 6312 0 0 0
12192 6306 6312 6305 0 0 0
12193 6309 6313 6314 0 0 0
12194 6310 6309 6314 0 0 0
12195 6310 6314 6315 0 0 0
12196 6308 6310 6315 0 0 0
12197 6308 6315 6312 0 0 0
12198 6313 6316 6317 0 0 0
12199 6314 6313 6317 0 0 0
12200 6318 6311 6312 0 0 0
12201 6318 6319 6311 0 0 0
12202 6320 414 6321 0 0 0
12203 6311 6321 414 0 0 0
12204 6319 6321 6311 0 0 0
12205 6314 6317 6322 0 0 0
12206 6315 6314 6322 0 0 0
12207 6318 6312 6322 0 0 0
12208 6315 6322 6312 0 0 0
12209 6317 6316 6323 0 0 0
12210 6317 6323 6322 0 0 0
12211 6319 6324 6321 0 0 0
12212 6318 6322 6325 0 0 0
12213 6319 6318 6325 0 0 0
12214 6324 6319 6325 0 0 0
12215 6324 6326 6321 0 0 0
12216 6327 6320 6328 0 0 0
12217 6321 6328 6320 0 0 0
12218 6326 6328 6321 0 0 0
12219 6329 6327 6330 0 0 0
12220 6327 6328 6330 0 0 0
12221 6323 6331 6322 0 0 0
12222 6322 6331 6325 0 0 0
12223 6324 6325 6332 0 0 0
12224 6324 6332 6326 0 0 0
12225 6331 6333 6325 0 0 0
12226 6332 6325 6333 0 0 0
12227 6326 6334 6328 0 0 0
12228 6326 6332 6334 0 0 0
12229 6334 6335 6328 0 0 0
12230 6330 6328 6335 0 0 0
12231 6336 6334 6332 0 0 0
12232 6333 6337 6332 0 0 0
12233 6336 6332 6337 0 0 0
12234 6334 6338 6335 0 0 0
12235 6336 6338 6334 0 0 0
12236 6336 6337 6339 0 0 0
12237 6336 6339 6338 0 0 0
12238 6301 6304 6299 0 0 0
12239 6304 6301 6340 0 0 0
12240 6341 6342 496 0 0 0
12241 6340 6309 6304 0 0 0
12242 6309 6340 6343 0 0 0
12243 6313 6343 6344 0 0 0
12244 6343 6313 6309 0 0 0
12245 6342 6341 6345 0 0 0
12246 6345 6346 6342 0 0 0
12247 6344 6316 6313 0 0 0
12248 6316 6344 6347 0 0 0
12249 6348 6347 6346 0 0 0
12250 6346 6345 6348 0 0 0
12251 6347 6348 6316 0 0 0
12252 6349 6350 6351 0 0 0
12253 931 6351 6350 0 0 0
12254 932 6350 6352 0 0 0
12255 6350 932 931 0 0 0
12256 6352 937 932 0 0 0
12257 6352 6350 6006 0 0 0
12258 6350 6349 6006 0 0 0
12259 6352 6006 6353 0 0 0
12260 937 6352 6353 0 0 0
12261 6349 6020 6006 0 0 0
12262 6351 6354 6349 0 0 0
12263 6020 6349 6354 0 0 0
12264 6351 931 976 0 0 0
12265 6354 6351 6355 0 0 0
12266 976 6355 6351 0 0 0
12267 6353 994 937 0 0 0
12268 6353 6006 6030 0 0 0
12269 994 6353 6030 0 0 0
12270 6354 6041 6020 0 0 0
12271 6355 6356 6354 0 0 0
12272 6041 6354 6356 0 0 0
12273 6356 6355 6357 0 0 0
12274 1036 6357 6355 0 0 0
12275 6355 976 1036 0 0 0
12276 6357 6358 6356 0 0 0
12277 6356 6062 6041 0 0 0
12278 6358 6359 6356 0 0 0
12279 6062 6356 6359 0 0 0
12280 6357 1036 1084 0 0 0
12281 1084 6358 6357 0 0 0
12282 6358 1084 1132 0 0 0
12283 6359 6358 6360 0 0 0
12284 1132 6360 6358 0 0 0
12285 6359 6084 6062 0 0 0
12286 6360 6361 6359 0 0 0
12287 6084 6359 6361 0 0 0
12288 6360 1132 1168 0 0 0
12289 6361 6360 6362 0 0 0
12290 1168 6362 6360 0 0 0
12291 6361 6108 6084 0 0 0
12292 6362 6363 6361 0 0 0
12293 6108 6361 6363 0 0 0
12294 6362 1168 1210 0 0 0
12295 6363 6362 6364 0 0 0
12296 1210 6364 6362 0 0 0
12297 6365 6109 6108 0 0 0
12298 6363 6365 6108 0 0 0
12299 6366 6365 6363 0 0 0
12300 6364 6366 6363 0 0 0
12301 6367 6135 6109 0 0 0
12302 6109 6365 6367 0 0 0
12303 6368 6156 6135 0 0 0
12304 6135 6367 6368 0 0 0
12305 6366 6364 1248 0 0 0
12306 6364 1210 1248 0 0 0
12307 6369 6367 6365 0 0 0
12308 6365 6366 6369 0 0 0
12309 1248 6369 6366 0 0 0
12310 6370 6368 6367 0 0 0
12311 6367 6369 6370 0 0 0
12312 6156 6368 6371 0 0 0
12313 6371 6157 6156 0 0 0
12314 6372 6164 6157 0 0 0
12315 6157 6371 6372 0 0 0
12316 6164 6372 6373 0 0 0
12317 6374 6371 6368 0 0 0
12318 6375 6374 6368 0 0 0
12319 6375 6368 6370 0 0 0
12320 6369 1248 1287 0 0 0
12321 1287 6370 6369 0 0 0
12322 1325 6375 6370 0 0 0
12323 6370 1287 1325 0 0 0
12324 6373 6182 6164 0 0 0
12325 6182 6376 6377 0 0 0
12326 6376 6182 6373 0 0 0
12327 6378 6372 6371 0 0 0
12328 6371 6374 6378 0 0 0
12329 6379 6376 6373 0 0 0
12330 6380 6373 6372 0 0 0
12331 6373 6380 6379 0 0 0
12332 6372 6378 6380 0 0 0
12333 1364 6378 6374 0 0 0
12334 6375 1325 1327 0 0 0
12335 1327 6374 6375 0 0 0
12336 6374 1327 1364 0 0 0
12337 6377 6191 6182 0 0 0
12338 6191 6377 6381 0 0 0
12339 6377 6382 6381 0 0 0
12340 6382 6377 6376 0 0 0
12341 6383 6376 6379 0 0 0
12342 6376 6383 6382 0 0 0
12343 1406 6383 6379 0 0 0
12344 6378 1364 1363 0 0 0
12345 1363 6380 6378 0 0 0
12346 1408 6379 6380 0 0 0
12347 6379 1408 1406 0 0 0
12348 6380 1363 1408 0 0 0
12349 6381 6195 6191 0 0 0
12350 6195 6381 6384 0 0 0
12351 6385 6384 6381 0 0 0
12352 6384 6385 6386 0 0 0
12353 6381 6387 6385 0 0 0
12354 6387 6381 6382 0 0 0
12355 6383 1406 6388 0 0 0
12356 6382 6388 6387 0 0 0
12357 6388 6382 6383 0 0 0
12358 6008 6389 6030 0 0 0
12359 6008 431 6389 0 0 0
12360 6389 431 433 0 0 0
12361 6390 995 994 0 0 0
12362 6030 6390 994 0 0 0
12363 6391 1050 995 0 0 0
12364 995 6390 6391 0 0 0
12365 6030 6389 6392 0 0 0
12366 6390 6030 6392 0 0 0
12367 6389 433 6393 0 0 0
12368 6389 6393 6392 0 0 0
12369 435 6393 433 0 0 0
12370 6394 1050 6391 0 0 0
12371 6391 6395 6394 0 0 0
12372 6391 6390 6395 0 0 0
12373 6390 6392 6395 0 0 0
12374 6396 6395 6392 0 0 0
12375 6396 6392 6393 0 0 0
12376 6397 6396 6393 0 0 0
12377 6398 6399 6400 0 0 0
12378 6401 6402 435 0 0 0
12379 6393 435 6402 0 0 0
12380 6397 6393 6402 0 0 0
12381 6403 6401 6399 0 0 0
12382 6401 6403 6402 0 0 0
12383 6398 6403 6399 0 0 0
12384 6404 6398 6400 0 0 0
12385 6405 6394 6395 0 0 0
12386 6395 6406 6405 0 0 0
12387 6396 6406 6395 0 0 0
12388 6397 6406 6396 0 0 0
12389 6397 6407 6406 0 0 0
12390 6397 6402 6407 0 0 0
12391 6398 6404 6408 0 0 0
12392 6398 6408 6403 0 0 0
12393 6409 6402 6403 0 0 0
12394 6408 6409 6403 0 0 0
12395 6407 6402 6409 0 0 0
12396 6408 6404 6410 0 0 0
12397 6411 6405 6406 0 0 0
12398 6406 6412 6411 0 0 0
12399 6407 6412 6406 0 0 0
12400 6407 6409 6412 0 0 0
12401 6410 6413 6408 0 0 0
12402 6413 6409 6408 0 0 0
12403 6409 6413 6412 0 0 0
12404 6413 6410 6414 0 0 0
12405 6415 6411 6412 0 0 0
12406 6414 6416 6413 0 0 0
12407 6416 6415 6412 0 0 0
12408 6416 6412 6413 0 0 0
12409 6416 6414 6417 0 0 0
12410 6416 6417 6415 0 0 0
12411 6418 6301 6419 0 0 0
12412 6420 5589 5593 0 0 0
12413 6419 6421 6418 0 0 0
12414 6420 6422 6419 0 0 0
12415 6421 6419 6422 0 0 0
12416 6422 6420 6423 0 0 0
12417 5593 6423 6420 0 0 0
12418 6419 6303 6420 0 0 0
12419 6303 5606 5589 0 0 0
12420 5589 6420 6303 0 0 0
12421 6301 6303 6419 0 0 0
12422 6300 6303 6301 0 0 0
12423 6423 5593 5615 0 0 0
12424 6422 6424 6421 0 0 0
12425 5615 6425 6423 0 0 0
12426 6426 6423 6425 0 0 0
12427 6423 6426 6422 0 0 0
12428 6424 6422 6426 0 0 0
12429 6425 5615 5634 0 0 0
12430 6426 6427 6424 0 0 0
12431 5634 6428 6425 0 0 0
12432 6429 6425 6428 0 0 0
12433 6425 6429 6426 0 0 0
12434 6427 6426 6429 0 0 0
12435 6430 5634 5655 0 0 0
12436 6428 5634 6430 0 0 0
12437 6429 6431 6427 0 0 0
12438 6432 6428 6430 0 0 0
12439 6428 6433 6429 0 0 0
12440 6433 6428 6432 0 0 0
12441 6431 6429 6433 0 0 0
12442 6430 6434 6432 0 0 0
12443 6434 6430 6435 0 0 0
12444 6435 5655 5690 0 0 0
12445 5655 6435 6430 0 0 0
12446 6432 551 6433 0 0 0
12447 6433 551 6431 0 0 0
12448 551 6432 6434 0 0 0
12449 6434 581 551 0 0 0
12450 6435 6436 6434 0 0 0
12451 581 6434 6436 0 0 0
12452 6436 6435 6437 0 0 0
12453 6437 5690 5719 0 0 0
12454 5690 6437 6435 0 0 0
12455 6436 582 581 0 0 0
12456 6438 6436 6437 0 0 0
12457 582 6436 6438 0 0 0
12458 6439 5719 5744 0 0 0
12459 5719 6439 6437 0 0 0
12460 6440 6437 6439 0 0 0
12461 6437 6440 6438 0 0 0
12462 613 6438 6440 0 0 0
12463 6438 613 582 0 0 0
12464 6441 5744 5746 0 0 0
12465 5744 6441 6439 0 0 0
12466 6442 6439 6441 0 0 0
12467 6439 6442 6440 0 0 0
12468 6440 644 613 0 0 0
12469 644 6440 6442 0 0 0
12470 6443 5746 5770 0 0 0
12471 5746 6443 6441 0 0 0
12472 6444 6441 6443 0 0 0
12473 6441 6444 6442 0 0 0
12474 673 6442 6444 0 0 0
12475 6442 673 644 0 0 0
12476 6445 6444 6443 0 0 0
12477 5770 6446 6443 0 0 0
12478 6446 5770 5792 0 0 0
12479 6447 6443 6446 0 0 0
12480 6443 6447 6445 0 0 0
12481 6448 5792 5793 0 0 0
12482 5792 6448 6446 0 0 0
12483 6449 5793 5803 0 0 0
12484 5793 6449 6448 0 0 0
12485 6444 711 673 0 0 0
12486 711 6444 6445 0 0 0
12487 750 6445 6447 0 0 0
12488 6445 750 711 0 0 0
12489 6450 6446 6448 0 0 0
12490 6446 6450 6447 0 0 0
12491 6447 751 750 0 0 0
12492 751 6447 6450 0 0 0
12493 6451 6452 6453 0 0 0
12494 5801 5800 6454 0 0 0
12495 5800 6451 6454 0 0 0
12496 6453 6454 6451 0 0 0
12497 6454 5802 5801 0 0 0
12498 6455 5803 5802 0 0 0
12499 5802 6454 6455 0 0 0
12500 5803 6455 6456 0 0 0
12501 6456 6449 5803 0 0 0
12502 6448 6457 6450 0 0 0
12503 6457 6448 6449 0 0 0
12504 6458 6457 6449 0 0 0
12505 6449 6459 6458 0 0 0
12506 6459 6449 6456 0 0 0
12507 753 6450 6457 0 0 0
12508 6450 753 751 0 0 0
12509 6460 6454 6453 0 0 0
12510 6461 6454 6460 0 0 0
12511 6462 6455 6454 0 0 0
12512 6461 6462 6454 0 0 0
12513 6455 6462 6463 0 0 0
12514 6463 6456 6455 0 0 0
12515 6456 6463 6459 0 0 0
12516 6457 792 753 0 0 0
12517 792 6457 6458 0 0 0
12518 6458 836 792 0 0 0
12519 836 6458 6459 0 0 0
12520 6459 837 836 0 0 0
12521 837 6459 6463 0 0 0
12522 6464 6461 6460 0 0 0
12523 6465 6462 6461 0 0 0
12524 6461 6464 6465 0 0 0
12525 6463 6466 837 0 0 0
12526 6466 6463 6462 0 0 0
12527 6462 6465 6466 0 0 0
12528 6418 6340 6301 0 0 0
12529 6418 6421 6340 0 0 0
12530 6343 6340 6421 0 0 0
12531 6467 6343 6421 0 0 0
12532 6467 6421 6424 0 0 0
12533 6467 6424 6468 0 0 0
12534 496 6342 498 0 0 0
12535 6342 6469 498 0 0 0
12536 6467 6344 6343 0 0 0
12537 6344 6467 6468 0 0 0
12538 6344 6468 6347 0 0 0
12539 6470 6347 6468 0 0 0
12540 6469 6342 6346 0 0 0
12541 6470 6346 6347 0 0 0
12542 6469 6346 6470 0 0 0
12543 6424 6427 6468 0 0 0
12544 6471 6470 6468 0 0 0
12545 6471 6468 6427 0 0 0
12546 6472 6469 6470 0 0 0
12547 6470 6471 6472 0 0 0
12548 501 498 6469 0 0 0
12549 6472 501 6469 0 0 0
12550 6473 6471 6427 0 0 0
12551 6473 6427 6431 0 0 0
12552 6472 522 501 0 0 0
12553 6473 522 6471 0 0 0
12554 6472 6471 522 0 0 0
12555 6473 550 522 0 0 0
12556 6473 6431 550 0 0 0
12557 550 6431 551 0 0 0
12558 6341 495 6474 0 0 0
12559 6475 6345 6341 0 0 0
12560 6474 6475 6341 0 0 0
12561 495 518 6476 0 0 0
12562 6474 495 6476 0 0 0
12563 6474 6476 6477 0 0 0
12564 6477 6475 6474 0 0 0
12565 6345 6478 6348 0 0 0
12566 6475 6478 6345 0 0 0
12567 6479 6478 6475 0 0 0
12568 6477 6479 6475 0 0 0
12569 6316 6348 6323 0 0 0
12570 6478 6323 6348 0 0 0
12571 518 543 6480 0 0 0
12572 6476 518 6480 0 0 0
12573 6476 6480 6481 0 0 0
12574 6477 6476 6481 0 0 0
12575 6479 6477 6481 0 0 0
12576 6478 6482 6323 0 0 0
12577 6479 6482 6478 0 0 0
12578 6479 6481 6482 0 0 0
12579 6323 6482 6331 0 0 0
12580 543 546 6483 0 0 0
12581 6480 543 6483 0 0 0
12582 6480 6483 6484 0 0 0
12583 6481 6480 6484 0 0 0
12584 6481 6484 6482 0 0 0
12585 546 452 6485 0 0 0
12586 6483 546 6485 0 0 0
12587 6331 6486 6333 0 0 0
12588 6486 6331 6482 0 0 0
12589 6484 6486 6482 0 0 0
12590 6484 6487 6486 0 0 0
12591 6484 6483 6487 0 0 0
12592 6485 6487 6483 0 0 0
12593 6485 452 455 0 0 0
12594 6488 6485 455 0 0 0
12595 6485 6488 6487 0 0 0
12596 6489 6337 6333 0 0 0
12597 6489 6333 6486 0 0 0
12598 6489 6486 6490 0 0 0
12599 6487 6490 6486 0 0 0
12600 6488 6490 6487 0 0 0
12601 455 6491 6488 0 0 0
12602 6492 6488 6491 0 0 0
12603 6492 6490 6488 0 0 0
12604 6493 6489 6490 0 0 0
12605 6337 6494 6339 0 0 0
12606 6494 6337 6489 0 0 0
12607 6493 6494 6489 0 0 0
12608 6493 6490 6495 0 0 0
12609 6492 6495 6490 0 0 0
12610 6496 6497 6491 0 0 0
12611 6492 6491 6497 0 0 0
12612 6497 6495 6492 0 0 0
12613 6495 6498 6493 0 0 0
12614 6493 6498 6494 0 0 0
12615 6499 6339 6494 0 0 0
12616 6499 6494 6498 0 0 0
12617 6496 6500 6497 0 0 0
12618 6498 6495 6501 0 0 0
12619 6501 6497 6500 0 0 0
12620 6497 6501 6495 0 0 0
12621 883 6502 6503 0 0 0
12622 6502 882 6504 0 0 0
12623 6503 6502 6504 0 0 0
12624 882 885 6505 0 0 0
12625 6504 882 6505 0 0 0
12626 883 6503 943 0 0 0
12627 941 6506 885 0 0 0
12628 6505 885 6506 0 0 0
12629 992 6507 941 0 0 0
12630 6506 941 6507 0 0 0
12631 6503 6508 943 0 0 0
12632 6503 6504 6508 0 0 0
12633 6505 6509 6504 0 0 0
12634 6508 6504 6509 0 0 0
12635 6510 6505 6506 0 0 0
12636 6509 6505 6510 0 0 0
12637 943 6511 999 0 0 0
12638 6508 6511 943 0 0 0
12639 6512 6506 6507 0 0 0
12640 6510 6506 6512 0 0 0
12641 993 1050 6513 0 0 0
12642 993 6513 992 0 0 0
12643 6507 992 6513 0 0 0
12644 6512 6507 6514 0 0 0
12645 6513 6514 6507 0 0 0
12646 6511 6508 6515 0 0 0
12647 6509 6515 6508 0 0 0
12648 6510 6512 6516 0 0 0
12649 6509 6516 6515 0 0 0
12650 6510 6516 6509 0 0 0
12651 1000 999 6517 0 0 0
12652 6511 6517 999 0 0 0
12653 6511 6515 6517 0 0 0
12654 6512 6514 6518 0 0 0
12655 6516 6512 6518 0 0 0
12656 1000 6519 1053 0 0 0
12657 6517 6519 1000 0 0 0
12658 6513 1050 6394 0 0 0
12659 6513 6394 6514 0 0 0
12660 6514 6394 6520 0 0 0
12661 6514 6520 6518 0 0 0
12662 6519 6517 6521 0 0 0
12663 6515 6521 6517 0 0 0
12664 6516 6518 6521 0 0 0
12665 6516 6521 6515 0 0 0
12666 6522 6518 6520 0 0 0
12667 6518 6522 6521 0 0 0
12668 1053 6523 1097 0 0 0
12669 6519 6523 1053 0 0 0
12670 6519 6521 6523 0 0 0
12671 6520 6394 6405 0 0 0
12672 6520 6405 6524 0 0 0
12673 6522 6520 6524 0 0 0
12674 6522 6524 6525 0 0 0
12675 6521 6525 6523 0 0 0
12676 6522 6525 6521 0 0 0
12677 1097 6526 472 0 0 0
12678 6523 6526 1097 0 0 0
12679 6526 6523 6527 0 0 0
12680 6527 6523 6525 0 0 0
12681 6405 6411 6524 0 0 0
12682 6528 6524 6411 0 0 0
12683 6526 474 472 0 0 0
12684 6524 6528 6529 0 0 0
12685 6525 6524 6529 0 0 0
12686 6527 6525 6529 0 0 0
12687 6530 474 6526 0 0 0
12688 6527 6530 6526 0 0 0
12689 6527 6529 6530 0 0 0
12690 6531 6529 6528 0 0 0
12691 6411 6415 6528 0 0 0
12692 6532 6528 6415 0 0 0
12693 6531 6528 6532 0 0 0
12694 6533 6532 6415 0 0 0
12695 474 6530 6534 0 0 0
12696 6534 6530 6535 0 0 0
12697 6530 6529 6535 0 0 0
12698 6531 6535 6529 0 0 0
12699 6531 6536 6535 0 0 0
12700 6531 6532 6536 0 0 0
12701 6533 6415 6417 0 0 0
12702 6533 6417 6537 0 0 0
12703 6533 6537 6532 0 0 0
12704 6532 6537 6536 0 0 0
12705 6538 6534 6535 0 0 0
12706 6536 6539 6535 0 0 0
12707 6538 6535 6539 0 0 0
12708 6540 6539 6536 0 0 0
12709 6540 6536 6537 0 0 0
12710 6541 6538 6539 0 0 0
12711 6542 4276 6543 0 0 0
12712 6543 4276 4286 0 0 0
12713 6544 6543 4286 0 0 0
12714 6545 6546 6542 0 0 0
12715 6546 4267 4276 0 0 0
12716 6542 6546 4276 0 0 0
12717 6547 6542 6543 0 0 0
12718 6542 6547 6545 0 0 0
12719 6544 6548 6543 0 0 0
12720 6543 6548 6547 0 0 0
12721 6549 4267 6546 0 0 0
12722 6546 6545 6550 0 0 0
12723 6550 6549 6546 0 0 0
12724 6549 6551 4267 0 0 0
12725 6551 4259 4267 0 0 0
12726 6552 6551 6549 0 0 0
12727 6549 6550 6552 0 0 0
12728 6553 4259 6551 0 0 0
12729 6551 6552 6553 0 0 0
12730 6553 6554 4259 0 0 0
12731 6555 4249 4259 0 0 0
12732 6554 6555 4259 0 0 0
12733 6556 4249 6555 0 0 0
12734 6557 4248 4249 0 0 0
12735 6556 6557 4249 0 0 0
12736 6555 6554 6558 0 0 0
12737 6558 6556 6555 0 0 0
12738 6556 6558 6559 0 0 0
12739 6559 6557 6556 0 0 0
12740 6560 4248 6557 0 0 0
12741 6557 6559 6560 0 0 0
12742 6560 6561 4248 0 0 0
12743 6562 6561 6560 0 0 0
12744 6561 4437 4248 0 0 0
12745 6562 6563 6561 0 0 0
12746 4437 6561 6563 0 0 0
12747 6564 4430 4437 0 0 0
12748 6563 6564 4437 0 0 0
12749 6565 4422 4430 0 0 0
12750 6566 4422 6565 0 0 0
12751 6567 4430 6564 0 0 0
12752 6567 6565 4430 0 0 0
12753 6566 6568 4422 0 0 0
12754 6568 4414 4422 0 0 0
12755 6569 6566 6565 0 0 0
12756 6565 6567 6569 0 0 0
12757 6566 6569 6570 0 0 0
12758 6570 6568 6566 0 0 0
12759 6571 4414 6568 0 0 0
12760 6571 6572 4414 0 0 0
12761 6572 4407 4414 0 0 0
12762 6573 4407 6572 0 0 0
12763 6574 6571 6568 0 0 0
12764 6568 6570 6574 0 0 0
12765 6573 6572 6575 0 0 0
12766 6576 6572 6571 0 0 0
12767 6572 6576 6575 0 0 0
12768 6571 6574 6576 0 0 0
12769 496 495 6341 0 0 0
12770 860 6502 861 0 0 0
12771 6502 860 882 0 0 0
12772 883 861 6502 0 0 0
12773 6577 6545 6547 0 0 0
12774 6545 6577 6578 0 0 0
12775 6579 6578 6577 0 0 0
12776 6578 6550 6545 0 0 0
12777 6548 6580 6547 0 0 0
12778 6547 6580 6577 0 0 0
12779 6581 6548 6582 0 0 0
12780 6581 6580 6548 0 0 0
12781 6580 6583 6577 0 0 0
12782 6579 6577 6583 0 0 0
12783 6579 6583 6584 0 0 0
12784 6579 6585 6578 0 0 0
12785 6579 6584 6585 0 0 0
12786 6586 6552 6550 0 0 0
12787 6550 6578 6586 0 0 0
12788 6578 6585 6586 0 0 0
12789 6582 6587 6588 0 0 0
12790 6581 6582 6588 0 0 0
12791 6581 6589 6580 0 0 0
12792 6581 6588 6589 0 0 0
12793 6580 6589 6583 0 0 0
12794 6590 6199 6584 0 0 0
12795 6583 6590 6584 0 0 0
12796 6583 6589 6590 0 0 0
12797 6591 6592 6587 0 0 0
12798 6587 6592 6588 0 0 0
12799 6201 6584 6199 0 0 0
12800 6553 6552 6593 0 0 0
12801 6552 6586 6593 0 0 0
12802 6594 6553 6593 0 0 0
12803 6595 6584 6201 0 0 0
12804 6585 6584 6595 0 0 0
12805 6593 6586 6596 0 0 0
12806 6585 6595 6596 0 0 0
12807 6586 6585 6596 0 0 0
12808 6594 6554 6553 0 0 0
12809 6594 6597 6554 0 0 0
12810 6590 6204 6199 0 0 0
12811 6592 6598 6588 0 0 0
12812 6588 6598 6589 0 0 0
12813 6204 6590 6599 0 0 0
12814 6589 6599 6590 0 0 0
12815 6598 6599 6589 0 0 0
12816 6600 6601 6591 0 0 0
12817 6591 6601 6592 0 0 0
12818 6602 6592 6601 0 0 0
12819 6602 6598 6592 0 0 0
12820 6595 6201 6206 0 0 0
12821 6594 6603 6597 0 0 0
12822 6594 6593 6603 0 0 0
12823 6593 6596 6603 0 0 0
12824 6595 6206 6604 0 0 0
12825 6596 6595 6604 0 0 0
12826 6596 6604 6603 0 0 0
12827 6554 6597 6558 0 0 0
12828 6605 6558 6597 0 0 0
12829 6605 6597 6606 0 0 0
12830 6606 6597 6603 0 0 0
12831 6599 6209 6204 0 0 0
12832 6607 6608 6600 0 0 0
12833 6600 6608 6601 0 0 0
12834 6609 6607 6610 0 0 0
12835 6607 6609 6608 0 0 0
12836 6599 6611 6209 0 0 0
12837 6598 6611 6599 0 0 0
12838 6602 6611 6598 0 0 0
12839 6608 6612 6601 0 0 0
12840 6601 6612 6602 0 0 0
12841 6602 6612 6611 0 0 0
12842 6206 6212 6604 0 0 0
12843 6604 6212 6613 0 0 0
12844 6603 6604 6613 0 0 0
12845 6606 6603 6613 0 0 0
12846 6559 6614 6560 0 0 0
12847 6559 6558 6614 0 0 0
12848 6605 6614 6558 0 0 0
12849 6605 6615 6614 0 0 0
12850 6606 6615 6605 0 0 0
12851 6606 6613 6615 0 0 0
12852 6209 6611 6215 0 0 0
12853 6616 6610 6617 0 0 0
12854 6610 6616 6609 0 0 0
12855 6618 6617 6619 0 0 0
12856 6617 6618 6616 0 0 0
12857 6609 6620 6608 0 0 0
12858 6609 6616 6620 0 0 0
12859 6608 6620 6612 0 0 0
12860 6621 6215 6611 0 0 0
12861 6612 6621 6611 0 0 0
12862 6612 6620 6621 0 0 0
12863 6218 6613 6212 0 0 0
12864 6622 6613 6218 0 0 0
12865 6622 6615 6613 0 0 0
12866 6614 6623 6560 0 0 0
12867 6623 6614 6615 0 0 0
12868 6615 6624 6623 0 0 0
12869 6624 6615 6622 0 0 0
12870 6621 6221 6215 0 0 0
12871 6619 6625 6626 0 0 0
12872 6619 6626 6618 0 0 0
12873 6618 6626 6627 0 0 0
12874 6618 6627 6616 0 0 0
12875 6616 6627 6620 0 0 0
12876 6221 6621 6628 0 0 0
12877 6620 6628 6621 0 0 0
12878 6628 6620 6627 0 0 0
12879 6625 6629 6630 0 0 0
12880 6625 6630 6626 0 0 0
12881 6622 6218 6224 0 0 0
12882 6622 6224 6624 0 0 0
12883 6628 6225 6221 0 0 0
12884 6626 6630 6631 0 0 0
12885 6626 6631 6627 0 0 0
12886 6225 6628 6632 0 0 0
12887 6627 6632 6628 0 0 0
12888 6631 6632 6627 0 0 0
12889 6629 6633 6634 0 0 0
12890 6630 6629 6634 0 0 0
12891 6635 6630 6634 0 0 0
12892 6635 6631 6630 0 0 0
12893 6633 6636 6637 0 0 0
12894 6634 6633 6637 0 0 0
12895 6638 6639 6636 0 0 0
12896 6639 6637 6636 0 0 0
12897 6632 6227 6225 0 0 0
12898 6632 6640 6227 0 0 0
12899 6631 6640 6632 0 0 0
12900 6635 6640 6631 0 0 0
12901 6634 6637 6641 0 0 0
12902 6635 6634 6641 0 0 0
12903 6635 6641 6640 0 0 0
12904 6642 6643 6638 0 0 0
12905 6639 6638 6643 0 0 0
12906 6642 6644 6645 0 0 0
12907 6645 6643 6642 0 0 0
12908 6639 6646 6637 0 0 0
12909 6637 6646 6641 0 0 0
12910 6647 6639 6643 0 0 0
12911 6647 6646 6639 0 0 0
12912 6229 6227 6640 0 0 0
12913 6648 6229 6640 0 0 0
12914 6641 6648 6640 0 0 0
12915 6641 6646 6648 0 0 0
12916 6644 6649 6650 0 0 0
12917 6650 6645 6644 0 0 0
12918 6649 6651 6652 0 0 0
12919 6652 6650 6649 0 0 0
12920 6643 6645 6653 0 0 0
12921 6647 6643 6653 0 0 0
12922 6654 6645 6650 0 0 0
12923 6654 6653 6645 0 0 0
12924 6646 6655 6648 0 0 0
12925 6647 6653 6655 0 0 0
12926 6647 6655 6646 0 0 0
12927 6648 6232 6229 0 0 0
12928 6648 6655 6232 0 0 0
12929 6656 6657 6651 0 0 0
12930 6652 6651 6657 0 0 0
12931 6650 6652 6658 0 0 0
12932 6654 6650 6658 0 0 0
12933 6659 6652 6657 0 0 0
12934 6659 6658 6652 0 0 0
12935 6653 6660 6655 0 0 0
12936 6654 6658 6660 0 0 0
12937 6654 6660 6653 0 0 0
12938 6232 6655 6234 0 0 0
12939 6655 6660 6234 0 0 0
12940 6661 6662 6656 0 0 0
12941 6657 6656 6662 0 0 0
12942 6663 6664 6661 0 0 0
12943 6661 6664 6662 0 0 0
12944 6657 6662 6665 0 0 0
12945 6659 6657 6665 0 0 0
12946 6658 6666 6660 0 0 0
12947 6659 6665 6666 0 0 0
12948 6659 6666 6658 0 0 0
12949 6234 6660 6236 0 0 0
12950 6666 6236 6660 0 0 0
12951 6663 6667 6664 0 0 0
12952 6664 6667 6668 0 0 0
12953 6664 6668 6669 0 0 0
12954 6662 6669 6665 0 0 0
12955 6662 6664 6669 0 0 0
12956 6665 6670 6666 0 0 0
12957 6665 6669 6670 0 0 0
12958 6239 6236 6666 0 0 0
12959 6670 6239 6666 0 0 0
12960 6669 6668 6671 0 0 0
12961 6672 6669 6671 0 0 0
12962 6672 6670 6669 0 0 0
12963 6670 6242 6239 0 0 0
12964 6672 6242 6670 0 0 0
12965 6672 6671 6245 0 0 0
12966 6672 6245 6242 0 0 0
12967 6673 6562 6560 0 0 0
12968 6673 6560 6623 0 0 0
12969 6673 6674 6562 0 0 0
12970 6673 6623 6674 0 0 0
12971 6562 6674 6563 0 0 0
12972 6675 6624 6224 0 0 0
12973 6676 6623 6624 0 0 0
12974 6674 6623 6676 0 0 0
12975 6675 6676 6624 0 0 0
12976 6563 6677 6564 0 0 0
12977 6677 6563 6674 0 0 0
12978 6674 6676 6677 0 0 0
12979 6567 6564 6678 0 0 0
12980 6677 6678 6564 0 0 0
12981 6675 6224 6254 0 0 0
12982 6675 6254 6679 0 0 0
12983 6675 6679 6676 0 0 0
12984 6678 6677 6680 0 0 0
12985 6680 6676 6679 0 0 0
12986 6677 6676 6680 0 0 0
12987 6569 6567 6681 0 0 0
12988 6681 6567 6678 0 0 0
12989 6682 6681 6678 0 0 0
12990 6682 6678 6680 0 0 0
12991 6683 6574 6570 0 0 0
12992 6679 6254 6256 0 0 0
12993 6679 6256 6684 0 0 0
12994 6680 6679 6684 0 0 0
12995 6682 6680 6684 0 0 0
12996 6570 6569 6685 0 0 0
12997 6683 6570 6685 0 0 0
12998 6681 6685 6569 0 0 0
12999 6686 6685 6681 0 0 0
13000 6682 6686 6681 0 0 0
13001 6682 6684 6686 0 0 0
13002 6574 6687 6576 0 0 0
13003 6683 6687 6574 0 0 0
13004 6688 6689 6575 0 0 0
13005 6683 6690 6687 0 0 0
13006 6683 6685 6690 0 0 0
13007 6256 6258 6684 0 0 0
13008 6691 6684 6258 0 0 0
13009 6686 6684 6691 0 0 0
13010 6686 6691 6685 0 0 0
13011 6690 6685 6691 0 0 0
13012 6575 6576 6692 0 0 0
13013 6688 6575 6692 0 0 0
13014 6687 6692 6576 0 0 0
13015 6693 6692 6687 0 0 0
13016 6693 6687 6690 0 0 0
13017 6688 6692 6694 0 0 0
13018 6689 6695 6696 0 0 0
13019 6688 6695 6689 0 0 0
13020 6688 6694 6695 0 0 0
13021 6690 6691 6697 0 0 0
13022 6693 6690 6697 0 0 0
13023 6261 6691 6258 0 0 0
13024 6697 6691 6261 0 0 0
13025 6693 6697 6698 0 0 0
13026 6693 6698 6692 0 0 0
13027 6694 6692 6698 0 0 0
13028 6694 6698 6699 0 0 0
13029 6700 6696 6701 0 0 0
13030 6695 6701 6696 0 0 0
13031 6695 6702 6701 0 0 0
13032 6695 6694 6702 0 0 0
13033 6699 6702 6694 0 0 0
13034 6697 6261 6263 0 0 0
13035 6697 6263 6698 0 0 0
13036 6703 6704 6705 0 0 0
13037 6706 6707 6704 0 0 0
13038 6703 6706 6704 0 0 0
13039 6707 6708 6709 0 0 0
13040 6706 6708 6707 0 0 0
13041 6266 6698 6263 0 0 0
13042 6266 6699 6698 0 0 0
13043 6699 6266 6269 0 0 0
13044 6705 6700 6710 0 0 0
13045 6703 6705 6710 0 0 0
13046 6701 6710 6700 0 0 0
13047 6269 6711 6699 0 0 0
13048 6702 6699 6711 0 0 0
13049 6712 6710 6701 0 0 0
13050 6712 6701 6702 0 0 0
13051 6712 6702 6711 0 0 0
13052 6709 6713 6714 0 0 0
13053 6713 6709 6708 0 0 0
13054 6714 6715 6716 0 0 0
13055 6715 6714 6713 0 0 0
13056 6668 6667 6717 0 0 0
13057 6718 6717 6667 0 0 0
13058 6718 6719 6717 0 0 0
13059 6668 6717 6720 0 0 0
13060 6703 6721 6706 0 0 0
13061 6703 6710 6721 0 0 0
13062 6722 6708 6706 0 0 0
13063 6706 6721 6722 0 0 0
13064 6708 6723 6713 0 0 0
13065 6722 6723 6708 0 0 0
13066 6711 6269 6271 0 0 0
13067 6271 6724 6711 0 0 0
13068 6712 6711 6724 0 0 0
13069 6712 6724 6710 0 0 0
13070 6721 6710 6724 0 0 0
13071 6720 6671 6668 0 0 0
13072 6719 6725 6726 0 0 0
13073 6719 6726 6717 0 0 0
13074 6727 6728 6725 0 0 0
13075 6728 6726 6725 0 0 0
13076 6715 6713 6729 0 0 0
13077 6729 6713 6723 0 0 0
13078 6730 6716 6731 0 0 0
13079 6715 6731 6716 0 0 0
13080 6732 6731 6715 0 0 0
13081 6732 6715 6729 0 0 0
13082 6733 6734 6727 0 0 0
13083 6728 6727 6734 0 0 0
13084 6733 6735 6736 0 0 0
13085 6736 6734 6733 0 0 0
13086 6730 6737 6738 0 0 0
13087 6737 6730 6731 0 0 0
13088 6739 6740 6735 0 0 0
13089 6740 6736 6735 0 0 0
13090 6741 6738 6742 0 0 0
13091 6742 6738 6737 0 0 0
13092 6741 6743 6739 0 0 0
13093 6740 6739 6743 0 0 0
13094 6742 6743 6741 0 0 0
13095 6720 6717 6744 0 0 0
13096 6726 6744 6717 0 0 0
13097 6671 6720 6745 0 0 0
13098 6720 6744 6745 0 0 0
13099 6721 6724 6746 0 0 0
13100 6722 6746 6723 0 0 0
13101 6722 6721 6746 0 0 0
13102 6723 6746 6747 0 0 0
13103 6723 6747 6729 0 0 0
13104 6271 6274 6724 0 0 0
13105 6274 6746 6724 0 0 0
13106 6671 6745 6245 0 0 0
13107 6728 6748 6726 0 0 0
13108 6744 6726 6748 0 0 0
13109 6734 6749 6728 0 0 0
13110 6749 6748 6728 0 0 0
13111 6729 6747 6750 0 0 0
13112 6732 6729 6750 0 0 0
13113 6731 6751 6737 0 0 0
13114 6732 6751 6731 0 0 0
13115 6732 6750 6751 0 0 0
13116 6734 6736 6752 0 0 0
13117 6749 6734 6752 0 0 0
13118 6753 6736 6740 0 0 0
13119 6753 6752 6736 0 0 0
13120 6737 6754 6742 0 0 0
13121 6754 6737 6751 0 0 0
13122 6743 6755 6740 0 0 0
13123 6753 6740 6755 0 0 0
13124 6756 6743 6742 0 0 0
13125 6756 6755 6743 0 0 0
13126 6756 6742 6754 0 0 0
13127 6757 6745 6744 0 0 0
13128 6748 6757 6744 0 0 0
13129 6279 6245 6745 0 0 0
13130 6745 6757 6279 0 0 0
13131 6276 6746 6274 0 0 0
13132 6276 6747 6746 0 0 0
13133 6747 6276 6284 0 0 0
13134 6747 6284 6750 0 0 0
13135 6748 6758 6757 0 0 0
13136 6749 6752 6758 0 0 0
13137 6749 6758 6748 0 0 0
13138 6286 6750 6284 0 0 0
13139 6759 6750 6286 0 0 0
13140 6751 6750 6759 0 0 0
13141 6751 6759 6754 0 0 0
13142 6752 6760 6758 0 0 0
13143 6753 6755 6760 0 0 0
13144 6753 6760 6752 0 0 0
13145 6755 6761 6760 0 0 0
13146 6754 6759 6761 0 0 0
13147 6756 6754 6761 0 0 0
13148 6756 6761 6755 0 0 0
13149 6757 6282 6279 0 0 0
13150 6757 6758 6282 0 0 0
13151 6282 6758 6294 0 0 0
13152 6760 6294 6758 0 0 0
13153 6759 6286 6290 0 0 0
13154 6759 6290 6761 0 0 0
13155 6290 6296 6761 0 0 0
13156 6296 6294 6760 0 0 0
13157 6760 6761 6296 0 0 0
13158 6762 232 240 0 0 0
13159 240 244 6763 0 0 0
13160 6762 6763 6764 0 0 0
13161 6762 240 6763 0 0 0
13162 413 6763 244 0 0 0
13163 6764 6765 6766 0 0 0
13164 6764 6763 6765 0 0 0
13165 414 6320 413 0 0 0
13166 6763 413 6320 0 0 0
13167 6765 6763 6320 0 0 0
13168 6765 6320 6327 0 0 0
13169 6327 6766 6765 0 0 0
13170 6766 6327 6767 0 0 0
13171 6329 6767 6327 0 0 0
13172 6768 454 338 0 0 0
13173 6768 338 342 0 0 0
13174 6768 342 6769 0 0 0
13175 6768 6769 454 0 0 0
13176 455 454 6491 0 0 0
13177 6769 6491 454 0 0 0
13178 344 6770 342 0 0 0
13179 6769 342 6770 0 0 0
13180 6771 6769 6770 0 0 0
13181 6769 6771 6491 0 0 0
13182 6496 6491 6771 0 0 0
13183 344 347 6770 0 0 0
13184 6772 6770 347 0 0 0
13185 6770 6772 6771 0 0 0
13186 6772 6500 6771 0 0 0
13187 6496 6771 6500 0 0 0
13188 474 6534 475 0 0 0
13189 384 475 6773 0 0 0
13190 387 384 6773 0 0 0
13191 6534 6774 475 0 0 0
13192 6773 475 6774 0 0 0
13193 6774 6534 6538 0 0 0
13194 387 6773 390 0 0 0
13195 390 6773 6775 0 0 0
13196 6774 6775 6773 0 0 0
13197 6538 6776 6774 0 0 0
13198 6776 6775 6774 0 0 0
13199 6776 6538 6541 0 0 0
13200 390 6775 392 0 0 0
13201 6777 392 6775 0 0 0
13202 6776 6541 6777 0 0 0
13203 6775 6776 6777 0 0 0
13204 6778 6779 6780 0 0 0
13205 6778 6780 6781 0 0 0
13206 6782 6778 6781 0 0 0
13207 434 284 6781 0 0 0
13208 287 6781 284 0 0 0
13209 6782 6781 287 0 0 0
13210 6780 6401 6781 0 0 0
13211 435 434 6401 0 0 0
13212 6781 6401 434 0 0 0
13213 6780 6399 6401 0 0 0
13214 6399 6780 6779 0 0 0
13215 6779 6783 6399 0 0 0
13216 6782 287 289 0 0 0
13217 6400 6399 6783 0 0 0
13218 6784 6785 6786 0 0 0
13219 6787 6788 6789 0 0 0
13220 6789 6784 6790 0 0 0
13221 6786 6790 6784 0 0 0
13222 6786 6791 6792 0 0 0
13223 6791 6786 6785 0 0 0
13224 6792 6791 6793 0 0 0
13225 6785 6794 6791 0 0 0
13226 6795 5424 6796 0 0 0
13227 6795 5425 5424 0 0 0
13228 6797 6798 6796 0 0 0
13229 6796 5424 6797 0 0 0
13230 6794 6785 6799 0 0 0
13231 6800 6799 6785 0 0 0
13232 6785 6784 6800 0 0 0
13233 6788 6801 6802 0 0 0
13234 6788 6802 6789 0 0 0
13235 6784 6789 6802 0 0 0
13236 6801 6798 6803 0 0 0
13237 6803 6802 6801 0 0 0
13238 6800 6784 6804 0 0 0
13239 6802 6804 6784 0 0 0
13240 6787 6789 6805 0 0 0
13241 6806 6787 6805 0 0 0
13242 6788 6807 6801 0 0 0
13243 6787 6807 6788 0 0 0
13244 6787 6806 6807 0 0 0
13245 6793 6808 6792 0 0 0
13246 6792 6809 6786 0 0 0
13247 6809 6792 6808 0 0 0
13248 6790 6786 6809 0 0 0
13249 6790 6810 6789 0 0 0
13250 6805 6789 6810 0 0 0
13251 6810 6790 6809 0 0 0
13252 6811 6801 6807 0 0 0
13253 6801 6811 6798 0 0 0
13254 6812 6796 6798 0 0 0
13255 6811 6812 6798 0 0 0
13256 6812 6813 6796 0 0 0
13257 6795 6796 6813 0 0 0
13258 6813 6814 6795 0 0 0
13259 5425 6795 6814 0 0 0
13260 6814 5438 5425 0 0 0
13261 6808 6793 6815 0 0 0
13262 6815 6816 6808 0 0 0
13263 6817 6815 6793 0 0 0
13264 6818 6815 6817 0 0 0
13265 6819 6815 6818 0 0 0
13266 6820 6819 6818 0 0 0
13267 6816 6815 6821 0 0 0
13268 6821 6822 6816 0 0 0
13269 6823 6824 6825 0 0 0
13270 6826 6827 6828 0 0 0
13271 6827 6829 6828 0 0 0
13272 6824 6823 6830 0 0 0
13273 6831 6830 6823 0 0 0
13274 6820 6832 6831 0 0 0
13275 6830 6831 6832 0 0 0
13276 6832 6820 6833 0 0 0
13277 6818 6833 6820 0 0 0
13278 6817 6833 6818 0 0 0
13279 6834 6793 6791 0 0 0
13280 6817 6834 6833 0 0 0
13281 6793 6834 6817 0 0 0
13282 6791 6835 6834 0 0 0
13283 6835 6791 6794 0 0 0
13284 6799 6836 6794 0 0 0
13285 6794 6836 6835 0 0 0
13286 6797 5424 6837 0 0 0
13287 5447 6837 5424 0 0 0
13288 6803 6798 6838 0 0 0
13289 6797 6838 6798 0 0 0
13290 6837 6838 6797 0 0 0
13291 6839 6803 6838 0 0 0
13292 6799 6840 6836 0 0 0
13293 6800 6841 6799 0 0 0
13294 6841 6840 6799 0 0 0
13295 6804 6841 6800 0 0 0
13296 6839 6842 6803 0 0 0
13297 6803 6842 6802 0 0 0
13298 6804 6802 6842 0 0 0
13299 6804 6842 6841 0 0 0
13300 6822 6843 6816 0 0 0
13301 6822 6844 6843 0 0 0
13302 6845 6805 6810 0 0 0
13303 6806 6805 6846 0 0 0
13304 6846 6805 6845 0 0 0
13305 6847 6848 6807 0 0 0
13306 6847 6806 6846 0 0 0
13307 6806 6847 6807 0 0 0
13308 6849 6811 6807 0 0 0
13309 6848 6849 6807 0 0 0
13310 6816 6850 6808 0 0 0
13311 6808 6850 6809 0 0 0
13312 6816 6843 6850 0 0 0
13313 6845 6810 6851 0 0 0
13314 6809 6851 6810 0 0 0
13315 6851 6809 6850 0 0 0
13316 6849 6852 6811 0 0 0
13317 6812 6811 6852 0 0 0
13318 6853 6812 6852 0 0 0
13319 6853 6813 6812 0 0 0
13320 6814 6813 6854 0 0 0
13321 6853 6854 6813 0 0 0
13322 6854 6855 6814 0 0 0
13323 5438 6814 6855 0 0 0
13324 6828 6829 6856 0 0 0
13325 6857 6829 6858 0 0 0
13326 6859 6856 6829 0 0 0
13327 6859 6829 6857 0 0 0
13328 6855 5461 5438 0 0 0
13329 6828 6856 6860 0 0 0
13330 6861 6860 6856 0 0 0
13331 6824 6826 6862 0 0 0
13332 6826 6828 6862 0 0 0
13333 6825 6824 6862 0 0 0
13334 6860 6862 6828 0 0 0
13335 6863 6862 6860 0 0 0
13336 6831 6864 6820 0 0 0
13337 6819 6820 6864 0 0 0
13338 6821 6815 6865 0 0 0
13339 6819 6865 6815 0 0 0
13340 6865 6819 6864 0 0 0
13341 6831 6866 6864 0 0 0
13342 6823 6825 6866 0 0 0
13343 6823 6866 6831 0 0 0
13344 6825 6862 6867 0 0 0
13345 6825 6867 6866 0 0 0
13346 6822 6821 6868 0 0 0
13347 6844 6822 6868 0 0 0
13348 6821 6865 6868 0 0 0
13349 6826 6824 6869 0 0 0
13350 6830 6869 6824 0 0 0
13351 6827 6870 6829 0 0 0
13352 6858 6829 6870 0 0 0
13353 6858 6870 6871 0 0 0
13354 6872 6870 6827 0 0 0
13355 6827 6826 6872 0 0 0
13356 6869 6872 6826 0 0 0
13357 6873 6871 6870 0 0 0
13358 6832 6874 6830 0 0 0
13359 6869 6830 6874 0 0 0
13360 6833 6875 6832 0 0 0
13361 6874 6832 6875 0 0 0
13362 6875 6833 6876 0 0 0
13363 6876 6833 6834 0 0 0
13364 6835 6877 6834 0 0 0
13365 6878 6876 6834 0 0 0
13366 6878 6834 6877 0 0 0
13367 6879 6836 6840 0 0 0
13368 6877 6835 6880 0 0 0
13369 6880 6836 6879 0 0 0
13370 6836 6880 6835 0 0 0
13371 6837 5469 6838 0 0 0
13372 6837 5447 5469 0 0 0
13373 6881 6838 5469 0 0 0
13374 6839 6838 6882 0 0 0
13375 6881 6882 6838 0 0 0
13376 6882 6883 6839 0 0 0
13377 6839 6883 6842 0 0 0
13378 6840 6884 6879 0 0 0
13379 6884 6840 6885 0 0 0
13380 6840 6841 6885 0 0 0
13381 6886 6885 6841 0 0 0
13382 6841 6842 6886 0 0 0
13383 6883 6886 6842 0 0 0
13384 6884 6887 6879 0 0 0
13385 6844 6868 6888 0 0 0
13386 6843 6889 6850 0 0 0
13387 6889 6843 6890 0 0 0
13388 6890 6844 6888 0 0 0
13389 6844 6890 6843 0 0 0
13390 6848 6891 6849 0 0 0
13391 6892 6845 6851 0 0 0
13392 6845 6892 6846 0 0 0
13393 6848 6847 6893 0 0 0
13394 6893 6891 6848 0 0 0
13395 6846 6893 6847 0 0 0
13396 6893 6846 6892 0 0 0
13397 6852 6849 6894 0 0 0
13398 6891 6894 6849 0 0 0
13399 6895 6894 6891 0 0 0
13400 6896 6850 6889 0 0 0
13401 6850 6896 6851 0 0 0
13402 6897 6851 6896 0 0 0
13403 6892 6851 6897 0 0 0
13404 6889 6898 6896 0 0 0
13405 6853 6852 6899 0 0 0
13406 6853 6899 6854 0 0 0
13407 6894 6899 6852 0 0 0
13408 6855 6854 6900 0 0 0
13409 6854 6899 6900 0 0 0
13410 6900 6901 6855 0 0 0
13411 5461 6855 6901 0 0 0
13412 6861 6856 6902 0 0 0
13413 6903 6861 6902 0 0 0
13414 6904 6902 6856 0 0 0
13415 6859 6904 6856 0 0 0
13416 6857 6858 6905 0 0 0
13417 6871 6905 6858 0 0 0
13418 6906 6857 6905 0 0 0
13419 6857 6906 6859 0 0 0
13420 6859 6906 6904 0 0 0
13421 6905 6871 6907 0 0 0
13422 6903 6902 6908 0 0 0
13423 6901 5484 5461 0 0 0
13424 6909 6863 6860 0 0 0
13425 6909 6860 6861 0 0 0
13426 6910 6909 6861 0 0 0
13427 6910 6861 6903 0 0 0
13428 6903 6908 6911 0 0 0
13429 6903 6911 6910 0 0 0
13430 6908 6912 6911 0 0 0
13431 6913 6863 6909 0 0 0
13432 6867 6862 6914 0 0 0
13433 6914 6862 6863 0 0 0
13434 6915 6914 6863 0 0 0
13435 6863 6913 6915 0 0 0
13436 6866 6916 6864 0 0 0
13437 6868 6865 6916 0 0 0
13438 6864 6916 6865 0 0 0
13439 6867 6917 6866 0 0 0
13440 6866 6917 6916 0 0 0
13441 6867 6914 6917 0 0 0
13442 6916 6918 6868 0 0 0
13443 6888 6868 6918 0 0 0
13444 6873 6919 6871 0 0 0
13445 6871 6919 6907 0 0 0
13446 6872 6869 6920 0 0 0
13447 6874 6920 6869 0 0 0
13448 6870 6872 6921 0 0 0
13449 6873 6870 6921 0 0 0
13450 6920 6921 6872 0 0 0
13451 6922 6919 6873 0 0 0
13452 6873 6921 6922 0 0 0
13453 6875 6923 6874 0 0 0
13454 6920 6874 6923 0 0 0
13455 6924 6877 6880 0 0 0
13456 6876 6925 6875 0 0 0
13457 6923 6875 6925 0 0 0
13458 6876 6926 6925 0 0 0
13459 6926 6876 6878 0 0 0
13460 6877 6927 6878 0 0 0
13461 6878 6927 6926 0 0 0
13462 6927 6877 6924 0 0 0
13463 6924 6880 6928 0 0 0
13464 6928 6879 6887 0 0 0
13465 6879 6928 6880 0 0 0
13466 6881 5469 5493 0 0 0
13467 6882 6881 6929 0 0 0
13468 6881 5493 6929 0 0 0
13469 6929 6930 6882 0 0 0
13470 6883 6882 6930 0 0 0
13471 6883 6930 6886 0 0 0
13472 6887 6884 6931 0 0 0
13473 6884 6885 6931 0 0 0
13474 6932 6931 6885 0 0 0
13475 6886 6932 6885 0 0 0
13476 6930 6932 6886 0 0 0
13477 6933 6887 6931 0 0 0
13478 6887 6933 6928 0 0 0
13479 6934 6933 6931 0 0 0
13480 6935 6936 6919 0 0 0
13481 6936 6907 6919 0 0 0
13482 6937 6938 6939 0 0 0
13483 6940 6938 6937 0 0 0
13484 6939 6941 6937 0 0 0
13485 6942 6937 6941 0 0 0
13486 6888 6943 6890 0 0 0
13487 6944 6888 6918 0 0 0
13488 6943 6888 6944 0 0 0
13489 6944 6918 6945 0 0 0
13490 6898 6889 6946 0 0 0
13491 6946 6890 6943 0 0 0
13492 6890 6946 6889 0 0 0
13493 6895 6891 6947 0 0 0
13494 6891 6893 6947 0 0 0
13495 6892 6947 6893 0 0 0
13496 6897 6947 6892 0 0 0
13497 6895 6948 6894 0 0 0
13498 6894 6948 6899 0 0 0
13499 6895 6947 6949 0 0 0
13500 6949 6948 6895 0 0 0
13501 6897 6950 6947 0 0 0
13502 6898 6950 6896 0 0 0
13503 6896 6950 6897 0 0 0
13504 6898 6951 6950 0 0 0
13505 6951 6898 6946 0 0 0
13506 6900 6899 6952 0 0 0
13507 6948 6952 6899 0 0 0
13508 6901 6900 6953 0 0 0
13509 6952 6953 6900 0 0 0
13510 6953 6954 6901 0 0 0
13511 5484 6901 6954 0 0 0
13512 6908 6902 6955 0 0 0
13513 6902 6904 6955 0 0 0
13514 6906 6956 6904 0 0 0
13515 6956 6955 6904 0 0 0
13516 6906 6905 6957 0 0 0
13517 6956 6906 6957 0 0 0
13518 6907 6957 6905 0 0 0
13519 6936 6958 6907 0 0 0
13520 6907 6958 6957 0 0 0
13521 6912 6908 6959 0 0 0
13522 6955 6959 6908 0 0 0
13523 6960 6912 6961 0 0 0
13524 6961 6912 6959 0 0 0
13525 6954 5508 5484 0 0 0
13526 6910 6962 6909 0 0 0
13527 6909 6962 6913 0 0 0
13528 6910 6911 6962 0 0 0
13529 6963 6913 6962 0 0 0
13530 6911 6912 6964 0 0 0
13531 6960 6964 6912 0 0 0
13532 6911 6964 6962 0 0 0
13533 6965 6915 6913 0 0 0
13534 6913 6963 6965 0 0 0
13535 6914 6966 6917 0 0 0
13536 6915 6966 6914 0 0 0
13537 6915 6965 6966 0 0 0
13538 6918 6916 6967 0 0 0
13539 6966 6967 6917 0 0 0
13540 6917 6967 6916 0 0 0
13541 6968 6918 6967 0 0 0
13542 6945 6918 6968 0 0 0
13543 6969 6968 6967 0 0 0
13544 6935 6919 6970 0 0 0
13545 6922 6970 6919 0 0 0
13546 6935 6970 6971 0 0 0
13547 6921 6920 6972 0 0 0
13548 6923 6972 6920 0 0 0
13549 6922 6921 6973 0 0 0
13550 6922 6973 6970 0 0 0
13551 6973 6921 6972 0 0 0
13552 6974 6923 6925 0 0 0
13553 6972 6923 6974 0 0 0
13554 6975 6924 6928 0 0 0
13555 6924 6975 6927 0 0 0
13556 6976 6974 6925 0 0 0
13557 6977 6925 6926 0 0 0
13558 6976 6925 6977 0 0 0
13559 6927 6978 6926 0 0 0
13560 6927 6975 6978 0 0 0
13561 6977 6926 6978 0 0 0
13562 6979 6975 6928 0 0 0
13563 6979 6928 6933 0 0 0
13564 6929 5493 5517 0 0 0
13565 6930 6929 6980 0 0 0
13566 6932 6930 6980 0 0 0
13567 5517 6980 6929 0 0 0
13568 6934 6931 6981 0 0 0
13569 6931 6932 6981 0 0 0
13570 6980 6981 6932 0 0 0
13571 6933 6982 6979 0 0 0
13572 6934 6982 6933 0 0 0
13573 6983 6934 6981 0 0 0
13574 6934 6983 6982 0 0 0
13575 6971 6984 6935 0 0 0
13576 6935 6984 6936 0 0 0
13577 6985 6958 6936 0 0 0
13578 6985 6936 6984 0 0 0
13579 6986 6939 6987 0 0 0
13580 6941 6939 6986 0 0 0
13581 6988 6987 6989 0 0 0
13582 6987 6988 6986 0 0 0
13583 6971 6990 6984 0 0 0
13584 6938 6940 6991 0 0 0
13585 6991 6992 6938 0 0 0
13586 6992 6993 6938 0 0 0
13587 6941 6986 6994 0 0 0
13588 6941 6994 6942 0 0 0
13589 6995 6942 6994 0 0 0
13590 6971 6970 6996 0 0 0
13591 6971 6996 6990 0 0 0
13592 6943 6997 6946 0 0 0
13593 6998 6997 6943 0 0 0
13594 6945 6998 6944 0 0 0
13595 6944 6998 6943 0 0 0
13596 6968 6999 6945 0 0 0
13597 6998 6945 6999 0 0 0
13598 6952 6948 7000 0 0 0
13599 6997 7001 6946 0 0 0
13600 6951 6946 7001 0 0 0
13601 6950 7002 6947 0 0 0
13602 6949 6947 7002 0 0 0
13603 7003 7000 6948 0 0 0
13604 6949 7003 6948 0 0 0
13605 7002 7003 6949 0 0 0
13606 6951 7001 7004 0 0 0
13607 7002 6950 7004 0 0 0
13608 6951 7004 6950 0 0 0
13609 6953 6952 7005 0 0 0
13610 7000 7005 6952 0 0 0
13611 7005 7000 7006 0 0 0
13612 7005 7007 6953 0 0 0
13613 6954 6953 7007 0 0 0
13614 7007 7008 6954 0 0 0
13615 5508 6954 7008 0 0 0
13616 6985 7009 6958 0 0 0
13617 7009 6989 7010 0 0 0
13618 6956 6957 7011 0 0 0
13619 6956 7011 6955 0 0 0
13620 6955 7011 6959 0 0 0
13621 7011 6957 7012 0 0 0
13622 6958 7012 6957 0 0 0
13623 6958 7009 7012 0 0 0
13624 7013 6964 7014 0 0 0
13625 6960 7014 6964 0 0 0
13626 7014 7015 7013 0 0 0
13627 7016 6959 7011 0 0 0
13628 6961 7017 6960 0 0 0
13629 6960 7017 7014 0 0 0
13630 7016 7018 6959 0 0 0
13631 6961 6959 7018 0 0 0
13632 6961 7018 7017 0 0 0
13633 7019 7013 7015 0 0 0
13634 7015 7020 7019 0 0 0
13635 7008 5530 5508 0 0 0
13636 7021 6965 6963 0 0 0
13637 7022 6962 6964 0 0 0
13638 6962 7022 6963 0 0 0
13639 7021 6963 7023 0 0 0
13640 7023 6963 7022 0 0 0
13641 7013 7024 6964 0 0 0
13642 7022 6964 7024 0 0 0
13643 7013 7019 7024 0 0 0
13644 6965 7025 6966 0 0 0
13645 7021 7025 6965 0 0 0
13646 6966 7026 6967 0 0 0
13647 7026 6966 7025 0 0 0
13648 6969 6967 7027 0 0 0
13649 7026 7027 6967 0 0 0
13650 6999 6968 7028 0 0 0
13651 6969 7028 6968 0 0 0
13652 7028 6969 7029 0 0 0
13653 7029 6969 7027 0 0 0
13654 6996 6970 7030 0 0 0
13655 6970 6973 7030 0 0 0
13656 6973 6972 7030 0 0 0
13657 6974 7030 6972 0 0 0
13658 6976 7031 6974 0 0 0
13659 7031 7030 6974 0 0 0
13660 7032 6975 6979 0 0 0
13661 6975 7032 6978 0 0 0
13662 6977 7033 6976 0 0 0
13663 6977 6978 7033 0 0 0
13664 7031 6976 7033 0 0 0
13665 7034 6978 7032 0 0 0
13666 7034 7033 6978 0 0 0
13667 6979 7035 7032 0 0 0
13668 7035 6979 6982 0 0 0
13669 6980 5517 5539 0 0 0
13670 6983 6981 7036 0 0 0
13671 6981 6980 7036 0 0 0
13672 5539 7036 6980 0 0 0
13673 6983 7037 6982 0 0 0
13674 6982 7037 7035 0 0 0
13675 6983 7036 7037 0 0 0
13676 6993 6992 7038 0 0 0
13677 7038 7039 6993 0 0 0
13678 6990 7040 6984 0 0 0
13679 6984 7040 6985 0 0 0
13680 6988 6989 7040 0 0 0
13681 6989 7009 7040 0 0 0
13682 6985 7040 7009 0 0 0
13683 6988 7041 6986 0 0 0
13684 6986 7041 6994 0 0 0
13685 6988 7040 7041 0 0 0
13686 6990 7042 7040 0 0 0
13687 6990 6996 7042 0 0 0
13688 6991 7043 6992 0 0 0
13689 7038 6992 7044 0 0 0
13690 7043 7044 6992 0 0 0
13691 6994 7041 7045 0 0 0
13692 6994 7045 6995 0 0 0
13693 7046 7042 6996 0 0 0
13694 6996 7030 7046 0 0 0
13695 7028 7047 6999 0 0 0
13696 7001 6997 7048 0 0 0
13697 6999 7049 6998 0 0 0
13698 6998 7049 6997 0 0 0
13699 7049 6999 7047 0 0 0
13700 7048 6997 7049 0 0 0
13701 7000 7003 7050 0 0 0
13702 7050 7006 7000 0 0 0
13703 7048 7051 7001 0 0 0
13704 7001 7051 7004 0 0 0
13705 7004 7052 7002 0 0 0
13706 7052 7004 7051 0 0 0
13707 7052 7050 7003 0 0 0
13708 7003 7002 7052 0 0 0
13709 7053 7006 7050 0 0 0
13710 7054 7053 7055 0 0 0
13711 7053 7054 7006 0 0 0
13712 7054 7056 7006 0 0 0
13713 7007 7005 7057 0 0 0
13714 7057 7006 7056 0 0 0
13715 7006 7057 7005 0 0 0
13716 7057 7058 7007 0 0 0
13717 7008 7007 7058 0 0 0
13718 7058 7059 7008 0 0 0
13719 5530 7008 7059 0 0 0
13720 7056 7060 7057 0 0 0
13721 7010 7061 7062 0 0 0
13722 7062 7012 7009 0 0 0
13723 7010 7062 7009 0 0 0
13724 7016 7011 7063 0 0 0
13725 7063 7011 7012 0 0 0
13726 7063 7012 7062 0 0 0
13727 7064 7061 7039 0 0 0
13728 7061 7064 7065 0 0 0
13729 7065 7062 7061 0 0 0
13730 7015 7014 7066 0 0 0
13731 7017 7066 7014 0 0 0
13732 7020 7015 7067 0 0 0
13733 7066 7067 7015 0 0 0
13734 7068 7016 7063 0 0 0
13735 7068 7069 7016 0 0 0
13736 7069 7018 7016 0 0 0
13737 7018 7070 7017 0 0 0
13738 7066 7017 7070 0 0 0
13739 7071 7018 7069 0 0 0
13740 7071 7070 7018 0 0 0
13741 7020 7072 7019 0 0 0
13742 7019 7072 7024 0 0 0
13743 7020 7073 7072 0 0 0
13744 7073 7020 7067 0 0 0
13745 7059 5549 5530 0 0 0
13746 5549 7059 7074 0 0 0
13747 7021 7075 7025 0 0 0
13748 7023 7075 7021 0 0 0
13749 7076 7022 7024 0 0 0
13750 7023 7022 7076 0 0 0
13751 7023 7076 7075 0 0 0
13752 7077 7024 7072 0 0 0
13753 7077 7076 7024 0 0 0
13754 7025 7078 7026 0 0 0
13755 7075 7078 7025 0 0 0
13756 7026 7078 7027 0 0 0
13757 7029 7027 7079 0 0 0
13758 7079 7027 7078 0 0 0
13759 7029 7080 7028 0 0 0
13760 7080 7029 7079 0 0 0
13761 7047 7028 7080 0 0 0
13762 7031 7033 7081 0 0 0
13763 7081 7046 7030 0 0 0
13764 7031 7081 7030 0 0 0
13765 7032 7082 7034 0 0 0
13766 7032 7035 7082 0 0 0
13767 7034 7082 7083 0 0 0
13768 7034 7083 7033 0 0 0
13769 7081 7033 7083 0 0 0
13770 7084 7082 7035 0 0 0
13771 7084 7035 7037 0 0 0
13772 7036 5539 5559 0 0 0
13773 7037 7085 7084 0 0 0
13774 7037 7036 7085 0 0 0
13775 5559 7085 7036 0 0 0
13776 7038 7044 7086 0 0 0
13777 7086 7039 7038 0 0 0
13778 7039 7086 7064 0 0 0
13779 7087 7064 7086 0 0 0
13780 7041 7040 7088 0 0 0
13781 7042 7088 7040 0 0 0
13782 7045 7041 7088 0 0 0
13783 7046 7088 7042 0 0 0
13784 7044 7043 7089 0 0 0
13785 7090 7089 7043 0 0 0
13786 7044 7091 7086 0 0 0
13787 7091 7044 7089 0 0 0
13788 7046 7081 7092 0 0 0
13789 7092 7088 7046 0 0 0
13790 7088 7092 7093 0 0 0
13791 7051 7048 7094 0 0 0
13792 7080 7095 7047 0 0 0
13793 7096 7047 7095 0 0 0
13794 7094 7048 7097 0 0 0
13795 7096 7097 7047 0 0 0
13796 7047 7097 7049 0 0 0
13797 7048 7049 7097 0 0 0
13798 7051 7098 7052 0 0 0
13799 7094 7098 7051 0 0 0
13800 7050 7052 7098 0 0 0
13801 7055 7053 7098 0 0 0
13802 7053 7050 7098 0 0 0
13803 7060 7056 7099 0 0 0
13804 7055 7098 7100 0 0 0
13805 7101 7055 7100 0 0 0
13806 7055 7101 7054 0 0 0
13807 7054 7102 7056 0 0 0
13808 7102 7099 7056 0 0 0
13809 7101 7102 7054 0 0 0
13810 7058 7057 7103 0 0 0
13811 7060 7103 7057 0 0 0
13812 7074 7059 7104 0 0 0
13813 7103 7104 7058 0 0 0
13814 7059 7058 7104 0 0 0
13815 7074 7104 7105 0 0 0
13816 7060 7106 7103 0 0 0
13817 7099 7106 7060 0 0 0
13818 7068 7063 7107 0 0 0
13819 7062 7107 7063 0 0 0
13820 7065 7107 7062 0 0 0
13821 7108 7065 7064 0 0 0
13822 7065 7108 7107 0 0 0
13823 7109 7108 7087 0 0 0
13824 7064 7087 7108 0 0 0
13825 7067 7066 7110 0 0 0
13826 7070 7110 7066 0 0 0
13827 7073 7067 7111 0 0 0
13828 7110 7111 7067 0 0 0
13829 7068 7107 7112 0 0 0
13830 7068 7112 7069 0 0 0
13831 7113 7071 7069 0 0 0
13832 7113 7069 7112 0 0 0
13833 7110 7070 7114 0 0 0
13834 7071 7114 7070 0 0 0
13835 7113 7115 7071 0 0 0
13836 7115 7114 7071 0 0 0
13837 7116 7077 7072 0 0 0
13838 7073 7117 7072 0 0 0
13839 7111 7117 7073 0 0 0
13840 7116 7072 7117 0 0 0
13841 7118 7077 7116 0 0 0
13842 7105 7119 7074 0 0 0
13843 7119 7105 7120 0 0 0
13844 5568 7074 7119 0 0 0
13845 7074 5568 5549 0 0 0
13846 7121 7079 7078 0 0 0
13847 7121 7122 7079 0 0 0
13848 7076 7123 7075 0 0 0
13849 7118 7123 7077 0 0 0
13850 7077 7123 7076 0 0 0
13851 7075 7123 7078 0 0 0
13852 7121 7078 7124 0 0 0
13853 7124 7078 7123 0 0 0
13854 7079 7125 7080 0 0 0
13855 7122 7125 7079 0 0 0
13856 7122 7126 7125 0 0 0
13857 7095 7080 7125 0 0 0
13858 7081 7083 7127 0 0 0
13859 7092 7081 7127 0 0 0
13860 7082 7084 7128 0 0 0
13861 7083 7082 7128 0 0 0
13862 7083 7128 7127 0 0 0
13863 7086 7129 7087 0 0 0
13864 7086 7091 7129 0 0 0
13865 7087 7129 7109 0 0 0
13866 7130 7088 7131 0 0 0
13867 7130 7131 7089 0 0 0
13868 7089 7131 7091 0 0 0
13869 7093 7131 7088 0 0 0
13870 7091 7131 7129 0 0 0
13871 7092 7127 7132 0 0 0
13872 7093 7092 7132 0 0 0
13873 7093 7132 7133 0 0 0
13874 7133 7131 7093 0 0 0
13875 7094 7097 7134 0 0 0
13876 7094 7134 7098 0 0 0
13877 7095 7135 7096 0 0 0
13878 7135 7095 7125 0 0 0
13879 7136 7096 7135 0 0 0
13880 7096 7136 7097 0 0 0
13881 7134 7097 7137 0 0 0
13882 7136 7137 7097 0 0 0
13883 7106 7099 7138 0 0 0
13884 7139 7098 7134 0 0 0
13885 7100 7098 7139 0 0 0
13886 7101 7100 7140 0 0 0
13887 7100 7139 7140 0 0 0
13888 7101 7140 7102 0 0 0
13889 7099 7102 7140 0 0 0
13890 7099 7140 7138 0 0 0
13891 7106 7141 7103 0 0 0
13892 7104 7103 7141 0 0 0
13893 7120 7105 7142 0 0 0
13894 7105 7104 7142 0 0 0
13895 7141 7142 7104 0 0 0
13896 7138 7143 7106 0 0 0
13897 7141 7106 7143 0 0 0
13898 7120 7142 7144 0 0 0
13899 7109 7145 7108 0 0 0
13900 7109 7146 7145 0 0 0
13901 7146 7109 7129 0 0 0
13902 7146 7129 7147 0 0 0
13903 7112 7107 7148 0 0 0
13904 7108 7148 7107 0 0 0
13905 7145 7148 7108 0 0 0
13906 7111 7149 7117 0 0 0
13907 7150 7117 7149 0 0 0
13908 7114 7151 7110 0 0 0
13909 7111 7110 7151 0 0 0
13910 7151 7152 7111 0 0 0
13911 7149 7111 7152 0 0 0
13912 7115 7113 7153 0 0 0
13913 7113 7112 7153 0 0 0
13914 7112 7148 7153 0 0 0
13915 7115 7153 7154 0 0 0
13916 7115 7154 7114 0 0 0
13917 7154 7151 7114 0 0 0
13918 7150 7155 7117 0 0 0
13919 7150 7156 7155 0 0 0
13920 7157 7156 7150 0 0 0
13921 7150 7149 7157 0 0 0
13922 7116 7158 7118 0 0 0
13923 7158 7116 7117 0 0 0
13924 7159 7158 7117 0 0 0
13925 7159 7117 7155 0 0 0
13926 7155 7160 7159 0 0 0
13927 7161 7162 7160 0 0 0
13928 7118 7158 7163 0 0 0
13929 7118 7163 7123 0 0 0
13930 7120 5591 7119 0 0 0
13931 7120 7144 5591 0 0 0
13932 7119 5591 5568 0 0 0
13933 7144 5611 5591 0 0 0
13934 7124 7164 7121 0 0 0
13935 7126 7122 7164 0 0 0
13936 7122 7121 7164 0 0 0
13937 7126 7164 7165 0 0 0
13938 7124 7166 7164 0 0 0
13939 7124 7123 7166 0 0 0
13940 7163 7166 7123 0 0 0
13941 7126 7167 7125 0 0 0
13942 7165 7167 7126 0 0 0
13943 7135 7125 230 0 0 0
13944 230 7125 7167 0 0 0
13945 7132 7127 7168 0 0 0
13946 7168 7127 7169 0 0 0
13947 7133 7170 7131 0 0 0
13948 7129 7131 7170 0 0 0
13949 7147 7129 7170 0 0 0
13950 7133 7132 7171 0 0 0
13951 7132 7168 7171 0 0 0
13952 7133 7171 7170 0 0 0
13953 7172 7171 7168 0 0 0
13954 232 7135 230 0 0 0
13955 7137 7173 7134 0 0 0
13956 7139 7134 7173 0 0 0
13957 7135 232 7174 0 0 0
13958 7136 7135 7174 0 0 0
13959 7136 7174 7137 0 0 0
13960 7175 7173 7137 0 0 0
13961 7175 7137 7174 0 0 0
13962 7138 7140 7176 0 0 0
13963 7176 7143 7138 0 0 0
13964 7177 7139 7173 0 0 0
13965 7140 7139 7177 0 0 0
13966 7177 7178 7140 0 0 0
13967 7178 7176 7140 0 0 0
13968 7177 7173 7179 0 0 0
13969 7144 7142 7180 0 0 0
13970 7142 7141 7180 0 0 0
13971 7143 7180 7141 0 0 0
13972 7181 7180 7143 0 0 0
13973 7143 7176 7181 0 0 0
13974 7180 7182 7144 0 0 0
13975 5611 7144 7182 0 0 0
13976 7162 7161 7183 0 0 0
13977 7162 7183 7184 0 0 0
13978 7145 7146 7185 0 0 0
13979 7145 7185 7148 0 0 0
13980 7146 7147 7186 0 0 0
13981 7186 7185 7146 0 0 0
13982 7185 7187 7148 0 0 0
13983 7186 7147 7188 0 0 0
13984 7147 7170 7188 0 0 0
13985 7189 7188 7170 0 0 0
13986 7190 7191 7189 0 0 0
13987 7191 7188 7189 0 0 0
13988 7153 7148 7192 0 0 0
13989 7187 7192 7148 0 0 0
13990 7157 7149 7193 0 0 0
13991 7149 7152 7193 0 0 0
13992 7152 7151 7194 0 0 0
13993 7194 7193 7152 0 0 0
13994 7154 7194 7151 0 0 0
13995 7195 7194 7154 0 0 0
13996 7192 7195 7153 0 0 0
13997 7154 7153 7195 0 0 0
13998 7160 7155 7196 0 0 0
13999 7156 7196 7155 0 0 0
14000 7161 7197 7183 0 0 0
14001 7198 7160 7196 0 0 0
14002 7161 7160 7198 0 0 0
14003 7161 7198 7197 0 0 0
14004 7157 7193 7199 0 0 0
14005 7156 7157 7199 0 0 0
14006 7156 7199 7196 0 0 0
14007 7158 7200 7163 0 0 0
14008 7159 7200 7158 0 0 0
14009 7159 7160 7200 0 0 0
14010 7162 7184 7201 0 0 0
14011 7162 7201 7160 0 0 0
14012 7201 7200 7160 0 0 0
14013 7202 7163 7200 0 0 0
14014 7163 7202 7166 0 0 0
14015 7203 7201 7184 0 0 0
14016 7182 5613 5611 0 0 0
14017 7165 7164 7204 0 0 0
14018 7164 7166 7204 0 0 0
14019 7202 7205 7166 0 0 0
14020 7204 7166 7205 0 0 0
14021 7172 7168 7206 0 0 0
14022 7168 7169 7206 0 0 0
14023 7169 5622 7206 0 0 0
14024 7172 7207 7171 0 0 0
14025 7171 7207 7170 0 0 0
14026 7189 7170 7207 0 0 0
14027 7189 7207 7190 0 0 0
14028 7172 7206 7208 0 0 0
14029 7172 7208 7207 0 0 0
14030 6762 7174 232 0 0 0
14031 7179 7173 7209 0 0 0
14032 7210 7209 7173 0 0 0
14033 7175 7210 7173 0 0 0
14034 7210 7175 6764 0 0 0
14035 6762 6764 7174 0 0 0
14036 7175 7174 6764 0 0 0
14037 7211 7181 7176 0 0 0
14038 7176 7178 7211 0 0 0
14039 7179 7212 7177 0 0 0
14040 7178 7177 7212 0 0 0
14041 7212 7211 7178 0 0 0
14042 7179 7209 7213 0 0 0
14043 7212 7179 7213 0 0 0
14044 7182 7180 7214 0 0 0
14045 7181 7214 7180 0 0 0
14046 7181 7211 7215 0 0 0
14047 7215 7214 7181 0 0 0
14048 7216 7190 7207 0 0 0
14049 7214 5627 7182 0 0 0
14050 5613 7182 5627 0 0 0
14051 7217 5627 7214 0 0 0
14052 7218 7217 7214 0 0 0
14053 7197 7219 7183 0 0 0
14054 7183 7220 7184 0 0 0
14055 7220 7183 7219 0 0 0
14056 7203 7221 7222 0 0 0
14057 7220 7221 7184 0 0 0
14058 7203 7184 7221 0 0 0
14059 7223 7222 7221 0 0 0
14060 7187 7185 7224 0 0 0
14061 7186 7188 7224 0 0 0
14062 7185 7186 7224 0 0 0
14063 7187 7225 7192 0 0 0
14064 7187 7224 7225 0 0 0
14065 7190 7216 7226 0 0 0
14066 7224 7188 7227 0 0 0
14067 7191 7227 7188 0 0 0
14068 7228 7227 7191 0 0 0
14069 7228 7190 7226 0 0 0
14070 7191 7190 7228 0 0 0
14071 7195 7192 7229 0 0 0
14072 7225 7229 7192 0 0 0
14073 7230 7229 7225 0 0 0
14074 7231 7199 7193 0 0 0
14075 7193 7194 7231 0 0 0
14076 7194 7195 7232 0 0 0
14077 7232 7231 7194 0 0 0
14078 7229 7232 7195 0 0 0
14079 7196 7199 7233 0 0 0
14080 7197 7233 7219 0 0 0
14081 7198 7233 7197 0 0 0
14082 7198 7196 7233 0 0 0
14083 7199 7231 7234 0 0 0
14084 7234 7233 7199 0 0 0
14085 7235 7219 7233 0 0 0
14086 7202 7200 7236 0 0 0
14087 7201 7236 7200 0 0 0
14088 7203 7222 7236 0 0 0
14089 7202 7236 7205 0 0 0
14090 7203 7236 7201 0 0 0
14091 5645 7206 5622 0 0 0
14092 7206 5645 7208 0 0 0
14093 7208 5645 5666 0 0 0
14094 7208 5666 7207 0 0 0
14095 7216 7207 5666 0 0 0
14096 7209 7210 6766 0 0 0
14097 7210 6764 6766 0 0 0
14098 7209 6766 7213 0 0 0
14099 7212 7213 7237 0 0 0
14100 7237 7215 7211 0 0 0
14101 7211 7212 7237 0 0 0
14102 7213 6766 6767 0 0 0
14103 6767 7237 7213 0 0 0
14104 7215 7237 7238 0 0 0
14105 7218 7214 7238 0 0 0
14106 7238 7214 7215 0 0 0
14107 7218 7238 7239 0 0 0
14108 7240 7217 7218 0 0 0
14109 7239 7240 7218 0 0 0
14110 5669 7226 7216 0 0 0
14111 7216 5666 5669 0 0 0
14112 7226 5669 5676 0 0 0
14113 7240 7241 7217 0 0 0
14114 7217 7242 5627 0 0 0
14115 7242 5650 5627 0 0 0
14116 7241 7242 7217 0 0 0
14117 7243 7221 7220 0 0 0
14118 7220 7219 7243 0 0 0
14119 7235 7243 7219 0 0 0
14120 7223 7221 7244 0 0 0
14121 7243 7244 7221 0 0 0
14122 7227 7245 7224 0 0 0
14123 7225 7224 7245 0 0 0
14124 7230 7225 7245 0 0 0
14125 7245 7227 7246 0 0 0
14126 7228 7246 7227 0 0 0
14127 7228 7226 7246 0 0 0
14128 7246 7226 5676 0 0 0
14129 7230 7247 7229 0 0 0
14130 7232 7229 7247 0 0 0
14131 7247 7230 7248 0 0 0
14132 7230 7245 7248 0 0 0
14133 7249 7243 7235 0 0 0
14134 7247 7250 7232 0 0 0
14135 7250 7234 7231 0 0 0
14136 7231 7232 7250 0 0 0
14137 7234 7250 7251 0 0 0
14138 7234 7251 7233 0 0 0
14139 7251 7235 7233 0 0 0
14140 7252 7249 7235 0 0 0
14141 7252 7235 7251 0 0 0
14142 7253 7238 7237 0 0 0
14143 7237 6767 7253 0 0 0
14144 7238 7253 7254 0 0 0
14145 7254 7239 7238 0 0 0
14146 7239 7254 7255 0 0 0
14147 7240 7239 7255 0 0 0
14148 7241 7240 7256 0 0 0
14149 7240 7255 7256 0 0 0
14150 5676 5678 7246 0 0 0
14151 7241 7257 7242 0 0 0
14152 7256 7257 7241 0 0 0
14153 7258 5682 5650 0 0 0
14154 5650 7242 7258 0 0 0
14155 7257 7258 7242 0 0 0
14156 7249 7259 7243 0 0 0
14157 7259 7244 7243 0 0 0
14158 7246 7260 7245 0 0 0
14159 7260 7246 5678 0 0 0
14160 7248 7245 7260 0 0 0
14161 7250 7247 7261 0 0 0
14162 7248 7261 7247 0 0 0
14163 7261 7248 7260 0 0 0
14164 7249 7252 7262 0 0 0
14165 7249 7262 7259 0 0 0
14166 7263 7252 7251 0 0 0
14167 7252 7263 7262 0 0 0
14168 7251 7250 7263 0 0 0
14169 7261 7263 7250 0 0 0
14170 7254 7253 7264 0 0 0
14171 7254 7264 7255 0 0 0
14172 7255 7264 7265 0 0 0
14173 7256 7255 7266 0 0 0
14174 7256 7266 7257 0 0 0
14175 7265 7266 7255 0 0 0
14176 7267 7260 5678 0 0 0
14177 5681 7268 5678 0 0 0
14178 7267 5678 7268 0 0 0
14179 7269 5681 5682 0 0 0
14180 7268 5681 7269 0 0 0
14181 5682 7258 7269 0 0 0
14182 7257 7266 7270 0 0 0
14183 7257 7270 7258 0 0 0
14184 7271 7269 7258 0 0 0
14185 7270 7271 7258 0 0 0
14186 7272 7259 7273 0 0 0
14187 7259 7262 7273 0 0 0
14188 7274 7260 7267 0 0 0
14189 7261 7260 7274 0 0 0
14190 7262 7263 7275 0 0 0
14191 7262 7275 7273 0 0 0
14192 7263 7261 7275 0 0 0
14193 7275 7261 7274 0 0 0
14194 7265 7264 7276 0 0 0
14195 7277 7266 7265 0 0 0
14196 7265 7276 7277 0 0 0
14197 7277 7278 7266 0 0 0
14198 7278 7270 7266 0 0 0
14199 7267 7279 7274 0 0 0
14200 7268 7279 7267 0 0 0
14201 7269 7280 7268 0 0 0
14202 7269 7271 7280 0 0 0
14203 7279 7268 7280 0 0 0
14204 7278 7281 7270 0 0 0
14205 7281 7271 7270 0 0 0
14206 7271 7281 7282 0 0 0
14207 7282 7280 7271 0 0 0
14208 7279 7283 7274 0 0 0
14209 7273 7275 7283 0 0 0
14210 7275 7274 7283 0 0 0
14211 7278 7284 7281 0 0 0
14212 7278 7277 7284 0 0 0
14213 7277 7276 7284 0 0 0
14214 7282 7285 7280 0 0 0
14215 7283 7279 7285 0 0 0
14216 7280 7285 7279 0 0 0
14217 7282 7286 7285 0 0 0
14218 7281 7284 7286 0 0 0
14219 7286 7282 7281 0 0 0
14220 7287 7288 7289 0 0 0
14221 7289 7288 7290 0 0 0
14222 7288 7291 7290 0 0 0
14223 7291 7292 7290 0 0 0
14224 7289 7290 7293 0 0 0
14225 7294 7295 7296 0 0 0
14226 5845 7296 7295 0 0 0
14227 7287 7297 7298 0 0 0
14228 7298 7297 7299 0 0 0
14229 7289 7297 7287 0 0 0
14230 7289 7293 7297 0 0 0
14231 7296 5845 5848 0 0 0
14232 5848 7300 7296 0 0 0
14233 7298 7301 7287 0 0 0
14234 7288 7287 7301 0 0 0
14235 7301 7302 7288 0 0 0
14236 7291 7288 7302 0 0 0
14237 7301 7298 7303 0 0 0
14238 7298 7299 7303 0 0 0
14239 7299 7304 7305 0 0 0
14240 7303 7299 7305 0 0 0
14241 7306 7303 7305 0 0 0
14242 7307 7308 7304 0 0 0
14243 7307 7294 7308 0 0 0
14244 7305 7304 7308 0 0 0
14245 7309 7296 7300 0 0 0
14246 7296 7309 7294 0 0 0
14247 7294 7309 7308 0 0 0
14248 7310 7300 7311 0 0 0
14249 7300 7310 7309 0 0 0
14250 7302 7312 7291 0 0 0
14251 7291 7312 7292 0 0 0
14252 7292 7313 7314 0 0 0
14253 7313 7292 7312 0 0 0
14254 7293 7290 7315 0 0 0
14255 7314 7315 7292 0 0 0
14256 7290 7292 7315 0 0 0
14257 7293 7316 7297 0 0 0
14258 7293 7315 7316 0 0 0
14259 7315 7314 7317 0 0 0
14260 7295 5863 5845 0 0 0
14261 7295 7294 7318 0 0 0
14262 7307 7318 7294 0 0 0
14263 7318 7319 7295 0 0 0
14264 5863 7295 7319 0 0 0
14265 7299 7320 7304 0 0 0
14266 7299 7297 7320 0 0 0
14267 7307 7304 7321 0 0 0
14268 7307 7321 7318 0 0 0
14269 7321 7304 7320 0 0 0
14270 7320 7297 7322 0 0 0
14271 7316 7322 7297 0 0 0
14272 7311 7323 7310 0 0 0
14273 7323 7311 7324 0 0 0
14274 7300 5848 5873 0 0 0
14275 5873 7311 7300 0 0 0
14276 7311 5873 5895 0 0 0
14277 5895 7324 7311 0 0 0
14278 7324 5895 5897 0 0 0
14279 7302 7325 7312 0 0 0
14280 7306 7326 7303 0 0 0
14281 7303 7326 7301 0 0 0
14282 7302 7301 7326 0 0 0
14283 7325 7302 7326 0 0 0
14284 7306 7327 7326 0 0 0
14285 7306 7305 7328 0 0 0
14286 7327 7306 7328 0 0 0
14287 7305 7308 7328 0 0 0
14288 7309 7329 7308 0 0 0
14289 7329 7309 7310 0 0 0
14290 7328 7308 7329 0 0 0
14291 7330 7310 7323 0 0 0
14292 7310 7330 7329 0 0 0
14293 7312 7331 7313 0 0 0
14294 7325 7332 7312 0 0 0
14295 7331 7312 7332 0 0 0
14296 7333 7331 7334 0 0 0
14297 7334 7335 7333 0 0 0
14298 7335 7334 7336 0 0 0
14299 7314 7313 7337 0 0 0
14300 7337 7317 7314 0 0 0
14301 7317 7337 7338 0 0 0
14302 7333 7339 7331 0 0 0
14303 7339 7313 7331 0 0 0
14304 7340 7337 7313 0 0 0
14305 7313 7339 7340 0 0 0
14306 7341 7342 7338 0 0 0
14307 7343 7338 7342 0 0 0
14308 7338 7343 7317 0 0 0
14309 7316 7344 7322 0 0 0
14310 7316 7315 7344 0 0 0
14311 7317 7344 7315 0 0 0
14312 7343 7345 7317 0 0 0
14313 7344 7317 7345 0 0 0
14314 7319 5889 5863 0 0 0
14315 7321 7346 7318 0 0 0
14316 7319 7318 7346 0 0 0
14317 7319 7346 5889 0 0 0
14318 7321 7347 7346 0 0 0
14319 7320 7347 7321 0 0 0
14320 7322 7347 7320 0 0 0
14321 7322 7348 7347 0 0 0
14322 7348 7322 7344 0 0 0
14323 7349 7342 7341 0 0 0
14324 7350 5897 5898 0 0 0
14325 5897 7350 7324 0 0 0
14326 5898 7351 7350 0 0 0
14327 7323 7352 7330 0 0 0
14328 7353 7324 7350 0 0 0
14329 7353 7352 7323 0 0 0
14330 7324 7353 7323 0 0 0
14331 7354 7352 7355 0 0 0
14332 7325 7326 7356 0 0 0
14333 7332 7325 7356 0 0 0
14334 7356 7326 7357 0 0 0
14335 7327 7357 7326 0 0 0
14336 7327 7328 7358 0 0 0
14337 7357 7327 7358 0 0 0
14338 7358 7328 7359 0 0 0
14339 7329 7359 7328 0 0 0
14340 7359 7329 7330 0 0 0
14341 7352 7354 7360 0 0 0
14342 7360 7330 7352 0 0 0
14343 7330 7360 7359 0 0 0
14344 7361 7360 7354 0 0 0
14345 7332 7362 7331 0 0 0
14346 7336 7334 7362 0 0 0
14347 7334 7331 7362 0 0 0
14348 7363 7332 7356 0 0 0
14349 7362 7332 7363 0 0 0
14350 7336 7362 7364 0 0 0
14351 7364 7365 7336 0 0 0
14352 7336 7365 7366 0 0 0
14353 7366 7335 7336 0 0 0
14354 7367 7339 7333 0 0 0
14355 7333 7368 7367 0 0 0
14356 7335 7368 7333 0 0 0
14357 7335 7366 7368 0 0 0
14358 7369 7338 7337 0 0 0
14359 7337 7340 7369 0 0 0
14360 7338 7369 7341 0 0 0
14361 7339 7367 7370 0 0 0
14362 7370 7340 7339 0 0 0
14363 7340 7370 7369 0 0 0
14364 7371 7370 7367 0 0 0
14365 7372 7371 7367 0 0 0
14366 7341 7373 7349 0 0 0
14367 7341 7369 7373 0 0 0
14368 7342 7349 7374 0 0 0
14369 7343 7342 7375 0 0 0
14370 7375 7342 7374 0 0 0
14371 7345 7343 7375 0 0 0
14372 7344 7376 7348 0 0 0
14373 7345 7376 7344 0 0 0
14374 7345 7375 7376 0 0 0
14375 7377 7348 7376 0 0 0
14376 5889 7346 5917 0 0 0
14377 7378 7346 7347 0 0 0
14378 7378 5917 7346 0 0 0
14379 7348 7379 7347 0 0 0
14380 7378 7347 7379 0 0 0
14381 7377 7379 7348 0 0 0
14382 7349 7373 7380 0 0 0
14383 7381 7374 7349 0 0 0
14384 7380 7381 7349 0 0 0
14385 7351 5898 5922 0 0 0
14386 5922 7382 7351 0 0 0
14387 7355 7383 7354 0 0 0
14388 7361 7354 7384 0 0 0
14389 7384 7354 7383 0 0 0
14390 7385 7361 7384 0 0 0
14391 7386 7351 7382 0 0 0
14392 7351 7387 7350 0 0 0
14393 7350 7387 7353 0 0 0
14394 7351 7386 7387 0 0 0
14395 7388 7353 7387 0 0 0
14396 7353 7388 7352 0 0 0
14397 7355 7352 7388 0 0 0
14398 7355 7388 7389 0 0 0
14399 7383 7355 7389 0 0 0
14400 7363 7356 7390 0 0 0
14401 7357 7391 7356 0 0 0
14402 7390 7356 7391 0 0 0
14403 7391 7357 7392 0 0 0
14404 7358 7392 7357 0 0 0
14405 7359 7393 7358 0 0 0
14406 7392 7358 7393 0 0 0
14407 7393 7359 7360 0 0 0
14408 7394 7393 7360 0 0 0
14409 7394 7360 7361 0 0 0
14410 7395 7361 7385 0 0 0
14411 7361 7395 7394 0 0 0
14412 7385 7396 7395 0 0 0
14413 7390 7397 7363 0 0 0
14414 7363 7397 7362 0 0 0
14415 7364 7362 7397 0 0 0
14416 7364 7398 7365 0 0 0
14417 7397 7398 7364 0 0 0
14418 7399 7365 7398 0 0 0
14419 7400 7365 7399 0 0 0
14420 7400 7401 7365 0 0 0
14421 7401 7366 7365 0 0 0
14422 7366 7401 7368 0 0 0
14423 7372 7367 7402 0 0 0
14424 7403 7372 7402 0 0 0
14425 7404 7367 7368 0 0 0
14426 7402 7367 7404 0 0 0
14427 7368 7401 7404 0 0 0
14428 7372 7403 7405 0 0 0
14429 7371 7372 7405 0 0 0
14430 7369 7406 7373 0 0 0
14431 7369 7370 7406 0 0 0
14432 7371 7405 7406 0 0 0
14433 7370 7371 7406 0 0 0
14434 7373 7406 7407 0 0 0
14435 7407 7380 7373 0 0 0
14436 7408 7381 7409 0 0 0
14437 7374 7381 7408 0 0 0
14438 7408 7410 7374 0 0 0
14439 7374 7410 7375 0 0 0
14440 7411 7375 7410 0 0 0
14441 7375 7411 7376 0 0 0
14442 7377 7376 7412 0 0 0
14443 7412 7376 7411 0 0 0
14444 7377 7413 7379 0 0 0
14445 7412 7413 7377 0 0 0
14446 5917 7378 5943 0 0 0
14447 7378 7379 5943 0 0 0
14448 7414 7379 7413 0 0 0
14449 7414 5943 7379 0 0 0
14450 7415 7380 7407 0 0 0
14451 7415 7416 7380 0 0 0
14452 7416 7409 7381 0 0 0
14453 7381 7380 7416 0 0 0
14454 7417 7409 7416 0 0 0
14455 7382 7418 7386 0 0 0
14456 7418 7382 5948 0 0 0
14457 7382 5922 5948 0 0 0
14458 7389 7419 7383 0 0 0
14459 7385 7420 7396 0 0 0
14460 7385 7384 7420 0 0 0
14461 7383 7420 7384 0 0 0
14462 7419 7420 7383 0 0 0
14463 7418 7421 7386 0 0 0
14464 7386 7421 7387 0 0 0
14465 7389 7388 7422 0 0 0
14466 7387 7422 7388 0 0 0
14467 7422 7387 7421 0 0 0
14468 7419 7389 7423 0 0 0
14469 7422 7423 7389 0 0 0
14470 7390 7391 7424 0 0 0
14471 7390 7424 7397 0 0 0
14472 7392 7425 7391 0 0 0
14473 7424 7391 7425 0 0 0
14474 7425 7392 7426 0 0 0
14475 7393 7426 7392 0 0 0
14476 7395 7396 7426 0 0 0
14477 7395 7426 7394 0 0 0
14478 7394 7426 7393 0 0 0
14479 7396 7427 7426 0 0 0
14480 7396 7420 7427 0 0 0
14481 7399 7398 7428 0 0 0
14482 7429 7399 7428 0 0 0
14483 7428 7398 7430 0 0 0
14484 7430 7397 7424 0 0 0
14485 7398 7397 7430 0 0 0
14486 7431 7400 7399 0 0 0
14487 7399 7429 7431 0 0 0
14488 7432 7401 7400 0 0 0
14489 7400 7431 7432 0 0 0
14490 7401 7432 7433 0 0 0
14491 7401 7433 7404 0 0 0
14492 7402 7433 7403 0 0 0
14493 7404 7433 7402 0 0 0
14494 7434 7406 7405 0 0 0
14495 7435 7415 7407 0 0 0
14496 7407 7436 7435 0 0 0
14497 7434 7436 7406 0 0 0
14498 7436 7407 7406 0 0 0
14499 7417 7437 7409 0 0 0
14500 7409 7437 7408 0 0 0
14501 7408 7437 7410 0 0 0
14502 7438 7437 7417 0 0 0
14503 7439 7410 7437 0 0 0
14504 7411 7410 7439 0 0 0
14505 7412 7440 7413 0 0 0
14506 7412 7411 7440 0 0 0
14507 7440 7411 7439 0 0 0
14508 7413 7441 7414 0 0 0
14509 7441 7413 7440 0 0 0
14510 7414 7441 5966 0 0 0
14511 7414 5966 5943 0 0 0
14512 7442 7416 7415 0 0 0
14513 7415 7435 7442 0 0 0
14514 7416 7442 7443 0 0 0
14515 7443 7417 7416 0 0 0
14516 7444 7417 7443 0 0 0
14517 7438 7417 7444 0 0 0
14518 7418 7445 7421 0 0 0
14519 7446 7445 7418 0 0 0
14520 7418 5948 7446 0 0 0
14521 7446 5948 5975 0 0 0
14522 7420 7447 7427 0 0 0
14523 7419 7448 7420 0 0 0
14524 7448 7419 7423 0 0 0
14525 7447 7420 7449 0 0 0
14526 7449 7420 7448 0 0 0
14527 7445 7450 7421 0 0 0
14528 7421 7450 7422 0 0 0
14529 7423 7422 7450 0 0 0
14530 7451 7423 7450 0 0 0
14531 7423 7451 7448 0 0 0
14532 7452 7424 7425 0 0 0
14533 7424 7452 7430 0 0 0
14534 7453 7425 7426 0 0 0
14535 7452 7425 7453 0 0 0
14536 7453 7426 7454 0 0 0
14537 7427 7454 7426 0 0 0
14538 7447 7455 7427 0 0 0
14539 7427 7455 7454 0 0 0
14540 7429 7456 7431 0 0 0
14541 7429 7428 7457 0 0 0
14542 7456 7429 7457 0 0 0
14543 7457 7428 7458 0 0 0
14544 7430 7458 7428 0 0 0
14545 7452 7458 7430 0 0 0
14546 7431 7459 7432 0 0 0
14547 7431 7456 7459 0 0 0
14548 7432 7459 7433 0 0 0
14549 7456 7460 7459 0 0 0
14550 7435 7461 7442 0 0 0
14551 7435 7436 7461 0 0 0
14552 7436 7434 7461 0 0 0
14553 7438 7462 7437 0 0 0
14554 7439 7437 7462 0 0 0
14555 7463 7462 7438 0 0 0
14556 7438 7444 7463 0 0 0
14557 7439 7464 7440 0 0 0
14558 7440 7464 7441 0 0 0
14559 7464 7439 7462 0 0 0
14560 5991 7441 7464 0 0 0
14561 7441 5991 5966 0 0 0
14562 7465 7463 7444 0 0 0
14563 7466 7443 7442 0 0 0
14564 7442 7461 7466 0 0 0
14565 7467 7444 7443 0 0 0
14566 7444 7467 7465 0 0 0
14567 7443 7466 7467 0 0 0
14568 7445 7468 7450 0 0 0
14569 5998 7468 7445 0 0 0
14570 7446 5998 7445 0 0 0
14571 5975 5998 7446 0 0 0
14572 7468 5998 6024 0 0 0
14573 7447 7469 7455 0 0 0
14574 7469 7447 7470 0 0 0
14575 7449 7470 7447 0 0 0
14576 7470 7449 7471 0 0 0
14577 7448 7471 7449 0 0 0
14578 7471 7448 7451 0 0 0
14579 7468 7472 7450 0 0 0
14580 7450 7472 7451 0 0 0
14581 7473 7451 7472 0 0 0
14582 7451 7473 7471 0 0 0
14583 7469 7474 7455 0 0 0
14584 7475 7455 7474 0 0 0
14585 7453 7476 7452 0 0 0
14586 7453 7454 7476 0 0 0
14587 7452 7476 7458 0 0 0
14588 7454 7477 7476 0 0 0
14589 7477 7454 7455 0 0 0
14590 7475 7478 7455 0 0 0
14591 7478 7477 7455 0 0 0
14592 7475 6778 7478 0 0 0
14593 7457 7479 7456 0 0 0
14594 7460 7456 7479 0 0 0
14595 7458 7480 7457 0 0 0
14596 7480 7458 7476 0 0 0
14597 7479 7457 7480 0 0 0
14598 7460 7481 7459 0 0 0
14599 7479 7482 7460 0 0 0
14600 7481 7460 7482 0 0 0
14601 7483 7466 7461 0 0 0
14602 7462 7484 7464 0 0 0
14603 7463 7484 7462 0 0 0
14604 7463 7465 7484 0 0 0
14605 6017 7464 7484 0 0 0
14606 7464 6017 5991 0 0 0
14607 7465 7467 7485 0 0 0
14608 7465 7485 7484 0 0 0
14609 7466 7483 7486 0 0 0
14610 7486 7467 7466 0 0 0
14611 7467 7486 7485 0 0 0
14612 7472 7468 6027 0 0 0
14613 6024 6027 7468 0 0 0
14614 7487 7472 6027 0 0 0
14615 7487 7488 7472 0 0 0
14616 7489 7472 7488 0 0 0
14617 7469 7490 7474 0 0 0
14618 7470 7490 7469 0 0 0
14619 7470 7491 7490 0 0 0
14620 7471 7491 7470 0 0 0
14621 7491 7471 7473 0 0 0
14622 7473 7492 7491 0 0 0
14623 7492 7473 7472 0 0 0
14624 7489 7492 7472 0 0 0
14625 7474 6779 7475 0 0 0
14626 7475 6779 6778 0 0 0
14627 7474 7490 6779 0 0 0
14628 7480 7476 7493 0 0 0
14629 7493 7476 7494 0 0 0
14630 7494 7476 7477 0 0 0
14631 7478 7495 7477 0 0 0
14632 7478 6778 7495 0 0 0
14633 7494 7477 7495 0 0 0
14634 6782 7495 6778 0 0 0
14635 7482 7479 7496 0 0 0
14636 7480 7496 7479 0 0 0
14637 7493 7497 7480 0 0 0
14638 7496 7480 7497 0 0 0
14639 7496 7498 7482 0 0 0
14640 7482 7498 7481 0 0 0
14641 6039 7484 7485 0 0 0
14642 7484 6039 6017 0 0 0
14643 6027 6045 7487 0 0 0
14644 7488 7487 7499 0 0 0
14645 7499 7487 6045 0 0 0
14646 7500 7488 7499 0 0 0
14647 7501 7489 7488 0 0 0
14648 7501 7488 7500 0 0 0
14649 7489 7502 7492 0 0 0
14650 7502 7489 7501 0 0 0
14651 7490 6783 6779 0 0 0
14652 6783 7490 7491 0 0 0
14653 7503 7492 7502 0 0 0
14654 7491 7504 6783 0 0 0
14655 7505 7492 7503 0 0 0
14656 7505 7491 7492 0 0 0
14657 7504 7491 7505 0 0 0
14658 7497 7493 7506 0 0 0
14659 7493 7494 7506 0 0 0
14660 7494 7495 7506 0 0 0
14661 6782 289 7495 0 0 0
14662 7506 7495 289 0 0 0
14663 7496 7507 7498 0 0 0
14664 7497 7507 7496 0 0 0
14665 7506 7507 7497 0 0 0
14666 7507 7508 7498 0 0 0
14667 7509 7499 7510 0 0 0
14668 7500 7499 7509 0 0 0
14669 7511 7500 7509 0 0 0
14670 7500 7511 7501 0 0 0
14671 7502 7512 7503 0 0 0
14672 7501 7511 7512 0 0 0
14673 7501 7512 7502 0 0 0
14674 7503 7512 7513 0 0 0
14675 7505 7513 7504 0 0 0
14676 7503 7513 7505 0 0 0
14677 289 292 7506 0 0 0
14678 7506 292 7507 0 0 0
14679 292 7514 7507 0 0 0
14680 7508 7507 7514 0 0 0
14681 7515 7508 7514 0 0 0
14682 7509 7510 7516 0 0 0
14683 7511 7517 7512 0 0 0
14684 7511 7509 7517 0 0 0
14685 7509 7516 7517 0 0 0
14686 7518 7512 7517 0 0 0
14687 7512 7518 7513 0 0 0
14688 7519 7513 7518 0 0 0
14689 7518 7517 7520 0 0 0
14690 7518 7520 7519 0 0 0
14691 7517 7516 7520 0 0 0
14692 6544 4286 7521 0 0 0
14693 7521 4286 4514 0 0 0
14694 7521 7522 6544 0 0 0
14695 6544 7522 6548 0 0 0
14696 7523 7521 4514 0 0 0
14697 7521 7523 7522 0 0 0
14698 6582 7522 7523 0 0 0
14699 7522 6582 6548 0 0 0
14700 7524 7523 4514 0 0 0
14701 7523 6587 6582 0 0 0
14702 6587 7523 7524 0 0 0
14703 7524 4514 7525 0 0 0
14704 7525 4514 4513 0 0 0
14705 7526 7525 4513 0 0 0
14706 7524 6591 6587 0 0 0
14707 6591 7524 7525 0 0 0
14708 7527 4513 4511 0 0 0
14709 7526 4513 7527 0 0 0
14710 7528 7527 4511 0 0 0
14711 7525 6600 6591 0 0 0
14712 6600 7525 7526 0 0 0
14713 7526 6607 6600 0 0 0
14714 6607 7526 7527 0 0 0
14715 7528 4511 7529 0 0 0
14716 7529 4511 4507 0 0 0
14717 6610 7527 7528 0 0 0
14718 7527 6610 6607 0 0 0
14719 7528 6617 6610 0 0 0
14720 6617 7528 7529 0 0 0
14721 7530 7529 4507 0 0 0
14722 7529 6619 6617 0 0 0
14723 6619 7529 7530 0 0 0
14724 7530 4507 7531 0 0 0
14725 7531 4507 4505 0 0 0
14726 7530 6625 6619 0 0 0
14727 7530 7531 6625 0 0 0
14728 7532 7531 4505 0 0 0
14729 7533 7532 4505 0 0 0
14730 7531 6629 6625 0 0 0
14731 6629 7531 7532 0 0 0
14732 7532 7533 6633 0 0 0
14733 7532 6633 6629 0 0 0
14734 6573 7534 4407 0 0 0
14735 7534 4843 4407 0 0 0
14736 7535 7534 6573 0 0 0
14737 6573 6575 7535 0 0 0
14738 7534 7535 7536 0 0 0
14739 7536 4843 7534 0 0 0
14740 7535 6575 6689 0 0 0
14741 6689 7536 7535 0 0 0
14742 7537 4843 7536 0 0 0
14743 7537 7538 4843 0 0 0
14744 7538 4840 4843 0 0 0
14745 7539 4840 7538 0 0 0
14746 7540 4836 4840 0 0 0
14747 7539 7540 4840 0 0 0
14748 7541 4836 7540 0 0 0
14749 7536 6689 6696 0 0 0
14750 6696 7537 7536 0 0 0
14751 7541 7542 4836 0 0 0
14752 7542 4830 4836 0 0 0
14753 7543 4830 7542 0 0 0
14754 6704 7541 7540 0 0 0
14755 6707 7542 7541 0 0 0
14756 7541 6704 6707 0 0 0
14757 7538 6700 7539 0 0 0
14758 7538 7537 6700 0 0 0
14759 7537 6696 6700 0 0 0
14760 7540 6705 6704 0 0 0
14761 6705 7540 7539 0 0 0
14762 7539 6700 6705 0 0 0
14763 7542 6707 6709 0 0 0
14764 6709 7543 7542 0 0 0
14765 7544 4838 4830 0 0 0
14766 7543 7544 4830 0 0 0
14767 7543 6709 6714 0 0 0
14768 7543 6714 7544 0 0 0
14769 7545 4838 7544 0 0 0
14770 7546 4838 7545 0 0 0
14771 7544 6714 6716 0 0 0
14772 6716 7545 7544 0 0 0
14773 7545 6730 7546 0 0 0
14774 7545 6716 6730 0 0 0
14775 7165 7547 7167 0 0 0
14776 7547 7165 7204 0 0 0
14777 7167 237 230 0 0 0
14778 7167 7547 237 0 0 0
14779 248 237 7547 0 0 0
14780 7515 7548 7549 0 0 0
14781 7515 7514 7548 0 0 0
14782 7514 292 296 0 0 0
14783 7514 296 7548 0 0 0
14784 298 7548 296 0 0 0
14785 7550 7551 7552 0 0 0
14786 7551 7553 7552 0 0 0
14787 7554 7552 7553 0 0 0
14788 7555 7556 7553 0 0 0
14789 7554 7553 7556 0 0 0
14790 7553 7557 7555 0 0 0
14791 7551 7557 7553 0 0 0
14792 7552 7558 7550 0 0 0
14793 7551 7559 7557 0 0 0
14794 7551 7550 7559 0 0 0
14795 7550 7560 7559 0 0 0
14796 7550 7558 7560 0 0 0
14797 7552 7561 7558 0 0 0
14798 7554 7561 7552 0 0 0
14799 7554 7562 7561 0 0 0
14800 7554 7556 7562 0 0 0
14801 7563 7555 7557 0 0 0
14802 7564 7555 7563 0 0 0
14803 7556 7565 7562 0 0 0
14804 7564 7566 7555 0 0 0
14805 7566 7556 7555 0 0 0
14806 7566 7565 7556 0 0 0
14807 7567 7568 7565 0 0 0
14808 7567 7569 7568 0 0 0
14809 7557 7559 7570 0 0 0
14810 7571 7570 7572 0 0 0
14811 7572 7570 7559 0 0 0
14812 7573 7574 7575 0 0 0
14813 7573 7576 7574 0 0 0
14814 7570 7577 7557 0 0 0
14815 7563 7557 7577 0 0 0
14816 7578 7558 7561 0 0 0
14817 7558 7578 7579 0 0 0
14818 7579 7560 7558 0 0 0
14819 7571 7580 7574 0 0 0
14820 7575 7574 7580 0 0 0
14821 7572 7559 7581 0 0 0
14822 7560 7581 7559 0 0 0
14823 7560 7579 7581 0 0 0
14824 7582 7572 7581 0 0 0
14825 7572 7582 7571 0 0 0
14826 7580 7571 7582 0 0 0
14827 7583 7581 7579 0 0 0
14828 7584 7575 7585 0 0 0
14829 7580 7585 7575 0 0 0
14830 7586 7587 7588 0 0 0
14831 7588 7587 7589 0 0 0
14832 7562 7590 7561 0 0 0
14833 7591 7578 7592 0 0 0
14834 7578 7561 7592 0 0 0
14835 7592 7561 7590 0 0 0
14836 7593 7594 7587 0 0 0
14837 7587 7586 7593 0 0 0
14838 7595 7565 7568 0 0 0
14839 7595 7562 7565 0 0 0
14840 7595 7596 7562 0 0 0
14841 7596 7590 7562 0 0 0
14842 7596 7597 7590 0 0 0
14843 7598 7595 7568 0 0 0
14844 7598 7568 7599 0 0 0
14845 7568 7569 7600 0 0 0
14846 7600 7599 7568 0 0 0
14847 7601 7600 7569 0 0 0
14848 7602 7563 7577 0 0 0
14849 7603 7563 7602 0 0 0
14850 7603 7564 7563 0 0 0
14851 7564 7604 7566 0 0 0
14852 7564 7603 7604 0 0 0
14853 7605 7565 7566 0 0 0
14854 7567 7565 7605 0 0 0
14855 7566 7604 7605 0 0 0
14856 7606 7567 7605 0 0 0
14857 7567 7606 7569 0 0 0
14858 7606 7607 7569 0 0 0
14859 7569 7607 7601 0 0 0
14860 7608 7601 7607 0 0 0
14861 7601 7608 7609 0 0 0
14862 7610 7573 7575 0 0 0
14863 7575 7584 7610 0 0 0
14864 7403 7610 7584 0 0 0
14865 7574 7611 7571 0 0 0
14866 7571 7611 7570 0 0 0
14867 7576 7611 7574 0 0 0
14868 7577 7570 7611 0 0 0
14869 7576 7573 7612 0 0 0
14870 7573 7610 7612 0 0 0
14871 7576 7613 7611 0 0 0
14872 7576 7612 7613 0 0 0
14873 7614 7602 7577 0 0 0
14874 7614 7577 7611 0 0 0
14875 7615 7602 7614 0 0 0
14876 7591 7616 7578 0 0 0
14877 7583 7579 7616 0 0 0
14878 7579 7578 7616 0 0 0
14879 7617 7616 7591 0 0 0
14880 7582 7618 7580 0 0 0
14881 7585 7580 7618 0 0 0
14882 7581 7619 7582 0 0 0
14883 7583 7619 7581 0 0 0
14884 7618 7582 7619 0 0 0
14885 7620 7583 7616 0 0 0
14886 7583 7620 7619 0 0 0
14887 7584 7405 7403 0 0 0
14888 7405 7584 7621 0 0 0
14889 7585 7621 7584 0 0 0
14890 7621 7585 7622 0 0 0
14891 7618 7622 7585 0 0 0
14892 7623 7597 7624 0 0 0
14893 7625 7624 7597 0 0 0
14894 7626 7588 7589 0 0 0
14895 7589 7627 7626 0 0 0
14896 7627 7589 7628 0 0 0
14897 7597 7629 7590 0 0 0
14898 7623 7629 7597 0 0 0
14899 7592 7590 7629 0 0 0
14900 7623 7630 7629 0 0 0
14901 7631 7617 7632 0 0 0
14902 7617 7591 7632 0 0 0
14903 7591 7592 7633 0 0 0
14904 7633 7632 7591 0 0 0
14905 7633 7592 7629 0 0 0
14906 7594 7593 7634 0 0 0
14907 7634 7635 7594 0 0 0
14908 7636 7630 7635 0 0 0
14909 7635 7634 7636 0 0 0
14910 7637 7638 7593 0 0 0
14911 7634 7593 7639 0 0 0
14912 7638 7639 7593 0 0 0
14913 7631 7632 7640 0 0 0
14914 7598 7641 7595 0 0 0
14915 7641 7596 7595 0 0 0
14916 7641 7642 7596 0 0 0
14917 7597 7596 7642 0 0 0
14918 7625 7597 7642 0 0 0
14919 7598 7599 7643 0 0 0
14920 7598 7643 7641 0 0 0
14921 7644 7643 7599 0 0 0
14922 7599 7600 7645 0 0 0
14923 7644 7599 7645 0 0 0
14924 7645 7600 7646 0 0 0
14925 7609 7646 7601 0 0 0
14926 7600 7601 7646 0 0 0
14927 7603 7602 7647 0 0 0
14928 7602 7615 7647 0 0 0
14929 7603 7647 7604 0 0 0
14930 7604 7648 7605 0 0 0
14931 7606 7648 7607 0 0 0
14932 7606 7605 7648 0 0 0
14933 7604 7647 7648 0 0 0
14934 7649 7607 7648 0 0 0
14935 7607 7649 7608 0 0 0
14936 7650 7609 7608 0 0 0
14937 7651 7608 7649 0 0 0
14938 7608 7651 7650 0 0 0
14939 7646 7609 7652 0 0 0
14940 7653 7652 7609 0 0 0
14941 7653 7609 7650 0 0 0
14942 7610 7403 7433 0 0 0
14943 7612 7610 7433 0 0 0
14944 7613 7654 7611 0 0 0
14945 7654 7614 7611 0 0 0
14946 7613 7655 7654 0 0 0
14947 7613 7612 7655 0 0 0
14948 7612 7433 7655 0 0 0
14949 7656 7614 7654 0 0 0
14950 7656 7615 7614 0 0 0
14951 7657 7647 7615 0 0 0
14952 7656 7658 7615 0 0 0
14953 7615 7658 7657 0 0 0
14954 7617 7659 7616 0 0 0
14955 7620 7616 7659 0 0 0
14956 7617 7631 7659 0 0 0
14957 7619 7660 7618 0 0 0
14958 7660 7622 7618 0 0 0
14959 7620 7661 7619 0 0 0
14960 7620 7659 7661 0 0 0
14961 7661 7660 7619 0 0 0
14962 7660 7662 7622 0 0 0
14963 7621 7434 7405 0 0 0
14964 7663 7434 7621 0 0 0
14965 7662 7663 7622 0 0 0
14966 7622 7663 7621 0 0 0
14967 7664 7663 7662 0 0 0
14968 7631 7665 7659 0 0 0
14969 7631 7640 7665 0 0 0
14970 7628 7666 7627 0 0 0
14971 7666 7628 7667 0 0 0
14972 7625 7642 7668 0 0 0
14973 7668 7669 7625 0 0 0
14974 7624 7625 7669 0 0 0
14975 7669 7667 7624 0 0 0
14976 7640 7632 7670 0 0 0
14977 7632 7633 7670 0 0 0
14978 7630 7670 7629 0 0 0
14979 7636 7670 7630 0 0 0
14980 7633 7629 7670 0 0 0
14981 7636 7634 7671 0 0 0
14982 7634 7639 7671 0 0 0
14983 7636 7671 7670 0 0 0
14984 7639 7672 7671 0 0 0
14985 7639 7638 7672 0 0 0
14986 7640 7670 7673 0 0 0
14987 7640 7673 7665 0 0 0
14988 7642 7641 7674 0 0 0
14989 7643 7674 7641 0 0 0
14990 7668 7642 7674 0 0 0
14991 7675 7668 7674 0 0 0
14992 7644 7676 7643 0 0 0
14993 7643 7676 7674 0 0 0
14994 7644 7677 7676 0 0 0
14995 7644 7645 7677 0 0 0
14996 7645 7646 7678 0 0 0
14997 7677 7645 7678 0 0 0
14998 7652 7678 7646 0 0 0
14999 7678 7652 7679 0 0 0
15000 7679 7652 7680 0 0 0
15001 7681 7682 7680 0 0 0
15002 7682 7681 7683 0 0 0
15003 7684 7648 7647 0 0 0
15004 7684 7647 7657 0 0 0
15005 7685 7684 7657 0 0 0
15006 7649 7648 7686 0 0 0
15007 7686 7648 7684 0 0 0
15008 7649 7686 7651 0 0 0
15009 7650 7687 7653 0 0 0
15010 7650 7651 7687 0 0 0
15011 7651 7686 7687 0 0 0
15012 7681 7688 7683 0 0 0
15013 7652 7689 7680 0 0 0
15014 7653 7687 7689 0 0 0
15015 7652 7653 7689 0 0 0
15016 7681 7689 7688 0 0 0
15017 7681 7680 7689 0 0 0
15018 7459 7690 7433 0 0 0
15019 7655 7433 7690 0 0 0
15020 7656 7691 7658 0 0 0
15021 7690 7691 7655 0 0 0
15022 7654 7655 7691 0 0 0
15023 7656 7654 7691 0 0 0
15024 7685 7657 7692 0 0 0
15025 7692 7657 7658 0 0 0
15026 7693 7692 7658 0 0 0
15027 7658 7691 7693 0 0 0
15028 7665 7694 7659 0 0 0
15029 7659 7694 7661 0 0 0
15030 7661 7694 7660 0 0 0
15031 7662 7660 7694 0 0 0
15032 7695 7662 7694 0 0 0
15033 7695 7664 7662 0 0 0
15034 7664 7461 7663 0 0 0
15035 7663 7461 7434 0 0 0
15036 7664 7696 7461 0 0 0
15037 7695 7696 7664 0 0 0
15038 7697 7665 7673 0 0 0
15039 7665 7697 7694 0 0 0
15040 7667 7669 7698 0 0 0
15041 7667 7698 7666 0 0 0
15042 7675 7699 7668 0 0 0
15043 7700 7698 7669 0 0 0
15044 7669 7668 7700 0 0 0
15045 7699 7700 7668 0 0 0
15046 7699 7675 7701 0 0 0
15047 7673 7670 7702 0 0 0
15048 7671 7702 7670 0 0 0
15049 7672 7702 7671 0 0 0
15050 7697 7673 7702 0 0 0
15051 7675 7703 7701 0 0 0
15052 7675 7674 7703 0 0 0
15053 7703 7674 7704 0 0 0
15054 7676 7705 7674 0 0 0
15055 7704 7674 7705 0 0 0
15056 7705 7676 7706 0 0 0
15057 7677 7706 7676 0 0 0
15058 7679 7707 7678 0 0 0
15059 7706 7677 7707 0 0 0
15060 7677 7678 7707 0 0 0
15061 7707 7679 7708 0 0 0
15062 7682 7708 7680 0 0 0
15063 7680 7708 7679 0 0 0
15064 7682 7709 7708 0 0 0
15065 7683 7709 7682 0 0 0
15066 7683 7688 7710 0 0 0
15067 7709 7683 7710 0 0 0
15068 7710 7711 7712 0 0 0
15069 7711 7710 7688 0 0 0
15070 7713 7712 7711 0 0 0
15071 7714 7686 7684 0 0 0
15072 7685 7714 7684 0 0 0
15073 7685 7715 7714 0 0 0
15074 7685 7692 7715 0 0 0
15075 7716 7687 7686 0 0 0
15076 7716 7686 7714 0 0 0
15077 7717 7687 7716 0 0 0
15078 7717 7689 7687 0 0 0
15079 7688 7718 7711 0 0 0
15080 7718 7688 7689 0 0 0
15081 7719 7689 7717 0 0 0
15082 7718 7689 7719 0 0 0
15083 7691 7690 7481 0 0 0
15084 7690 7459 7481 0 0 0
15085 7481 7720 7691 0 0 0
15086 7693 7691 7720 0 0 0
15087 7693 7721 7692 0 0 0
15088 7715 7692 7721 0 0 0
15089 7720 7721 7693 0 0 0
15090 7695 7722 7696 0 0 0
15091 7722 7694 7697 0 0 0
15092 7695 7694 7722 0 0 0
15093 7696 7483 7461 0 0 0
15094 7696 7723 7483 0 0 0
15095 7722 7723 7696 0 0 0
15096 7697 7724 7722 0 0 0
15097 7724 7697 7702 0 0 0
15098 7725 7701 7703 0 0 0
15099 7698 7700 7726 0 0 0
15100 7698 7726 7727 0 0 0
15101 7700 7699 7726 0 0 0
15102 7701 7726 7699 0 0 0
15103 7728 7726 7701 0 0 0
15104 7701 7725 7728 0 0 0
15105 7727 7726 7729 0 0 0
15106 7702 7730 7724 0 0 0
15107 7730 7702 7729 0 0 0
15108 7704 7731 7703 0 0 0
15109 7725 7703 7731 0 0 0
15110 7704 7705 7732 0 0 0
15111 7704 7732 7731 0 0 0
15112 7706 7733 7705 0 0 0
15113 7732 7705 7733 0 0 0
15114 7734 7732 7733 0 0 0
15115 7707 7735 7706 0 0 0
15116 7733 7706 7735 0 0 0
15117 7736 7708 7709 0 0 0
15118 7708 7736 7707 0 0 0
15119 7735 7707 7736 0 0 0
15120 7709 7737 7736 0 0 0
15121 7737 7709 7738 0 0 0
15122 7710 7738 7709 0 0 0
15123 7712 7738 7710 0 0 0
15124 7712 7713 7739 0 0 0
15125 7739 7738 7712 0 0 0
15126 7713 7740 7739 0 0 0
15127 7713 7741 7740 0 0 0
15128 7713 7711 7741 0 0 0
15129 7742 7740 7741 0 0 0
15130 7741 7711 7743 0 0 0
15131 7743 7711 7718 0 0 0
15132 7715 7744 7714 0 0 0
15133 7714 7744 7716 0 0 0
15134 7715 7721 7745 0 0 0
15135 7745 7744 7715 0 0 0
15136 7717 7746 7719 0 0 0
15137 7744 7746 7716 0 0 0
15138 7717 7716 7746 0 0 0
15139 7747 7718 7719 0 0 0
15140 7743 7718 7747 0 0 0
15141 7748 7747 7719 0 0 0
15142 7748 7719 7746 0 0 0
15143 7720 7481 7498 0 0 0
15144 7721 7720 7498 0 0 0
15145 7745 7721 7749 0 0 0
15146 7721 7498 7749 0 0 0
15147 7723 7722 7750 0 0 0
15148 7724 7750 7722 0 0 0
15149 7723 7750 7751 0 0 0
15150 7486 7483 7751 0 0 0
15151 7723 7751 7483 0 0 0
15152 7485 7752 6039 0 0 0
15153 7485 7486 7752 0 0 0
15154 7751 7752 7486 0 0 0
15155 7724 7753 7750 0 0 0
15156 7724 7730 7753 0 0 0
15157 7725 7754 7728 0 0 0
15158 7725 7731 7754 0 0 0
15159 7726 7755 7729 0 0 0
15160 7728 7755 7726 0 0 0
15161 7728 7754 7755 0 0 0
15162 7756 7729 7755 0 0 0
15163 7730 7756 7753 0 0 0
15164 7730 7729 7756 0 0 0
15165 7757 7754 7731 0 0 0
15166 7758 7754 7757 0 0 0
15167 7757 7731 7759 0 0 0
15168 7732 7759 7731 0 0 0
15169 7734 7759 7732 0 0 0
15170 7734 7733 7760 0 0 0
15171 7735 7760 7733 0 0 0
15172 7761 7734 7760 0 0 0
15173 7734 7761 7759 0 0 0
15174 7760 7735 7762 0 0 0
15175 7737 7762 7736 0 0 0
15176 7736 7762 7735 0 0 0
15177 7737 7763 7762 0 0 0
15178 7763 7737 7738 0 0 0
15179 7763 7738 7764 0 0 0
15180 7764 7738 7765 0 0 0
15181 7739 7765 7738 0 0 0
15182 7739 7740 7765 0 0 0
15183 7766 7767 7742 0 0 0
15184 7768 7767 7766 0 0 0
15185 7769 7740 7742 0 0 0
15186 7769 7742 7767 0 0 0
15187 7769 7765 7740 0 0 0
15188 7768 7770 7771 0 0 0
15189 7768 7771 7767 0 0 0
15190 7766 7772 7768 0 0 0
15191 7773 7770 7772 0 0 0
15192 7770 7768 7772 0 0 0
15193 7772 7766 7774 0 0 0
15194 7774 7741 7743 0 0 0
15195 7742 7741 7774 0 0 0
15196 7766 7742 7774 0 0 0
15197 7773 7772 7775 0 0 0
15198 7776 7743 7747 0 0 0
15199 7776 7774 7743 0 0 0
15200 7745 7749 7777 0 0 0
15201 7746 7744 7777 0 0 0
15202 7745 7777 7744 0 0 0
15203 7777 7749 7778 0 0 0
15204 7777 7779 7746 0 0 0
15205 7748 7746 7779 0 0 0
15206 7776 7747 7780 0 0 0
15207 7748 7780 7747 0 0 0
15208 7748 7779 7780 0 0 0
15209 7508 7778 7749 0 0 0
15210 7749 7498 7508 0 0 0
15211 7781 7751 7750 0 0 0
15212 7753 7782 7750 0 0 0
15213 7781 7750 7782 0 0 0
15214 7783 7751 7781 0 0 0
15215 7783 7752 7751 0 0 0
15216 7752 7783 6058 0 0 0
15217 7752 6058 6039 0 0 0
15218 7753 7784 7782 0 0 0
15219 7784 7753 7756 0 0 0
15220 7758 7785 7754 0 0 0
15221 7785 7755 7754 0 0 0
15222 7786 7755 7785 0 0 0
15223 7786 7756 7755 0 0 0
15224 7786 7784 7756 0 0 0
15225 7787 7782 7784 0 0 0
15226 7788 7757 7759 0 0 0
15227 7757 7788 7789 0 0 0
15228 7789 7758 7757 0 0 0
15229 7758 7790 7785 0 0 0
15230 7758 7789 7790 0 0 0
15231 7510 6065 7791 0 0 0
15232 7759 7792 7788 0 0 0
15233 7761 7792 7759 0 0 0
15234 7762 7793 7760 0 0 0
15235 7761 7760 7793 0 0 0
15236 7761 7793 7792 0 0 0
15237 7763 7794 7762 0 0 0
15238 7793 7762 7794 0 0 0
15239 7795 7794 7763 0 0 0
15240 7795 7763 7764 0 0 0
15241 7795 7764 7796 0 0 0
15242 7796 7764 7797 0 0 0
15243 7767 7797 7769 0 0 0
15244 7767 7771 7797 0 0 0
15245 7769 7797 7765 0 0 0
15246 7764 7765 7797 0 0 0
15247 7771 7798 7797 0 0 0
15248 7775 7772 7799 0 0 0
15249 7772 7774 7799 0 0 0
15250 7776 7799 7774 0 0 0
15251 7776 7780 7799 0 0 0
15252 7778 7508 7515 0 0 0
15253 7778 7549 7777 0 0 0
15254 7779 7777 7549 0 0 0
15255 7515 7549 7778 0 0 0
15256 7780 7779 7800 0 0 0
15257 7800 7779 7549 0 0 0
15258 7780 7800 7799 0 0 0
15259 7781 7801 7783 0 0 0
15260 7801 7781 7802 0 0 0
15261 7802 7781 7782 0 0 0
15262 7802 7782 7803 0 0 0
15263 7787 7803 7782 0 0 0
15264 7783 6078 6058 0 0 0
15265 7801 6078 7783 0 0 0
15266 7786 7785 7804 0 0 0
15267 7786 7804 7784 0 0 0
15268 7787 7784 7804 0 0 0
15269 7785 7790 7804 0 0 0
15270 7803 7787 7805 0 0 0
15271 7787 7804 7805 0 0 0
15272 7806 7807 7792 0 0 0
15273 7788 7792 7807 0 0 0
15274 7808 7789 7788 0 0 0
15275 7808 7788 7807 0 0 0
15276 7809 7790 7789 0 0 0
15277 7789 7808 7809 0 0 0
15278 7810 7804 7790 0 0 0
15279 7790 7809 7810 0 0 0
15280 7806 7811 6100 0 0 0
15281 7807 7806 6100 0 0 0
15282 6098 6100 7811 0 0 0
15283 6086 7812 7791 0 0 0
15284 7791 6065 6086 0 0 0
15285 7812 6086 6111 0 0 0
15286 7813 7812 6111 0 0 0
15287 7811 7813 6098 0 0 0
15288 6111 6098 7813 0 0 0
15289 7812 7813 7814 0 0 0
15290 7814 7791 7812 0 0 0
15291 7791 7814 7510 0 0 0
15292 7815 7510 7814 0 0 0
15293 7815 7516 7510 0 0 0
15294 7806 7792 7816 0 0 0
15295 7811 7806 7816 0 0 0
15296 7793 7816 7792 0 0 0
15297 7794 7816 7793 0 0 0
15298 7795 7817 7794 0 0 0
15299 7794 7817 7816 0 0 0
15300 7796 7817 7795 0 0 0
15301 7818 7811 7816 0 0 0
15302 7813 7811 7818 0 0 0
15303 7819 7796 7797 0 0 0
15304 7796 7819 7817 0 0 0
15305 7819 7797 7820 0 0 0
15306 7820 7797 7798 0 0 0
15307 7803 7805 6095 0 0 0
15308 7802 6095 7801 0 0 0
15309 7801 6095 6078 0 0 0
15310 7802 7803 6095 0 0 0
15311 7805 6120 6095 0 0 0
15312 7805 7804 6120 0 0 0
15313 7810 6120 7804 0 0 0
15314 7807 6100 6102 0 0 0
15315 7808 6102 7809 0 0 0
15316 7808 7807 6102 0 0 0
15317 7810 7809 6124 0 0 0
15318 7809 6102 6124 0 0 0
15319 7810 6124 6120 0 0 0
15320 7818 7821 7813 0 0 0
15321 7814 7813 7821 0 0 0
15322 7814 7821 7815 0 0 0
15323 7815 7821 7822 0 0 0
15324 7822 7823 7815 0 0 0
15325 7823 7516 7815 0 0 0
15326 7516 7823 7520 0 0 0
15327 7818 7816 7824 0 0 0
15328 7818 7824 7821 0 0 0
15329 7817 7824 7816 0 0 0
15330 7819 7820 7824 0 0 0
15331 7817 7819 7824 0 0 0
15332 7825 7821 7824 0 0 0
15333 7825 7822 7821 0 0 0
15334 7823 7822 7826 0 0 0
15335 7822 7825 7826 0 0 0
15336 7823 7826 7520 0 0 0
15337 57 7827 58 0 0 0
15338 7828 58 7827 0 0 0
15339 7828 60 58 0 0 0
15340 7829 7828 7827 0 0 0
15341 7830 7831 7827 0 0 0
15342 7829 7827 7831 0 0 0
15343 7828 7832 60 0 0 0
15344 7829 7832 7828 0 0 0
15345 7829 7833 7832 0 0 0
15346 7829 7831 7833 0 0 0
15347 7834 7835 7830 0 0 0
15348 7831 7835 7833 0 0 0
15349 7831 7830 7835 0 0 0
15350 7836 7833 7835 0 0 0
15351 60 7832 158 0 0 0
15352 7837 7832 7833 0 0 0
15353 7838 158 7832 0 0 0
15354 7837 7838 7832 0 0 0
15355 7839 7837 7833 0 0 0
15356 159 158 7840 0 0 0
15357 7838 7840 158 0 0 0
15358 7833 7836 7839 0 0 0
15359 7840 7838 7841 0 0 0
15360 7838 7837 7841 0 0 0
15361 7839 7841 7837 0 0 0
15362 7842 7839 7836 0 0 0
15363 7839 7842 7841 0 0 0
15364 7843 7841 7842 0 0 0
15365 248 7844 249 0 0 0
15366 7844 7845 249 0 0 0
15367 250 7846 57 0 0 0
15368 250 249 7846 0 0 0
15369 7846 249 7845 0 0 0
15370 7844 7847 7845 0 0 0
15371 7845 7847 7848 0 0 0
15372 7846 7845 7849 0 0 0
15373 7849 7845 7848 0 0 0
15374 7827 57 7846 0 0 0
15375 7849 7827 7846 0 0 0
15376 7850 7851 7847 0 0 0
15377 7848 7847 7851 0 0 0
15378 7852 7848 7851 0 0 0
15379 7853 7848 7852 0 0 0
15380 7853 7849 7848 0 0 0
15381 7849 7830 7827 0 0 0
15382 7853 7830 7849 0 0 0
15383 7852 7834 7853 0 0 0
15384 7853 7834 7830 0 0 0
15385 7840 7854 159 0 0 0
15386 7854 346 159 0 0 0
15387 7841 7855 7840 0 0 0
15388 7854 7840 7855 0 0 0
15389 7856 7855 7841 0 0 0
15390 7856 7841 7843 0 0 0
15391 7857 7855 7856 0 0 0
15392 346 7858 347 0 0 0
15393 7854 7858 346 0 0 0
15394 7854 7855 7858 0 0 0
15395 7859 7858 7855 0 0 0
15396 7857 7859 7855 0 0 0
15397 7860 347 7858 0 0 0
15398 7856 7843 7861 0 0 0
15399 7857 7856 7861 0 0 0
15400 7861 7862 7857 0 0 0
15401 7857 7862 7859 0 0 0
15402 7860 7858 7863 0 0 0
15403 7859 7862 7863 0 0 0
15404 7859 7863 7858 0 0 0
15405 7864 7863 7862 0 0 0
15406 7865 248 7547 0 0 0
15407 7205 7866 7204 0 0 0
15408 7547 7204 7866 0 0 0
15409 7865 7547 7866 0 0 0
15410 7205 7236 7867 0 0 0
15411 7867 7866 7205 0 0 0
15412 7868 7236 7869 0 0 0
15413 7868 7867 7236 0 0 0
15414 7868 7870 7867 0 0 0
15415 7865 7844 248 0 0 0
15416 7865 7866 7844 0 0 0
15417 7866 7871 7844 0 0 0
15418 7866 7867 7871 0 0 0
15419 7870 7871 7867 0 0 0
15420 7869 7872 7868 0 0 0
15421 7868 7872 7870 0 0 0
15422 7870 7873 7871 0 0 0
15423 7874 7870 7872 0 0 0
15424 7874 7873 7870 0 0 0
15425 7871 7847 7844 0 0 0
15426 7871 7873 7847 0 0 0
15427 7847 7873 7850 0 0 0
15428 7875 7874 7872 0 0 0
15429 7876 7850 7873 0 0 0
15430 7877 7876 7873 0 0 0
15431 7874 7875 7877 0 0 0
15432 7874 7877 7873 0 0 0
15433 7877 7878 7876 0 0 0
15434 7875 7878 7877 0 0 0
15435 7879 6772 347 0 0 0
15436 7879 347 7860 0 0 0
15437 7879 7860 7880 0 0 0
15438 7879 7880 6772 0 0 0
15439 6772 7881 6500 0 0 0
15440 7881 6772 7880 0 0 0
15441 7882 6500 7881 0 0 0
15442 7863 7883 7860 0 0 0
15443 7880 7860 7883 0 0 0
15444 7883 7884 7880 0 0 0
15445 7880 7884 7881 0 0 0
15446 7882 7881 7885 0 0 0
15447 7884 7885 7881 0 0 0
15448 7863 7864 7883 0 0 0
15449 7886 7883 7864 0 0 0
15450 7884 7883 7886 0 0 0
15451 7886 7887 7884 0 0 0
15452 7885 7884 7887 0 0 0
15453 6329 7253 6767 0 0 0
15454 7888 7222 7223 0 0 0
15455 7888 7236 7222 0 0 0
15456 7888 7223 7244 0 0 0
15457 7888 7244 7869 0 0 0
15458 7869 7236 7888 0 0 0
15459 7272 7869 7244 0 0 0
15460 7872 7869 7272 0 0 0
15461 6329 6330 7253 0 0 0
15462 7264 7253 6330 0 0 0
15463 7872 7272 7273 0 0 0
15464 7273 7875 7872 0 0 0
15465 7889 6330 6335 0 0 0
15466 7264 6330 7889 0 0 0
15467 7889 7276 7264 0 0 0
15468 7875 7273 7283 0 0 0
15469 7875 7283 7878 0 0 0
15470 6335 6338 7890 0 0 0
15471 7889 7890 7276 0 0 0
15472 7889 6335 7890 0 0 0
15473 7276 7890 7284 0 0 0
15474 7285 7891 7283 0 0 0
15475 7283 7891 7878 0 0 0
15476 6338 6339 7892 0 0 0
15477 7890 7893 7284 0 0 0
15478 7892 7893 6338 0 0 0
15479 7893 7890 6338 0 0 0
15480 7286 7284 7894 0 0 0
15481 7894 7284 7893 0 0 0
15482 7286 7894 7895 0 0 0
15483 7891 7285 7895 0 0 0
15484 7286 7895 7285 0 0 0
15485 7896 7892 6339 0 0 0
15486 7896 7897 7892 0 0 0
15487 7894 7898 7895 0 0 0
15488 7898 7894 7899 0 0 0
15489 7899 7892 7897 0 0 0
15490 7894 7893 7899 0 0 0
15491 7892 7899 7893 0 0 0
15492 7899 7900 7898 0 0 0
15493 7897 7900 7899 0 0 0
15494 6339 6499 7896 0 0 0
15495 7901 7897 7896 0 0 0
15496 7902 7896 6499 0 0 0
15497 7901 7896 7902 0 0 0
15498 7901 7903 7897 0 0 0
15499 6498 6501 7904 0 0 0
15500 6498 7904 6499 0 0 0
15501 7902 6499 7904 0 0 0
15502 7903 7900 7897 0 0 0
15503 7901 7905 7903 0 0 0
15504 7902 7904 7905 0 0 0
15505 7901 7902 7905 0 0 0
15506 7903 7906 7900 0 0 0
15507 7903 7905 7906 0 0 0
15508 7907 7904 6501 0 0 0
15509 6500 7882 6501 0 0 0
15510 7907 6501 7882 0 0 0
15511 7905 7904 7908 0 0 0
15512 7907 7908 7904 0 0 0
15513 7906 7905 7909 0 0 0
15514 7908 7909 7905 0 0 0
15515 7910 7908 7907 0 0 0
15516 7907 7882 7910 0 0 0
15517 7885 7910 7882 0 0 0
15518 7909 7908 7911 0 0 0
15519 7910 7911 7908 0 0 0
15520 7911 7910 7887 0 0 0
15521 7885 7887 7910 0 0 0
15522 6537 6417 7912 0 0 0
15523 7913 7912 6417 0 0 0
15524 7914 6540 6537 0 0 0
15525 7912 7914 6537 0 0 0
15526 7915 7916 7913 0 0 0
15527 7912 7913 7916 0 0 0
15528 6539 7917 6541 0 0 0
15529 6540 7918 6539 0 0 0
15530 7917 6539 7918 0 0 0
15531 7914 7918 6540 0 0 0
15532 7915 7919 7916 0 0 0
15533 7916 7920 7912 0 0 0
15534 7918 7914 7920 0 0 0
15535 7914 7912 7920 0 0 0
15536 7921 7916 7919 0 0 0
15537 7916 7921 7920 0 0 0
15538 7922 7917 7918 0 0 0
15539 7923 6541 7917 0 0 0
15540 7917 7922 7923 0 0 0
15541 7924 7918 7920 0 0 0
15542 7922 7918 7924 0 0 0
15543 7921 7925 7920 0 0 0
15544 7924 7920 7925 0 0 0
15545 7922 7926 7923 0 0 0
15546 7922 7924 7926 0 0 0
15547 7927 7923 7926 0 0 0
15548 7925 7928 7924 0 0 0
15549 7926 7924 7928 0 0 0
15550 7928 7929 7926 0 0 0
15551 7927 7926 7929 0 0 0
15552 7930 6777 6541 0 0 0
15553 7930 6541 7923 0 0 0
15554 6777 7931 392 0 0 0
15555 7932 392 7931 0 0 0
15556 7930 7931 6777 0 0 0
15557 7930 7923 7933 0 0 0
15558 7933 7931 7930 0 0 0
15559 7933 7923 7934 0 0 0
15560 7927 7934 7923 0 0 0
15561 7932 7931 7935 0 0 0
15562 7936 7935 7931 0 0 0
15563 7934 7936 7933 0 0 0
15564 7933 7936 7931 0 0 0
15565 7936 7934 7937 0 0 0
15566 7937 7934 7929 0 0 0
15567 7927 7929 7934 0 0 0
15568 7937 7938 7936 0 0 0
15569 7935 7936 7938 0 0 0
15570 7939 7940 7941 0 0 0
15571 7939 7775 7940 0 0 0
15572 7504 7513 6400 0 0 0
15573 7941 7940 7798 0 0 0
15574 7940 7942 7798 0 0 0
15575 7940 7775 7942 0 0 0
15576 7775 7799 7942 0 0 0
15577 6404 6400 7513 0 0 0
15578 7513 7519 6404 0 0 0
15579 7942 7820 7798 0 0 0
15580 7943 7942 7799 0 0 0
15581 7942 7943 7820 0 0 0
15582 7519 6410 6404 0 0 0
15583 7520 7944 7519 0 0 0
15584 7944 6410 7519 0 0 0
15585 7945 7824 7820 0 0 0
15586 7820 7943 7945 0 0 0
15587 7825 7824 7946 0 0 0
15588 7520 7826 7947 0 0 0
15589 7947 7944 7520 0 0 0
15590 7944 7947 7948 0 0 0
15591 7944 6414 6410 0 0 0
15592 7948 6414 7944 0 0 0
15593 7949 6414 7948 0 0 0
15594 7824 7950 7946 0 0 0
15595 7824 7945 7950 0 0 0
15596 7946 7951 7825 0 0 0
15597 7825 7951 7826 0 0 0
15598 7826 7951 7952 0 0 0
15599 7947 7826 7952 0 0 0
15600 7947 7952 7948 0 0 0
15601 7953 7949 7948 0 0 0
15602 7953 7948 7952 0 0 0
15603 7949 6417 6414 0 0 0
15604 7949 7913 6417 0 0 0
15605 7949 7953 7913 0 0 0
15606 7954 7952 7951 0 0 0
15607 7955 7952 7954 0 0 0
15608 7955 7953 7952 0 0 0
15609 7953 7915 7913 0 0 0
15610 7955 7915 7953 0 0 0
15611 7915 7955 7919 0 0 0
15612 7955 7954 7919 0 0 0
15613 6400 6783 7504 0 0 0
15614 7800 7956 7799 0 0 0
15615 7799 7956 7943 0 0 0
15616 7549 7548 7957 0 0 0
15617 7957 7800 7549 0 0 0
15618 7800 7957 7956 0 0 0
15619 7945 7943 7958 0 0 0
15620 7956 7958 7943 0 0 0
15621 7959 7945 7958 0 0 0
15622 7957 7960 7956 0 0 0
15623 7958 7956 7960 0 0 0
15624 298 7961 7548 0 0 0
15625 7957 7961 7960 0 0 0
15626 7957 7548 7961 0 0 0
15627 7959 7950 7945 0 0 0
15628 7959 7958 7962 0 0 0
15629 7962 7958 7960 0 0 0
15630 7959 7963 7950 0 0 0
15631 7959 7962 7963 0 0 0
15632 7960 7961 7964 0 0 0
15633 7962 7960 7964 0 0 0
15634 7963 7962 7965 0 0 0
15635 7962 7964 7965 0 0 0
15636 391 7966 198 0 0 0
15637 7967 198 7966 0 0 0
15638 391 392 7968 0 0 0
15639 7968 7966 391 0 0 0
15640 7932 7968 392 0 0 0
15641 7967 7966 7969 0 0 0
15642 7968 7970 7966 0 0 0
15643 7969 7966 7971 0 0 0
15644 7971 7966 7972 0 0 0
15645 7972 7966 7970 0 0 0
15646 7932 7935 7968 0 0 0
15647 7970 7968 7935 0 0 0
15648 7971 7973 7969 0 0 0
15649 7970 7935 7974 0 0 0
15650 7972 7970 7974 0 0 0
15651 7975 7972 7974 0 0 0
15652 7975 7973 7971 0 0 0
15653 7971 7972 7975 0 0 0
15654 7938 7974 7935 0 0 0
15655 299 7976 298 0 0 0
15656 7976 7961 298 0 0 0
15657 7977 7964 7961 0 0 0
15658 7976 7977 7961 0 0 0
15659 300 7978 299 0 0 0
15660 7976 299 7978 0 0 0
15661 7976 7978 7977 0 0 0
15662 115 7979 300 0 0 0
15663 7978 300 7979 0 0 0
15664 7964 7980 7965 0 0 0
15665 7964 7977 7980 0 0 0
15666 7980 7977 7981 0 0 0
15667 7977 7978 7981 0 0 0
15668 7981 7978 7979 0 0 0
15669 7982 7965 7980 0 0 0
15670 7983 7981 7979 0 0 0
15671 7982 7980 7984 0 0 0
15672 7980 7981 7984 0 0 0
15673 7981 7983 7984 0 0 0
15674 7985 7984 7983 0 0 0
15675 115 118 7979 0 0 0
15676 117 7986 118 0 0 0
15677 7987 7979 118 0 0 0
15678 7988 7979 7987 0 0 0
15679 7987 118 7986 0 0 0
15680 7988 7983 7979 0 0 0
15681 7988 7989 7983 0 0 0
15682 7986 7990 7987 0 0 0
15683 7988 7987 7990 0 0 0
15684 7988 7990 7989 0 0 0
15685 7989 7990 7991 0 0 0
15686 7989 7985 7983 0 0 0
15687 7989 7991 7985 0 0 0
15688 7992 7991 7990 0 0 0
15689 117 197 7986 0 0 0
15690 7993 7986 197 0 0 0
15691 197 198 7993 0 0 0
15692 7993 7994 7986 0 0 0
15693 7967 7993 198 0 0 0
15694 7993 7967 7994 0 0 0
15695 7995 7986 7994 0 0 0
15696 7990 7986 7995 0 0 0
15697 7994 7967 7969 0 0 0
15698 7994 7969 7995 0 0 0
15699 7995 7969 7996 0 0 0
15700 7995 7996 7990 0 0 0
15701 7992 7990 7996 0 0 0
15702 7973 7996 7969 0 0 0
15703 7773 7775 7939 0 0 0
15704 7773 7939 7770 0 0 0
15705 7770 7939 7941 0 0 0
15706 7770 7941 7771 0 0 0
15707 6045 6065 7499 0 0 0
15708 6065 7510 7499 0 0 0
15709 7798 7771 7941 0 0 0
15710 7997 6987 6939 0 0 0
15711 6939 6938 7997 0 0 0
15712 7997 6938 7998 0 0 0
15713 6993 7998 6938 0 0 0
15714 6987 7997 6989 0 0 0
15715 7997 7998 6989 0 0 0
15716 7010 6989 7998 0 0 0
15717 7061 7010 7998 0 0 0
15718 7039 7061 7998 0 0 0
15719 7039 7998 6993 0 0 0
15720 7589 7587 7999 0 0 0
15721 7587 7594 7999 0 0 0
15722 7635 8000 7594 0 0 0
15723 7999 7594 8000 0 0 0
15724 7589 7999 7628 0 0 0
15725 7999 8000 7628 0 0 0
15726 7624 8000 7623 0 0 0
15727 7623 8000 7630 0 0 0
15728 7630 8000 7635 0 0 0
15729 7667 7628 8000 0 0 0
15730 7624 7667 8000 0 0 0
15731 7272 7244 7259 0 0 0
15732 8001 7729 7702 0 0 0
15733 8001 8002 7729 0 0 0
15734 7727 7729 8002 0 0 0
15735 8003 7666 7698 0 0 0
15736 8003 7698 7727 0 0 0
15737 7727 8002 8003 0 0 0
15738 7089 7090 7130 0 0 0
15739 7130 7045 7088 0 0 0
15740 7045 7130 7090 0 0 0
15741 8002 8001 8004 0 0 0
15742 7672 8004 8001 0 0 0
15743 8001 7702 7672 0 0 0
15744 7085 8005 7084 0 0 0
15745 7128 7084 8005 0 0 0
15746 7085 5559 5578 0 0 0
15747 5578 8005 7085 0 0 0
15748 7127 7128 7169 0 0 0
15749 7128 8005 7169 0 0 0
15750 5578 5602 8005 0 0 0
15751 8005 5602 7169 0 0 0
15752 5622 7169 5602 0 0 0
15753 7626 7627 8006 0 0 0
15754 7666 8003 7627 0 0 0
15755 8006 7627 8003 0 0 0
15756 8003 8002 8006 0 0 0
15757 8004 8006 8002 0 0 0
15758 6942 8007 8008 0 0 0
15759 8007 6942 6995 0 0 0
15760 8008 7043 6991 0 0 0
15761 8007 7043 8008 0 0 0
15762 6995 7090 8007 0 0 0
15763 8007 7090 7043 0 0 0
15764 7090 6995 7045 0 0 0
15765 7637 8009 8010 0 0 0
15766 8010 7638 7637 0 0 0
15767 8009 7626 8006 0 0 0
15768 8006 8010 8009 0 0 0
15769 8010 8006 8004 0 0 0
15770 7638 8010 8004 0 0 0
15771 8004 7672 7638 0 0 0
15772 7637 7593 7586 0 0 0
15773 6942 8008 6937 0 0 0
15774 6940 6937 8008 0 0 0
15775 6940 8008 6991 0 0 0
15776 7637 7586 8009 0 0 0
15777 7588 8009 7586 0 0 0
15778 7588 7626 8009 0 0 0
15779 8011 8012 7834 0 0 0
15780 7835 7834 8012 0 0 0
15781 7835 8012 7836 0 0 0
15782 8011 8013 8014 0 0 0
15783 8012 8011 8014 0 0 0
15784 8015 7836 8012 0 0 0
15785 8012 8014 8015 0 0 0
15786 8013 8016 8017 0 0 0
15787 8013 8017 8014 0 0 0
15788 8018 8019 8016 0 0 0
15789 8017 8016 8019 0 0 0
15790 8014 8020 8015 0 0 0
15791 8017 8020 8014 0 0 0
15792 8021 8022 8018 0 0 0
15793 8019 8018 8022 0 0 0
15794 8017 8023 8020 0 0 0
15795 8019 8023 8017 0 0 0
15796 8019 8024 8023 0 0 0
15797 8022 8024 8019 0 0 0
15798 8025 8026 8021 0 0 0
15799 8022 8021 8026 0 0 0
15800 8024 8022 8027 0 0 0
15801 8026 8027 8022 0 0 0
15802 8028 8029 8030 0 0 0
15803 8031 8032 8025 0 0 0
15804 8026 8025 8032 0 0 0
15805 8026 8033 8027 0 0 0
15806 8032 8033 8026 0 0 0
15807 8034 8029 8035 0 0 0
15808 8029 8028 8035 0 0 0
15809 8036 8037 8031 0 0 0
15810 8032 8031 8037 0 0 0
15811 8034 8038 8036 0 0 0
15812 8037 8036 8038 0 0 0
15813 8035 8038 8034 0 0 0
15814 8039 8035 8028 0 0 0
15815 8040 8041 8030 0 0 0
15816 8030 8041 8028 0 0 0
15817 8039 8028 8042 0 0 0
15818 8042 8028 8041 0 0 0
15819 8043 8044 8040 0 0 0
15820 8044 8041 8040 0 0 0
15821 8033 8032 8045 0 0 0
15822 8037 8045 8032 0 0 0
15823 8035 8046 8038 0 0 0
15824 8039 8046 8035 0 0 0
15825 8047 8038 8046 0 0 0
15826 8045 8037 8047 0 0 0
15827 8038 8047 8037 0 0 0
15828 8039 8048 8046 0 0 0
15829 8039 8042 8048 0 0 0
15830 8042 8049 8048 0 0 0
15831 8041 8044 8050 0 0 0
15832 8051 8041 8050 0 0 0
15833 8051 8049 8042 0 0 0
15834 8051 8042 8041 0 0 0
15835 8051 8052 8049 0 0 0
15836 8051 8050 8052 0 0 0
15837 8015 8053 7836 0 0 0
15838 7842 7836 8053 0 0 0
15839 7842 8053 7843 0 0 0
15840 8054 8015 8020 0 0 0
15841 8053 8015 8054 0 0 0
15842 8055 7843 8053 0 0 0
15843 8053 8054 8055 0 0 0
15844 8056 8020 8023 0 0 0
15845 8054 8057 8055 0 0 0
15846 8054 8056 8057 0 0 0
15847 8023 8024 8058 0 0 0
15848 8058 8056 8023 0 0 0
15849 8024 8027 8059 0 0 0
15850 8059 8058 8024 0 0 0
15851 8060 8057 8056 0 0 0
15852 8060 8056 8058 0 0 0
15853 8027 8033 8061 0 0 0
15854 8061 8059 8027 0 0 0
15855 8062 8060 8058 0 0 0
15856 8062 8058 8059 0 0 0
15857 8063 8062 8059 0 0 0
15858 8059 8061 8063 0 0 0
15859 8033 8045 8064 0 0 0
15860 8064 8061 8033 0 0 0
15861 8065 8063 8061 0 0 0
15862 8061 8064 8065 0 0 0
15863 8066 8046 8048 0 0 0
15864 8045 8047 8067 0 0 0
15865 8067 8064 8045 0 0 0
15866 8068 8065 8064 0 0 0
15867 8064 8067 8068 0 0 0
15868 8047 8046 8069 0 0 0
15869 8046 8066 8069 0 0 0
15870 8047 8069 8067 0 0 0
15871 8070 8069 8066 0 0 0
15872 8071 8048 8049 0 0 0
15873 8048 8071 8066 0 0 0
15874 8072 8071 8049 0 0 0
15875 8073 8066 8071 0 0 0
15876 8070 8066 8073 0 0 0
15877 8074 8068 8067 0 0 0
15878 8067 8069 8074 0 0 0
15879 8070 8075 8069 0 0 0
15880 8075 8074 8069 0 0 0
15881 8070 8076 8075 0 0 0
15882 8070 8073 8076 0 0 0
15883 8071 8077 8073 0 0 0
15884 8072 8077 8071 0 0 0
15885 8072 8052 8078 0 0 0
15886 8072 8078 8077 0 0 0
15887 8073 8079 8076 0 0 0
15888 8079 8073 8077 0 0 0
15889 8080 8079 8077 0 0 0
15890 8077 8078 8081 0 0 0
15891 8081 8080 8077 0 0 0
15892 8082 8080 8081 0 0 0
15893 7851 7850 8083 0 0 0
15894 8083 7850 8084 0 0 0
15895 8085 7852 7851 0 0 0
15896 8083 8085 7851 0 0 0
15897 8084 8086 8087 0 0 0
15898 8083 8084 8087 0 0 0
15899 8083 8087 8085 0 0 0
15900 8088 7852 8085 0 0 0
15901 7852 8088 7834 0 0 0
15902 8089 8090 8086 0 0 0
15903 8086 8090 8087 0 0 0
15904 8091 8089 8092 0 0 0
15905 8091 8090 8089 0 0 0
15906 8088 8085 8093 0 0 0
15907 8085 8087 8093 0 0 0
15908 8093 8087 8094 0 0 0
15909 8090 8094 8087 0 0 0
15910 8088 8011 7834 0 0 0
15911 8093 8011 8088 0 0 0
15912 8092 8095 8096 0 0 0
15913 8096 8091 8092 0 0 0
15914 8097 8091 8096 0 0 0
15915 8091 8098 8090 0 0 0
15916 8090 8098 8094 0 0 0
15917 8097 8098 8091 0 0 0
15918 8099 8096 8095 0 0 0
15919 8011 8093 8013 0 0 0
15920 8013 8093 8094 0 0 0
15921 8013 8094 8016 0 0 0
15922 8016 8094 8098 0 0 0
15923 8100 8096 8099 0 0 0
15924 8097 8096 8100 0 0 0
15925 8097 8101 8098 0 0 0
15926 8097 8100 8101 0 0 0
15927 8098 8018 8016 0 0 0
15928 8101 8018 8098 0 0 0
15929 8100 8099 8102 0 0 0
15930 8103 8100 8102 0 0 0
15931 8100 8103 8101 0 0 0
15932 8101 8021 8018 0 0 0
15933 8021 8101 8103 0 0 0
15934 8102 8104 8103 0 0 0
15935 8103 8025 8021 0 0 0
15936 8025 8103 8104 0 0 0
15937 8104 8031 8025 0 0 0
15938 7861 7843 8105 0 0 0
15939 8105 7843 8055 0 0 0
15940 8055 8057 8106 0 0 0
15941 8106 8105 8055 0 0 0
15942 8107 7862 7861 0 0 0
15943 8105 8107 7861 0 0 0
15944 8105 8106 8107 0 0 0
15945 8108 7862 8107 0 0 0
15946 7862 8108 7864 0 0 0
15947 8057 8060 8109 0 0 0
15948 8057 8109 8106 0 0 0
15949 8106 8109 8110 0 0 0
15950 8108 8107 8110 0 0 0
15951 8107 8106 8110 0 0 0
15952 8108 8110 8111 0 0 0
15953 8108 8111 7864 0 0 0
15954 8112 8060 8062 0 0 0
15955 8060 8112 8109 0 0 0
15956 8113 8110 8109 0 0 0
15957 8109 8112 8113 0 0 0
15958 8111 8110 8114 0 0 0
15959 8114 8110 8113 0 0 0
15960 8115 8062 8063 0 0 0
15961 8115 8112 8062 0 0 0
15962 8116 8063 8065 0 0 0
15963 8063 8116 8115 0 0 0
15964 8117 8113 8112 0 0 0
15965 8118 8112 8115 0 0 0
15966 8118 8117 8112 0 0 0
15967 8119 8114 8113 0 0 0
15968 8117 8119 8113 0 0 0
15969 8120 8065 8068 0 0 0
15970 8065 8120 8116 0 0 0
15971 8121 8115 8116 0 0 0
15972 8118 8115 8121 0 0 0
15973 8122 8116 8120 0 0 0
15974 8116 8122 8121 0 0 0
15975 8117 8123 8119 0 0 0
15976 8124 8123 8117 0 0 0
15977 8118 8121 8124 0 0 0
15978 8118 8124 8117 0 0 0
15979 8121 8122 8125 0 0 0
15980 8121 8125 8124 0 0 0
15981 8125 8126 8124 0 0 0
15982 8123 8124 8126 0 0 0
15983 8127 8086 8084 0 0 0
15984 8128 8129 8130 0 0 0
15985 8128 8131 8129 0 0 0
15986 8130 8129 5739 0 0 0
15987 8089 8086 8132 0 0 0
15988 8127 8132 8086 0 0 0
15989 8089 8132 8131 0 0 0
15990 8133 8131 8132 0 0 0
15991 8133 8129 8131 0 0 0
15992 7876 8134 7850 0 0 0
15993 8084 7850 8134 0 0 0
15994 8127 8084 8134 0 0 0
15995 8127 8134 8135 0 0 0
15996 8135 8132 8127 0 0 0
15997 7876 7878 8134 0 0 0
15998 8130 5739 5756 0 0 0
15999 8136 8128 8130 0 0 0
16000 8137 8130 5756 0 0 0
16001 8136 8130 8137 0 0 0
16002 8131 8092 8089 0 0 0
16003 8131 8128 8092 0 0 0
16004 8128 8095 8092 0 0 0
16005 8136 8095 8128 0 0 0
16006 8129 8138 5739 0 0 0
16007 8133 8138 8129 0 0 0
16008 8133 8139 8138 0 0 0
16009 8133 8132 8139 0 0 0
16010 8135 8139 8132 0 0 0
16011 8135 8140 8139 0 0 0
16012 8140 8134 7878 0 0 0
16013 8135 8134 8140 0 0 0
16014 5756 5778 8137 0 0 0
16015 8136 8141 8095 0 0 0
16016 8136 8137 8141 0 0 0
16017 8142 8137 5778 0 0 0
16018 8137 8142 8141 0 0 0
16019 5778 5796 8142 0 0 0
16020 8143 8141 8142 0 0 0
16021 8144 8142 5796 0 0 0
16022 8142 8144 8143 0 0 0
16023 5796 2340 8144 0 0 0
16024 8144 8145 8143 0 0 0
16025 8146 8145 8144 0 0 0
16026 8146 8144 2340 0 0 0
16027 8146 2340 2339 0 0 0
16028 8146 8147 8145 0 0 0
16029 2339 8147 8146 0 0 0
16030 8147 2339 2368 0 0 0
16031 8111 8148 7864 0 0 0
16032 7886 7864 8148 0 0 0
16033 7886 8148 7887 0 0 0
16034 8149 8148 8111 0 0 0
16035 8149 8111 8114 0 0 0
16036 7887 8148 8150 0 0 0
16037 8149 8150 8148 0 0 0
16038 8149 8151 8150 0 0 0
16039 8149 8114 8151 0 0 0
16040 8119 8152 8114 0 0 0
16041 8152 8151 8114 0 0 0
16042 8153 8150 8151 0 0 0
16043 8154 8119 8123 0 0 0
16044 8152 8119 8154 0 0 0
16045 8155 8153 8151 0 0 0
16046 8152 8155 8151 0 0 0
16047 8152 8154 8155 0 0 0
16048 8155 8156 8153 0 0 0
16049 8123 8157 8154 0 0 0
16050 8157 8123 8126 0 0 0
16051 8156 8155 8158 0 0 0
16052 8157 8158 8154 0 0 0
16053 8154 8158 8155 0 0 0
16054 8158 8159 8156 0 0 0
16055 8157 8126 8160 0 0 0
16056 8157 8160 8158 0 0 0
16057 8126 8161 8160 0 0 0
16058 8159 8158 8162 0 0 0
16059 8160 8162 8158 0 0 0
16060 8162 1104 8159 0 0 0
16061 8163 8164 8161 0 0 0
16062 8161 8164 8160 0 0 0
16063 8162 8160 8164 0 0 0
16064 8165 1104 8162 0 0 0
16065 8165 8162 8164 0 0 0
16066 8166 8164 8163 0 0 0
16067 8166 8163 8167 0 0 0
16068 8165 1148 1104 0 0 0
16069 1148 8165 8168 0 0 0
16070 8165 8164 8168 0 0 0
16071 8166 8168 8164 0 0 0
16072 8167 8169 8166 0 0 0
16073 8166 8169 8168 0 0 0
16074 8169 8167 8170 0 0 0
16075 8168 1189 1148 0 0 0
16076 8171 1189 8168 0 0 0
16077 8171 8168 8169 0 0 0
16078 8172 8169 8170 0 0 0
16079 8171 8169 8172 0 0 0
16080 8170 8173 8172 0 0 0
16081 8171 1229 1189 0 0 0
16082 8171 8172 1229 0 0 0
16083 8174 8172 8173 0 0 0
16084 8174 1229 8172 0 0 0
16085 8175 8174 8173 0 0 0
16086 8175 8173 8176 0 0 0
16087 8174 1269 1229 0 0 0
16088 8174 8175 1269 0 0 0
16089 8175 8176 8177 0 0 0
16090 8175 8177 1269 0 0 0
16091 8178 8177 8176 0 0 0
16092 1307 1269 8177 0 0 0
16093 1307 8177 8179 0 0 0
16094 8178 8179 8177 0 0 0
16095 8179 8178 8180 0 0 0
16096 8179 1348 1307 0 0 0
16097 1348 8179 8181 0 0 0
16098 8180 8181 8179 0 0 0
16099 8181 8180 8182 0 0 0
16100 8181 1392 1348 0 0 0
16101 1392 8181 8183 0 0 0
16102 8182 8183 8181 0 0 0
16103 8183 8182 8184 0 0 0
16104 8184 8185 8183 0 0 0
16105 8183 1434 1392 0 0 0
16106 8185 1434 8183 0 0 0
16107 8185 8186 1434 0 0 0
16108 8185 8184 8187 0 0 0
16109 8186 8185 8187 0 0 0
16110 8186 8187 8188 0 0 0
16111 8186 1468 1434 0 0 0
16112 8188 1468 8186 0 0 0
16113 8188 8187 8189 0 0 0
16114 8189 8190 8188 0 0 0
16115 8188 8190 1468 0 0 0
16116 8190 1497 1468 0 0 0
16117 8190 8189 8191 0 0 0
16118 1497 8190 8192 0 0 0
16119 8191 8192 8190 0 0 0
16120 8192 1524 1497 0 0 0
16121 8192 8191 8193 0 0 0
16122 1524 8192 8194 0 0 0
16123 8194 8192 8193 0 0 0
16124 8194 1545 1524 0 0 0
16125 8194 8195 1545 0 0 0
16126 8194 8193 8195 0 0 0
16127 8196 5739 8138 0 0 0
16128 8196 5764 5739 0 0 0
16129 7891 8197 7878 0 0 0
16130 8197 8140 7878 0 0 0
16131 5786 5764 8198 0 0 0
16132 8196 8198 5764 0 0 0
16133 8199 8138 8139 0 0 0
16134 8196 8138 8199 0 0 0
16135 8196 8199 8198 0 0 0
16136 8140 8200 8139 0 0 0
16137 8197 8200 8140 0 0 0
16138 8139 8200 8199 0 0 0
16139 8201 7891 7895 0 0 0
16140 8197 7891 8201 0 0 0
16141 8197 8201 8200 0 0 0
16142 8202 5786 8198 0 0 0
16143 8202 5799 5786 0 0 0
16144 8202 8198 8203 0 0 0
16145 8199 8200 8204 0 0 0
16146 8198 8199 8204 0 0 0
16147 8203 8198 8204 0 0 0
16148 7895 7898 8205 0 0 0
16149 8201 7895 8205 0 0 0
16150 8201 8205 8200 0 0 0
16151 8200 8205 8204 0 0 0
16152 6452 6451 8206 0 0 0
16153 6452 8206 8207 0 0 0
16154 8206 6451 8208 0 0 0
16155 8209 8205 7898 0 0 0
16156 7898 7900 8209 0 0 0
16157 8202 8210 5799 0 0 0
16158 8203 8210 8202 0 0 0
16159 5800 5799 8211 0 0 0
16160 8211 5799 8210 0 0 0
16161 8211 8212 5800 0 0 0
16162 5800 8212 6451 0 0 0
16163 8208 6451 8212 0 0 0
16164 8203 8213 8210 0 0 0
16165 8203 8204 8213 0 0 0
16166 8213 8204 8214 0 0 0
16167 8209 8214 8205 0 0 0
16168 8214 8204 8205 0 0 0
16169 8207 8206 8215 0 0 0
16170 8206 8208 8215 0 0 0
16171 8216 8209 7900 0 0 0
16172 8209 8216 8214 0 0 0
16173 8210 8213 8217 0 0 0
16174 8212 8211 8217 0 0 0
16175 8211 8210 8217 0 0 0
16176 8214 8216 8218 0 0 0
16177 8213 8218 8217 0 0 0
16178 8214 8218 8213 0 0 0
16179 8208 8219 8215 0 0 0
16180 8220 8208 8212 0 0 0
16181 8219 8208 8220 0 0 0
16182 8216 7900 8221 0 0 0
16183 7906 8221 7900 0 0 0
16184 8222 8212 8217 0 0 0
16185 8220 8212 8222 0 0 0
16186 7906 7909 8221 0 0 0
16187 8223 8221 7909 0 0 0
16188 8224 8215 8219 0 0 0
16189 8219 8225 8224 0 0 0
16190 8219 8220 8225 0 0 0
16191 8226 8220 8222 0 0 0
16192 8225 8220 8226 0 0 0
16193 8227 8226 8222 0 0 0
16194 8218 8216 8228 0 0 0
16195 8221 8228 8216 0 0 0
16196 8223 8228 8221 0 0 0
16197 8217 8218 8229 0 0 0
16198 8222 8217 8229 0 0 0
16199 8218 8228 8229 0 0 0
16200 8227 8222 8229 0 0 0
16201 7911 8230 7909 0 0 0
16202 8230 8223 7909 0 0 0
16203 8223 8230 8231 0 0 0
16204 8231 8228 8223 0 0 0
16205 8232 7911 7887 0 0 0
16206 8232 8230 7911 0 0 0
16207 8225 8233 8224 0 0 0
16208 8233 8225 8234 0 0 0
16209 8226 8234 8225 0 0 0
16210 8235 8227 8229 0 0 0
16211 8226 8236 8234 0 0 0
16212 8227 8236 8226 0 0 0
16213 8227 8235 8236 0 0 0
16214 8237 8229 8228 0 0 0
16215 8235 8229 8237 0 0 0
16216 8231 8237 8228 0 0 0
16217 8232 8238 8230 0 0 0
16218 8231 8230 8238 0 0 0
16219 8231 8238 8237 0 0 0
16220 8232 7887 8150 0 0 0
16221 8232 8150 8238 0 0 0
16222 8234 1008 8233 0 0 0
16223 1008 8234 8239 0 0 0
16224 8234 8236 8239 0 0 0
16225 8235 8237 8240 0 0 0
16226 8235 8240 8236 0 0 0
16227 8241 8239 8236 0 0 0
16228 8241 8236 8240 0 0 0
16229 8242 8237 8238 0 0 0
16230 8240 8237 8242 0 0 0
16231 8153 8238 8150 0 0 0
16232 8238 8153 8242 0 0 0
16233 8239 1010 1008 0 0 0
16234 8239 8243 1010 0 0 0
16235 8241 8243 8239 0 0 0
16236 8244 8240 8242 0 0 0
16237 8241 8244 8243 0 0 0
16238 8241 8240 8244 0 0 0
16239 8153 8156 8242 0 0 0
16240 8244 8242 8156 0 0 0
16241 1010 8243 1060 0 0 0
16242 8156 8159 8244 0 0 0
16243 8244 8159 8243 0 0 0
16244 8243 8159 1060 0 0 0
16245 1104 1060 8159 0 0 0
16246 8245 8246 7919 0 0 0
16247 7921 7919 8246 0 0 0
16248 8247 8245 8248 0 0 0
16249 8247 8246 8245 0 0 0
16250 7921 8246 7925 0 0 0
16251 8249 8250 8251 0 0 0
16252 8252 8248 8253 0 0 0
16253 8248 8252 8247 0 0 0
16254 8253 8254 8255 0 0 0
16255 8255 8252 8253 0 0 0
16256 8246 8247 8256 0 0 0
16257 8256 7925 8246 0 0 0
16258 8247 8252 8257 0 0 0
16259 8257 8256 8247 0 0 0
16260 8258 7928 7925 0 0 0
16261 8258 7925 8256 0 0 0
16262 8259 7929 7928 0 0 0
16263 8259 7928 8258 0 0 0
16264 8254 8251 8260 0 0 0
16265 8260 8255 8254 0 0 0
16266 8261 8250 8262 0 0 0
16267 8261 8260 8251 0 0 0
16268 8250 8261 8251 0 0 0
16269 8255 8263 8252 0 0 0
16270 8263 8257 8252 0 0 0
16271 8260 8264 8255 0 0 0
16272 8264 8263 8255 0 0 0
16273 8265 8257 8263 0 0 0
16274 8258 8266 8259 0 0 0
16275 8265 8266 8257 0 0 0
16276 8258 8256 8266 0 0 0
16277 8257 8266 8256 0 0 0
16278 8259 8267 7929 0 0 0
16279 8259 8266 8267 0 0 0
16280 1506 8268 8262 0 0 0
16281 8262 8268 8261 0 0 0
16282 8261 8268 8260 0 0 0
16283 8264 8260 8268 0 0 0
16284 8264 8268 8269 0 0 0
16285 8263 8269 8265 0 0 0
16286 8264 8269 8263 0 0 0
16287 8265 8270 8266 0 0 0
16288 8265 8269 8270 0 0 0
16289 8267 8266 8271 0 0 0
16290 8270 8271 8266 0 0 0
16291 1506 1508 8268 0 0 0
16292 1508 8272 8268 0 0 0
16293 8269 8268 8272 0 0 0
16294 8273 8270 8269 0 0 0
16295 8273 8269 8272 0 0 0
16296 8274 8271 8270 0 0 0
16297 8273 8274 8270 0 0 0
16298 1508 1533 8272 0 0 0
16299 8274 8273 8275 0 0 0
16300 8273 8272 8275 0 0 0
16301 1533 8275 8272 0 0 0
16302 1555 8275 1533 0 0 0
16303 7937 7929 8276 0 0 0
16304 8277 7938 7937 0 0 0
16305 8277 7937 8276 0 0 0
16306 8276 7929 8267 0 0 0
16307 8267 8278 8276 0 0 0
16308 8277 8279 7938 0 0 0
16309 8279 8277 8280 0 0 0
16310 8278 8280 8276 0 0 0
16311 8277 8276 8280 0 0 0
16312 8278 8267 8271 0 0 0
16313 8278 8271 8281 0 0 0
16314 8278 8281 8280 0 0 0
16315 8280 8282 8279 0 0 0
16316 8280 8281 8282 0 0 0
16317 8283 8271 8274 0 0 0
16318 8283 8281 8271 0 0 0
16319 8283 8284 8281 0 0 0
16320 8285 8282 8281 0 0 0
16321 8285 8281 8284 0 0 0
16322 8286 8274 8275 0 0 0
16323 8283 8274 8286 0 0 0
16324 8283 8286 8284 0 0 0
16325 8287 8284 8286 0 0 0
16326 8284 8288 8285 0 0 0
16327 8288 8284 8287 0 0 0
16328 8289 8275 1555 0 0 0
16329 8275 8289 8286 0 0 0
16330 8287 8286 8290 0 0 0
16331 8289 8290 8286 0 0 0
16332 8287 8291 8288 0 0 0
16333 8287 8290 8291 0 0 0
16334 8292 1545 8195 0 0 0
16335 8292 1556 1545 0 0 0
16336 1556 8292 8293 0 0 0
16337 1571 8294 1555 0 0 0
16338 8289 1555 8294 0 0 0
16339 8289 8294 8290 0 0 0
16340 8295 8290 8294 0 0 0
16341 8293 1572 1556 0 0 0
16342 8296 8291 8290 0 0 0
16343 8295 8296 8290 0 0 0
16344 8292 8195 8297 0 0 0
16345 8292 8297 8293 0 0 0
16346 1572 8293 8298 0 0 0
16347 8293 8297 8299 0 0 0
16348 8299 8298 8293 0 0 0
16349 8300 1571 1584 0 0 0
16350 1571 8300 8294 0 0 0
16351 8295 8294 8301 0 0 0
16352 8301 8294 8300 0 0 0
16353 8295 8302 8296 0 0 0
16354 8302 8295 8301 0 0 0
16355 8298 1586 1572 0 0 0
16356 8303 1586 8298 0 0 0
16357 8303 8304 1586 0 0 0
16358 8298 8299 8305 0 0 0
16359 8305 8303 8298 0 0 0
16360 8306 1584 1593 0 0 0
16361 1584 8306 8300 0 0 0
16362 8307 8300 8306 0 0 0
16363 8301 8300 8307 0 0 0
16364 8301 8308 8302 0 0 0
16365 8308 8301 8307 0 0 0
16366 8304 1594 1586 0 0 0
16367 8309 1594 8304 0 0 0
16368 8303 8305 8310 0 0 0
16369 8304 8303 8310 0 0 0
16370 8304 8310 8309 0 0 0
16371 1593 1598 8311 0 0 0
16372 8306 1593 8311 0 0 0
16373 8312 8306 8311 0 0 0
16374 8312 8307 8306 0 0 0
16375 8307 8313 8308 0 0 0
16376 8312 8313 8307 0 0 0
16377 8314 1595 1594 0 0 0
16378 8309 8314 1594 0 0 0
16379 8315 1596 1595 0 0 0
16380 1595 8314 8315 0 0 0
16381 8309 8310 8316 0 0 0
16382 8316 8314 8309 0 0 0
16383 8317 1597 1596 0 0 0
16384 1596 8315 8317 0 0 0
16385 1597 8318 1598 0 0 0
16386 1597 8317 8318 0 0 0
16387 8319 1598 8318 0 0 0
16388 8319 8311 1598 0 0 0
16389 8313 8312 8320 0 0 0
16390 8312 8311 8320 0 0 0
16391 8319 8320 8311 0 0 0
16392 8314 8316 8321 0 0 0
16393 8321 8315 8314 0 0 0
16394 8315 8321 8322 0 0 0
16395 8322 8317 8315 0 0 0
16396 8317 8322 8323 0 0 0
16397 8323 8318 8317 0 0 0
16398 8319 8324 8320 0 0 0
16399 8323 8324 8318 0 0 0
16400 8319 8318 8324 0 0 0
16401 7946 7950 8325 0 0 0
16402 8325 8326 7946 0 0 0
16403 8325 8327 8326 0 0 0
16404 8328 8326 8327 0 0 0
16405 8329 8328 8327 0 0 0
16406 8329 8327 8330 0 0 0
16407 7946 8326 7951 0 0 0
16408 8325 7950 8331 0 0 0
16409 8325 8331 8327 0 0 0
16410 8327 8331 8332 0 0 0
16411 8332 8330 8327 0 0 0
16412 8333 6171 8334 0 0 0
16413 8333 8334 8330 0 0 0
16414 8334 6171 6180 0 0 0
16415 8326 8335 7951 0 0 0
16416 8328 8335 8326 0 0 0
16417 8336 8330 8334 0 0 0
16418 8329 8330 8336 0 0 0
16419 8328 8337 8335 0 0 0
16420 8329 8336 8337 0 0 0
16421 8328 8329 8337 0 0 0
16422 8332 8338 8330 0 0 0
16423 8333 8330 8338 0 0 0
16424 7951 8335 7954 0 0 0
16425 8339 7954 8335 0 0 0
16426 8333 8338 6186 0 0 0
16427 8333 6186 6171 0 0 0
16428 8334 6180 8340 0 0 0
16429 8340 8336 8334 0 0 0
16430 6190 8340 6180 0 0 0
16431 8339 8335 8341 0 0 0
16432 8337 8341 8335 0 0 0
16433 8337 8342 8341 0 0 0
16434 8336 8340 8342 0 0 0
16435 8337 8336 8342 0 0 0
16436 8339 7919 7954 0 0 0
16437 8339 8245 7919 0 0 0
16438 8339 8341 8245 0 0 0
16439 8343 8340 6190 0 0 0
16440 8343 8342 8340 0 0 0
16441 6195 8343 6190 0 0 0
16442 8341 8248 8245 0 0 0
16443 8248 8341 8342 0 0 0
16444 8253 8248 8342 0 0 0
16445 8253 8342 8343 0 0 0
16446 8254 8343 6195 0 0 0
16447 8254 8253 8343 0 0 0
16448 8249 8251 6386 0 0 0
16449 8251 8254 6195 0 0 0
16450 6384 8251 6195 0 0 0
16451 6384 6386 8251 0 0 0
16452 7963 8344 7950 0 0 0
16453 8344 8331 7950 0 0 0
16454 8345 7963 7965 0 0 0
16455 8345 8344 7963 0 0 0
16456 8346 8338 8332 0 0 0
16457 8331 8347 8332 0 0 0
16458 8344 8347 8331 0 0 0
16459 8345 8348 8344 0 0 0
16460 8348 8347 8344 0 0 0
16461 8347 8349 8332 0 0 0
16462 8346 8332 8349 0 0 0
16463 8345 7965 8350 0 0 0
16464 8348 8345 8350 0 0 0
16465 8351 6186 8338 0 0 0
16466 8346 8351 8338 0 0 0
16467 8346 8352 8351 0 0 0
16468 8346 8349 8352 0 0 0
16469 8350 8353 8348 0 0 0
16470 8347 8353 8349 0 0 0
16471 8348 8353 8347 0 0 0
16472 8354 8349 8353 0 0 0
16473 8352 8349 8354 0 0 0
16474 8355 6192 6186 0 0 0
16475 8355 6186 8351 0 0 0
16476 6193 8356 6194 0 0 0
16477 8357 8351 8352 0 0 0
16478 8351 8357 8355 0 0 0
16479 8352 8354 8358 0 0 0
16480 8352 8358 8357 0 0 0
16481 8359 6193 6192 0 0 0
16482 8356 6193 8359 0 0 0
16483 6192 8355 8359 0 0 0
16484 8360 8359 8355 0 0 0
16485 8360 8355 8357 0 0 0
16486 8356 8359 8361 0 0 0
16487 8362 6194 8356 0 0 0
16488 8362 8356 8361 0 0 0
16489 6194 8363 3379 0 0 0
16490 8363 6194 8362 0 0 0
16491 8364 3380 3379 0 0 0
16492 8364 3379 8363 0 0 0
16493 8365 3394 3380 0 0 0
16494 3380 8364 8365 0 0 0
16495 8357 8358 8366 0 0 0
16496 8360 8357 8366 0 0 0
16497 8360 8366 8367 0 0 0
16498 8360 8367 8359 0 0 0
16499 8361 8359 8367 0 0 0
16500 8361 8367 8368 0 0 0
16501 8361 8368 8362 0 0 0
16502 8362 8368 8363 0 0 0
16503 8364 8369 8365 0 0 0
16504 8363 8368 8369 0 0 0
16505 8369 8364 8363 0 0 0
16506 7973 7975 8370 0 0 0
16507 7974 7938 8371 0 0 0
16508 7974 8371 7975 0 0 0
16509 8372 8370 7975 0 0 0
16510 8371 8372 7975 0 0 0
16511 8279 8371 7938 0 0 0
16512 8373 8370 8372 0 0 0
16513 8373 8374 8370 0 0 0
16514 8371 8279 8375 0 0 0
16515 8372 8371 8375 0 0 0
16516 8372 8375 8373 0 0 0
16517 8282 8375 8279 0 0 0
16518 8373 8376 8374 0 0 0
16519 8373 8375 8376 0 0 0
16520 8374 8376 8377 0 0 0
16521 8375 8282 8378 0 0 0
16522 8378 8376 8375 0 0 0
16523 8285 8378 8282 0 0 0
16524 8377 8376 8379 0 0 0
16525 8376 8378 8379 0 0 0
16526 8377 8379 8380 0 0 0
16527 8381 8378 8285 0 0 0
16528 8381 8379 8378 0 0 0
16529 8285 8288 8381 0 0 0
16530 8382 8379 8381 0 0 0
16531 8383 8380 8379 0 0 0
16532 8382 8383 8379 0 0 0
16533 8383 8384 8380 0 0 0
16534 8288 8291 8385 0 0 0
16535 8385 8381 8288 0 0 0
16536 8382 8381 8385 0 0 0
16537 8382 8385 8386 0 0 0
16538 8382 8386 8383 0 0 0
16539 8384 8383 8387 0 0 0
16540 8386 8387 8383 0 0 0
16541 8387 8388 8384 0 0 0
16542 8389 8385 8291 0 0 0
16543 8386 8385 8389 0 0 0
16544 8386 8389 8390 0 0 0
16545 8387 8386 8390 0 0 0
16546 8390 8391 8387 0 0 0
16547 8388 8387 8391 0 0 0
16548 8391 8392 8388 0 0 0
16549 7982 8393 7965 0 0 0
16550 8350 7965 8393 0 0 0
16551 7982 7984 8393 0 0 0
16552 8393 7984 8394 0 0 0
16553 8353 8350 8395 0 0 0
16554 8393 8395 8350 0 0 0
16555 8394 8395 8393 0 0 0
16556 7985 8396 7984 0 0 0
16557 8394 7984 8396 0 0 0
16558 8397 8394 8396 0 0 0
16559 8394 8397 8395 0 0 0
16560 8354 8398 8358 0 0 0
16561 8354 8353 8399 0 0 0
16562 8398 8354 8399 0 0 0
16563 8395 8399 8353 0 0 0
16564 8399 8395 8400 0 0 0
16565 8397 8400 8395 0 0 0
16566 8397 8396 8401 0 0 0
16567 8397 8401 8400 0 0 0
16568 8358 8402 8366 0 0 0
16569 8402 8358 8398 0 0 0
16570 8403 8402 8398 0 0 0
16571 8398 8399 8404 0 0 0
16572 8400 8404 8399 0 0 0
16573 8403 8398 8404 0 0 0
16574 8401 8405 8400 0 0 0
16575 8405 8404 8400 0 0 0
16576 8406 8366 8402 0 0 0
16577 8407 8406 8402 0 0 0
16578 8403 8407 8402 0 0 0
16579 8403 8404 8408 0 0 0
16580 8403 8408 8407 0 0 0
16581 8405 8409 8404 0 0 0
16582 8408 8404 8409 0 0 0
16583 8407 8410 8406 0 0 0
16584 8411 8410 8407 0 0 0
16585 8407 8408 8411 0 0 0
16586 8408 8409 8412 0 0 0
16587 8412 8411 8408 0 0 0
16588 8410 8411 8413 0 0 0
16589 8411 8412 8414 0 0 0
16590 8414 8413 8411 0 0 0
16591 8413 8414 8415 0 0 0
16592 7991 8416 7985 0 0 0
16593 7991 7992 8416 0 0 0
16594 8396 7985 8416 0 0 0
16595 8417 8416 7992 0 0 0
16596 8416 8418 8396 0 0 0
16597 8416 8417 8418 0 0 0
16598 8396 8418 8401 0 0 0
16599 8418 8417 8419 0 0 0
16600 8401 8420 8405 0 0 0
16601 8401 8418 8420 0 0 0
16602 8420 8418 8419 0 0 0
16603 8420 8419 8421 0 0 0
16604 8409 8405 8422 0 0 0
16605 8420 8422 8405 0 0 0
16606 8422 8420 8421 0 0 0
16607 8422 8421 8423 0 0 0
16608 8412 8409 8424 0 0 0
16609 8422 8424 8409 0 0 0
16610 8424 8422 8423 0 0 0
16611 8414 8412 8425 0 0 0
16612 8424 8425 8412 0 0 0
16613 8423 8426 8424 0 0 0
16614 8426 8425 8424 0 0 0
16615 8415 8414 8427 0 0 0
16616 8425 8427 8414 0 0 0
16617 8425 8426 8428 0 0 0
16618 8427 8425 8428 0 0 0
16619 8429 8430 8431 0 0 0
16620 8432 8415 8433 0 0 0
16621 8427 8433 8415 0 0 0
16622 8428 8434 8427 0 0 0
16623 8433 8427 8434 0 0 0
16624 8435 8432 8436 0 0 0
16625 8433 8436 8432 0 0 0
16626 8435 8437 8431 0 0 0
16627 8431 8437 8429 0 0 0
16628 8437 8435 8436 0 0 0
16629 8438 8439 8440 0 0 0
16630 8439 8430 8441 0 0 0
16631 8430 8429 8441 0 0 0
16632 8440 8439 8441 0 0 0
16633 8442 8429 8437 0 0 0
16634 8442 8443 8429 0 0 0
16635 8443 8441 8429 0 0 0
16636 8434 8444 8433 0 0 0
16637 8436 8433 8444 0 0 0
16638 8444 8445 8436 0 0 0
16639 8437 8436 8445 0 0 0
16640 8442 8437 8445 0 0 0
16641 8441 8446 8440 0 0 0
16642 8447 8446 8441 0 0 0
16643 8447 8441 8443 0 0 0
16644 8442 8445 8448 0 0 0
16645 8442 8448 8443 0 0 0
16646 8443 8448 8449 0 0 0
16647 8447 8443 8449 0 0 0
16648 8447 8449 8450 0 0 0
16649 8447 8450 8446 0 0 0
16650 7996 8451 7992 0 0 0
16651 7996 7973 8451 0 0 0
16652 8417 7992 8451 0 0 0
16653 8370 8451 7973 0 0 0
16654 8451 8452 8417 0 0 0
16655 8451 8370 8452 0 0 0
16656 8452 8419 8417 0 0 0
16657 8452 8370 8374 0 0 0
16658 8453 8419 8452 0 0 0
16659 8452 8374 8453 0 0 0
16660 8453 8421 8419 0 0 0
16661 8377 8453 8374 0 0 0
16662 8454 8421 8453 0 0 0
16663 8377 8454 8453 0 0 0
16664 8421 8454 8423 0 0 0
16665 8454 8377 8380 0 0 0
16666 8455 8423 8454 0 0 0
16667 8380 8455 8454 0 0 0
16668 8423 8455 8426 0 0 0
16669 8384 8455 8380 0 0 0
16670 8456 8426 8455 0 0 0
16671 8455 8384 8456 0 0 0
16672 8456 8428 8426 0 0 0
16673 8388 8456 8384 0 0 0
16674 8428 8457 8434 0 0 0
16675 8457 8428 8456 0 0 0
16676 8456 8388 8457 0 0 0
16677 8434 8458 8444 0 0 0
16678 8458 8434 8457 0 0 0
16679 8392 8457 8388 0 0 0
16680 8458 8457 8392 0 0 0
16681 8445 8444 8459 0 0 0
16682 8459 8444 8460 0 0 0
16683 8460 8444 8458 0 0 0
16684 8461 8458 8392 0 0 0
16685 8460 8458 8461 0 0 0
16686 8462 8448 8445 0 0 0
16687 8459 8462 8445 0 0 0
16688 8463 8462 8459 0 0 0
16689 8464 8449 8448 0 0 0
16690 8462 8464 8448 0 0 0
16691 8465 8450 8449 0 0 0
16692 8465 8449 8464 0 0 0
16693 8460 8461 8466 0 0 0
16694 8463 8459 8466 0 0 0
16695 8460 8466 8459 0 0 0
16696 8467 8464 8462 0 0 0
16697 8463 8467 8462 0 0 0
16698 8463 8466 8468 0 0 0
16699 8463 8468 8467 0 0 0
16700 8465 8469 8450 0 0 0
16701 8465 8470 8469 0 0 0
16702 8464 8467 8470 0 0 0
16703 8465 8464 8470 0 0 0
16704 8467 8468 8471 0 0 0
16705 8471 8470 8467 0 0 0
16706 8470 8472 8469 0 0 0
16707 8473 8470 8471 0 0 0
16708 8472 8470 8473 0 0 0
16709 8474 8472 8473 0 0 0
16710 6460 8475 6464 0 0 0
16711 839 837 6466 0 0 0
16712 6464 8476 6465 0 0 0
16713 6464 8475 8476 0 0 0
16714 6465 8476 892 0 0 0
16715 839 6466 892 0 0 0
16716 6465 892 6466 0 0 0
16717 1405 6388 1406 0 0 0
16718 8477 6385 6387 0 0 0
16719 8478 6385 8477 0 0 0
16720 1405 1446 6388 0 0 0
16721 6388 1446 6387 0 0 0
16722 8477 6387 1446 0 0 0
16723 7533 4505 8479 0 0 0
16724 8479 4505 8480 0 0 0
16725 8481 8479 8480 0 0 0
16726 8482 8480 8483 0 0 0
16727 8481 8480 8482 0 0 0
16728 7533 8479 6633 0 0 0
16729 8479 6636 6633 0 0 0
16730 6636 8479 8481 0 0 0
16731 8484 8482 8483 0 0 0
16732 8485 8483 8486 0 0 0
16733 8484 8483 8485 0 0 0
16734 6638 6636 8481 0 0 0
16735 8481 8482 6638 0 0 0
16736 8482 6642 6638 0 0 0
16737 6642 8482 8484 0 0 0
16738 8487 8485 8486 0 0 0
16739 8484 6644 6642 0 0 0
16740 6644 8484 8485 0 0 0
16741 8485 6649 6644 0 0 0
16742 6649 8485 8487 0 0 0
16743 8488 8486 8489 0 0 0
16744 8487 8486 8488 0 0 0
16745 8490 8488 8489 0 0 0
16746 8487 6651 6649 0 0 0
16747 8487 8488 6651 0 0 0
16748 8491 8490 8489 0 0 0
16749 8488 6656 6651 0 0 0
16750 6656 8488 8490 0 0 0
16751 8490 6661 6656 0 0 0
16752 6661 8490 8491 0 0 0
16753 8491 6663 6661 0 0 0
16754 8491 8489 8492 0 0 0
16755 8492 8489 8493 0 0 0
16756 8492 6663 8491 0 0 0
16757 6663 8492 6667 0 0 0
16758 6667 8492 8493 0 0 0
16759 8494 8493 8495 0 0 0
16760 8496 8494 8495 0 0 0
16761 8496 8495 8497 0 0 0
16762 8498 8495 8499 0 0 0
16763 8497 8495 8498 0 0 0
16764 8500 8498 8499 0 0 0
16765 8501 8499 8502 0 0 0
16766 8500 8499 8501 0 0 0
16767 7546 8503 4838 0 0 0
16768 8503 8504 4838 0 0 0
16769 8505 8501 8502 0 0 0
16770 8506 8502 8504 0 0 0
16771 8505 8502 8506 0 0 0
16772 8507 8506 8504 0 0 0
16773 8507 8504 8503 0 0 0
16774 6667 8493 8494 0 0 0
16775 6718 6667 8494 0 0 0
16776 8494 8496 6718 0 0 0
16777 8496 6719 6718 0 0 0
16778 6719 8496 8497 0 0 0
16779 8497 6725 6719 0 0 0
16780 6725 8497 8498 0 0 0
16781 8498 6727 6725 0 0 0
16782 8500 6727 8498 0 0 0
16783 8500 6733 6727 0 0 0
16784 6733 8500 8501 0 0 0
16785 7546 6730 8503 0 0 0
16786 8501 6735 6733 0 0 0
16787 6735 8501 8505 0 0 0
16788 8503 6730 6738 0 0 0
16789 6738 8507 8503 0 0 0
16790 8505 6739 6735 0 0 0
16791 6739 8505 8506 0 0 0
16792 8506 6741 6739 0 0 0
16793 8507 6738 6741 0 0 0
16794 8507 6741 8506 0 0 0
16795 8508 8509 8510 0 0 0
16796 8508 8511 8509 0 0 0
16797 8510 8512 8513 0 0 0
16798 8508 8510 8513 0 0 0
16799 8508 8514 8511 0 0 0
16800 8508 8513 8514 0 0 0
16801 8515 8512 8516 0 0 0
16802 8515 8513 8512 0 0 0
16803 8516 8517 8515 0 0 0
16804 8516 8518 8517 0 0 0
16805 8519 8520 8493 0 0 0
16806 8514 8521 8511 0 0 0
16807 8522 8513 8515 0 0 0
16808 8514 8513 8523 0 0 0
16809 8522 8523 8513 0 0 0
16810 8514 8523 8521 0 0 0
16811 8524 8521 8523 0 0 0
16812 8522 8515 8525 0 0 0
16813 8525 8515 8517 0 0 0
16814 8518 8520 8526 0 0 0
16815 8518 8526 8517 0 0 0
16816 8519 8526 8520 0 0 0
16817 8517 8527 8525 0 0 0
16818 8527 8517 8526 0 0 0
16819 8528 8526 8519 0 0 0
16820 8519 8489 8528 0 0 0
16821 8519 8493 8489 0 0 0
16822 8524 8529 8521 0 0 0
16823 8522 8525 8530 0 0 0
16824 8522 8530 8523 0 0 0
16825 8531 8523 8530 0 0 0
16826 8524 8523 8531 0 0 0
16827 8524 8532 8529 0 0 0
16828 8524 8531 8532 0 0 0
16829 8533 8530 8525 0 0 0
16830 8533 8525 8527 0 0 0
16831 8528 8534 8526 0 0 0
16832 8534 8527 8526 0 0 0
16833 8534 8535 8527 0 0 0
16834 8535 8533 8527 0 0 0
16835 8528 8536 8534 0 0 0
16836 8528 8489 8536 0 0 0
16837 8486 8536 8489 0 0 0
16838 8532 8537 8529 0 0 0
16839 8538 8530 8533 0 0 0
16840 8538 8539 8530 0 0 0
16841 8531 8530 8539 0 0 0
16842 8540 8531 8539 0 0 0
16843 8540 8532 8531 0 0 0
16844 8541 8537 8532 0 0 0
16845 8540 8541 8532 0 0 0
16846 8538 8533 8542 0 0 0
16847 8535 8542 8533 0 0 0
16848 8543 8535 8534 0 0 0
16849 8534 8536 8543 0 0 0
16850 8544 8542 8535 0 0 0
16851 8543 8544 8535 0 0 0
16852 8486 8545 8536 0 0 0
16853 8545 8543 8536 0 0 0
16854 8545 8486 8483 0 0 0
16855 8537 8541 8546 0 0 0
16856 8538 8542 8547 0 0 0
16857 8538 8547 8539 0 0 0
16858 8548 8547 8542 0 0 0
16859 8539 8547 8549 0 0 0
16860 8540 8539 8549 0 0 0
16861 8540 8549 8541 0 0 0
16862 8550 8541 8549 0 0 0
16863 8550 8546 8541 0 0 0
16864 8551 8546 8550 0 0 0
16865 8544 8552 8542 0 0 0
16866 8548 8542 8552 0 0 0
16867 8544 8543 8553 0 0 0
16868 8545 8553 8543 0 0 0
16869 8554 8552 8544 0 0 0
16870 8554 8544 8553 0 0 0
16871 8483 8555 8545 0 0 0
16872 8553 8545 8555 0 0 0
16873 8555 8483 8480 0 0 0
16874 8551 8556 8546 0 0 0
16875 8548 8552 8557 0 0 0
16876 8547 8558 8549 0 0 0
16877 8548 8558 8547 0 0 0
16878 8557 8558 8548 0 0 0
16879 8550 8549 8559 0 0 0
16880 8549 8558 8559 0 0 0
16881 8551 8550 8559 0 0 0
16882 8551 8560 8556 0 0 0
16883 8551 8559 8560 0 0 0
16884 8554 8561 8552 0 0 0
16885 8557 8552 8561 0 0 0
16886 8561 8554 8562 0 0 0
16887 8554 8553 8562 0 0 0
16888 8553 8555 8562 0 0 0
16889 8563 8555 8480 0 0 0
16890 8563 8562 8555 0 0 0
16891 8480 4505 8563 0 0 0
16892 8560 8564 8556 0 0 0
16893 8557 8561 8565 0 0 0
16894 8557 8565 8558 0 0 0
16895 8566 8558 8565 0 0 0
16896 8567 8559 8558 0 0 0
16897 8567 8558 8566 0 0 0
16898 8568 8560 8559 0 0 0
16899 8567 8569 8559 0 0 0
16900 8568 8559 8569 0 0 0
16901 8564 8560 8570 0 0 0
16902 8568 8570 8560 0 0 0
16903 8561 8562 8571 0 0 0
16904 8561 8571 8565 0 0 0
16905 8572 8571 8562 0 0 0
16906 8573 8562 8563 0 0 0
16907 8572 8562 8573 0 0 0
16908 4504 8563 4505 0 0 0
16909 8573 8563 4504 0 0 0
16910 8574 8565 8571 0 0 0
16911 8570 8575 8564 0 0 0
16912 8574 8576 8565 0 0 0
16913 8566 8565 8576 0 0 0
16914 8566 8576 8577 0 0 0
16915 8569 8567 8577 0 0 0
16916 8566 8577 8567 0 0 0
16917 8569 8577 8578 0 0 0
16918 8568 8578 8570 0 0 0
16919 8568 8569 8578 0 0 0
16920 8570 8579 8575 0 0 0
16921 8570 8578 8579 0 0 0
16922 8572 8580 8571 0 0 0
16923 8574 8571 8580 0 0 0
16924 8573 4504 4509 0 0 0
16925 8572 4509 8580 0 0 0
16926 8573 4509 8572 0 0 0
16927 8574 8581 8576 0 0 0
16928 8574 8580 8581 0 0 0
16929 8575 8579 8582 0 0 0
16930 8583 8582 8579 0 0 0
16931 8576 8581 8584 0 0 0
16932 8577 8576 8584 0 0 0
16933 8584 8581 8585 0 0 0
16934 8584 8586 8577 0 0 0
16935 8578 8577 8586 0 0 0
16936 8579 8587 8583 0 0 0
16937 8586 8587 8578 0 0 0
16938 8587 8579 8578 0 0 0
16939 4525 8581 8580 0 0 0
16940 4518 8580 4509 0 0 0
16941 4518 4525 8580 0 0 0
16942 4524 8585 8581 0 0 0
16943 4525 4524 8581 0 0 0
16944 8582 8583 8588 0 0 0
16945 8589 8588 8583 0 0 0
16946 8590 8589 8583 0 0 0
16947 8591 8583 8587 0 0 0
16948 8590 8583 8591 0 0 0
16949 8585 4524 4534 0 0 0
16950 4534 8592 8585 0 0 0
16951 8592 8593 8585 0 0 0
16952 8585 8593 8584 0 0 0
16953 8586 8584 8593 0 0 0
16954 8587 8586 8594 0 0 0
16955 8591 8587 8594 0 0 0
16956 8593 8594 8586 0 0 0
16957 8589 8595 8588 0 0 0
16958 8596 8595 8589 0 0 0
16959 8596 8589 8597 0 0 0
16960 8590 8597 8589 0 0 0
16961 8591 8594 8598 0 0 0
16962 8590 8598 8597 0 0 0
16963 8590 8591 8598 0 0 0
16964 8592 4534 4541 0 0 0
16965 8592 8599 8593 0 0 0
16966 8599 8592 4541 0 0 0
16967 8599 8600 8593 0 0 0
16968 8600 8594 8593 0 0 0
16969 8601 8594 8600 0 0 0
16970 8601 8598 8594 0 0 0
16971 8596 8602 8595 0 0 0
16972 8603 8595 8602 0 0 0
16973 8604 8603 8602 0 0 0
16974 8596 8597 8605 0 0 0
16975 8596 8605 8602 0 0 0
16976 8597 8598 8606 0 0 0
16977 8606 8605 8597 0 0 0
16978 8601 8607 8598 0 0 0
16979 8607 8606 8598 0 0 0
16980 8599 4541 4554 0 0 0
16981 8600 8599 4554 0 0 0
16982 4554 4567 8600 0 0 0
16983 8601 8600 4567 0 0 0
16984 8607 8601 4567 0 0 0
16985 8608 8602 8605 0 0 0
16986 8609 8604 8602 0 0 0
16987 8609 8602 8608 0 0 0
16988 8604 8609 8610 0 0 0
16989 8604 8611 8603 0 0 0
16990 8604 8610 8611 0 0 0
16991 8608 8605 4580 0 0 0
16992 8605 8606 4580 0 0 0
16993 4570 4580 8606 0 0 0
16994 8607 4567 4570 0 0 0
16995 8607 4570 8606 0 0 0
16996 8608 4580 4579 0 0 0
16997 8610 8609 4579 0 0 0
16998 8609 8608 4579 0 0 0
16999 8610 4579 4599 0 0 0
17000 8610 4599 8611 0 0 0
17001 3825 8611 4599 0 0 0
17002 8612 4696 4704 0 0 0
17003 8612 4704 8613 0 0 0
17004 8613 4704 8614 0 0 0
17005 4138 4696 8615 0 0 0
17006 8612 8615 4696 0 0 0
17007 8616 8615 8612 0 0 0
17008 8616 8612 8613 0 0 0
17009 8614 4704 4723 0 0 0
17010 8614 4723 8617 0 0 0
17011 8614 8617 8618 0 0 0
17012 8613 8618 8616 0 0 0
17013 8613 8614 8618 0 0 0
17014 8616 8619 8615 0 0 0
17015 8616 8618 8619 0 0 0
17016 8620 8618 8617 0 0 0
17017 8620 8617 8621 0 0 0
17018 4724 8622 4723 0 0 0
17019 8622 8621 8617 0 0 0
17020 8617 4723 8622 0 0 0
17021 8623 8622 4724 0 0 0
17022 8623 4724 4743 0 0 0
17023 8620 8624 8618 0 0 0
17024 8619 8618 8624 0 0 0
17025 8620 8621 8625 0 0 0
17026 8620 8625 8624 0 0 0
17027 8626 8625 8621 0 0 0
17028 8621 8622 8627 0 0 0
17029 8623 8627 8622 0 0 0
17030 8626 8621 8627 0 0 0
17031 8623 4743 8628 0 0 0
17032 8628 8627 8623 0 0 0
17033 8628 4743 8629 0 0 0
17034 4744 8629 4743 0 0 0
17035 8629 4744 8630 0 0 0
17036 8630 4744 4764 0 0 0
17037 8625 8631 8624 0 0 0
17038 8626 8627 8632 0 0 0
17039 8625 8633 8631 0 0 0
17040 8626 8633 8625 0 0 0
17041 8626 8632 8633 0 0 0
17042 8632 8627 8634 0 0 0
17043 8628 8629 8634 0 0 0
17044 8628 8634 8627 0 0 0
17045 8630 8635 8629 0 0 0
17046 8629 8635 8634 0 0 0
17047 8636 8635 8630 0 0 0
17048 8630 4764 8636 0 0 0
17049 8636 4764 4778 0 0 0
17050 8637 8631 8633 0 0 0
17051 8632 8638 8633 0 0 0
17052 8632 8634 8638 0 0 0
17053 8639 8633 8638 0 0 0
17054 8633 8639 8637 0 0 0
17055 8638 8634 8640 0 0 0
17056 8635 8640 8634 0 0 0
17057 8640 8635 8641 0 0 0
17058 8636 8642 8635 0 0 0
17059 8642 8641 8635 0 0 0
17060 4778 8642 8636 0 0 0
17061 8642 4778 4792 0 0 0
17062 8643 8637 8639 0 0 0
17063 8644 8643 8639 0 0 0
17064 8640 8645 8638 0 0 0
17065 8638 8645 8639 0 0 0
17066 8644 8639 8645 0 0 0
17067 8641 8646 8640 0 0 0
17068 8645 8640 8646 0 0 0
17069 8646 8641 8647 0 0 0
17070 8648 8647 8641 0 0 0
17071 8641 8642 8648 0 0 0
17072 4792 8648 8642 0 0 0
17073 4807 8648 4792 0 0 0
17074 8644 8649 8643 0 0 0
17075 8649 8644 8650 0 0 0
17076 8651 8650 8644 0 0 0
17077 8651 8644 8645 0 0 0
17078 8652 8645 8646 0 0 0
17079 8652 8651 8645 0 0 0
17080 8652 8646 8653 0 0 0
17081 8654 8646 8647 0 0 0
17082 8654 8653 8646 0 0 0
17083 8655 8647 8648 0 0 0
17084 8655 8656 8647 0 0 0
17085 8654 8647 8656 0 0 0
17086 8655 8648 8657 0 0 0
17087 4808 8657 4807 0 0 0
17088 4807 8657 8648 0 0 0
17089 4808 4819 8657 0 0 0
17090 8650 8658 8649 0 0 0
17091 8659 8658 8650 0 0 0
17092 8651 8660 8650 0 0 0
17093 8653 8660 8652 0 0 0
17094 8651 8652 8660 0 0 0
17095 8659 8650 8660 0 0 0
17096 8659 8660 8661 0 0 0
17097 8653 8662 8660 0 0 0
17098 8654 8656 8662 0 0 0
17099 8653 8654 8662 0 0 0
17100 8663 8662 8656 0 0 0
17101 8655 8657 8664 0 0 0
17102 8655 8664 8656 0 0 0
17103 8665 8656 8664 0 0 0
17104 8663 8656 8665 0 0 0
17105 8666 8664 8657 0 0 0
17106 8666 8657 4819 0 0 0
17107 8667 8666 4819 0 0 0
17108 8667 4819 4828 0 0 0
17109 8659 8661 8668 0 0 0
17110 8659 8668 8658 0 0 0
17111 8661 8669 8668 0 0 0
17112 8661 8660 8670 0 0 0
17113 8670 8660 8662 0 0 0
17114 8661 8670 8669 0 0 0
17115 8671 8669 8670 0 0 0
17116 8663 8672 8662 0 0 0
17117 8673 8670 8662 0 0 0
17118 8672 8673 8662 0 0 0
17119 8663 8665 8674 0 0 0
17120 8674 8672 8663 0 0 0
17121 8675 8674 8665 0 0 0
17122 8665 8664 8676 0 0 0
17123 8675 8665 8676 0 0 0
17124 8666 8676 8664 0 0 0
17125 8666 8667 8676 0 0 0
17126 8667 4828 8677 0 0 0
17127 8667 8677 8676 0 0 0
17128 4828 4838 8677 0 0 0
17129 8678 8668 8669 0 0 0
17130 8669 8679 8678 0 0 0
17131 8671 8679 8669 0 0 0
17132 8680 8679 8681 0 0 0
17133 8671 8681 8679 0 0 0
17134 8682 8670 8673 0 0 0
17135 8671 8670 8682 0 0 0
17136 8671 8682 8681 0 0 0
17137 8672 8674 8683 0 0 0
17138 8672 8683 8673 0 0 0
17139 8684 8673 8683 0 0 0
17140 8684 8682 8673 0 0 0
17141 8685 8683 8674 0 0 0
17142 8675 8685 8674 0 0 0
17143 8675 8676 8686 0 0 0
17144 8675 8686 8685 0 0 0
17145 8686 8676 8687 0 0 0
17146 8677 8687 8676 0 0 0
17147 8504 8677 4838 0 0 0
17148 8677 8504 8687 0 0 0
17149 8679 8688 8678 0 0 0
17150 8680 8688 8679 0 0 0
17151 8680 8689 8688 0 0 0
17152 8680 8681 8690 0 0 0
17153 8680 8690 8689 0 0 0
17154 8691 8689 8690 0 0 0
17155 8685 8692 8683 0 0 0
17156 8684 8693 8682 0 0 0
17157 8681 8682 8693 0 0 0
17158 8681 8693 8690 0 0 0
17159 8684 8683 8694 0 0 0
17160 8684 8694 8693 0 0 0
17161 8692 8694 8683 0 0 0
17162 8695 8690 8693 0 0 0
17163 8696 8692 8685 0 0 0
17164 8685 8686 8696 0 0 0
17165 8686 8687 8697 0 0 0
17166 8697 8696 8686 0 0 0
17167 8687 8504 8502 0 0 0
17168 8502 8697 8687 0 0 0
17169 8691 8698 8689 0 0 0
17170 8699 8698 8691 0 0 0
17171 8691 8690 8700 0 0 0
17172 8695 8700 8690 0 0 0
17173 8699 8691 8700 0 0 0
17174 8696 8701 8692 0 0 0
17175 8701 8702 8692 0 0 0
17176 8692 8702 8694 0 0 0
17177 8694 8703 8693 0 0 0
17178 8695 8693 8703 0 0 0
17179 8694 8702 8703 0 0 0
17180 8695 8703 8704 0 0 0
17181 8695 8704 8700 0 0 0
17182 8701 8696 8705 0 0 0
17183 8697 8705 8696 0 0 0
17184 8697 8502 8499 0 0 0
17185 8499 8705 8697 0 0 0
17186 8706 8701 8705 0 0 0
17187 8699 8509 8698 0 0 0
17188 8699 8700 8510 0 0 0
17189 8699 8510 8509 0 0 0
17190 8510 8700 8512 0 0 0
17191 8704 8512 8700 0 0 0
17192 8706 8707 8701 0 0 0
17193 8701 8707 8702 0 0 0
17194 8703 8708 8704 0 0 0
17195 8708 8703 8702 0 0 0
17196 8702 8707 8708 0 0 0
17197 8516 8704 8708 0 0 0
17198 8704 8516 8512 0 0 0
17199 8499 8495 8705 0 0 0
17200 8706 8705 8495 0 0 0
17201 8709 8706 8495 0 0 0
17202 8706 8709 8707 0 0 0
17203 8709 8520 8707 0 0 0
17204 8518 8707 8520 0 0 0
17205 8516 8708 8518 0 0 0
17206 8518 8708 8707 0 0 0
17207 8709 8493 8520 0 0 0
17208 8709 8495 8493 0 0 0
17209 8224 8233 8475 0 0 0
17210 8475 8233 8476 0 0 0
17211 951 892 8476 0 0 0
17212 8476 8233 951 0 0 0
17213 1008 951 8233 0 0 0
17214 8250 8478 8262 0 0 0
17215 8478 8477 8262 0 0 0
17216 1480 8477 1446 0 0 0
17217 8477 1480 8262 0 0 0
17218 1506 8262 1480 0 0 0
17219 8710 6453 6452 0 0 0
17220 8207 8710 6452 0 0 0
17221 6453 8710 6460 0 0 0
17222 8215 8710 8207 0 0 0
17223 8711 6460 8710 0 0 0
17224 8711 8710 8215 0 0 0
17225 8711 8215 8224 0 0 0
17226 8711 8224 8475 0 0 0
17227 8711 8475 6460 0 0 0
17228 8249 6386 6385 0 0 0
17229 8249 6385 8250 0 0 0
17230 8478 8250 6385 0 0 0
17231 8712 8120 8068 0 0 0
17232 8068 8074 8712 0 0 0
17233 8713 8122 8120 0 0 0
17234 8714 8122 8713 0 0 0
17235 8713 8120 8712 0 0 0
17236 8122 8714 8125 0 0 0
17237 8714 8715 8125 0 0 0
17238 8074 8075 8716 0 0 0
17239 8716 8712 8074 0 0 0
17240 8713 8717 8714 0 0 0
17241 8713 8712 8717 0 0 0
17242 8712 8716 8717 0 0 0
17243 8714 8717 8715 0 0 0
17244 8718 8075 8076 0 0 0
17245 8718 8716 8075 0 0 0
17246 8719 8076 8079 0 0 0
17247 8719 8718 8076 0 0 0
17248 8126 8125 8161 0 0 0
17249 8161 8125 8715 0 0 0
17250 8079 8080 8720 0 0 0
17251 8719 8079 8720 0 0 0
17252 8715 8163 8161 0 0 0
17253 8163 8715 8721 0 0 0
17254 8721 8715 8717 0 0 0
17255 8722 8716 8718 0 0 0
17256 8716 8722 8717 0 0 0
17257 8723 8721 8717 0 0 0
17258 8723 8717 8722 0 0 0
17259 8719 8720 8724 0 0 0
17260 8719 8724 8718 0 0 0
17261 8718 8724 8722 0 0 0
17262 8080 8082 8725 0 0 0
17263 8725 8720 8080 0 0 0
17264 8720 8725 8726 0 0 0
17265 8720 8726 8724 0 0 0
17266 8163 8721 8167 0 0 0
17267 8721 8727 8167 0 0 0
17268 8723 8727 8721 0 0 0
17269 8728 8722 8724 0 0 0
17270 8723 8728 8727 0 0 0
17271 8723 8722 8728 0 0 0
17272 8726 8729 8724 0 0 0
17273 8728 8724 8729 0 0 0
17274 8167 8727 8170 0 0 0
17275 8729 8730 8728 0 0 0
17276 8730 8170 8727 0 0 0
17277 8727 8728 8730 0 0 0
17278 8291 8296 8389 0 0 0
17279 8731 8296 8302 0 0 0
17280 8296 8731 8389 0 0 0
17281 8390 8389 8732 0 0 0
17282 8732 8389 8731 0 0 0
17283 8733 8391 8390 0 0 0
17284 8732 8733 8390 0 0 0
17285 8734 8392 8391 0 0 0
17286 8391 8733 8734 0 0 0
17287 8392 8734 8461 0 0 0
17288 8302 8308 8735 0 0 0
17289 8302 8735 8731 0 0 0
17290 8735 8736 8731 0 0 0
17291 8733 8732 8736 0 0 0
17292 8733 8736 8734 0 0 0
17293 8732 8731 8736 0 0 0
17294 8461 8737 8466 0 0 0
17295 8737 8461 8734 0 0 0
17296 8734 8736 8737 0 0 0
17297 8735 8738 8736 0 0 0
17298 8308 8313 8739 0 0 0
17299 8735 8308 8739 0 0 0
17300 8738 8735 8739 0 0 0
17301 8740 8468 8466 0 0 0
17302 8740 8466 8737 0 0 0
17303 8741 8740 8737 0 0 0
17304 8738 8741 8736 0 0 0
17305 8737 8736 8741 0 0 0
17306 8742 8471 8468 0 0 0
17307 8742 8468 8740 0 0 0
17308 8738 8739 8743 0 0 0
17309 8738 8743 8741 0 0 0
17310 8744 8739 8313 0 0 0
17311 8739 8744 8743 0 0 0
17312 8743 8745 8741 0 0 0
17313 8742 8740 8745 0 0 0
17314 8740 8741 8745 0 0 0
17315 8471 8746 8473 0 0 0
17316 8742 8746 8471 0 0 0
17317 8742 8745 8746 0 0 0
17318 8743 8744 8747 0 0 0
17319 8743 8747 8745 0 0 0
17320 8473 8748 8474 0 0 0
17321 8748 8473 8746 0 0 0
17322 8746 8749 8748 0 0 0
17323 8749 8745 8747 0 0 0
17324 8746 8745 8749 0 0 0
17325 8095 8141 8099 0 0 0
17326 8141 8750 8099 0 0 0
17327 8751 8099 8750 0 0 0
17328 8750 8141 8143 0 0 0
17329 8143 8752 8750 0 0 0
17330 8102 8099 8751 0 0 0
17331 8751 8753 8102 0 0 0
17332 8752 8754 8750 0 0 0
17333 8753 8751 8754 0 0 0
17334 8752 8755 8754 0 0 0
17335 8751 8750 8754 0 0 0
17336 8755 8756 8754 0 0 0
17337 8143 8145 8752 0 0 0
17338 8757 8752 8145 0 0 0
17339 8755 8752 8757 0 0 0
17340 8755 8757 8758 0 0 0
17341 8755 8758 8756 0 0 0
17342 8758 8759 8756 0 0 0
17343 8753 8104 8102 0 0 0
17344 8753 8760 8104 0 0 0
17345 8753 8754 8760 0 0 0
17346 8760 8754 8761 0 0 0
17347 8761 8754 8756 0 0 0
17348 8756 8762 8761 0 0 0
17349 8762 8756 8759 0 0 0
17350 8763 8762 8759 0 0 0
17351 8145 8147 8757 0 0 0
17352 8147 8764 8757 0 0 0
17353 8757 8764 8758 0 0 0
17354 8763 8759 8765 0 0 0
17355 8766 8758 8764 0 0 0
17356 8758 8766 8759 0 0 0
17357 8767 8759 8766 0 0 0
17358 8765 8759 8767 0 0 0
17359 8765 8767 8768 0 0 0
17360 8763 8029 8762 0 0 0
17361 8760 8031 8104 0 0 0
17362 8031 8760 8036 0 0 0
17363 8761 8036 8760 0 0 0
17364 8036 8761 8034 0 0 0
17365 8762 8029 8034 0 0 0
17366 8762 8034 8761 0 0 0
17367 8763 8030 8029 0 0 0
17368 8763 8765 8030 0 0 0
17369 8147 2368 8764 0 0 0
17370 8769 8764 2368 0 0 0
17371 8770 8766 8764 0 0 0
17372 8769 8770 8764 0 0 0
17373 8030 8765 8040 0 0 0
17374 8768 8040 8765 0 0 0
17375 8767 8766 8771 0 0 0
17376 8770 8771 8766 0 0 0
17377 8768 8767 8772 0 0 0
17378 8771 8772 8767 0 0 0
17379 8772 8773 8768 0 0 0
17380 8773 8043 8768 0 0 0
17381 8040 8768 8043 0 0 0
17382 8769 2368 2393 0 0 0
17383 8769 2393 8774 0 0 0
17384 8769 8774 8770 0 0 0
17385 8770 8774 8775 0 0 0
17386 8775 8771 8770 0 0 0
17387 8776 8775 8774 0 0 0
17388 8777 8772 8771 0 0 0
17389 8771 8775 8777 0 0 0
17390 8772 8777 8778 0 0 0
17391 8773 8772 8778 0 0 0
17392 8779 8773 8778 0 0 0
17393 8779 8778 8780 0 0 0
17394 8781 8043 8773 0 0 0
17395 8779 8781 8773 0 0 0
17396 2393 2413 8774 0 0 0
17397 8774 2413 8776 0 0 0
17398 8782 8776 2413 0 0 0
17399 8775 8776 8783 0 0 0
17400 8783 8777 8775 0 0 0
17401 8776 8782 8783 0 0 0
17402 8777 8783 8784 0 0 0
17403 8784 8778 8777 0 0 0
17404 8785 8778 8784 0 0 0
17405 8785 8780 8778 0 0 0
17406 8785 8786 8780 0 0 0
17407 8779 8787 8781 0 0 0
17408 8779 8780 8787 0 0 0
17409 8788 8789 8786 0 0 0
17410 8789 8780 8786 0 0 0
17411 8780 8789 8787 0 0 0
17412 8790 8783 8782 0 0 0
17413 8791 8784 8783 0 0 0
17414 8790 8791 8783 0 0 0
17415 8785 8784 8792 0 0 0
17416 8791 8792 8784 0 0 0
17417 8786 8785 8792 0 0 0
17418 8788 8786 8793 0 0 0
17419 8786 8792 8793 0 0 0
17420 8794 3381 8795 0 0 0
17421 3382 8796 3381 0 0 0
17422 8796 8795 3381 0 0 0
17423 8797 3382 3394 0 0 0
17424 8797 8796 3382 0 0 0
17425 8798 8794 8799 0 0 0
17426 8795 8799 8794 0 0 0
17427 8369 8800 8365 0 0 0
17428 8365 8801 3394 0 0 0
17429 8797 3394 8801 0 0 0
17430 8801 8365 8800 0 0 0
17431 8802 8799 8795 0 0 0
17432 8795 8796 8802 0 0 0
17433 8803 8802 8796 0 0 0
17434 8797 8803 8796 0 0 0
17435 8797 8801 8803 0 0 0
17436 8366 8406 8367 0 0 0
17437 8804 8368 8367 0 0 0
17438 8367 8406 8804 0 0 0
17439 8368 8805 8369 0 0 0
17440 8805 8800 8369 0 0 0
17441 8368 8804 8805 0 0 0
17442 8806 8804 8406 0 0 0
17443 8807 8800 8805 0 0 0
17444 8798 8799 8808 0 0 0
17445 8808 8799 8809 0 0 0
17446 8810 8809 8799 0 0 0
17447 8799 8802 8810 0 0 0
17448 8800 8811 8801 0 0 0
17449 8807 8811 8800 0 0 0
17450 8803 8801 8812 0 0 0
17451 8812 8801 8811 0 0 0
17452 8813 8803 8812 0 0 0
17453 8803 8813 8802 0 0 0
17454 8802 8813 8810 0 0 0
17455 8410 8806 8406 0 0 0
17456 8806 8410 8814 0 0 0
17457 8805 8804 8815 0 0 0
17458 8814 8815 8806 0 0 0
17459 8805 8815 8807 0 0 0
17460 8806 8815 8804 0 0 0
17461 8807 8816 8811 0 0 0
17462 8807 8815 8816 0 0 0
17463 8817 8818 8819 0 0 0
17464 8817 8820 8809 0 0 0
17465 8808 8809 8820 0 0 0
17466 8819 8820 8817 0 0 0
17467 8817 8809 8821 0 0 0
17468 8817 8821 8818 0 0 0
17469 8809 8810 8821 0 0 0
17470 8810 8813 8822 0 0 0
17471 8822 8821 8810 0 0 0
17472 8811 8823 8812 0 0 0
17473 8811 8816 8823 0 0 0
17474 8824 8813 8812 0 0 0
17475 8813 8824 8822 0 0 0
17476 8824 8812 8823 0 0 0
17477 8825 8818 8821 0 0 0
17478 8814 8410 8413 0 0 0
17479 8814 8413 8826 0 0 0
17480 8814 8826 8815 0 0 0
17481 8826 8827 8815 0 0 0
17482 8827 8816 8815 0 0 0
17483 8816 8827 8828 0 0 0
17484 8828 8823 8816 0 0 0
17485 8829 8819 8830 0 0 0
17486 8830 8819 8818 0 0 0
17487 8825 8831 8818 0 0 0
17488 8818 8831 8830 0 0 0
17489 8829 8832 8819 0 0 0
17490 8819 8832 8820 0 0 0
17491 8833 8821 8822 0 0 0
17492 8825 8821 8833 0 0 0
17493 8834 8823 8828 0 0 0
17494 8835 8822 8824 0 0 0
17495 8833 8822 8835 0 0 0
17496 8836 8835 8824 0 0 0
17497 8836 8824 8823 0 0 0
17498 8834 8836 8823 0 0 0
17499 8825 8837 8831 0 0 0
17500 8825 8833 8837 0 0 0
17501 8826 8413 8415 0 0 0
17502 8415 8432 8826 0 0 0
17503 8827 8826 8432 0 0 0
17504 8432 8435 8827 0 0 0
17505 8828 8827 8435 0 0 0
17506 8828 8435 8431 0 0 0
17507 8834 8828 8431 0 0 0
17508 8835 8438 8833 0 0 0
17509 8837 8833 8438 0 0 0
17510 8834 8431 8430 0 0 0
17511 8834 8430 8836 0 0 0
17512 8439 8438 8835 0 0 0
17513 8430 8439 8836 0 0 0
17514 8835 8836 8439 0 0 0
17515 8838 8839 8840 0 0 0
17516 8838 4846 8839 0 0 0
17517 8841 8840 8842 0 0 0
17518 8840 8841 8838 0 0 0
17519 8838 4844 4846 0 0 0
17520 4844 8838 8841 0 0 0
17521 8843 8842 8844 0 0 0
17522 8844 8845 8843 0 0 0
17523 8845 8844 8846 0 0 0
17524 8841 4851 4844 0 0 0
17525 4851 8842 8843 0 0 0
17526 8842 4851 8841 0 0 0
17527 8843 4858 4851 0 0 0
17528 4858 8843 8845 0 0 0
17529 8845 4860 4858 0 0 0
17530 8845 8846 4860 0 0 0
17531 8846 8847 4860 0 0 0
17532 4883 4860 8847 0 0 0
17533 8848 8847 8849 0 0 0
17534 4883 8847 8848 0 0 0
17535 8850 8849 8851 0 0 0
17536 8849 8850 8848 0 0 0
17537 8848 4900 4883 0 0 0
17538 4900 8848 8850 0 0 0
17539 8851 8852 4916 0 0 0
17540 8850 4916 4900 0 0 0
17541 8851 4916 8850 0 0 0
17542 8853 8852 8854 0 0 0
17543 8855 8854 8856 0 0 0
17544 8853 8854 8855 0 0 0
17545 4932 4916 8852 0 0 0
17546 4932 8852 8853 0 0 0
17547 8857 8855 8856 0 0 0
17548 8857 8856 8858 0 0 0
17549 8858 8856 8859 0 0 0
17550 8860 8858 8859 0 0 0
17551 8860 8859 8861 0 0 0
17552 8861 8859 8862 0 0 0
17553 8853 4948 4932 0 0 0
17554 8855 8857 4948 0 0 0
17555 8855 4948 8853 0 0 0
17556 8857 4964 4948 0 0 0
17557 8858 4964 8857 0 0 0
17558 8858 8860 4964 0 0 0
17559 8863 8861 8862 0 0 0
17560 8860 4966 4964 0 0 0
17561 8861 4966 8860 0 0 0
17562 8861 8863 4966 0 0 0
17563 8862 8864 8863 0 0 0
17564 8865 8866 8867 0 0 0
17565 8867 8868 8865 0 0 0
17566 8863 8864 4968 0 0 0
17567 8863 4968 4966 0 0 0
17568 8868 8867 8869 0 0 0
17569 5002 8868 8869 0 0 0
17570 4985 4968 8864 0 0 0
17571 8864 8870 4985 0 0 0
17572 8870 5006 4985 0 0 0
17573 8866 5006 8870 0 0 0
17574 8866 8865 5006 0 0 0
17575 8868 5002 5005 0 0 0
17576 8865 8868 5005 0 0 0
17577 8865 5005 5006 0 0 0
17578 3829 4444 8869 0 0 0
17579 5002 8869 4444 0 0 0
17580 4488 4227 8871 0 0 0
17581 8871 4227 8872 0 0 0
17582 8871 5125 4488 0 0 0
17583 5125 8871 8873 0 0 0
17584 8872 8873 8871 0 0 0
17585 8873 8872 8874 0 0 0
17586 8873 5141 5125 0 0 0
17587 8873 8874 5141 0 0 0
17588 8875 8874 8876 0 0 0
17589 5141 8874 8875 0 0 0
17590 8876 8877 8875 0 0 0
17591 8877 8876 8878 0 0 0
17592 8878 8879 8877 0 0 0
17593 8875 5161 5141 0 0 0
17594 5161 8875 8877 0 0 0
17595 8877 5180 5161 0 0 0
17596 8879 5180 8877 0 0 0
17597 8879 8880 5180 0 0 0
17598 8880 8879 8881 0 0 0
17599 8879 8878 8881 0 0 0
17600 8880 5184 5180 0 0 0
17601 8882 5184 8880 0 0 0
17602 8880 8881 8882 0 0 0
17603 8882 8881 8883 0 0 0
17604 8882 5203 5184 0 0 0
17605 8882 8883 5203 0 0 0
17606 5203 8883 8884 0 0 0
17607 8884 8883 8885 0 0 0
17608 8884 5220 5203 0 0 0
17609 8886 5220 8884 0 0 0
17610 8885 8886 8884 0 0 0
17611 8886 8885 8887 0 0 0
17612 8886 5238 5220 0 0 0
17613 8887 5238 8886 0 0 0
17614 8887 8888 5238 0 0 0
17615 8889 8888 8890 0 0 0
17616 8889 8890 8891 0 0 0
17617 8891 8890 8892 0 0 0
17618 8892 8893 8891 0 0 0
17619 8893 8892 8894 0 0 0
17620 5256 5238 8888 0 0 0
17621 5256 8888 8889 0 0 0
17622 5271 8889 8891 0 0 0
17623 8889 5271 5256 0 0 0
17624 8891 5274 5271 0 0 0
17625 5274 8891 8893 0 0 0
17626 8894 8895 8893 0 0 0
17627 8895 8894 8896 0 0 0
17628 8893 5276 5274 0 0 0
17629 5276 8893 8895 0 0 0
17630 8897 8896 8898 0 0 0
17631 8896 8897 8895 0 0 0
17632 8895 5290 5276 0 0 0
17633 8897 5290 8895 0 0 0
17634 8899 8898 8900 0 0 0
17635 8899 5309 8898 0 0 0
17636 8897 5309 5290 0 0 0
17637 8898 5309 8897 0 0 0
17638 8901 8900 8902 0 0 0
17639 8900 8901 8899 0 0 0
17640 8899 5325 5309 0 0 0
17641 5325 8899 8901 0 0 0
17642 8903 8902 8904 0 0 0
17643 8901 5340 5325 0 0 0
17644 8903 5340 8902 0 0 0
17645 8901 8902 5340 0 0 0
17646 8903 5355 5340 0 0 0
17647 8905 8904 8839 0 0 0
17648 8905 5355 8903 0 0 0
17649 8903 8904 8905 0 0 0
17650 8905 4846 5355 0 0 0
17651 8905 8839 4846 0 0 0
17652 8082 8906 8725 0 0 0
17653 8907 8906 8082 0 0 0
17654 8908 8726 8725 0 0 0
17655 8725 8906 8908 0 0 0
17656 8907 8909 8906 0 0 0
17657 8910 8906 8909 0 0 0
17658 8911 8908 8906 0 0 0
17659 8910 8911 8906 0 0 0
17660 8912 8729 8726 0 0 0
17661 8726 8908 8912 0 0 0
17662 8729 8913 8730 0 0 0
17663 8913 8729 8912 0 0 0
17664 8914 8908 8911 0 0 0
17665 8908 8914 8912 0 0 0
17666 8910 8909 8915 0 0 0
17667 8916 8910 8915 0 0 0
17668 8916 8911 8910 0 0 0
17669 8917 8914 8911 0 0 0
17670 8918 8917 8911 0 0 0
17671 8916 8918 8911 0 0 0
17672 8913 8912 8919 0 0 0
17673 8919 8912 8914 0 0 0
17674 8170 8730 8173 0 0 0
17675 8913 8919 8920 0 0 0
17676 8173 8730 8920 0 0 0
17677 8913 8920 8730 0 0 0
17678 8914 8917 8921 0 0 0
17679 8921 8919 8914 0 0 0
17680 8915 8922 8916 0 0 0
17681 8916 8922 8918 0 0 0
17682 8923 8921 8917 0 0 0
17683 8918 8922 8924 0 0 0
17684 8917 8924 8923 0 0 0
17685 8918 8924 8917 0 0 0
17686 8919 8921 8925 0 0 0
17687 8925 8920 8919 0 0 0
17688 8173 8920 8176 0 0 0
17689 8920 8925 8176 0 0 0
17690 8926 8925 8921 0 0 0
17691 8921 8923 8926 0 0 0
17692 8927 8925 8926 0 0 0
17693 8928 8924 8922 0 0 0
17694 8929 8926 8923 0 0 0
17695 8930 8923 8924 0 0 0
17696 8929 8923 8930 0 0 0
17697 8931 8930 8924 0 0 0
17698 8931 8924 8928 0 0 0
17699 8927 8178 8925 0 0 0
17700 8176 8925 8178 0 0 0
17701 8932 8927 8926 0 0 0
17702 8926 8929 8932 0 0 0
17703 8927 8932 8933 0 0 0
17704 8933 8178 8927 0 0 0
17705 8934 8932 8929 0 0 0
17706 8931 8928 8935 0 0 0
17707 8936 8929 8930 0 0 0
17708 8929 8936 8934 0 0 0
17709 8935 8937 8931 0 0 0
17710 8931 8937 8930 0 0 0
17711 8936 8930 8937 0 0 0
17712 8938 8934 8936 0 0 0
17713 8180 8178 8933 0 0 0
17714 8933 8939 8180 0 0 0
17715 8933 8932 8939 0 0 0
17716 8932 8934 8939 0 0 0
17717 8940 8939 8934 0 0 0
17718 8938 8940 8934 0 0 0
17719 8937 8935 8941 0 0 0
17720 8941 8942 8937 0 0 0
17721 8936 8937 8942 0 0 0
17722 8938 8936 8942 0 0 0
17723 8938 8942 8943 0 0 0
17724 8938 8943 8940 0 0 0
17725 8180 8939 8182 0 0 0
17726 8943 8944 8940 0 0 0
17727 8182 8939 8945 0 0 0
17728 8940 8945 8939 0 0 0
17729 8940 8944 8945 0 0 0
17730 8941 8946 8942 0 0 0
17731 8947 8942 8946 0 0 0
17732 8943 8942 8947 0 0 0
17733 8943 8947 8944 0 0 0
17734 8948 8944 8947 0 0 0
17735 8184 8182 8945 0 0 0
17736 8945 8949 8184 0 0 0
17737 8944 8949 8945 0 0 0
17738 8948 8949 8944 0 0 0
17739 8946 8950 8947 0 0 0
17740 8951 8947 8950 0 0 0
17741 8948 8947 8951 0 0 0
17742 8948 8952 8949 0 0 0
17743 8948 8951 8952 0 0 0
17744 8187 8184 8949 0 0 0
17745 8187 8949 8953 0 0 0
17746 8952 8953 8949 0 0 0
17747 8951 8950 8954 0 0 0
17748 8954 8955 8951 0 0 0
17749 8952 8951 8955 0 0 0
17750 8956 8953 8952 0 0 0
17751 8956 8952 8955 0 0 0
17752 8953 8189 8187 0 0 0
17753 8953 8957 8189 0 0 0
17754 8956 8957 8953 0 0 0
17755 8955 8954 8958 0 0 0
17756 8955 8958 8959 0 0 0
17757 8956 8955 8959 0 0 0
17758 8956 8959 8957 0 0 0
17759 8957 8959 8960 0 0 0
17760 8189 8957 8191 0 0 0
17761 8960 8191 8957 0 0 0
17762 8958 8961 8959 0 0 0
17763 8962 8959 8961 0 0 0
17764 8962 8960 8959 0 0 0
17765 8960 8962 8963 0 0 0
17766 8191 8960 8193 0 0 0
17767 8963 8193 8960 0 0 0
17768 8962 8961 8964 0 0 0
17769 8965 8962 8964 0 0 0
17770 8965 8963 8962 0 0 0
17771 8965 8966 8963 0 0 0
17772 8967 8963 8966 0 0 0
17773 8193 8963 8195 0 0 0
17774 8967 8195 8963 0 0 0
17775 8965 8964 8968 0 0 0
17776 8966 8965 8968 0 0 0
17777 8966 8968 8969 0 0 0
17778 8967 8966 8970 0 0 0
17779 8967 8970 8195 0 0 0
17780 8969 8970 8966 0 0 0
17781 8297 8195 8970 0 0 0
17782 8969 8968 8971 0 0 0
17783 8969 8971 8972 0 0 0
17784 8969 8972 8970 0 0 0
17785 8299 8297 8973 0 0 0
17786 8970 8973 8297 0 0 0
17787 8973 8970 8972 0 0 0
17788 8973 8974 8299 0 0 0
17789 8305 8299 8974 0 0 0
17790 8972 8971 8975 0 0 0
17791 8972 8975 8976 0 0 0
17792 8972 8976 8973 0 0 0
17793 8974 8973 8976 0 0 0
17794 8977 8974 8976 0 0 0
17795 8978 8310 8305 0 0 0
17796 8978 8305 8974 0 0 0
17797 8977 8978 8974 0 0 0
17798 8979 8976 8975 0 0 0
17799 8980 8976 8979 0 0 0
17800 8977 8976 8980 0 0 0
17801 8977 8981 8978 0 0 0
17802 8977 8980 8981 0 0 0
17803 8310 8982 8316 0 0 0
17804 8310 8978 8982 0 0 0
17805 8981 8982 8978 0 0 0
17806 8980 8979 8983 0 0 0
17807 8313 8320 8744 0 0 0
17808 8316 8984 8321 0 0 0
17809 8984 8316 8982 0 0 0
17810 8983 8985 8980 0 0 0
17811 8981 8980 8985 0 0 0
17812 8986 8982 8981 0 0 0
17813 8986 8981 8985 0 0 0
17814 8987 8984 8982 0 0 0
17815 8986 8987 8982 0 0 0
17816 8985 8983 8988 0 0 0
17817 8320 8324 8989 0 0 0
17818 8320 8989 8744 0 0 0
17819 8747 8744 8990 0 0 0
17820 8990 8744 8989 0 0 0
17821 8322 8991 8323 0 0 0
17822 8322 8321 8992 0 0 0
17823 8321 8984 8992 0 0 0
17824 8991 8322 8992 0 0 0
17825 8993 8992 8984 0 0 0
17826 8993 8984 8987 0 0 0
17827 8985 8988 8994 0 0 0
17828 8986 8985 8994 0 0 0
17829 8986 8994 8987 0 0 0
17830 8995 8987 8994 0 0 0
17831 8995 8993 8987 0 0 0
17832 8996 8994 8988 0 0 0
17833 8997 8749 8747 0 0 0
17834 8990 8997 8747 0 0 0
17835 8991 8998 8323 0 0 0
17836 8998 8999 8323 0 0 0
17837 8324 8323 8999 0 0 0
17838 8989 8324 8999 0 0 0
17839 8999 9000 8989 0 0 0
17840 8990 9000 8997 0 0 0
17841 8990 8989 9000 0 0 0
17842 9001 8993 8995 0 0 0
17843 8998 8991 9002 0 0 0
17844 8991 8992 9002 0 0 0
17845 8993 9003 8992 0 0 0
17846 9002 8992 9003 0 0 0
17847 9001 9003 8993 0 0 0
17848 8474 8748 9004 0 0 0
17849 9005 8474 9004 0 0 0
17850 9005 9004 9006 0 0 0
17851 9007 8748 8749 0 0 0
17852 8749 8997 9007 0 0 0
17853 8748 9007 9004 0 0 0
17854 9008 9006 9004 0 0 0
17855 8994 8996 9009 0 0 0
17856 8995 8994 9009 0 0 0
17857 9001 8995 9009 0 0 0
17858 9010 9009 8996 0 0 0
17859 9008 9011 9006 0 0 0
17860 9000 9012 8997 0 0 0
17861 9007 8997 9012 0 0 0
17862 9002 9013 8998 0 0 0
17863 8998 9013 8999 0 0 0
17864 9000 8999 9014 0 0 0
17865 9014 9012 9000 0 0 0
17866 9013 9014 8999 0 0 0
17867 9001 9015 9003 0 0 0
17868 9001 9009 9015 0 0 0
17869 9013 9002 9016 0 0 0
17870 9003 9016 9002 0 0 0
17871 9016 9003 9015 0 0 0
17872 9012 9017 9007 0 0 0
17873 9017 9004 9007 0 0 0
17874 9008 9004 9017 0 0 0
17875 9018 9011 9008 0 0 0
17876 9018 9008 9017 0 0 0
17877 9019 9010 9020 0 0 0
17878 9010 9019 9009 0 0 0
17879 9015 9009 9019 0 0 0
17880 9011 9018 9021 0 0 0
17881 9012 9014 9022 0 0 0
17882 9022 9017 9012 0 0 0
17883 9016 9023 9013 0 0 0
17884 9023 9022 9014 0 0 0
17885 9014 9013 9023 0 0 0
17886 9016 9024 9023 0 0 0
17887 9015 9024 9016 0 0 0
17888 9015 9019 9024 0 0 0
17889 9025 9017 9022 0 0 0
17890 9018 9017 9025 0 0 0
17891 9018 9025 9021 0 0 0
17892 9026 9020 9027 0 0 0
17893 9020 9026 9019 0 0 0
17894 9026 9024 9019 0 0 0
17895 9024 9028 9023 0 0 0
17896 9025 9028 9021 0 0 0
17897 9026 9028 9024 0 0 0
17898 9026 9027 9028 0 0 0
17899 9027 9021 9028 0 0 0
17900 9022 9023 9028 0 0 0
17901 9025 9022 9028 0 0 0
17902 8511 9029 8509 0 0 0
17903 9030 8509 9029 0 0 0
17904 9029 8511 9031 0 0 0
17905 8521 9031 8511 0 0 0
17906 9029 9032 9030 0 0 0
17907 9033 9030 9032 0 0 0
17908 9032 9029 9034 0 0 0
17909 9031 9034 9029 0 0 0
17910 9031 8521 9035 0 0 0
17911 9031 9035 9034 0 0 0
17912 8529 9035 8521 0 0 0
17913 9036 9033 9037 0 0 0
17914 9032 9037 9033 0 0 0
17915 9038 9037 9032 0 0 0
17916 9034 9038 9032 0 0 0
17917 9039 9038 9034 0 0 0
17918 9040 9034 9035 0 0 0
17919 9039 9034 9040 0 0 0
17920 9041 9042 9036 0 0 0
17921 9036 9037 9041 0 0 0
17922 9042 9041 9043 0 0 0
17923 9043 9044 9042 0 0 0
17924 9045 9041 9037 0 0 0
17925 9046 9044 9047 0 0 0
17926 9046 9047 8839 0 0 0
17927 9040 9035 9048 0 0 0
17928 9035 8529 9049 0 0 0
17929 9049 9048 9035 0 0 0
17930 8537 9049 8529 0 0 0
17931 9050 9037 9038 0 0 0
17932 9045 9037 9050 0 0 0
17933 9050 9038 9051 0 0 0
17934 9039 9051 9038 0 0 0
17935 9039 9052 9051 0 0 0
17936 9039 9040 9052 0 0 0
17937 9040 9048 9052 0 0 0
17938 9053 9044 9043 0 0 0
17939 9053 9047 9044 0 0 0
17940 9043 9041 9054 0 0 0
17941 9043 9054 9053 0 0 0
17942 9045 9054 9041 0 0 0
17943 9045 9050 9055 0 0 0
17944 9055 9054 9045 0 0 0
17945 9056 9052 9048 0 0 0
17946 9047 9053 9057 0 0 0
17947 8840 8839 9047 0 0 0
17948 9047 9057 8840 0 0 0
17949 9056 9048 9058 0 0 0
17950 9059 9058 9048 0 0 0
17951 9049 9059 9048 0 0 0
17952 9060 9049 8537 0 0 0
17953 9060 9059 9049 0 0 0
17954 9060 8537 8546 0 0 0
17955 9051 9061 9050 0 0 0
17956 9055 9050 9061 0 0 0
17957 9052 9062 9051 0 0 0
17958 9052 9056 9062 0 0 0
17959 9051 9062 9061 0 0 0
17960 9053 9054 9063 0 0 0
17961 9063 9057 9053 0 0 0
17962 9063 9054 9064 0 0 0
17963 9055 9064 9054 0 0 0
17964 9055 9061 9064 0 0 0
17965 9065 9057 9063 0 0 0
17966 9056 9066 9062 0 0 0
17967 9056 9058 9066 0 0 0
17968 8842 8840 9057 0 0 0
17969 8844 8842 9065 0 0 0
17970 9057 9065 8842 0 0 0
17971 9058 9059 9067 0 0 0
17972 9068 9058 9067 0 0 0
17973 9066 9058 9068 0 0 0
17974 9067 9059 9069 0 0 0
17975 9060 9069 9059 0 0 0
17976 8546 9069 9060 0 0 0
17977 8546 8556 9069 0 0 0
17978 9061 9062 9070 0 0 0
17979 9070 9064 9061 0 0 0
17980 9071 9070 9062 0 0 0
17981 9072 9062 9066 0 0 0
17982 9071 9062 9072 0 0 0
17983 9064 9070 9073 0 0 0
17984 9064 9073 9063 0 0 0
17985 9065 9063 9073 0 0 0
17986 9074 9065 9073 0 0 0
17987 9065 9074 8844 0 0 0
17988 9066 9068 9075 0 0 0
17989 9072 9066 9075 0 0 0
17990 9074 8846 8844 0 0 0
17991 9068 9067 9076 0 0 0
17992 9067 9069 9077 0 0 0
17993 9076 9067 9077 0 0 0
17994 9068 9078 9075 0 0 0
17995 9078 9068 9076 0 0 0
17996 9079 9075 9078 0 0 0
17997 9080 9078 9076 0 0 0
17998 8556 9081 9069 0 0 0
17999 9077 9069 9081 0 0 0
18000 8564 9081 8556 0 0 0
18001 9070 9082 9073 0 0 0
18002 9071 9082 9070 0 0 0
18003 9071 9083 9082 0 0 0
18004 9072 9075 9083 0 0 0
18005 9072 9083 9071 0 0 0
18006 9074 9073 9084 0 0 0
18007 9084 9073 9082 0 0 0
18008 9074 9084 8846 0 0 0
18009 9079 9085 9075 0 0 0
18010 9085 9083 9075 0 0 0
18011 8847 8846 9084 0 0 0
18012 9079 9086 9085 0 0 0
18013 9087 9076 9077 0 0 0
18014 9080 9076 9087 0 0 0
18015 9081 9088 9077 0 0 0
18016 9087 9077 9088 0 0 0
18017 9079 9078 9089 0 0 0
18018 9080 9089 9078 0 0 0
18019 9079 9089 9086 0 0 0
18020 9080 9090 9089 0 0 0
18021 9080 9087 9090 0 0 0
18022 8564 9091 9081 0 0 0
18023 9091 9088 9081 0 0 0
18024 9091 8564 8575 0 0 0
18025 9092 9088 9091 0 0 0
18026 9093 9086 9089 0 0 0
18027 9083 9094 9082 0 0 0
18028 9083 9085 9094 0 0 0
18029 9082 9094 9084 0 0 0
18030 9095 8847 9084 0 0 0
18031 9095 9084 9094 0 0 0
18032 9096 9085 9086 0 0 0
18033 9085 9096 9094 0 0 0
18034 8849 8847 9095 0 0 0
18035 9086 9097 9096 0 0 0
18036 9097 9086 9093 0 0 0
18037 9098 9090 9087 0 0 0
18038 9098 9087 9088 0 0 0
18039 9092 9099 9088 0 0 0
18040 9099 9098 9088 0 0 0
18041 9090 9100 9089 0 0 0
18042 9093 9089 9100 0 0 0
18043 9100 9090 9101 0 0 0
18044 9090 9098 9101 0 0 0
18045 8575 9102 9091 0 0 0
18046 9092 9091 9102 0 0 0
18047 9102 8575 8582 0 0 0
18048 9092 9102 9103 0 0 0
18049 9092 9103 9099 0 0 0
18050 9104 9097 9093 0 0 0
18051 9105 9097 9104 0 0 0
18052 9100 9106 9093 0 0 0
18053 9104 9093 9106 0 0 0
18054 9095 9107 8849 0 0 0
18055 9095 9094 9107 0 0 0
18056 9107 9094 9096 0 0 0
18057 9108 9096 9097 0 0 0
18058 9108 9107 9096 0 0 0
18059 8851 8849 9107 0 0 0
18060 9108 9097 9109 0 0 0
18061 9105 9109 9097 0 0 0
18062 9099 9103 9110 0 0 0
18063 9110 9101 9098 0 0 0
18064 9099 9110 9098 0 0 0
18065 9101 9111 9100 0 0 0
18066 9100 9111 9106 0 0 0
18067 9112 9111 9101 0 0 0
18068 9112 9101 9110 0 0 0
18069 9113 9106 9111 0 0 0
18070 9103 9102 9114 0 0 0
18071 8582 9114 9102 0 0 0
18072 8588 9114 8582 0 0 0
18073 9103 9114 9115 0 0 0
18074 9103 9115 9110 0 0 0
18075 9104 9106 9116 0 0 0
18076 9104 9116 9105 0 0 0
18077 9117 9109 9105 0 0 0
18078 9105 9116 9117 0 0 0
18079 9113 9118 9106 0 0 0
18080 9118 9116 9106 0 0 0
18081 9113 9119 9118 0 0 0
18082 8854 8852 9109 0 0 0
18083 9108 9109 8852 0 0 0
18084 8851 9107 8852 0 0 0
18085 9108 8852 9107 0 0 0
18086 8854 9109 8856 0 0 0
18087 8856 9109 9117 0 0 0
18088 9120 9110 9115 0 0 0
18089 9112 9110 9120 0 0 0
18090 9112 9120 9121 0 0 0
18091 9112 9121 9111 0 0 0
18092 9113 9111 9121 0 0 0
18093 9119 9113 9121 0 0 0
18094 9119 9121 9122 0 0 0
18095 8595 9123 8588 0 0 0
18096 8588 9123 9114 0 0 0
18097 9124 9115 9114 0 0 0
18098 9124 9114 9123 0 0 0
18099 9115 9125 9120 0 0 0
18100 9124 9125 9115 0 0 0
18101 9126 9116 9118 0 0 0
18102 8856 9117 8859 0 0 0
18103 9126 9127 9116 0 0 0
18104 9127 9117 9116 0 0 0
18105 8859 9117 9127 0 0 0
18106 9119 9122 9128 0 0 0
18107 9119 9128 9118 0 0 0
18108 9126 9118 9128 0 0 0
18109 9122 9129 9128 0 0 0
18110 9129 9130 9128 0 0 0
18111 9131 9121 9120 0 0 0
18112 9131 9120 9125 0 0 0
18113 9132 9121 9131 0 0 0
18114 9132 9122 9121 0 0 0
18115 9133 9131 9125 0 0 0
18116 9132 9134 9122 0 0 0
18117 9129 9122 9134 0 0 0
18118 8603 9135 8595 0 0 0
18119 9123 8595 9135 0 0 0
18120 9124 9136 9125 0 0 0
18121 9135 9136 9123 0 0 0
18122 9124 9123 9136 0 0 0
18123 9137 9125 9136 0 0 0
18124 9133 9125 9137 0 0 0
18125 9126 9128 9138 0 0 0
18126 9126 9138 9127 0 0 0
18127 9127 9138 8862 0 0 0
18128 8859 9127 8862 0 0 0
18129 9139 9128 9130 0 0 0
18130 9139 9138 9128 0 0 0
18131 9140 9139 9130 0 0 0
18132 9129 9141 9130 0 0 0
18133 9129 9134 9141 0 0 0
18134 9140 9130 9142 0 0 0
18135 9143 9142 9130 0 0 0
18136 9143 9130 9141 0 0 0
18137 9132 9131 9144 0 0 0
18138 9133 9144 9131 0 0 0
18139 9132 9144 9134 0 0 0
18140 9133 9145 9144 0 0 0
18141 9137 9145 9133 0 0 0
18142 9134 9144 9146 0 0 0
18143 9134 9146 9141 0 0 0
18144 9147 8603 8611 0 0 0
18145 8603 9147 9135 0 0 0
18146 9147 9148 9135 0 0 0
18147 9135 9148 9136 0 0 0
18148 9137 9149 9145 0 0 0
18149 9137 9136 9149 0 0 0
18150 9149 9136 9148 0 0 0
18151 8862 9138 8864 0 0 0
18152 9138 9139 8864 0 0 0
18153 9140 8870 9139 0 0 0
18154 8870 8864 9139 0 0 0
18155 9140 8866 8870 0 0 0
18156 8866 9142 8867 0 0 0
18157 9140 9142 8866 0 0 0
18158 9141 9146 9150 0 0 0
18159 9143 9141 9150 0 0 0
18160 9151 8867 9142 0 0 0
18161 9143 9151 9142 0 0 0
18162 9143 9150 9151 0 0 0
18163 9152 9147 8611 0 0 0
18164 9152 8611 3825 0 0 0
18165 9153 9145 9149 0 0 0
18166 9145 9154 9144 0 0 0
18167 9153 9154 9145 0 0 0
18168 9146 9144 9154 0 0 0
18169 9155 9146 9154 0 0 0
18170 9155 9150 9146 0 0 0
18171 9152 9156 9147 0 0 0
18172 9147 9156 9148 0 0 0
18173 9157 9148 9156 0 0 0
18174 9148 9157 9149 0 0 0
18175 9158 9149 9157 0 0 0
18176 9153 9149 9158 0 0 0
18177 9159 9150 9155 0 0 0
18178 9160 9150 9159 0 0 0
18179 8867 9151 8869 0 0 0
18180 9160 9161 9150 0 0 0
18181 9161 9151 9150 0 0 0
18182 9162 8869 9151 0 0 0
18183 9161 9162 9151 0 0 0
18184 9162 3829 8869 0 0 0
18185 9152 3825 3827 0 0 0
18186 9152 3827 9156 0 0 0
18187 9153 9163 9154 0 0 0
18188 9153 9158 9163 0 0 0
18189 9164 9154 9163 0 0 0
18190 9164 9155 9154 0 0 0
18191 9164 9165 9155 0 0 0
18192 9165 9159 9155 0 0 0
18193 3835 9156 3827 0 0 0
18194 9156 3835 9157 0 0 0
18195 3839 9157 3835 0 0 0
18196 9157 3839 9158 0 0 0
18197 3839 3841 9158 0 0 0
18198 9163 9158 3841 0 0 0
18199 9165 3844 9159 0 0 0
18200 9159 3844 3846 0 0 0
18201 3846 9160 9159 0 0 0
18202 9160 3846 3832 0 0 0
18203 9160 3832 9161 0 0 0
18204 9162 3830 3829 0 0 0
18205 3832 3830 9161 0 0 0
18206 9162 9161 3830 0 0 0
18207 3843 9163 3841 0 0 0
18208 9164 9163 3843 0 0 0
18209 3844 9165 3843 0 0 0
18210 9165 9164 3843 0 0 0
18211 9166 4137 4138 0 0 0
18212 4135 9167 4159 0 0 0
18213 4135 4136 9168 0 0 0
18214 9168 9167 4135 0 0 0
18215 4136 4137 9169 0 0 0
18216 9169 9168 4136 0 0 0
18217 9166 9169 4137 0 0 0
18218 9166 4138 8615 0 0 0
18219 4161 4158 9170 0 0 0
18220 4158 4159 9171 0 0 0
18221 9171 9170 4158 0 0 0
18222 9171 4159 9167 0 0 0
18223 9172 9171 9167 0 0 0
18224 4160 9173 4193 0 0 0
18225 4161 9174 4160 0 0 0
18226 9173 4160 9174 0 0 0
18227 9174 4161 9170 0 0 0
18228 9175 9174 9170 0 0 0
18229 9166 8615 9176 0 0 0
18230 9166 9176 9169 0 0 0
18231 9167 9168 9177 0 0 0
18232 9172 9167 9177 0 0 0
18233 9168 9169 9178 0 0 0
18234 9178 9177 9168 0 0 0
18235 9176 9178 9169 0 0 0
18236 9176 8615 8619 0 0 0
18237 9179 4195 4193 0 0 0
18238 9179 4193 9173 0 0 0
18239 9180 4227 4195 0 0 0
18240 9180 4195 9179 0 0 0
18241 9170 9171 9181 0 0 0
18242 9172 9181 9171 0 0 0
18243 9175 9170 9181 0 0 0
18244 9172 9182 9181 0 0 0
18245 9172 9177 9182 0 0 0
18246 9183 9182 9177 0 0 0
18247 9184 9179 9173 0 0 0
18248 9173 9174 9185 0 0 0
18249 9184 9173 9185 0 0 0
18250 9175 9185 9174 0 0 0
18251 9175 9181 9186 0 0 0
18252 9175 9186 9185 0 0 0
18253 8619 9187 9176 0 0 0
18254 9176 9187 9178 0 0 0
18255 9187 9188 9178 0 0 0
18256 9183 9177 9188 0 0 0
18257 9177 9178 9188 0 0 0
18258 8619 8624 9187 0 0 0
18259 9180 9179 9189 0 0 0
18260 9184 9189 9179 0 0 0
18261 9180 8872 4227 0 0 0
18262 9180 9189 8872 0 0 0
18263 9183 9190 9182 0 0 0
18264 9183 9188 9191 0 0 0
18265 9190 9183 9191 0 0 0
18266 9182 9192 9181 0 0 0
18267 9190 9192 9182 0 0 0
18268 9186 9181 9192 0 0 0
18269 9193 9189 9194 0 0 0
18270 9184 9194 9189 0 0 0
18271 9184 9185 9194 0 0 0
18272 9186 9195 9185 0 0 0
18273 9194 9185 9195 0 0 0
18274 9196 9186 9192 0 0 0
18275 9196 9195 9186 0 0 0
18276 9197 9187 8624 0 0 0
18277 9187 9197 9188 0 0 0
18278 9198 9191 9188 0 0 0
18279 9198 9188 9197 0 0 0
18280 8624 8631 9197 0 0 0
18281 9198 9199 9191 0 0 0
18282 8874 8872 9189 0 0 0
18283 9189 9193 8874 0 0 0
18284 8876 8874 9193 0 0 0
18285 9190 9191 9200 0 0 0
18286 9190 9200 9192 0 0 0
18287 9199 9201 9191 0 0 0
18288 9200 9191 9201 0 0 0
18289 9202 9192 9200 0 0 0
18290 9202 9196 9192 0 0 0
18291 9203 8876 9193 0 0 0
18292 9203 9193 9204 0 0 0
18293 9193 9194 9204 0 0 0
18294 9195 9204 9194 0 0 0
18295 9205 9204 9195 0 0 0
18296 9205 9195 9196 0 0 0
18297 9202 9206 9196 0 0 0
18298 9205 9196 9206 0 0 0
18299 9198 9207 9199 0 0 0
18300 9198 9197 9207 0 0 0
18301 8631 9207 9197 0 0 0
18302 8631 8637 9207 0 0 0
18303 9208 9199 9207 0 0 0
18304 9201 9199 9209 0 0 0
18305 9208 9209 9199 0 0 0
18306 9203 8878 8876 0 0 0
18307 9210 9201 9209 0 0 0
18308 9200 9201 9211 0 0 0
18309 9202 9200 9211 0 0 0
18310 9210 9211 9201 0 0 0
18311 9202 9211 9206 0 0 0
18312 9203 9204 9212 0 0 0
18313 9203 9212 8878 0 0 0
18314 9204 9213 9212 0 0 0
18315 9205 9213 9204 0 0 0
18316 9205 9206 9213 0 0 0
18317 9214 9206 9211 0 0 0
18318 9214 9213 9206 0 0 0
18319 9208 9207 9215 0 0 0
18320 8637 9215 9207 0 0 0
18321 9215 8637 8643 0 0 0
18322 9216 9209 9208 0 0 0
18323 9217 9208 9215 0 0 0
18324 9217 9216 9208 0 0 0
18325 9216 9218 9209 0 0 0
18326 9210 9209 9219 0 0 0
18327 9219 9209 9218 0 0 0
18328 8881 8878 9212 0 0 0
18329 8881 9212 9220 0 0 0
18330 9210 9221 9211 0 0 0
18331 9210 9219 9221 0 0 0
18332 9214 9211 9222 0 0 0
18333 9222 9211 9221 0 0 0
18334 9223 9212 9213 0 0 0
18335 9220 9212 9223 0 0 0
18336 9222 9224 9214 0 0 0
18337 9223 9213 9224 0 0 0
18338 9214 9224 9213 0 0 0
18339 8643 9225 9215 0 0 0
18340 9217 9215 9225 0 0 0
18341 9225 8643 8649 0 0 0
18342 9217 9225 9226 0 0 0
18343 9216 9217 9226 0 0 0
18344 9216 9226 9218 0 0 0
18345 9218 9226 9227 0 0 0
18346 9228 9219 9218 0 0 0
18347 9228 9218 9227 0 0 0
18348 9219 9229 9221 0 0 0
18349 9229 9219 9228 0 0 0
18350 9220 8883 8881 0 0 0
18351 9220 9223 9230 0 0 0
18352 9220 9230 8883 0 0 0
18353 9229 9231 9221 0 0 0
18354 9222 9221 9231 0 0 0
18355 9222 9231 9224 0 0 0
18356 9230 9223 9232 0 0 0
18357 9224 9232 9223 0 0 0
18358 9224 9231 9232 0 0 0
18359 8649 9233 9225 0 0 0
18360 9225 9233 9226 0 0 0
18361 8649 8658 9233 0 0 0
18362 9233 9234 9226 0 0 0
18363 9227 9226 9234 0 0 0
18364 9235 9228 9227 0 0 0
18365 9236 9227 9234 0 0 0
18366 9235 9227 9236 0 0 0
18367 9229 9237 9231 0 0 0
18368 9228 9238 9229 0 0 0
18369 9235 9238 9228 0 0 0
18370 9237 9229 9238 0 0 0
18371 9230 8885 8883 0 0 0
18372 9230 9239 8885 0 0 0
18373 9230 9232 9239 0 0 0
18374 9237 9240 9231 0 0 0
18375 9239 9232 9240 0 0 0
18376 9232 9231 9240 0 0 0
18377 8658 9241 9233 0 0 0
18378 9234 9233 9241 0 0 0
18379 8668 9241 8658 0 0 0
18380 9242 9234 9241 0 0 0
18381 9236 9234 9242 0 0 0
18382 9235 9236 9243 0 0 0
18383 9235 9243 9238 0 0 0
18384 9244 9236 9242 0 0 0
18385 9243 9236 9244 0 0 0
18386 9240 9237 9245 0 0 0
18387 9237 9238 9246 0 0 0
18388 9246 9245 9237 0 0 0
18389 9247 9238 9243 0 0 0
18390 9247 9246 9238 0 0 0
18391 8887 8885 9239 0 0 0
18392 9239 9248 8887 0 0 0
18393 9248 9240 9245 0 0 0
18394 9239 9240 9248 0 0 0
18395 9249 9248 9245 0 0 0
18396 8668 9250 9241 0 0 0
18397 9250 8668 8678 0 0 0
18398 9242 9241 9251 0 0 0
18399 9250 9251 9241 0 0 0
18400 9242 9252 9244 0 0 0
18401 9252 9242 9251 0 0 0
18402 9243 9244 9253 0 0 0
18403 9247 9243 9253 0 0 0
18404 9254 9253 9244 0 0 0
18405 9254 9244 9252 0 0 0
18406 9255 9254 9252 0 0 0
18407 9256 9253 9254 0 0 0
18408 9245 9257 9249 0 0 0
18409 9245 9246 9257 0 0 0
18410 9247 9253 9258 0 0 0
18411 9257 9246 9258 0 0 0
18412 9247 9258 9246 0 0 0
18413 9257 9259 9249 0 0 0
18414 9249 9259 8890 0 0 0
18415 8892 8890 9259 0 0 0
18416 9248 9249 8888 0 0 0
18417 8890 8888 9249 0 0 0
18418 8888 8887 9248 0 0 0
18419 9250 8678 9260 0 0 0
18420 9250 9260 9251 0 0 0
18421 8678 8688 9260 0 0 0
18422 9251 9261 9252 0 0 0
18423 9255 9252 9261 0 0 0
18424 9260 9261 9251 0 0 0
18425 9255 9261 9262 0 0 0
18426 9258 9253 9263 0 0 0
18427 9256 9263 9253 0 0 0
18428 9256 9254 9264 0 0 0
18429 9255 9262 9264 0 0 0
18430 9255 9264 9254 0 0 0
18431 9265 9256 9264 0 0 0
18432 9256 9265 9263 0 0 0
18433 9263 9266 9258 0 0 0
18434 9259 9257 9266 0 0 0
18435 9258 9266 9257 0 0 0
18436 9267 9259 9266 0 0 0
18437 8892 9259 8894 0 0 0
18438 9267 8894 9259 0 0 0
18439 8688 8689 9268 0 0 0
18440 9268 9260 8688 0 0 0
18441 9260 9268 9261 0 0 0
18442 9269 9262 9261 0 0 0
18443 9269 9261 9268 0 0 0
18444 9270 9268 8689 0 0 0
18445 9270 8689 8698 0 0 0
18446 9271 9262 9269 0 0 0
18447 9262 9272 9264 0 0 0
18448 9271 9272 9262 0 0 0
18449 9273 9264 9272 0 0 0
18450 9274 9266 9263 0 0 0
18451 9265 9274 9263 0 0 0
18452 9265 9275 9274 0 0 0
18453 9273 9275 9264 0 0 0
18454 9265 9264 9275 0 0 0
18455 9274 9276 9266 0 0 0
18456 9267 9266 9276 0 0 0
18457 8894 9267 8896 0 0 0
18458 9267 9276 8896 0 0 0
18459 9270 9277 9268 0 0 0
18460 9269 9268 9277 0 0 0
18461 9269 9277 9271 0 0 0
18462 9278 9270 8698 0 0 0
18463 9270 9278 9277 0 0 0
18464 8698 8509 9278 0 0 0
18465 9273 9272 9279 0 0 0
18466 9273 9280 9275 0 0 0
18467 9273 9279 9280 0 0 0
18468 9271 9277 9281 0 0 0
18469 9271 9281 9272 0 0 0
18470 9282 9272 9281 0 0 0
18471 9282 9279 9272 0 0 0
18472 9276 9274 9283 0 0 0
18473 9275 9283 9274 0 0 0
18474 9280 9283 9275 0 0 0
18475 9284 9276 9283 0 0 0
18476 9284 8898 9276 0 0 0
18477 8896 9276 8898 0 0 0
18478 9285 9277 9278 0 0 0
18479 9277 9285 9281 0 0 0
18480 9030 9278 8509 0 0 0
18481 9278 9030 9285 0 0 0
18482 9282 9286 9279 0 0 0
18483 9287 9280 9279 0 0 0
18484 9279 9286 9287 0 0 0
18485 9280 9288 9283 0 0 0
18486 9287 9288 9280 0 0 0
18487 9281 9285 9289 0 0 0
18488 9282 9281 9289 0 0 0
18489 9282 9289 9286 0 0 0
18490 9290 9286 9289 0 0 0
18491 9284 9283 9291 0 0 0
18492 9291 9283 9288 0 0 0
18493 9284 8900 8898 0 0 0
18494 9291 8900 9284 0 0 0
18495 9291 9288 9292 0 0 0
18496 9285 9033 9289 0 0 0
18497 9033 9285 9030 0 0 0
18498 9290 9293 9286 0 0 0
18499 9293 9287 9286 0 0 0
18500 9288 9287 9294 0 0 0
18501 9293 9294 9287 0 0 0
18502 9294 9292 9288 0 0 0
18503 9290 9289 9036 0 0 0
18504 9036 9289 9033 0 0 0
18505 9042 9293 9290 0 0 0
18506 9290 9036 9042 0 0 0
18507 8900 9291 8902 0 0 0
18508 9292 8902 9291 0 0 0
18509 9292 9294 9295 0 0 0
18510 8902 9292 8904 0 0 0
18511 9295 8904 9292 0 0 0
18512 9293 9042 9044 0 0 0
18513 9294 9293 9044 0 0 0
18514 9046 9295 9044 0 0 0
18515 9295 9294 9044 0 0 0
18516 9046 8839 9295 0 0 0
18517 8904 9295 8839 0 0 0
18518 9296 2413 2429 0 0 0
18519 9296 8782 2413 0 0 0
18520 9297 8790 8782 0 0 0
18521 9296 9297 8782 0 0 0
18522 2429 2443 9298 0 0 0
18523 9296 2429 9298 0 0 0
18524 9296 9298 9297 0 0 0
18525 9299 8791 8790 0 0 0
18526 8790 9297 9299 0 0 0
18527 9300 9299 9297 0 0 0
18528 9297 9298 9300 0 0 0
18529 9301 8792 8791 0 0 0
18530 8791 9299 9301 0 0 0
18531 8793 8792 9302 0 0 0
18532 8792 9301 9302 0 0 0
18533 9303 2443 2456 0 0 0
18534 9303 9304 2443 0 0 0
18535 9304 9298 2443 0 0 0
18536 9304 9305 9298 0 0 0
18537 9305 9300 9298 0 0 0
18538 9306 9300 9305 0 0 0
18539 9301 9299 9307 0 0 0
18540 9300 9307 9299 0 0 0
18541 9306 9307 9300 0 0 0
18542 9302 9301 9308 0 0 0
18543 9301 9307 9308 0 0 0
18544 9303 2456 9309 0 0 0
18545 9309 2456 2468 0 0 0
18546 9310 9303 9309 0 0 0
18547 9303 9310 9304 0 0 0
18548 9311 9304 9310 0 0 0
18549 9311 9305 9304 0 0 0
18550 9311 9312 9305 0 0 0
18551 9306 9305 9312 0 0 0
18552 9306 9313 9307 0 0 0
18553 9306 9312 9313 0 0 0
18554 9308 9307 9314 0 0 0
18555 9313 9314 9307 0 0 0
18556 9315 9310 9309 0 0 0
18557 9315 9309 9316 0 0 0
18558 2468 9316 9309 0 0 0
18559 9316 2468 2481 0 0 0
18560 9315 9317 9310 0 0 0
18561 9311 9310 9317 0 0 0
18562 9311 9317 9312 0 0 0
18563 9312 9318 9313 0 0 0
18564 9312 9317 9318 0 0 0
18565 9313 9319 9314 0 0 0
18566 9319 9313 9318 0 0 0
18567 9315 9320 9317 0 0 0
18568 9315 9316 9320 0 0 0
18569 2481 2482 9321 0 0 0
18570 9321 9316 2481 0 0 0
18571 9316 9321 9320 0 0 0
18572 2488 9322 2482 0 0 0
18573 9322 9321 2482 0 0 0
18574 9322 2488 9323 0 0 0
18575 9324 9318 9317 0 0 0
18576 9320 9324 9317 0 0 0
18577 9318 9325 9319 0 0 0
18578 9318 9324 9325 0 0 0
18579 9323 2488 2498 0 0 0
18580 9322 9323 9326 0 0 0
18581 9322 9326 9321 0 0 0
18582 9320 9326 9324 0 0 0
18583 9321 9326 9320 0 0 0
18584 9323 2498 9327 0 0 0
18585 9323 9327 9326 0 0 0
18586 9325 9324 9328 0 0 0
18587 9324 9326 9328 0 0 0
18588 2498 2504 9327 0 0 0
18589 9329 9328 9326 0 0 0
18590 9327 9329 9326 0 0 0
18591 9327 9330 9329 0 0 0
18592 9330 9327 2504 0 0 0
18593 2504 2511 9330 0 0 0
18594 9331 3375 3374 0 0 0
18595 9332 9331 3374 0 0 0
18596 3369 3375 9333 0 0 0
18597 3369 9333 3389 0 0 0
18598 9332 3374 3391 0 0 0
18599 9332 3391 9334 0 0 0
18600 9335 3392 3381 0 0 0
18601 9331 9336 3375 0 0 0
18602 9336 9333 3375 0 0 0
18603 9331 9332 9337 0 0 0
18604 9331 9337 9336 0 0 0
18605 9332 9334 9337 0 0 0
18606 9338 9337 9334 0 0 0
18607 9335 3381 8794 0 0 0
18608 3390 3389 9339 0 0 0
18609 9339 3389 9333 0 0 0
18610 9340 3393 3390 0 0 0
18611 9340 3390 9339 0 0 0
18612 9336 9341 9333 0 0 0
18613 9339 9333 9341 0 0 0
18614 3392 9342 3391 0 0 0
18615 9334 3391 9342 0 0 0
18616 9335 9342 3392 0 0 0
18617 9334 9342 9343 0 0 0
18618 9338 9334 9343 0 0 0
18619 9335 8794 9344 0 0 0
18620 9335 9344 9342 0 0 0
18621 9344 8794 8798 0 0 0
18622 9337 9345 9336 0 0 0
18623 9338 9345 9337 0 0 0
18624 9336 9345 9341 0 0 0
18625 9338 9346 9345 0 0 0
18626 9338 9343 9346 0 0 0
18627 3393 9347 3395 0 0 0
18628 9340 9347 3393 0 0 0
18629 3395 9348 3396 0 0 0
18630 9348 3395 9347 0 0 0
18631 9340 9349 9347 0 0 0
18632 9340 9339 9349 0 0 0
18633 9339 9341 9349 0 0 0
18634 9341 9350 9349 0 0 0
18635 9341 9345 9350 0 0 0
18636 9343 9342 9351 0 0 0
18637 9344 9351 9342 0 0 0
18638 9352 9343 9351 0 0 0
18639 9352 9346 9343 0 0 0
18640 8798 9353 9344 0 0 0
18641 9351 9344 9353 0 0 0
18642 9353 8798 8808 0 0 0
18643 9354 9350 9345 0 0 0
18644 9346 9354 9345 0 0 0
18645 9346 9355 9354 0 0 0
18646 9352 9355 9346 0 0 0
18647 9347 9356 9348 0 0 0
18648 9347 9349 9356 0 0 0
18649 9356 9349 9357 0 0 0
18650 9350 9357 9349 0 0 0
18651 9350 9358 9357 0 0 0
18652 9358 9350 9354 0 0 0
18653 9352 9359 9355 0 0 0
18654 9351 9353 9359 0 0 0
18655 9352 9351 9359 0 0 0
18656 8820 9360 8808 0 0 0
18657 8808 9360 9353 0 0 0
18658 9360 9359 9353 0 0 0
18659 9354 9361 9358 0 0 0
18660 9361 9354 9355 0 0 0
18661 9355 9362 9361 0 0 0
18662 9355 9359 9362 0 0 0
18663 9363 9362 9359 0 0 0
18664 9360 9363 9359 0 0 0
18665 8832 9364 8820 0 0 0
18666 9364 9363 9360 0 0 0
18667 8820 9364 9360 0 0 0
18668 8043 8781 9365 0 0 0
18669 9365 8044 8043 0 0 0
18670 9366 8050 8044 0 0 0
18671 8044 9365 9366 0 0 0
18672 9367 8050 9366 0 0 0
18673 8781 8787 9368 0 0 0
18674 9368 9365 8781 0 0 0
18675 9365 9368 9369 0 0 0
18676 9369 9366 9365 0 0 0
18677 9367 8052 8050 0 0 0
18678 9367 9370 8052 0 0 0
18679 9367 9371 9370 0 0 0
18680 9367 9366 9371 0 0 0
18681 9366 9369 9371 0 0 0
18682 8788 9372 8789 0 0 0
18683 8787 8789 9373 0 0 0
18684 9373 9368 8787 0 0 0
18685 9372 9373 8789 0 0 0
18686 9368 9373 9374 0 0 0
18687 9374 9369 9368 0 0 0
18688 9369 9374 9375 0 0 0
18689 9375 9371 9369 0 0 0
18690 9376 9370 9371 0 0 0
18691 9377 9376 9371 0 0 0
18692 9377 9371 9375 0 0 0
18693 9373 9372 9378 0 0 0
18694 9378 9374 9373 0 0 0
18695 9374 9378 9379 0 0 0
18696 9379 9375 9374 0 0 0
18697 9375 9379 9380 0 0 0
18698 9377 9375 9380 0 0 0
18699 9377 9380 9381 0 0 0
18700 9377 9381 9376 0 0 0
18701 9382 8078 8052 0 0 0
18702 9382 8052 9370 0 0 0
18703 9382 9370 9383 0 0 0
18704 9383 9370 9376 0 0 0
18705 8078 9384 8081 0 0 0
18706 9382 9384 8078 0 0 0
18707 9382 9383 9384 0 0 0
18708 9385 9383 9376 0 0 0
18709 9385 9386 9383 0 0 0
18710 9383 9386 9384 0 0 0
18711 9385 9376 9381 0 0 0
18712 8081 9384 9387 0 0 0
18713 8082 8081 9387 0 0 0
18714 8907 8082 9387 0 0 0
18715 9387 9384 9388 0 0 0
18716 9386 9388 9384 0 0 0
18717 9385 9381 9389 0 0 0
18718 9385 9389 9386 0 0 0
18719 9389 9390 9386 0 0 0
18720 9386 9390 9388 0 0 0
18721 8909 8907 9391 0 0 0
18722 9388 9391 9387 0 0 0
18723 8907 9387 9391 0 0 0
18724 9390 9392 9388 0 0 0
18725 9388 9392 9391 0 0 0
18726 8909 9391 8915 0 0 0
18727 9392 9393 9391 0 0 0
18728 8915 9391 9393 0 0 0
18729 8922 8915 9393 0 0 0
18730 8829 8830 9394 0 0 0
18731 8831 9395 8830 0 0 0
18732 9394 8830 9395 0 0 0
18733 8837 9396 8831 0 0 0
18734 9395 8831 9396 0 0 0
18735 8438 9397 8837 0 0 0
18736 9396 8837 9397 0 0 0
18737 9395 9398 9394 0 0 0
18738 9398 9395 9399 0 0 0
18739 9396 9399 9395 0 0 0
18740 9397 9400 9396 0 0 0
18741 9399 9396 9400 0 0 0
18742 9397 8438 8440 0 0 0
18743 8440 9401 9397 0 0 0
18744 9400 9397 9401 0 0 0
18745 9399 9402 9398 0 0 0
18746 9402 9399 9403 0 0 0
18747 9400 9403 9399 0 0 0
18748 9403 9400 9404 0 0 0
18749 9401 9404 9400 0 0 0
18750 9401 8440 8446 0 0 0
18751 9405 9401 8446 0 0 0
18752 9405 9404 9401 0 0 0
18753 9403 9406 9402 0 0 0
18754 9407 9406 9403 0 0 0
18755 9407 9403 9404 0 0 0
18756 9405 9408 9404 0 0 0
18757 9409 9404 9408 0 0 0
18758 9407 9404 9409 0 0 0
18759 9405 8446 8450 0 0 0
18760 9405 8450 9408 0 0 0
18761 9407 9410 9406 0 0 0
18762 9407 9409 9410 0 0 0
18763 9411 9408 8450 0 0 0
18764 9412 9409 9408 0 0 0
18765 9411 9412 9408 0 0 0
18766 9413 9410 9409 0 0 0
18767 9413 9409 9412 0 0 0
18768 9411 8450 8469 0 0 0
18769 9413 9414 9410 0 0 0
18770 9411 8469 9415 0 0 0
18771 9411 9415 9412 0 0 0
18772 9413 9416 9414 0 0 0
18773 9413 9412 9416 0 0 0
18774 9412 9415 9416 0 0 0
18775 8469 8472 9415 0 0 0
18776 8472 9417 9415 0 0 0
18777 9414 9416 9418 0 0 0
18778 9416 9419 9418 0 0 0
18779 9417 9419 9415 0 0 0
18780 9416 9415 9419 0 0 0
18781 8474 9417 8472 0 0 0
18782 9005 9417 8474 0 0 0
18783 9006 9420 9005 0 0 0
18784 9419 9417 9420 0 0 0
18785 9005 9420 9417 0 0 0
18786 9418 9419 9421 0 0 0
18787 9419 9420 9421 0 0 0
18788 9006 9011 9420 0 0 0
18789 9421 9420 9422 0 0 0
18790 9011 9422 9420 0 0 0
18791 9021 9422 9011 0 0 0
18792 8793 9423 8788 0 0 0
18793 9423 9372 8788 0 0 0
18794 9424 8793 9302 0 0 0
18795 9423 8793 9424 0 0 0
18796 9423 9425 9372 0 0 0
18797 9423 9424 9425 0 0 0
18798 9425 9378 9372 0 0 0
18799 9426 9302 9308 0 0 0
18800 9424 9302 9426 0 0 0
18801 9426 9427 9424 0 0 0
18802 9425 9424 9427 0 0 0
18803 9428 9379 9378 0 0 0
18804 9378 9425 9428 0 0 0
18805 9425 9427 9428 0 0 0
18806 9429 9380 9379 0 0 0
18807 9379 9428 9429 0 0 0
18808 9430 9381 9380 0 0 0
18809 9430 9380 9429 0 0 0
18810 9314 9431 9308 0 0 0
18811 9308 9431 9426 0 0 0
18812 9430 9432 9381 0 0 0
18813 9431 9433 9426 0 0 0
18814 9427 9426 9433 0 0 0
18815 9434 9427 9433 0 0 0
18816 9429 9428 9435 0 0 0
18817 9428 9427 9435 0 0 0
18818 9434 9435 9427 0 0 0
18819 9430 9436 9432 0 0 0
18820 9430 9429 9436 0 0 0
18821 9429 9435 9436 0 0 0
18822 9437 9314 9319 0 0 0
18823 9431 9314 9437 0 0 0
18824 9431 9437 9438 0 0 0
18825 9433 9431 9438 0 0 0
18826 9436 9439 9432 0 0 0
18827 9440 9433 9438 0 0 0
18828 9434 9433 9440 0 0 0
18829 9434 9441 9435 0 0 0
18830 9434 9440 9441 0 0 0
18831 9436 9442 9439 0 0 0
18832 9442 9436 9435 0 0 0
18833 9441 9442 9435 0 0 0
18834 9443 9319 9325 0 0 0
18835 9443 9437 9319 0 0 0
18836 9443 9444 9437 0 0 0
18837 9438 9437 9444 0 0 0
18838 9445 9438 9444 0 0 0
18839 9438 9445 9440 0 0 0
18840 9439 9442 9446 0 0 0
18841 9440 9447 9441 0 0 0
18842 9440 9445 9447 0 0 0
18843 9448 9446 9442 0 0 0
18844 9441 9448 9442 0 0 0
18845 9448 9441 9447 0 0 0
18846 9449 9325 9328 0 0 0
18847 9449 9443 9325 0 0 0
18848 9443 9449 9450 0 0 0
18849 9444 9443 9450 0 0 0
18850 9451 9444 9450 0 0 0
18851 9444 9451 9445 0 0 0
18852 9445 9452 9447 0 0 0
18853 9445 9451 9452 0 0 0
18854 9446 9448 9453 0 0 0
18855 9454 9453 9448 0 0 0
18856 9447 9454 9448 0 0 0
18857 9454 9447 9452 0 0 0
18858 9329 9455 9328 0 0 0
18859 9328 9455 9449 0 0 0
18860 9456 9449 9455 0 0 0
18861 9450 9449 9456 0 0 0
18862 9456 9457 9450 0 0 0
18863 9451 9450 9457 0 0 0
18864 9451 9458 9452 0 0 0
18865 9458 9451 9457 0 0 0
18866 9452 9459 9454 0 0 0
18867 9459 9452 9458 0 0 0
18868 9453 9454 9460 0 0 0
18869 9459 9460 9454 0 0 0
18870 9461 9329 9330 0 0 0
18871 9329 9461 9455 0 0 0
18872 9462 9330 2511 0 0 0
18873 9462 9461 9330 0 0 0
18874 9463 9455 9461 0 0 0
18875 9463 9456 9455 0 0 0
18876 9463 9464 9456 0 0 0
18877 9457 9456 9464 0 0 0
18878 9465 9458 9457 0 0 0
18879 9465 9457 9464 0 0 0
18880 9459 9458 9466 0 0 0
18881 9458 9465 9466 0 0 0
18882 9467 9460 9459 0 0 0
18883 9459 9466 9467 0 0 0
18884 2516 9462 2511 0 0 0
18885 9468 9463 9461 0 0 0
18886 2516 9469 9462 0 0 0
18887 9462 9469 9461 0 0 0
18888 9468 9461 9469 0 0 0
18889 9468 9470 9463 0 0 0
18890 9470 9464 9463 0 0 0
18891 9471 9464 9470 0 0 0
18892 9472 9465 9464 0 0 0
18893 9471 9472 9464 0 0 0
18894 9473 9466 9465 0 0 0
18895 9472 9473 9465 0 0 0
18896 9467 9466 9474 0 0 0
18897 9473 9474 9466 0 0 0
18898 2516 2520 9469 0 0 0
18899 9468 9469 9475 0 0 0
18900 9468 9475 9470 0 0 0
18901 2520 9476 9469 0 0 0
18902 9475 9469 9476 0 0 0
18903 9475 9477 9470 0 0 0
18904 9471 9470 9477 0 0 0
18905 9471 9478 9472 0 0 0
18906 9471 9477 9478 0 0 0
18907 9473 9472 9479 0 0 0
18908 9478 9479 9472 0 0 0
18909 9474 9473 9480 0 0 0
18910 9479 9480 9473 0 0 0
18911 2520 2522 9476 0 0 0
18912 9476 9481 9475 0 0 0
18913 9475 9481 9477 0 0 0
18914 9482 9476 2522 0 0 0
18915 9481 9476 9482 0 0 0
18916 9481 9483 9477 0 0 0
18917 9478 9477 9483 0 0 0
18918 9478 9484 9479 0 0 0
18919 9484 9478 9483 0 0 0
18920 9480 9479 9485 0 0 0
18921 9485 9479 9484 0 0 0
18922 9481 9482 9486 0 0 0
18923 9486 9483 9481 0 0 0
18924 9483 9486 9487 0 0 0
18925 9484 9488 9485 0 0 0
18926 9489 9488 9484 0 0 0
18927 9489 9483 9487 0 0 0
18928 9489 9484 9483 0 0 0
18929 9489 9490 9488 0 0 0
18930 9489 9487 9490 0 0 0
18931 9389 9381 9491 0 0 0
18932 9491 9381 9432 0 0 0
18933 9492 9390 9389 0 0 0
18934 9491 9492 9389 0 0 0
18935 9493 9392 9390 0 0 0
18936 9493 9390 9492 0 0 0
18937 9491 9432 9494 0 0 0
18938 9491 9494 9492 0 0 0
18939 9494 9432 9439 0 0 0
18940 9392 9495 9393 0 0 0
18941 9493 9495 9392 0 0 0
18942 9493 9492 9496 0 0 0
18943 9493 9496 9495 0 0 0
18944 9492 9494 9496 0 0 0
18945 9494 9439 9497 0 0 0
18946 9494 9497 9496 0 0 0
18947 9439 9446 9497 0 0 0
18948 9393 9498 8922 0 0 0
18949 9498 9393 9495 0 0 0
18950 9499 9498 9495 0 0 0
18951 9499 9495 9500 0 0 0
18952 9500 9495 9496 0 0 0
18953 9496 9497 9501 0 0 0
18954 9500 9496 9501 0 0 0
18955 9502 9497 9446 0 0 0
18956 9497 9502 9501 0 0 0
18957 9446 9453 9502 0 0 0
18958 8928 8922 9498 0 0 0
18959 9498 9503 8928 0 0 0
18960 9499 9503 9498 0 0 0
18961 9499 9504 9503 0 0 0
18962 9500 9501 9504 0 0 0
18963 9500 9504 9499 0 0 0
18964 9505 9504 9501 0 0 0
18965 9506 9501 9502 0 0 0
18966 9505 9501 9506 0 0 0
18967 9507 9502 9453 0 0 0
18968 9506 9502 9507 0 0 0
18969 9453 9460 9507 0 0 0
18970 8935 8928 9503 0 0 0
18971 9503 9508 8935 0 0 0
18972 9508 9503 9504 0 0 0
18973 9504 9509 9508 0 0 0
18974 9505 9509 9504 0 0 0
18975 9505 9506 9510 0 0 0
18976 9505 9510 9509 0 0 0
18977 9511 9506 9507 0 0 0
18978 9510 9506 9511 0 0 0
18979 9507 9460 9512 0 0 0
18980 9507 9512 9511 0 0 0
18981 9467 9512 9460 0 0 0
18982 9508 8941 8935 0 0 0
18983 9508 9513 8941 0 0 0
18984 9509 9513 9508 0 0 0
18985 9509 9514 9513 0 0 0
18986 9510 9514 9509 0 0 0
18987 9510 9511 9515 0 0 0
18988 9510 9515 9514 0 0 0
18989 9516 9511 9512 0 0 0
18990 9511 9516 9515 0 0 0
18991 9467 9474 9517 0 0 0
18992 9517 9512 9467 0 0 0
18993 9512 9517 9516 0 0 0
18994 8946 8941 9513 0 0 0
18995 9513 9518 8946 0 0 0
18996 9518 9513 9514 0 0 0
18997 9514 9519 9518 0 0 0
18998 9519 9514 9515 0 0 0
18999 9515 9516 9520 0 0 0
19000 9515 9520 9519 0 0 0
19001 9474 9480 9521 0 0 0
19002 9521 9517 9474 0 0 0
19003 9517 9521 9522 0 0 0
19004 9522 9516 9517 0 0 0
19005 9516 9522 9520 0 0 0
19006 9518 8950 8946 0 0 0
19007 9523 8950 9518 0 0 0
19008 9518 9519 9523 0 0 0
19009 9519 9524 9523 0 0 0
19010 9520 9524 9519 0 0 0
19011 9520 9525 9524 0 0 0
19012 9525 9520 9522 0 0 0
19013 9485 9526 9480 0 0 0
19014 9521 9480 9526 0 0 0
19015 9526 9527 9521 0 0 0
19016 9522 9521 9527 0 0 0
19017 9522 9527 9525 0 0 0
19018 9523 8954 8950 0 0 0
19019 9528 8954 9523 0 0 0
19020 9523 9524 9528 0 0 0
19021 9529 9528 9524 0 0 0
19022 9529 9524 9525 0 0 0
19023 9488 9530 9485 0 0 0
19024 9485 9530 9526 0 0 0
19025 9529 9525 9531 0 0 0
19026 9525 9527 9531 0 0 0
19027 9526 9530 9532 0 0 0
19028 9527 9532 9531 0 0 0
19029 9527 9526 9532 0 0 0
19030 9528 8958 8954 0 0 0
19031 9533 8958 9528 0 0 0
19032 9533 9528 9529 0 0 0
19033 9534 9533 9529 0 0 0
19034 9534 9529 9531 0 0 0
19035 9535 9530 9488 0 0 0
19036 9535 9488 9490 0 0 0
19037 9535 9536 9530 0 0 0
19038 9530 9536 9532 0 0 0
19039 9537 9531 9532 0 0 0
19040 9537 9538 9531 0 0 0
19041 9538 9534 9531 0 0 0
19042 9539 9532 9536 0 0 0
19043 9537 9532 9539 0 0 0
19044 8958 9533 8961 0 0 0
19045 9540 8961 9533 0 0 0
19046 9534 9540 9533 0 0 0
19047 9534 9538 9540 0 0 0
19048 9535 9490 9541 0 0 0
19049 9535 9541 9536 0 0 0
19050 9536 9541 9542 0 0 0
19051 9536 9542 9539 0 0 0
19052 9537 9539 9543 0 0 0
19053 9537 9543 9538 0 0 0
19054 9544 9538 9543 0 0 0
19055 9544 9540 9538 0 0 0
19056 9542 9545 9539 0 0 0
19057 9543 9539 9545 0 0 0
19058 8961 9540 8964 0 0 0
19059 9546 8964 9540 0 0 0
19060 9544 9546 9540 0 0 0
19061 9547 9546 9548 0 0 0
19062 9545 9548 9543 0 0 0
19063 9543 9548 9544 0 0 0
19064 9544 9548 9546 0 0 0
19065 8964 9546 8968 0 0 0
19066 9547 8968 9546 0 0 0
19067 9549 3396 9348 0 0 0
19068 3397 3396 9549 0 0 0
19069 9482 2522 9550 0 0 0
19070 3398 9550 2522 0 0 0
19071 3397 9551 3398 0 0 0
19072 3398 9551 9550 0 0 0
19073 9549 9551 3397 0 0 0
19074 9552 9486 9482 0 0 0
19075 9552 9482 9550 0 0 0
19076 9348 9356 9553 0 0 0
19077 9549 9348 9553 0 0 0
19078 9549 9553 9551 0 0 0
19079 9550 9554 9552 0 0 0
19080 9554 9550 9551 0 0 0
19081 9555 9551 9553 0 0 0
19082 9555 9554 9551 0 0 0
19083 9554 9556 9552 0 0 0
19084 9557 9487 9486 0 0 0
19085 9486 9552 9557 0 0 0
19086 9552 9556 9557 0 0 0
19087 9558 9487 9557 0 0 0
19088 9558 9490 9487 0 0 0
19089 9356 9357 9559 0 0 0
19090 9356 9559 9553 0 0 0
19091 9560 9553 9559 0 0 0
19092 9555 9553 9560 0 0 0
19093 9555 9560 9561 0 0 0
19094 9554 9561 9556 0 0 0
19095 9555 9561 9554 0 0 0
19096 9562 9556 9561 0 0 0
19097 9563 9557 9556 0 0 0
19098 9562 9563 9556 0 0 0
19099 9558 9557 9564 0 0 0
19100 9564 9557 9563 0 0 0
19101 9558 9565 9490 0 0 0
19102 9558 9564 9565 0 0 0
19103 9566 9357 9358 0 0 0
19104 9357 9566 9559 0 0 0
19105 9567 9358 9361 0 0 0
19106 9566 9358 9567 0 0 0
19107 8832 8829 9568 0 0 0
19108 9569 9361 9362 0 0 0
19109 9567 9361 9569 0 0 0
19110 9362 9363 9570 0 0 0
19111 9570 9569 9362 0 0 0
19112 9571 9559 9566 0 0 0
19113 9560 9559 9571 0 0 0
19114 9560 9571 9572 0 0 0
19115 9561 9560 9572 0 0 0
19116 9562 9561 9572 0 0 0
19117 9562 9573 9563 0 0 0
19118 9562 9572 9573 0 0 0
19119 9574 9564 9563 0 0 0
19120 9563 9573 9574 0 0 0
19121 9564 9575 9565 0 0 0
19122 9575 9564 9574 0 0 0
19123 9568 8829 9394 0 0 0
19124 9567 9576 9566 0 0 0
19125 9576 9571 9566 0 0 0
19126 9567 9569 9577 0 0 0
19127 9577 9576 9567 0 0 0
19128 9578 9364 8832 0 0 0
19129 9568 9578 8832 0 0 0
19130 9579 9363 9364 0 0 0
19131 9363 9579 9570 0 0 0
19132 9578 9579 9364 0 0 0
19133 9568 9394 9580 0 0 0
19134 9568 9580 9578 0 0 0
19135 9570 9581 9569 0 0 0
19136 9581 9577 9569 0 0 0
19137 9570 9579 9582 0 0 0
19138 9582 9581 9570 0 0 0
19139 9571 9576 9583 0 0 0
19140 9583 9572 9571 0 0 0
19141 9573 9572 9584 0 0 0
19142 9584 9572 9583 0 0 0
19143 9585 9574 9573 0 0 0
19144 9573 9584 9585 0 0 0
19145 9586 9575 9574 0 0 0
19146 9574 9585 9586 0 0 0
19147 9580 9394 9398 0 0 0
19148 9587 9576 9577 0 0 0
19149 9587 9583 9576 0 0 0
19150 9588 9577 9581 0 0 0
19151 9577 9588 9587 0 0 0
19152 9579 9578 9589 0 0 0
19153 9580 9589 9578 0 0 0
19154 9589 9582 9579 0 0 0
19155 9398 9590 9580 0 0 0
19156 9580 9590 9589 0 0 0
19157 9591 9581 9582 0 0 0
19158 9581 9591 9588 0 0 0
19159 9592 9582 9589 0 0 0
19160 9592 9591 9582 0 0 0
19161 9584 9583 9593 0 0 0
19162 9593 9583 9587 0 0 0
19163 9585 9584 9594 0 0 0
19164 9593 9594 9584 0 0 0
19165 9595 9586 9585 0 0 0
19166 9585 9594 9595 0 0 0
19167 9590 9398 9402 0 0 0
19168 9587 9596 9593 0 0 0
19169 9588 9596 9587 0 0 0
19170 9588 9597 9596 0 0 0
19171 9591 9597 9588 0 0 0
19172 9402 9598 9590 0 0 0
19173 9598 9599 9590 0 0 0
19174 9590 9599 9589 0 0 0
19175 9592 9589 9599 0 0 0
19176 9592 9599 9600 0 0 0
19177 9591 9600 9597 0 0 0
19178 9592 9600 9591 0 0 0
19179 9593 9601 9594 0 0 0
19180 9601 9593 9596 0 0 0
19181 9602 9595 9594 0 0 0
19182 9594 9601 9602 0 0 0
19183 9598 9402 9406 0 0 0
19184 9603 9598 9406 0 0 0
19185 9596 9604 9601 0 0 0
19186 9604 9596 9597 0 0 0
19187 9597 9605 9604 0 0 0
19188 9605 9597 9600 0 0 0
19189 9603 9606 9598 0 0 0
19190 9598 9606 9599 0 0 0
19191 9607 9599 9606 0 0 0
19192 9600 9607 9605 0 0 0
19193 9600 9599 9607 0 0 0
19194 9608 9602 9601 0 0 0
19195 9601 9604 9608 0 0 0
19196 9603 9406 9410 0 0 0
19197 9603 9410 9609 0 0 0
19198 9603 9609 9606 0 0 0
19199 9610 9608 9604 0 0 0
19200 9604 9605 9610 0 0 0
19201 9611 9610 9605 0 0 0
19202 9605 9607 9611 0 0 0
19203 9606 9609 9612 0 0 0
19204 9612 9611 9607 0 0 0
19205 9606 9612 9607 0 0 0
19206 9613 9541 9490 0 0 0
19207 9613 9490 9565 0 0 0
19208 9614 9542 9541 0 0 0
19209 9613 9614 9541 0 0 0
19210 9565 9575 9615 0 0 0
19211 9613 9565 9615 0 0 0
19212 9613 9615 9614 0 0 0
19213 9542 9616 9545 0 0 0
19214 9614 9616 9542 0 0 0
19215 9545 9617 9548 0 0 0
19216 9617 9545 9616 0 0 0
19217 9575 9586 9618 0 0 0
19218 9575 9618 9615 0 0 0
19219 9616 9614 9619 0 0 0
19220 9618 9619 9615 0 0 0
19221 9615 9619 9614 0 0 0
19222 9620 9617 9616 0 0 0
19223 9620 9616 9619 0 0 0
19224 9547 9621 8968 0 0 0
19225 9547 9548 9621 0 0 0
19226 9617 9622 9548 0 0 0
19227 9622 9621 9548 0 0 0
19228 9622 9617 9623 0 0 0
19229 9620 9623 9617 0 0 0
19230 8971 8968 9621 0 0 0
19231 9595 9624 9586 0 0 0
19232 9624 9618 9586 0 0 0
19233 9618 9624 9625 0 0 0
19234 9625 9619 9618 0 0 0
19235 9620 9619 9626 0 0 0
19236 9620 9626 9623 0 0 0
19237 9625 9626 9619 0 0 0
19238 9621 9627 8971 0 0 0
19239 9622 9627 9621 0 0 0
19240 9622 9623 9627 0 0 0
19241 9628 9627 9623 0 0 0
19242 9623 9626 9628 0 0 0
19243 8975 8971 9627 0 0 0
19244 9602 9629 9595 0 0 0
19245 9624 9595 9629 0 0 0
19246 9629 9630 9624 0 0 0
19247 9630 9625 9624 0 0 0
19248 9630 9631 9625 0 0 0
19249 9631 9626 9625 0 0 0
19250 9628 9626 9632 0 0 0
19251 9632 9626 9631 0 0 0
19252 9627 9633 8975 0 0 0
19253 9628 9633 9627 0 0 0
19254 9628 9632 9633 0 0 0
19255 9602 9608 9634 0 0 0
19256 9629 9602 9634 0 0 0
19257 8979 8975 9633 0 0 0
19258 9634 9635 9629 0 0 0
19259 9630 9629 9635 0 0 0
19260 9635 9636 9630 0 0 0
19261 9631 9630 9636 0 0 0
19262 9632 9631 9637 0 0 0
19263 9636 9637 9631 0 0 0
19264 9633 9638 8979 0 0 0
19265 9633 9632 9638 0 0 0
19266 9632 9637 9638 0 0 0
19267 9639 9609 9410 0 0 0
19268 9610 9640 9608 0 0 0
19269 9640 9634 9608 0 0 0
19270 9640 9641 9634 0 0 0
19271 9635 9634 9641 0 0 0
19272 9638 8983 8979 0 0 0
19273 9641 9642 9635 0 0 0
19274 9642 9636 9635 0 0 0
19275 9642 9643 9636 0 0 0
19276 9636 9643 9637 0 0 0
19277 9638 9644 8983 0 0 0
19278 9644 9638 9637 0 0 0
19279 9643 9644 9637 0 0 0
19280 9414 9639 9410 0 0 0
19281 9645 9612 9609 0 0 0
19282 9639 9645 9609 0 0 0
19283 9639 9414 9646 0 0 0
19284 9639 9646 9645 0 0 0
19285 9611 9647 9610 0 0 0
19286 9640 9610 9647 0 0 0
19287 9612 9648 9611 0 0 0
19288 9647 9611 9648 0 0 0
19289 9645 9648 9612 0 0 0
19290 9649 9640 9647 0 0 0
19291 9641 9640 9649 0 0 0
19292 9650 9641 9649 0 0 0
19293 9650 9642 9641 0 0 0
19294 9644 8988 8983 0 0 0
19295 9643 9642 9651 0 0 0
19296 9650 9651 9642 0 0 0
19297 9644 9652 8988 0 0 0
19298 9652 9644 9643 0 0 0
19299 9651 9652 9643 0 0 0
19300 9646 9414 9418 0 0 0
19301 9645 9653 9648 0 0 0
19302 9646 9653 9645 0 0 0
19303 9654 9646 9418 0 0 0
19304 9654 9653 9646 0 0 0
19305 9648 9655 9647 0 0 0
19306 9649 9647 9655 0 0 0
19307 9653 9655 9648 0 0 0
19308 9656 9649 9655 0 0 0
19309 9656 9650 9649 0 0 0
19310 9657 9655 9653 0 0 0
19311 9650 9658 9651 0 0 0
19312 9656 9658 9650 0 0 0
19313 9652 8996 8988 0 0 0
19314 9659 8996 9652 0 0 0
19315 9652 9651 9659 0 0 0
19316 9658 9659 9651 0 0 0
19317 9654 9418 9421 0 0 0
19318 9654 9421 9660 0 0 0
19319 9654 9660 9653 0 0 0
19320 9657 9653 9660 0 0 0
19321 9656 9661 9658 0 0 0
19322 9656 9655 9661 0 0 0
19323 9657 9661 9655 0 0 0
19324 9657 9662 9661 0 0 0
19325 9662 9657 9660 0 0 0
19326 9658 9663 9659 0 0 0
19327 9661 9663 9658 0 0 0
19328 8996 9659 9010 0 0 0
19329 9663 9010 9659 0 0 0
19330 9421 9422 9660 0 0 0
19331 9664 9660 9422 0 0 0
19332 9662 9660 9664 0 0 0
19333 9663 9661 9665 0 0 0
19334 9662 9664 9665 0 0 0
19335 9662 9665 9661 0 0 0
19336 9663 9020 9010 0 0 0
19337 9665 9020 9663 0 0 0
19338 9422 9021 9664 0 0 0
19339 9027 9664 9021 0 0 0
19340 9020 9665 9027 0 0 0
19341 9664 9027 9665 0 0 0
19342 8072 8049 8052 0 0 0
19343 8056 8054 8020 0 0 0
