9666
0 -0.096758 -0.048705 0.039361
1 -0.098478 -0.045176 0.033500
2 -0.094462 -0.051915 0.033500
3 -0.092455 -0.055293 0.039361
4 -0.089904 -0.058300 0.033500
5 -0.094755 -0.052107 0.046250
6 -0.087622 -0.061503 0.039361
7 -0.084834 -0.064286 0.033500
8 -0.100502 -0.041784 0.039361
9 -0.101924 -0.038128 0.033500
10 -0.098786 -0.045343 0.046250
11 -0.090180 -0.058515 0.046250
12 -0.082292 -0.067293 0.039361
13 -0.079286 -0.069834 0.033500
14 -0.085091 -0.064523 0.046250
15 -0.103662 -0.034578 0.039361
16 -0.104775 -0.030820 0.033500
17 -0.102244 -0.038269 0.046250
18 -0.076503 -0.072622 0.039361
19 -0.073300 -0.074904 0.033500
20 -0.079523 -0.070091 0.046250
21 -0.106216 -0.027135 0.039361
22 -0.107014 -0.023301 0.033500
23 -0.105106 -0.030933 0.046250
24 -0.108146 -0.019506 0.039361
25 -0.108624 -0.015623 0.033500
26 -0.073515 -0.075180 0.046250
27 -0.070293 -0.077455 0.039361
28 -0.066915 -0.079462 0.033500
29 -0.063705 -0.081758 0.039361
30 -0.060176 -0.083478 0.033500
31 -0.107353 -0.023387 0.046250
32 -0.108969 -0.015681 0.046250
33 -0.109439 -0.011744 0.039361
34 -0.109594 -0.007838 0.033500
35 -0.067107 -0.079755 0.046250
36 -0.060343 -0.083786 0.046250
37 -0.056784 -0.085502 0.039361
38 -0.053128 -0.086924 0.033500
39 -0.109943 -0.007867 0.046250
40 -0.110071 -0.004538 0.039811
41 -0.110181 0.000000 0.039873
42 -0.109918 0.000000 0.033500
43 -0.049578 -0.088662 0.039361
44 -0.045820 -0.089775 0.033500
45 -0.053269 -0.087244 0.046250
46 -0.110268 0.000000 0.046250
47 -0.042135 -0.091216 0.039361
48 -0.038301 -0.092014 0.033500
49 -0.045933 -0.090106 0.046250
50 -0.034506 -0.093146 0.039361
51 -0.030623 -0.093624 0.033500
52 -0.038387 -0.092353 0.046250
53 -0.027154 -0.094405 0.039993
54 -0.022838 -0.094594 0.033500
55 -0.030681 -0.093969 0.046250
56 -0.020879 -0.094995 0.039736
57 -0.015000 -0.094918 0.033500
58 -0.015000 -0.095181 0.039873
59 -0.022867 -0.094943 0.046250
60 -0.015000 -0.095268 0.046250
61 -0.109995 0.005879 0.039736
62 -0.109594 0.007838 0.033500
63 -0.109943 0.007867 0.046250
64 -0.109405 0.012154 0.039993
65 -0.108624 0.015623 0.033500
66 -0.108969 0.015681 0.046250
67 -0.108146 0.019506 0.039361
68 -0.107014 0.023301 0.033500
69 -0.107353 0.023387 0.046250
70 -0.106216 0.027135 0.039361
71 -0.104775 0.030820 0.033500
72 -0.105106 0.030933 0.046250
73 -0.103662 0.034578 0.039361
74 -0.101924 0.038128 0.033500
75 -0.102244 0.038269 0.046250
76 -0.100502 0.041784 0.039361
77 -0.098478 0.045176 0.033500
78 -0.098786 0.045343 0.046250
79 -0.096758 0.048705 0.039361
80 -0.094462 0.051915 0.033500
81 -0.094755 0.052107 0.046250
82 -0.092455 0.055293 0.039361
83 -0.089904 0.058300 0.033500
84 -0.090180 0.058515 0.046250
85 -0.087622 0.061503 0.039361
86 -0.084834 0.064286 0.033500
87 -0.085091 0.064523 0.046250
88 -0.082292 0.067293 0.039361
89 -0.079286 0.069834 0.033500
90 -0.079523 0.070091 0.046250
91 -0.076503 0.072622 0.039361
92 -0.073300 0.074904 0.033500
93 -0.073515 0.075180 0.046250
94 -0.070293 0.077455 0.039361
95 -0.066915 0.079462 0.033500
96 -0.067107 0.079755 0.046250
97 -0.063705 0.081758 0.039361
98 -0.060176 0.083478 0.033500
99 -0.060343 0.083786 0.046250
100 -0.056784 0.085502 0.039361
101 -0.053128 0.086924 0.033500
102 -0.053269 0.087244 0.046250
103 -0.049578 0.088662 0.039361
104 -0.045820 0.089775 0.033500
105 -0.045933 0.090106 0.046250
106 -0.042135 0.091216 0.039361
107 -0.038301 0.092014 0.033500
108 -0.038387 0.092353 0.046250
109 -0.034506 0.093146 0.039361
110 -0.030623 0.093624 0.033500
111 -0.026744 0.094439 0.039361
112 -0.022838 0.094594 0.033500
113 -0.030681 0.093969 0.046250
114 -0.019538 0.095071 0.039811
115 -0.015000 0.094918 0.033500
116 -0.022867 0.094943 0.046250
117 -0.015000 0.095268 0.046250
118 -0.015000 0.095181 0.039873
119 -0.096758 -0.048705 0.053138
120 -0.092515 -0.055254 0.052195
121 -0.094462 -0.051915 0.059000
122 -0.100502 -0.041784 0.053138
123 -0.098478 -0.045176 0.059000
124 -0.087646 -0.061503 0.052493
125 -0.089904 -0.058300 0.059000
126 -0.082311 -0.067309 0.052245
127 -0.103662 -0.034578 0.053138
128 -0.101924 -0.038128 0.059000
129 -0.084834 -0.064286 0.059000
130 -0.076532 -0.072632 0.052181
131 -0.079286 -0.069834 0.059000
132 -0.106216 -0.027135 0.053138
133 -0.104775 -0.030820 0.059000
134 -0.070366 -0.077434 0.052195
135 -0.073300 -0.074904 0.059000
136 -0.108146 -0.019506 0.053138
137 -0.107014 -0.023301 0.059000
138 -0.109403 -0.012157 0.052560
139 -0.066915 -0.079462 0.059000
140 -0.063705 -0.081758 0.053138
141 -0.056784 -0.085502 0.053138
142 -0.108624 -0.015623 0.059000
143 -0.109594 -0.007838 0.059000
144 -0.110012 -0.005725 0.052473
145 -0.110181 0.000000 0.052627
146 -0.060176 -0.083478 0.059000
147 -0.053128 -0.086924 0.059000
148 -0.049578 -0.088662 0.053138
149 -0.109918 0.000000 0.059000
150 -0.045820 -0.089775 0.059000
151 -0.042135 -0.091216 0.053138
152 -0.034506 -0.093146 0.053138
153 -0.038301 -0.092014 0.059000
154 -0.026744 -0.094439 0.053138
155 -0.030623 -0.093624 0.059000
156 -0.019538 -0.095069 0.052736
157 -0.022838 -0.094594 0.059000
158 -0.015000 -0.095181 0.052627
159 -0.015000 -0.094918 0.059000
160 -0.110069 0.004538 0.052736
161 -0.109594 0.007838 0.059000
162 -0.109439 0.011744 0.053138
163 -0.108624 0.015623 0.059000
164 -0.108146 0.019506 0.053138
165 -0.107014 0.023301 0.059000
166 -0.106216 0.027135 0.053138
167 -0.104775 0.030820 0.059000
168 -0.103662 0.034578 0.053138
169 -0.101924 0.038128 0.059000
170 -0.100502 0.041784 0.053138
171 -0.098478 0.045176 0.059000
172 -0.096758 0.048705 0.053138
173 -0.094462 0.051915 0.059000
174 -0.092434 0.055366 0.052195
175 -0.089904 0.058300 0.059000
176 -0.087632 0.061532 0.052181
177 -0.084834 0.064286 0.059000
178 -0.082309 0.067311 0.052245
179 -0.079286 0.069834 0.059000
180 -0.076503 0.072646 0.052493
181 -0.073300 0.074904 0.059000
182 -0.070254 0.077515 0.052195
183 -0.066915 0.079462 0.059000
184 -0.063705 0.081758 0.053138
185 -0.060176 0.083478 0.059000
186 -0.056784 0.085502 0.053138
187 -0.053128 0.086924 0.059000
188 -0.049578 0.088662 0.053138
189 -0.045820 0.089775 0.059000
190 -0.042135 0.091216 0.053138
191 -0.038301 0.092014 0.059000
192 -0.034506 0.093146 0.053138
193 -0.030623 0.093624 0.059000
194 -0.027157 0.094403 0.052560
195 -0.022838 0.094594 0.059000
196 -0.020725 0.095012 0.052473
197 -0.015000 0.095181 0.052627
198 -0.015000 0.094918 0.059000
199 -0.095523 -0.044568 0.020570
200 -0.091455 -0.051171 0.020412
201 -0.095111 -0.048074 0.026799
202 -0.090774 -0.054592 0.026636
203 -0.086840 -0.057405 0.020233
204 -0.085964 -0.060623 0.026370
205 -0.099017 -0.037642 0.020706
206 -0.098907 -0.041092 0.026800
207 -0.081714 -0.063225 0.020033
208 -0.080669 -0.066279 0.026235
209 -0.102044 -0.033947 0.026800
210 -0.101911 -0.030445 0.020818
211 -0.104581 -0.026678 0.026982
212 -0.104186 -0.023029 0.020906
213 -0.076114 -0.068589 0.019815
214 -0.074991 -0.071431 0.026137
215 -0.106501 -0.019256 0.027143
216 -0.105821 -0.015446 0.020969
217 -0.070078 -0.073457 0.019581
218 -0.069321 -0.075938 0.026520
219 -0.064471 -0.079482 0.027658
220 -0.107825 -0.011695 0.027384
221 -0.106806 -0.007751 0.021008
222 -0.063651 -0.077795 0.019331
223 -0.060057 -0.081439 0.025201
224 -0.108403 -0.005055 0.027298
225 -0.108531 0.000000 0.027259
226 -0.107135 0.000000 0.021021
227 -0.056881 -0.081574 0.019067
228 -0.055652 -0.083977 0.026219
229 -0.050493 -0.086572 0.027413
230 -0.021612 -0.091146 0.017692
231 -0.021359 -0.091500 0.019180
232 -0.023311 -0.091022 0.017758
233 -0.049815 -0.084765 0.018791
234 -0.045799 -0.087784 0.025016
235 -0.040430 -0.089916 0.026863
236 -0.023972 -0.091834 0.021624
237 -0.018600 -0.091288 0.017574
238 -0.019920 -0.092037 0.021168
239 -0.019962 -0.092878 0.024928
240 -0.028084 -0.090503 0.017944
241 -0.030552 -0.091166 0.022568
242 -0.042503 -0.087342 0.018507
243 -0.036397 -0.090031 0.022820
244 -0.035000 -0.089290 0.018214
245 -0.033724 -0.091849 0.028189
246 -0.025738 -0.092949 0.027419
247 -0.019746 -0.093782 0.028925
248 -0.015000 -0.091326 0.017433
249 -0.015000 -0.092337 0.021918
250 -0.015000 -0.093601 0.027572
251 -0.108438 0.004525 0.027330
252 -0.106806 0.007751 0.021008
253 -0.107759 0.012099 0.027318
254 -0.105819 0.015446 0.020970
255 -0.106543 0.019601 0.027646
256 -0.104184 0.023029 0.020906
257 -0.104500 0.027115 0.027194
258 -0.101911 0.030446 0.020818
259 -0.101892 0.034626 0.027287
260 -0.099018 0.037643 0.020706
261 -0.098715 0.041741 0.027318
262 -0.095524 0.044568 0.020570
263 -0.095013 0.048463 0.027321
264 -0.091454 0.051171 0.020412
265 -0.090712 0.054850 0.027087
266 -0.086840 0.057405 0.020233
267 -0.085883 0.060866 0.026801
268 -0.081715 0.063225 0.020033
269 -0.080546 0.066502 0.026556
270 -0.076114 0.068588 0.019815
271 -0.074778 0.071669 0.026341
272 -0.070078 0.073456 0.019581
273 -0.068469 0.076381 0.025936
274 -0.063651 0.077795 0.019331
275 -0.060569 0.081317 0.025841
276 -0.056881 0.081572 0.019067
277 -0.054824 0.085016 0.028829
278 -0.053525 0.084332 0.023606
279 -0.049814 0.084762 0.018792
280 -0.048872 0.087482 0.028515
281 -0.046328 0.087283 0.023695
282 -0.042503 0.087342 0.018507
283 -0.038751 0.089559 0.023337
284 -0.035000 0.089290 0.018214
285 -0.041822 0.089893 0.028507
286 -0.031418 0.091037 0.022671
287 -0.028084 0.090503 0.017944
288 -0.025862 0.091629 0.021622
289 -0.023311 0.091022 0.017758
290 -0.034311 0.091783 0.028433
291 -0.022392 0.091777 0.020749
292 -0.021612 0.091146 0.017692
293 -0.026552 0.092742 0.026934
294 -0.022982 0.092379 0.023643
295 -0.019564 0.092094 0.021341
296 -0.018595 0.091288 0.017574
297 -0.019870 0.093491 0.027647
298 -0.015000 0.091326 0.017433
299 -0.015000 0.092335 0.021908
300 -0.015000 0.093605 0.027590
301 -0.090761 -0.054590 0.065922
302 -0.095112 -0.048061 0.065727
303 -0.098907 -0.041093 0.065700
304 -0.085948 -0.060620 0.066195
305 -0.086840 -0.057404 0.072270
306 -0.091454 -0.051170 0.072091
307 -0.095522 -0.044567 0.071934
308 -0.099017 -0.037642 0.071798
309 -0.102044 -0.033947 0.065700
310 -0.080668 -0.066279 0.066269
311 -0.081713 -0.063223 0.072470
312 -0.074994 -0.071429 0.066362
313 -0.101911 -0.030445 0.071685
314 -0.104581 -0.026678 0.065521
315 -0.076113 -0.068587 0.072688
316 -0.069321 -0.075937 0.065981
317 -0.070077 -0.073455 0.072922
318 -0.064471 -0.079481 0.064844
319 -0.106500 -0.019257 0.065360
320 -0.104184 -0.023029 0.071597
321 -0.063651 -0.077794 0.073172
322 -0.060057 -0.081438 0.067301
323 -0.107825 -0.011694 0.065118
324 -0.105819 -0.015445 0.071533
325 -0.108403 -0.005057 0.065203
326 -0.108531 0.000000 0.065242
327 -0.055651 -0.083975 0.066290
328 -0.050509 -0.086565 0.065090
329 -0.056880 -0.081571 0.073438
330 -0.106805 -0.007751 0.071495
331 -0.107134 0.000000 0.071482
332 -0.045859 -0.087766 0.067474
333 -0.049814 -0.084761 0.073714
334 -0.040733 -0.089700 0.066197
335 -0.042504 -0.087340 0.073997
336 -0.036573 -0.090017 0.069560
337 -0.034651 -0.091628 0.064431
338 -0.035000 -0.089290 0.074289
339 -0.031427 -0.091034 0.069835
340 -0.027676 -0.092832 0.064512
341 -0.025261 -0.092021 0.069445
342 -0.028389 -0.090458 0.074547
343 -0.020736 -0.093448 0.064825
344 -0.021711 -0.091138 0.074807
345 -0.019657 -0.092330 0.070091
346 -0.015000 -0.093131 0.067037
347 -0.015000 -0.091326 0.075070
348 -0.108437 0.004525 0.065172
349 -0.106805 0.007751 0.071495
350 -0.107759 0.012097 0.065183
351 -0.105819 0.015445 0.071534
352 -0.106542 0.019600 0.064857
353 -0.104184 0.023029 0.071597
354 -0.104500 0.027115 0.065306
355 -0.101911 0.030445 0.071685
356 -0.101887 0.034619 0.065247
357 -0.099017 0.037642 0.071798
358 -0.098717 0.041735 0.065185
359 -0.095522 0.044567 0.071934
360 -0.095011 0.048462 0.065187
361 -0.091454 0.051170 0.072091
362 -0.090713 0.054849 0.065417
363 -0.086840 0.057404 0.072270
364 -0.085872 0.060886 0.065676
365 -0.081713 0.063223 0.072470
366 -0.080544 0.066520 0.065891
367 -0.074789 0.071669 0.066128
368 -0.076113 0.068587 0.072688
369 -0.070077 0.073455 0.072923
370 -0.068541 0.076369 0.066423
371 -0.063651 0.077794 0.073172
372 -0.060560 0.081321 0.066662
373 -0.054843 0.085008 0.063666
374 -0.056880 0.081572 0.073436
375 -0.053568 0.084329 0.068829
376 -0.048884 0.087473 0.064006
377 -0.046315 0.087271 0.068877
378 -0.049814 0.084762 0.073711
379 -0.041878 0.089884 0.063958
380 -0.038622 0.089611 0.069087
381 -0.042503 0.087340 0.073997
382 -0.034268 0.091814 0.063973
383 -0.031592 0.091319 0.068452
384 -0.035000 0.089290 0.074289
385 -0.027756 0.092906 0.064134
386 -0.026284 0.092190 0.068166
387 -0.028389 0.090458 0.074547
388 -0.021304 0.093504 0.064410
389 -0.021584 0.092045 0.070832
390 -0.021711 0.091138 0.074807
391 -0.015000 0.093131 0.067037
392 -0.015000 0.091326 0.075070
393 -0.090862 -0.043734 0.021193
394 -0.086841 -0.050186 0.021018
395 -0.094295 -0.036951 0.021346
396 -0.082239 -0.056235 0.020828
397 -0.097099 -0.029885 0.021479
398 -0.076866 -0.061598 0.020673
399 -0.099237 -0.022589 0.021593
400 -0.070722 -0.065545 0.020648
401 -0.100742 -0.015135 0.021680
402 -0.064299 -0.067728 0.020776
403 -0.101730 -0.007595 0.021721
404 -0.064105 -0.072746 0.020074
405 -0.058787 -0.068570 0.020956
406 -0.102102 0.000000 0.021728
407 -0.058946 -0.074046 0.020158
408 -0.054587 -0.070045 0.020933
409 -0.049363 -0.077373 0.020020
410 -0.048755 -0.069984 0.021138
411 -0.042056 -0.072809 0.020872
412 -0.042320 -0.080082 0.019742
413 -0.035000 -0.082167 0.019454
414 -0.035000 -0.075027 0.020590
415 -0.101730 0.007595 0.021721
416 -0.100742 0.015135 0.021680
417 -0.099237 0.022588 0.021593
418 -0.097099 0.029884 0.021479
419 -0.094295 0.036950 0.021346
420 -0.090863 0.043733 0.021193
421 -0.086842 0.050184 0.021018
422 -0.082240 0.056233 0.020828
423 -0.076868 0.061596 0.020673
424 -0.070725 0.065543 0.020648
425 -0.064303 0.067727 0.020776
426 -0.064107 0.072745 0.020074
427 -0.058789 0.068569 0.020956
428 -0.058941 0.074046 0.020158
429 -0.054578 0.070045 0.020934
430 -0.049363 0.077372 0.020020
431 -0.048755 0.069984 0.021138
432 -0.042325 0.080080 0.019743
433 -0.042066 0.072806 0.020872
434 -0.035000 0.082167 0.019454
435 -0.035000 0.075027 0.020590
436 -0.085374 -0.052035 0.071525
437 -0.080103 -0.058022 0.071682
438 -0.090003 -0.045536 0.071377
439 -0.093952 -0.038604 0.071242
440 -0.097156 -0.031298 0.071118
441 -0.074048 -0.063207 0.071802
442 -0.099536 -0.023683 0.071000
443 -0.067100 -0.067114 0.071817
444 -0.064711 -0.071845 0.072333
445 -0.101233 -0.015885 0.070912
446 -0.059620 -0.069878 0.071771
447 -0.058458 -0.075726 0.072576
448 -0.102272 -0.007973 0.070862
449 -0.051780 -0.071340 0.071652
450 -0.050986 -0.078053 0.072640
451 -0.102621 0.000000 0.070845
452 -0.043837 -0.072129 0.071561
453 -0.043308 -0.079743 0.072721
454 -0.035000 -0.082167 0.073049
455 -0.035000 -0.075027 0.071913
456 -0.102271 0.007980 0.070862
457 -0.101231 0.015900 0.070913
458 -0.099530 0.023704 0.071000
459 -0.097146 0.031326 0.071119
460 -0.093935 0.038637 0.071243
461 -0.089979 0.045573 0.071377
462 -0.085342 0.052075 0.071526
463 -0.080061 0.058064 0.071683
464 -0.073993 0.063245 0.071803
465 -0.067033 0.067144 0.071817
466 -0.064671 0.071859 0.072333
467 -0.059542 0.069899 0.071770
468 -0.058416 0.075736 0.072576
469 -0.051700 0.071350 0.071650
470 -0.050943 0.078057 0.072640
471 -0.047263 0.075177 0.072088
472 -0.043837 0.072129 0.071561
473 -0.043308 0.079743 0.072721
474 -0.035000 0.075027 0.071913
475 -0.035000 0.082167 0.073049
476 -0.086599 -0.046888 0.077028
477 -0.080607 -0.055311 0.075778
478 -0.076868 -0.059071 0.075836
479 -0.082342 -0.051354 0.078779
480 -0.083493 -0.047769 0.081556
481 -0.072123 -0.061523 0.078665
482 -0.068533 -0.065004 0.076005
483 -0.090051 -0.041101 0.077379
484 -0.086182 -0.043331 0.082188
485 -0.082341 -0.045742 0.085688
486 -0.092876 -0.034193 0.078675
487 -0.096084 -0.027206 0.077429
488 -0.066010 -0.064167 0.081159
489 -0.076625 -0.056271 0.080895
490 -0.079500 -0.050610 0.084287
491 -0.077866 -0.047889 0.089539
492 -0.069750 -0.059774 0.084718
493 -0.062590 -0.062658 0.087515
494 -0.062971 -0.067392 0.076634
495 -0.047727 -0.071509 0.056991
496 -0.047262 -0.071488 0.056626
497 -0.046723 -0.071578 0.057882
498 -0.046109 -0.071428 0.055797
499 -0.045685 -0.071561 0.057566
500 -0.044648 -0.071489 0.056678
501 -0.044265 -0.071317 0.054663
502 -0.093280 -0.028133 0.082668
503 -0.098147 -0.019748 0.077329
504 -0.094980 -0.022844 0.082595
505 -0.088188 -0.038090 0.084023
506 -0.085105 -0.041326 0.086000
507 -0.081415 -0.042472 0.090222
508 -0.089729 -0.032447 0.086027
509 -0.059479 -0.066825 0.081980
510 -0.056713 -0.065552 0.087229
511 -0.076696 -0.043300 0.095291
512 -0.073374 -0.053742 0.088520
513 -0.073394 -0.049204 0.093439
514 -0.066732 -0.057583 0.090964
515 -0.061637 -0.059471 0.093046
516 -0.057192 -0.062597 0.091993
517 -0.099487 -0.011871 0.077686
518 -0.047350 -0.071611 0.058503
519 -0.056571 -0.069546 0.076720
520 -0.045531 -0.071716 0.059731
521 -0.043749 -0.071648 0.058695
522 -0.041211 -0.071109 0.053164
523 -0.042095 -0.071467 0.056802
524 -0.091475 -0.025672 0.087485
525 -0.096032 -0.016224 0.083734
526 -0.092794 -0.019251 0.088536
527 -0.096803 -0.010041 0.084434
528 -0.098630 -0.005457 0.081583
529 -0.085262 -0.036399 0.090043
530 -0.080571 -0.038639 0.094582
531 -0.087311 -0.029237 0.092003
532 -0.052419 -0.068464 0.083727
533 -0.051777 -0.065404 0.090869
534 -0.076736 -0.037378 0.099979
535 -0.073128 -0.042027 0.100116
536 -0.070891 -0.047058 0.098020
537 -0.068656 -0.052744 0.094652
538 -0.063205 -0.055730 0.096259
539 -0.058157 -0.058442 0.096874
540 -0.053067 -0.061203 0.096520
541 -0.100860 -0.005080 0.075996
542 -0.100109 -0.000092 0.078604
543 -0.046694 -0.071771 0.061006
544 -0.050235 -0.070872 0.076581
545 -0.043994 -0.071969 0.063374
546 -0.045554 -0.071991 0.065116
547 -0.042870 -0.071859 0.061393
548 -0.042077 -0.072230 0.068091
549 -0.040055 -0.071751 0.060167
550 -0.037170 -0.070828 0.051611
551 -0.032699 -0.070544 0.050293
552 -0.035592 -0.071276 0.056465
553 -0.046163 -0.070121 0.082746
554 -0.044440 -0.071531 0.077523
555 -0.088800 -0.022145 0.093651
556 -0.097417 0.000001 0.085061
557 -0.090682 -0.016287 0.093351
558 -0.093707 -0.012033 0.089815
559 -0.095792 -0.005549 0.087669
560 -0.082233 -0.032132 0.097180
561 -0.085333 -0.026028 0.096661
562 -0.077391 -0.031562 0.103179
563 -0.085473 -0.021491 0.098703
564 -0.046402 -0.067699 0.089244
565 -0.047410 -0.063951 0.095554
566 -0.073885 -0.035044 0.104498
567 -0.072537 -0.038763 0.103177
568 -0.068119 -0.043193 0.103730
569 -0.064248 -0.050202 0.100947
570 -0.059391 -0.054918 0.099929
571 -0.054431 -0.056559 0.101203
572 -0.049108 -0.059001 0.101162
573 -0.098704 0.005145 0.081472
574 -0.100945 0.004657 0.075835
575 -0.041157 -0.071403 0.080464
576 -0.039879 -0.072335 0.073779
577 -0.040263 -0.072134 0.064881
578 -0.038315 -0.072422 0.069681
579 -0.035132 -0.071872 0.062062
580 -0.031007 -0.071277 0.057687
581 -0.028445 -0.070642 0.052607
582 -0.024019 -0.070727 0.054573
583 -0.039704 -0.069929 0.086640
584 -0.095962 0.005455 0.087348
585 -0.097333 0.010191 0.083256
586 -0.087563 -0.016624 0.097882
587 -0.094574 0.000001 0.090835
588 -0.090059 -0.011129 0.096189
589 -0.092512 -0.005601 0.093699
590 -0.072987 -0.030517 0.108146
591 -0.081750 -0.025203 0.101714
592 -0.077285 -0.026339 0.106193
593 -0.083274 -0.017790 0.103110
594 -0.040477 -0.066476 0.094365
595 -0.035172 -0.068677 0.091778
596 -0.043082 -0.062024 0.100088
597 -0.069282 -0.036661 0.107520
598 -0.068250 -0.032368 0.111035
599 -0.069166 -0.027367 0.113007
600 -0.064757 -0.040255 0.108565
601 -0.061688 -0.045016 0.107193
602 -0.056409 -0.050561 0.105916
603 -0.049909 -0.054403 0.105602
604 -0.043966 -0.057406 0.105050
605 -0.100283 0.009451 0.076458
606 -0.098586 0.014417 0.078875
607 -0.096035 0.016597 0.083565
608 -0.036413 -0.071924 0.080328
609 -0.034323 -0.072621 0.073830
610 -0.035020 -0.072393 0.067831
611 -0.029038 -0.072099 0.065075
612 -0.023846 -0.071538 0.061356
613 -0.019450 -0.070800 0.056178
614 -0.032822 -0.070823 0.086514
615 -0.093639 0.012177 0.089888
616 -0.092528 0.005633 0.093664
617 -0.086035 -0.011679 0.101700
618 -0.091022 0.000092 0.096931
619 -0.088731 -0.005251 0.099658
620 -0.074518 -0.023644 0.110204
621 -0.079073 -0.020441 0.106945
622 -0.071029 -0.021600 0.114047
623 -0.081292 -0.013056 0.107077
624 -0.092717 0.019267 0.088664
625 -0.090658 0.016365 0.093357
626 -0.029866 -0.069196 0.092319
627 -0.033851 -0.066671 0.096422
628 -0.037386 -0.063998 0.099525
629 -0.037557 -0.060159 0.104365
630 -0.064155 -0.035844 0.111910
631 -0.065239 -0.031122 0.113900
632 -0.065069 -0.024732 0.117042
633 -0.059229 -0.039785 0.112539
634 -0.056630 -0.044902 0.110430
635 -0.052862 -0.047056 0.110736
636 -0.050366 -0.050103 0.109374
637 -0.044417 -0.052255 0.109952
638 -0.039458 -0.055793 0.108396
639 -0.097881 0.020423 0.077590
640 -0.094985 0.022894 0.082556
641 -0.030453 -0.072371 0.080202
642 -0.028687 -0.072695 0.072181
643 -0.021606 -0.072264 0.067619
644 -0.014766 -0.070862 0.057408
645 -0.018672 -0.071645 0.062963
646 -0.025176 -0.071215 0.087451
647 -0.024546 -0.069229 0.093629
648 -0.090058 0.011152 0.096183
649 -0.087524 0.016711 0.097904
650 -0.088717 0.005290 0.099670
651 -0.084204 -0.005940 0.105436
652 -0.086861 0.000073 0.102927
653 -0.075239 -0.016148 0.112303
654 -0.068802 -0.017299 0.117137
655 -0.078115 -0.006932 0.111807
656 -0.091480 0.025659 0.087485
657 -0.088743 0.022260 0.093681
658 -0.027820 -0.066737 0.098078
659 -0.032190 -0.063636 0.101718
660 -0.031268 -0.060332 0.106140
661 -0.033906 -0.056834 0.109143
662 -0.059199 -0.032266 0.116972
663 -0.054391 -0.036806 0.116956
664 -0.058126 -0.026220 0.120273
665 -0.062196 -0.018519 0.120838
666 -0.052015 -0.042389 0.114579
667 -0.047673 -0.047240 0.112905
668 -0.042077 -0.048257 0.114223
669 -0.037192 -0.051848 0.112836
670 -0.096131 0.027206 0.077320
671 -0.093294 0.028181 0.082609
672 -0.021292 -0.067285 0.098327
673 -0.009997 -0.070914 0.058252
674 -0.013279 -0.071506 0.062472
675 -0.022500 -0.072634 0.080282
676 -0.018917 -0.072755 0.074317
677 -0.014251 -0.072250 0.068361
678 -0.019075 -0.070168 0.091977
679 -0.017155 -0.071726 0.086555
680 -0.085331 0.021711 0.098795
681 -0.086016 0.011724 0.101712
682 -0.083251 0.017872 0.103107
683 -0.084196 0.005957 0.105443
684 -0.081740 0.000057 0.108982
685 -0.076569 0.000022 0.113930
686 -0.066367 -0.012947 0.119812
687 -0.062435 -0.012461 0.122125
688 -0.071450 -0.009526 0.117021
689 -0.073692 -0.003577 0.116072
690 -0.072568 0.000053 0.117116
691 -0.089728 0.032450 0.086026
692 -0.087210 0.029444 0.092027
693 -0.085156 0.026262 0.096779
694 -0.025021 -0.062562 0.104942
695 -0.027505 -0.057696 0.109889
696 -0.030645 -0.054084 0.112611
697 -0.053655 -0.032196 0.119703
698 -0.049216 -0.037196 0.118946
699 -0.052775 -0.027307 0.122175
700 -0.054925 -0.021454 0.123330
701 -0.057360 -0.014564 0.124065
702 -0.043938 -0.042667 0.117577
703 -0.037133 -0.046118 0.117357
704 -0.043491 -0.036976 0.121029
705 -0.030797 -0.049363 0.116529
706 -0.092868 0.034204 0.078683
707 -0.088175 0.038121 0.084016
708 -0.017596 -0.061257 0.107400
709 -0.017354 -0.064785 0.102810
710 -0.014547 -0.068178 0.097050
711 -0.005174 -0.070955 0.058703
712 -0.008494 -0.071755 0.064551
713 -0.014154 -0.072549 0.081241
714 -0.011792 -0.072680 0.074962
715 -0.006890 -0.072419 0.071066
716 -0.012204 -0.070405 0.091479
717 -0.009711 -0.071689 0.086412
718 -0.081261 0.025626 0.102092
719 -0.079001 0.020546 0.106980
720 -0.081257 0.013076 0.107110
721 -0.078075 0.006930 0.111847
722 -0.073361 0.003653 0.116323
723 -0.059791 -0.008353 0.124054
724 -0.065636 -0.007690 0.121116
725 -0.069404 -0.002936 0.119209
726 -0.069355 0.003125 0.119230
727 -0.085161 0.036473 0.090130
728 -0.084945 0.041320 0.086253
729 -0.082183 0.032292 0.097140
730 -0.020460 -0.058070 0.110617
731 -0.023620 -0.053162 0.114762
732 -0.053678 -0.009515 0.126410
733 -0.047264 -0.031345 0.122519
734 -0.048911 -0.024263 0.124690
735 -0.041014 -0.033576 0.123432
736 -0.050573 -0.016768 0.126208
737 -0.045116 -0.021035 0.126896
738 -0.031974 -0.044418 0.119790
739 -0.036444 -0.039284 0.121781
740 -0.024415 -0.045944 0.120204
741 -0.090220 0.040957 0.077192
742 -0.086119 0.043588 0.082012
743 -0.082242 0.045791 0.085780
744 -0.083466 0.047753 0.081621
745 -0.011833 -0.062010 0.106609
746 -0.013212 -0.057880 0.111212
747 -0.010093 -0.065887 0.101152
748 -0.007848 -0.068564 0.095962
749 -0.001949 -0.071849 0.065404
750 -0.000331 -0.070969 0.058777
751 0.004505 -0.070939 0.058501
752 0.002645 -0.071493 0.062582
753 0.009310 -0.070850 0.057901
754 0.006201 -0.071427 0.062148
755 -0.004785 -0.072426 0.079829
756 0.000417 -0.072404 0.072685
757 -0.005293 -0.070388 0.090808
758 -0.003464 -0.071423 0.086485
759 0.002953 -0.071407 0.084832
760 -0.077164 0.026507 0.106235
761 -0.077538 0.031333 0.103161
762 -0.074468 0.023735 0.110212
763 -0.075230 0.016145 0.112313
764 -0.071462 0.009436 0.117027
765 -0.050212 -0.004426 0.128181
766 -0.055846 -0.003204 0.126217
767 -0.062694 0.000000 0.123218
768 -0.065631 0.007698 0.121118
769 -0.081401 0.042472 0.090241
770 -0.080571 0.038639 0.094582
771 -0.076726 0.037392 0.099980
772 -0.015463 -0.053766 0.115037
773 -0.017100 -0.048508 0.119193
774 -0.047143 -0.010292 0.128517
775 -0.041679 -0.027258 0.125872
776 -0.035776 -0.031945 0.125516
777 -0.043537 -0.015828 0.128608
778 -0.038932 -0.021239 0.128527
779 -0.017894 -0.043593 0.122537
780 -0.027814 -0.040534 0.122985
781 -0.030356 -0.035559 0.125073
782 -0.021444 -0.040701 0.123915
783 -0.086601 0.046883 0.077030
784 -0.082305 0.051384 0.078803
785 -0.079422 0.050751 0.084230
786 -0.077819 0.047886 0.089601
787 -0.007831 -0.054493 0.114389
788 -0.006247 -0.063632 0.104249
789 -0.004776 -0.059312 0.109384
790 -0.003250 -0.066442 0.099634
791 -0.001731 -0.068641 0.094994
792 0.014066 -0.070687 0.056997
793 0.013904 -0.071103 0.060456
794 0.005151 -0.072023 0.067629
795 0.010441 -0.071554 0.063724
796 0.004284 -0.072157 0.078801
797 0.006696 -0.072239 0.073378
798 0.002198 -0.069871 0.091011
799 0.008395 -0.071371 0.082983
800 0.008423 -0.070254 0.088017
801 -0.073052 0.030562 0.108060
802 -0.073904 0.035079 0.104457
803 -0.070862 0.021813 0.114099
804 -0.069633 0.027313 0.112674
805 -0.051954 -0.000003 0.127797
806 -0.043866 -0.004944 0.130024
807 -0.047278 0.000000 0.129305
808 -0.068817 0.017238 0.117144
809 -0.066352 0.012954 0.119820
810 -0.055881 0.003166 0.126206
811 -0.059787 0.008355 0.124056
812 -0.062435 0.012461 0.122125
813 -0.076696 0.043300 0.095291
814 -0.073394 0.049204 0.093439
815 -0.072548 0.038778 0.103156
816 -0.073175 0.042008 0.100085
817 -0.010431 -0.049371 0.118774
818 -0.012033 -0.044297 0.122380
819 -0.039991 -0.010058 0.130485
820 -0.037413 -0.004801 0.131646
821 -0.033873 -0.026557 0.128036
822 -0.028783 -0.030305 0.127675
823 -0.036204 -0.015645 0.130474
824 -0.033062 -0.020707 0.129979
825 -0.014321 -0.038028 0.126090
826 -0.022860 -0.035175 0.126584
827 -0.022854 -0.028643 0.129307
828 -0.080575 0.055331 0.075802
829 -0.076604 0.056296 0.080887
830 -0.073390 0.053701 0.088551
831 -0.003017 -0.050418 0.117681
832 -0.000364 -0.055246 0.113146
833 0.000289 -0.063227 0.104099
834 0.003546 -0.059419 0.108378
835 0.003811 -0.066775 0.097838
836 0.018754 -0.070443 0.055802
837 0.023353 -0.070126 0.054315
838 0.019424 -0.070734 0.059091
839 0.027436 -0.069887 0.055050
840 0.026486 -0.070137 0.059020
841 0.016316 -0.071380 0.064694
842 0.011749 -0.071912 0.069574
843 0.011780 -0.071767 0.077557
844 0.009780 -0.068188 0.093312
845 0.013780 -0.070570 0.084148
846 0.014995 -0.068938 0.089187
847 -0.068375 0.032377 0.110933
848 -0.069366 0.036733 0.107401
849 -0.065119 0.024474 0.117115
850 -0.065239 0.031122 0.113900
851 -0.050207 0.004426 0.128182
852 -0.040917 -0.000008 0.131041
853 -0.043830 0.004933 0.130035
854 -0.062197 0.018471 0.120851
855 -0.053664 0.009520 0.126415
856 -0.057357 0.014557 0.124068
857 -0.068656 0.052744 0.094652
858 -0.070883 0.046954 0.098120
859 -0.068229 0.043082 0.103724
860 -0.047556 0.071471 0.056420
861 -0.047367 0.071493 0.056707
862 -0.046904 0.071449 0.056065
863 -0.005228 -0.045195 0.121704
864 -0.007180 -0.040389 0.124827
865 -0.034404 0.000001 0.132600
866 -0.032097 -0.009659 0.132314
867 -0.031465 -0.003819 0.133029
868 -0.026774 -0.023544 0.130365
869 -0.029381 -0.016336 0.131712
870 -0.025945 -0.011566 0.133155
871 -0.007690 -0.036165 0.127225
872 -0.010222 -0.033055 0.128732
873 -0.016053 -0.030208 0.129565
874 -0.019467 -0.023530 0.131466
875 -0.047463 0.071407 0.055498
876 -0.046630 0.071338 0.054595
877 -0.076802 0.059118 0.075862
878 -0.066767 0.057579 0.090934
879 -0.063208 0.055729 0.096257
880 -0.071952 0.061641 0.078682
881 -0.069725 0.059791 0.084722
882 -0.047928 0.071451 0.056153
883 -0.047727 0.071509 0.056991
884 -0.047279 0.071527 0.057205
885 -0.048058 0.071412 0.055596
886 0.002261 -0.046318 0.120451
887 0.004229 -0.051281 0.116313
888 0.007122 -0.055662 0.111863
889 0.007648 -0.063086 0.103015
890 0.011020 -0.059156 0.107418
891 0.012207 -0.065373 0.098161
892 0.032231 -0.069353 0.056056
893 0.028922 -0.069819 0.062006
894 0.022842 -0.070746 0.064407
895 0.017902 -0.071393 0.071390
896 0.018803 -0.070693 0.078899
897 0.017344 -0.066482 0.093880
898 0.020030 -0.069197 0.084867
899 0.020400 -0.067443 0.089845
900 -0.064155 0.035844 0.111910
901 -0.064773 0.040400 0.108450
902 -0.058113 0.026140 0.120311
903 -0.059199 0.032266 0.116972
904 -0.047135 0.010292 0.128520
905 -0.037234 0.004755 0.131692
906 -0.031445 0.003821 0.133033
907 -0.039961 0.010052 0.130493
908 -0.054925 0.021454 0.123330
909 -0.050573 0.016768 0.126208
910 -0.052771 0.027294 0.122182
911 -0.064265 0.050197 0.100938
912 -0.061690 0.045077 0.107144
913 -0.059391 0.054920 0.099927
914 -0.061679 0.059504 0.092968
915 -0.058254 0.058599 0.096622
916 -0.046655 0.071196 0.052786
917 -0.045076 0.071192 0.053015
918 -0.046503 0.071523 0.057071
919 -0.045443 0.071407 0.055587
920 -0.000559 -0.041135 0.124103
921 -0.003130 -0.037152 0.126552
922 -0.028154 0.000005 0.133848
923 -0.025302 -0.005773 0.133947
924 -0.022179 -0.016608 0.132839
925 -0.021429 -0.010404 0.133993
926 -0.003644 -0.032182 0.129095
927 -0.009205 -0.028194 0.130747
928 -0.013080 -0.023371 0.132145
929 -0.016133 -0.018503 0.133161
930 -0.045825 0.070983 0.050374
931 -0.041221 0.070283 0.044147
932 -0.044808 0.070132 0.040807
933 -0.045080 0.070608 0.046267
934 -0.047700 0.071309 0.054157
935 -0.047774 0.071131 0.051815
936 -0.048529 0.070122 0.039158
937 -0.048134 0.069949 0.037209
938 -0.068401 0.065053 0.076062
939 -0.062772 0.062633 0.087388
940 -0.065880 0.064166 0.081308
941 -0.048269 0.071346 0.054670
942 -0.047118 0.071563 0.057718
943 -0.047596 0.071545 0.057522
944 0.006897 -0.042004 0.122898
945 0.009231 -0.047208 0.119014
946 0.010065 -0.052080 0.114842
947 0.014317 -0.055087 0.111207
948 0.015164 -0.062156 0.102446
949 0.018152 -0.058357 0.106612
950 0.019285 -0.063989 0.097964
951 0.036747 -0.068555 0.057090
952 0.033154 -0.068946 0.062820
953 0.029300 -0.069482 0.068108
954 0.024026 -0.070299 0.072918
955 0.024883 -0.069079 0.080186
956 0.023708 -0.065102 0.093249
957 0.026749 -0.066702 0.086798
958 -0.059230 0.039808 0.112523
959 -0.056577 0.045015 0.110374
960 -0.053655 0.032196 0.119703
961 -0.054391 0.036811 0.116954
962 -0.025431 0.005863 0.133919
963 -0.043537 0.015828 0.128608
964 -0.032093 0.009665 0.132314
965 -0.036197 0.015642 0.130476
966 -0.048904 0.024269 0.124690
967 -0.045116 0.021035 0.126896
968 -0.047221 0.031394 0.122512
969 -0.056416 0.050571 0.105903
970 -0.052862 0.047056 0.110736
971 -0.054432 0.056562 0.101200
972 -0.057196 0.062598 0.091989
973 -0.053070 0.061175 0.096556
974 -0.046220 0.071635 0.058649
975 -0.042422 0.070889 0.050392
976 -0.037382 0.070413 0.047194
977 -0.043303 0.071264 0.054269
978 -0.044948 0.071561 0.057567
979 -0.043845 0.071458 0.056412
980 -0.040920 0.071161 0.053807
981 0.003422 -0.035819 0.126801
982 0.010633 -0.038217 0.124648
983 -0.021085 0.000005 0.134876
984 0.003772 -0.030341 0.129387
985 -0.017979 -0.005692 0.134910
986 -0.016063 -0.012411 0.134321
987 -0.002200 -0.025696 0.131546
988 -0.007208 -0.022562 0.132599
989 -0.009953 -0.016518 0.134003
990 -0.047685 0.070844 0.048227
991 -0.047784 0.070449 0.043401
992 -0.048605 0.071235 0.053127
993 -0.049124 0.071047 0.050552
994 -0.051196 0.069715 0.033387
995 -0.050708 0.070213 0.039675
996 -0.056634 0.065596 0.087203
997 -0.062709 0.067475 0.076708
998 -0.059328 0.066876 0.082002
999 -0.047383 0.071603 0.058374
1000 -0.047027 0.071693 0.059754
1001 0.014184 -0.042874 0.121312
1002 0.017950 -0.037087 0.124066
1003 0.016744 -0.049091 0.116258
1004 0.021515 -0.053952 0.110619
1005 0.022553 -0.060828 0.101764
1006 0.024217 -0.057279 0.105936
1007 0.026439 -0.062107 0.097674
1008 0.041251 -0.067481 0.058127
1009 0.037915 -0.067725 0.063757
1010 0.041330 -0.066840 0.063823
1011 0.034529 -0.068060 0.069154
1012 0.030077 -0.068624 0.074471
1013 0.031725 -0.066917 0.080654
1014 0.031984 -0.062848 0.092306
1015 0.034097 -0.064713 0.085574
1016 -0.051937 0.042347 0.114644
1017 -0.048711 0.037212 0.119128
1018 -0.050349 0.050094 0.109390
1019 -0.047590 0.047131 0.113025
1020 -0.017970 0.005763 0.134905
1021 -0.025948 0.011635 0.133144
1022 -0.021462 0.010483 0.133978
1023 -0.038927 0.021241 0.128528
1024 -0.029386 0.016352 0.131708
1025 -0.033061 0.020707 0.129979
1026 -0.041657 0.027284 0.125868
1027 -0.043329 0.037113 0.121007
1028 -0.040898 0.033731 0.123393
1029 -0.049108 0.059001 0.101162
1030 -0.049909 0.054406 0.105599
1031 -0.051904 0.065372 0.090851
1032 -0.047291 0.063827 0.095798
1033 -0.044592 0.071693 0.059299
1034 -0.045245 0.071786 0.060749
1035 -0.037909 0.070900 0.052094
1036 -0.033310 0.070528 0.049923
1037 -0.041848 0.071423 0.056372
1038 -0.043082 0.071619 0.058386
1039 -0.038800 0.071290 0.055740
1040 0.011409 -0.032799 0.127337
1041 0.018549 -0.031949 0.126541
1042 0.009339 -0.027345 0.129900
1043 -0.014088 0.000000 0.135554
1044 0.003839 -0.023748 0.131732
1045 -0.010360 -0.007762 0.135294
1046 -0.001841 -0.018620 0.133493
1047 -0.004640 -0.012283 0.134787
1048 0.024246 -0.032856 0.124961
1049 0.022526 -0.029023 0.127028
1050 -0.049875 0.070723 0.046252
1051 -0.052306 0.068419 0.083932
1052 -0.055938 0.069548 0.077338
1053 -0.046427 0.071829 0.061990
1054 0.021711 -0.043103 0.119688
1055 0.026507 -0.037714 0.121908
1056 0.025276 -0.048455 0.114734
1057 0.028445 -0.053232 0.109121
1058 0.029919 -0.057968 0.102526
1059 0.033166 -0.059909 0.097384
1060 0.041204 -0.066135 0.069754
1061 0.035993 -0.066761 0.075255
1062 0.039223 -0.059398 0.093886
1063 0.038072 -0.064688 0.081247
1064 0.040150 -0.061977 0.087493
1065 -0.043506 0.042234 0.117999
1066 -0.044400 0.052252 0.109963
1067 -0.041966 0.048129 0.114361
1068 -0.010366 0.007798 0.135290
1069 -0.016105 0.012576 0.134292
1070 -0.022210 0.016658 0.132824
1071 -0.033873 0.026557 0.128036
1072 -0.027128 0.023331 0.130367
1073 -0.035753 0.031947 0.125520
1074 -0.036347 0.039359 0.121764
1075 -0.043082 0.062024 0.100088
1076 -0.043934 0.057408 0.105061
1077 -0.039427 0.055798 0.108403
1078 -0.046314 0.067668 0.089356
1079 -0.046162 0.069985 0.083214
1080 -0.040501 0.066487 0.094335
1081 -0.042881 0.071835 0.061074
1082 -0.043769 0.071992 0.063699
1083 -0.034522 0.071087 0.055006
1084 -0.029031 0.070629 0.052314
1085 -0.039897 0.071691 0.059564
1086 -0.036403 0.071467 0.058043
1087 0.016265 -0.026585 0.129103
1088 0.010976 -0.021569 0.131488
1089 -0.006667 0.000031 0.135843
1090 0.006087 -0.017097 0.133206
1091 -0.002864 -0.006406 0.135475
1092 0.001703 -0.011907 0.134522
1093 0.030995 -0.032501 0.123553
1094 0.028135 -0.028132 0.126171
1095 0.023374 -0.023559 0.128749
1096 -0.049492 0.070868 0.077243
1097 -0.045414 0.072013 0.065612
1098 -0.042032 0.072232 0.068074
1099 0.029295 -0.042285 0.118325
1100 0.033845 -0.037002 0.120382
1101 0.032740 -0.047295 0.113372
1102 0.035888 -0.052169 0.107164
1103 0.038522 -0.055680 0.101008
1104 0.041724 -0.064736 0.076432
1105 0.044644 -0.056293 0.095678
1106 0.045500 -0.058480 0.090868
1107 0.044533 -0.062386 0.081894
1108 0.046628 -0.060210 0.086144
1109 -0.037240 0.045764 0.117576
1110 -0.037192 0.051848 0.112836
1111 -0.031943 0.044456 0.119772
1112 -0.002865 0.006414 0.135474
1113 -0.016145 0.018550 0.133149
1114 -0.004642 0.012292 0.134786
1115 -0.009959 0.016529 0.134000
1116 -0.019603 0.023543 0.131445
1117 -0.028832 0.030280 0.127675
1118 -0.022844 0.028652 0.129305
1119 -0.030357 0.035570 0.125067
1120 -0.027978 0.040473 0.122989
1121 -0.037342 0.063998 0.099539
1122 -0.037411 0.060163 0.104410
1123 -0.034106 0.056806 0.109112
1124 -0.042519 0.071691 0.077954
1125 -0.039944 0.069993 0.086343
1126 -0.033831 0.066678 0.096416
1127 -0.035172 0.068677 0.091778
1128 -0.040221 0.072118 0.064626
1129 -0.038723 0.072404 0.069552
1130 -0.040052 0.072338 0.073384
1131 -0.031272 0.071303 0.057840
1132 -0.024572 0.070717 0.054351
1133 -0.035343 0.071897 0.062264
1134 0.018184 -0.019606 0.130800
1135 0.013095 -0.015129 0.132675
1136 0.000623 0.000001 0.135606
1137 0.008988 -0.011014 0.133920
1138 0.004358 -0.005826 0.134911
1139 0.025054 -0.017735 0.129901
1140 0.037974 -0.031670 0.122042
1141 0.034751 -0.027296 0.124882
1142 0.030609 -0.022526 0.127512
1143 0.036810 -0.041398 0.116597
1144 0.041140 -0.035801 0.118773
1145 0.040073 -0.046246 0.111433
1146 0.043479 -0.050122 0.105572
1147 0.046513 -0.052691 0.100194
1148 0.048953 -0.062249 0.077297
1149 0.050159 -0.054769 0.094229
1150 0.051342 -0.057487 0.088262
1151 0.051051 -0.060005 0.082539
1152 -0.031125 0.049460 0.116380
1153 -0.031015 0.053973 0.112624
1154 -0.024479 0.046226 0.120000
1155 0.004358 0.005827 0.134911
1156 0.001733 0.011926 0.134517
1157 -0.013095 0.023436 0.132125
1158 -0.001750 0.018700 0.133470
1159 -0.007214 0.022702 0.132560
1160 -0.016037 0.030224 0.129560
1161 -0.022829 0.035215 0.126570
1162 -0.021565 0.040850 0.123813
1163 -0.032104 0.063611 0.101778
1164 -0.028045 0.057849 0.109620
1165 -0.031297 0.060456 0.105988
1166 -0.027742 0.066781 0.098018
1167 -0.024989 0.071294 0.059212
1168 -0.019962 0.070792 0.056019
1169 -0.036529 0.071992 0.079861
1170 -0.032900 0.070854 0.086377
1171 -0.029770 0.069174 0.092403
1172 -0.035064 0.072381 0.067672
1173 -0.034798 0.072603 0.073853
1174 -0.028505 0.072040 0.064632
1175 0.020139 -0.012806 0.131849
1176 0.015074 -0.007730 0.133453
1177 0.007861 0.000000 0.134740
1178 0.010111 -0.005275 0.134329
1179 0.043092 -0.031232 0.120623
1180 0.027694 -0.011327 0.130540
1181 0.032468 -0.016608 0.128552
1182 0.041541 -0.026631 0.123203
1183 0.037953 -0.021630 0.125967
1184 0.044255 -0.039962 0.114817
1185 0.047052 -0.033573 0.117883
1186 0.048559 -0.044109 0.109227
1187 0.050582 -0.048445 0.103163
1188 0.053101 -0.051215 0.097690
1189 0.056131 -0.059657 0.078260
1190 0.056839 -0.053618 0.091118
1191 0.057344 -0.056925 0.084394
1192 -0.024708 0.053247 0.114521
1193 -0.022846 0.058228 0.110166
1194 0.010111 0.005275 0.134329
1195 -0.017972 0.043954 0.122297
1196 -0.017178 0.049761 0.118235
1197 0.008988 0.011014 0.133920
1198 0.006178 0.017111 0.133193
1199 -0.009292 0.028422 0.130661
1200 -0.010109 0.033001 0.128760
1201 0.004260 0.023780 0.131681
1202 -0.001928 0.026128 0.131391
1203 -0.014425 0.038014 0.126092
1204 -0.007628 0.036156 0.127229
1205 -0.024499 0.069197 0.093717
1206 -0.024906 0.062878 0.104557
1207 -0.021206 0.067323 0.098268
1208 -0.019998 0.071250 0.059785
1209 -0.022174 0.071723 0.063071
1210 -0.015231 0.070856 0.057304
1211 -0.030471 0.072390 0.080049
1212 -0.025267 0.071220 0.087411
1213 -0.028465 0.072710 0.072486
1214 -0.021407 0.072304 0.068022
1215 0.022954 -0.004835 0.132292
1216 0.015690 0.000000 0.133828
1217 0.048316 -0.026927 0.120736
1218 0.030640 -0.005335 0.130610
1219 0.034718 -0.010522 0.129079
1220 0.039708 -0.015427 0.127007
1221 0.044362 -0.020826 0.124305
1222 0.051268 -0.037409 0.113468
1223 0.054144 -0.030612 0.116381
1224 0.055239 -0.039955 0.109116
1225 0.054614 -0.044401 0.105131
1226 0.057063 -0.046910 0.100571
1227 0.058589 -0.049690 0.095842
1228 0.062064 -0.050305 0.092262
1229 0.063161 -0.056708 0.079272
1230 0.063659 -0.053222 0.086079
1231 -0.018263 0.055754 0.113059
1232 -0.018166 0.060484 0.108252
1233 0.015074 0.007730 0.133453
1234 -0.012896 0.053636 0.115237
1235 -0.011947 0.044660 0.122141
1236 -0.009674 0.049788 0.118445
1237 0.013134 0.015145 0.132665
1238 0.010976 0.021523 0.131501
1239 0.009155 0.026901 0.130083
1240 -0.003416 0.032168 0.129093
1241 0.003761 0.029637 0.129680
1242 -0.007131 0.040421 0.124806
1243 -0.002957 0.037129 0.126556
1244 -0.019075 0.070168 0.091977
1245 -0.016853 0.064778 0.102847
1246 -0.014547 0.068178 0.097050
1247 -0.016072 0.071630 0.063148
1248 -0.010410 0.070910 0.058195
1249 -0.022495 0.072622 0.080411
1250 -0.017182 0.071720 0.086581
1251 -0.018966 0.072768 0.074633
1252 -0.014251 0.072360 0.069459
1253 0.028850 0.000000 0.131294
1254 0.022924 0.004623 0.132315
1255 0.054072 -0.024830 0.119171
1256 0.051566 -0.019528 0.122053
1257 0.058114 -0.025526 0.116833
1258 0.034330 -0.000001 0.130015
1259 0.036515 -0.004899 0.129251
1260 0.041279 -0.008755 0.127615
1261 0.046477 -0.014227 0.125191
1262 0.052304 -0.012900 0.123275
1263 0.058274 -0.034470 0.111651
1264 0.060745 -0.028870 0.113671
1265 0.061851 -0.036931 0.107341
1266 0.067171 -0.048294 0.090844
1267 0.061423 -0.041459 0.103463
1268 0.063634 -0.045917 0.096944
1269 0.069814 -0.052981 0.080240
1270 0.070913 -0.049186 0.085684
1271 0.072111 -0.045883 0.089354
1272 -0.012251 0.057788 0.111309
1273 -0.011833 0.062010 0.106609
1274 0.020232 0.012788 0.131834
1275 -0.007389 0.054545 0.114321
1276 -0.005228 0.045195 0.121704
1277 -0.003017 0.050418 0.117681
1278 0.018101 0.019676 0.130798
1279 0.016031 0.026733 0.129091
1280 0.010429 0.031864 0.127911
1281 0.003744 0.035492 0.126942
1282 -0.000373 0.041190 0.124057
1283 -0.012242 0.070370 0.091590
1284 -0.010010 0.065882 0.101156
1285 -0.007839 0.068558 0.095974
1286 -0.009764 0.071749 0.064459
1287 -0.005531 0.070952 0.058683
1288 -0.014153 0.072551 0.081213
1289 -0.009790 0.071671 0.086509
1290 -0.012371 0.072693 0.075061
1291 -0.007215 0.072432 0.071196
1292 0.030667 0.005286 0.130608
1293 0.027711 0.011247 0.130548
1294 0.036519 0.004909 0.129249
1295 0.057689 -0.020648 0.118922
1296 0.056278 -0.016050 0.120899
1297 0.063319 -0.022216 0.115212
1298 0.056910 -0.012132 0.121403
1299 0.042162 -0.000007 0.127919
1300 0.047988 -0.007453 0.125643
1301 0.054254 -0.008328 0.123121
1302 0.065921 -0.026675 0.111529
1303 0.065387 -0.031713 0.108867
1304 0.066382 -0.036930 0.104092
1305 0.070347 -0.043609 0.094102
1306 0.068229 -0.040050 0.099800
1307 0.075872 -0.048332 0.081101
1308 0.076096 -0.045104 0.085708
1309 0.075533 -0.041943 0.090748
1310 -0.006247 0.063632 0.104249
1311 -0.004776 0.059312 0.109384
1312 0.025189 0.017620 0.129898
1313 -0.000364 0.055246 0.113146
1314 0.002261 0.046318 0.120451
1315 0.004257 0.051271 0.116319
1316 0.023305 0.023281 0.128844
1317 0.022245 0.029078 0.127063
1318 0.017688 0.032990 0.126211
1319 0.011445 0.037071 0.125160
1320 0.006980 0.042012 0.122883
1321 -0.005279 0.070400 0.090767
1322 -0.003481 0.071429 0.086462
1323 -0.003250 0.066442 0.099634
1324 -0.001732 0.068641 0.094993
1325 -0.000629 0.070969 0.058783
1326 -0.002281 0.071852 0.065428
1327 0.004267 0.070942 0.058522
1328 0.002676 0.071540 0.062941
1329 -0.004794 0.072425 0.079840
1330 0.000135 0.072417 0.072928
1331 0.002940 0.071409 0.084825
1332 0.069924 -0.022057 0.110958
1333 0.034700 0.010565 0.129078
1334 0.032635 0.016573 0.128521
1335 0.041271 0.008866 0.127605
1336 0.061638 -0.014888 0.118463
1337 0.067894 -0.015720 0.114486
1338 0.059458 -0.008617 0.120684
1339 0.048611 0.007179 0.125448
1340 0.049899 -0.000041 0.125314
1341 0.057001 -0.005112 0.122173
1342 0.053207 -0.004197 0.123891
1343 0.053433 0.004139 0.123799
1344 0.071711 -0.027785 0.106753
1345 0.075087 -0.022479 0.106942
1346 0.072308 -0.033582 0.102270
1347 0.074250 -0.038426 0.096175
1348 0.081121 -0.042763 0.081806
1349 0.080396 -0.039849 0.086974
1350 0.079176 -0.037549 0.091590
1351 0.000289 0.063227 0.104099
1352 0.003546 0.059419 0.108378
1353 0.030571 0.022516 0.127524
1354 0.007122 0.055662 0.111863
1355 0.009400 0.047139 0.119043
1356 0.010065 0.052080 0.114842
1357 0.027727 0.028058 0.126293
1358 0.024254 0.033176 0.124804
1359 0.018921 0.037768 0.123509
1360 0.014308 0.042752 0.121370
1361 0.002190 0.069873 0.091006
1362 0.003809 0.066776 0.097837
1363 0.013950 0.070692 0.057023
1364 0.009134 0.070854 0.057928
1365 0.013654 0.071146 0.060777
1366 0.009032 0.071568 0.063576
1367 0.004249 0.072105 0.068488
1368 0.004166 0.072166 0.078765
1369 0.006402 0.072252 0.073650
1370 0.008464 0.070256 0.087996
1371 0.008320 0.071395 0.082880
1372 0.074695 -0.016114 0.109584
1373 0.071443 -0.010364 0.113271
1374 0.076425 -0.009873 0.109667
1375 0.073906 -0.006616 0.112015
1376 0.039859 0.015734 0.126904
1377 0.037907 0.021757 0.125942
1378 0.075151 -0.000209 0.111412
1379 0.074043 -0.003100 0.112172
1380 0.076756 -0.002112 0.110178
1381 0.046411 0.014772 0.125107
1382 0.052271 0.013607 0.123159
1383 0.065245 -0.008304 0.117628
1384 0.069868 -0.004663 0.115025
1385 0.060706 -0.004404 0.120407
1386 0.054576 0.008496 0.122964
1387 0.057136 0.000000 0.122243
1388 0.056985 0.005151 0.122178
1389 0.078488 -0.026299 0.102023
1390 0.079917 -0.018846 0.104482
1391 0.079999 -0.032354 0.095922
1392 0.085594 -0.036538 0.082390
1393 0.083598 -0.034204 0.088867
1394 0.083649 -0.026109 0.096571
1395 0.007652 0.063050 0.103065
1396 0.011036 0.059225 0.107332
1397 0.034746 0.027334 0.124868
1398 0.014311 0.055092 0.111203
1399 0.016761 0.049051 0.116287
1400 0.031014 0.032556 0.123521
1401 0.026507 0.037714 0.121908
1402 0.021890 0.043182 0.119595
1403 0.009783 0.068187 0.093315
1404 0.012212 0.065338 0.098223
1405 0.027436 0.069887 0.055050
1406 0.023353 0.070126 0.054315
1407 0.025781 0.070185 0.058295
1408 0.018697 0.070447 0.055819
1409 0.020084 0.070764 0.059894
1410 0.015546 0.071473 0.065354
1411 0.010754 0.071982 0.070047
1412 0.011530 0.071806 0.077347
1413 0.014979 0.068955 0.089149
1414 0.013690 0.070524 0.084412
1415 0.080559 -0.012710 0.105775
1416 0.077533 -0.005067 0.109429
1417 0.080379 -0.007891 0.106852
1418 0.079083 -0.002258 0.108362
1419 0.077998 -0.000134 0.109240
1420 0.041484 0.026772 0.123164
1421 0.044737 0.021107 0.124099
1422 0.076768 0.001949 0.110173
1423 0.071168 -0.000090 0.114256
1424 0.074058 0.002968 0.112167
1425 0.051562 0.019943 0.121935
1426 0.056845 0.012246 0.121414
1427 0.056344 0.016119 0.120851
1428 0.064404 0.000000 0.118493
1429 0.059428 0.008954 0.120659
1430 0.060810 0.004500 0.120349
1431 0.084372 -0.020705 0.099205
1432 0.084977 -0.014318 0.101086
1433 0.086151 -0.028011 0.091000
1434 0.089232 -0.029779 0.082847
1435 0.087895 -0.021627 0.093474
1436 0.015269 0.062205 0.102343
1437 0.018192 0.058295 0.106676
1438 0.037970 0.031689 0.122034
1439 0.021491 0.053967 0.110610
1440 0.025252 0.048467 0.114730
1441 0.033847 0.037014 0.120374
1442 0.029295 0.042285 0.118325
1443 0.043092 0.031232 0.120623
1444 0.017342 0.066483 0.093878
1445 0.019288 0.063988 0.097964
1446 0.032231 0.069353 0.056056
1447 0.027134 0.070109 0.061781
1448 0.022125 0.070866 0.065997
1449 0.017420 0.071442 0.071892
1450 0.020392 0.067454 0.089822
1451 0.018552 0.070759 0.078749
1452 0.020030 0.069197 0.084867
1453 0.085116 -0.007854 0.102492
1454 0.081629 -0.003846 0.106210
1455 0.080923 -0.000079 0.106898
1456 0.079117 0.002073 0.108339
1457 0.048292 0.027078 0.120681
1458 0.054086 0.024915 0.119130
1459 0.077473 0.005002 0.109481
1460 0.069945 0.004650 0.114974
1461 0.073798 0.006483 0.112108
1462 0.057817 0.020717 0.118834
1463 0.061638 0.014888 0.118463
1464 0.065289 0.008352 0.117597
1465 0.088541 -0.015680 0.095820
1466 0.088739 -0.009791 0.097608
1467 0.090586 -0.022319 0.087476
1468 0.092131 -0.022668 0.083216
1469 0.091574 -0.016275 0.089893
1470 0.022543 0.060880 0.101689
1471 0.024212 0.057295 0.105918
1472 0.041140 0.035801 0.118773
1473 0.028323 0.053290 0.109103
1474 0.032740 0.047295 0.113372
1475 0.036810 0.041398 0.116597
1476 0.047052 0.033573 0.117883
1477 0.023701 0.065107 0.093243
1478 0.026436 0.062109 0.097672
1479 0.032748 0.069044 0.062668
1480 0.036747 0.068555 0.057090
1481 0.028231 0.069728 0.068048
1482 0.023443 0.070378 0.073433
1483 0.026746 0.066705 0.086793
1484 0.024883 0.069079 0.080186
1485 0.088562 -0.004559 0.098845
1486 0.085659 -0.000119 0.102550
1487 0.081620 0.003811 0.106219
1488 0.054182 0.030584 0.116377
1489 0.058176 0.025546 0.116791
1490 0.080357 0.007866 0.106874
1491 0.076424 0.009866 0.109669
1492 0.071489 0.010366 0.113238
1493 0.063354 0.022223 0.115189
1494 0.067902 0.015774 0.114466
1495 0.091749 -0.010694 0.092308
1496 0.091537 -0.005362 0.094123
1497 0.094217 -0.015272 0.083479
1498 0.093758 -0.011201 0.087458
1499 0.029918 0.057970 0.102524
1500 0.044257 0.039961 0.114817
1501 0.035888 0.052168 0.107164
1502 0.040073 0.046246 0.111433
1503 0.051276 0.037404 0.113467
1504 0.033141 0.059901 0.097417
1505 0.031981 0.062851 0.092303
1506 0.041251 0.067481 0.058127
1507 0.037853 0.067756 0.063595
1508 0.041330 0.066840 0.063823
1509 0.034099 0.064713 0.085573
1510 0.034265 0.068130 0.069166
1511 0.029423 0.068703 0.075179
1512 0.031608 0.066924 0.080774
1513 0.090209 0.000000 0.096816
1514 0.088696 0.004536 0.098668
1515 0.085109 0.007840 0.102502
1516 0.058281 0.034466 0.111649
1517 0.060780 0.028847 0.113662
1518 0.080560 0.012696 0.105778
1519 0.065921 0.026675 0.111529
1520 0.074613 0.016389 0.109566
1521 0.069936 0.022048 0.110954
1522 0.093927 -0.005832 0.088910
1523 0.093098 0.000000 0.091557
1524 0.095420 -0.007680 0.083622
1525 0.038505 0.055672 0.101030
1526 0.048560 0.044109 0.109227
1527 0.043478 0.050118 0.105578
1528 0.055239 0.039955 0.109116
1529 0.061851 0.036931 0.107341
1530 0.054614 0.044401 0.105131
1531 0.039091 0.059325 0.094130
1532 0.040292 0.061847 0.087698
1533 0.041204 0.066135 0.069754
1534 0.038096 0.064664 0.081304
1535 0.035954 0.066767 0.075283
1536 0.091492 0.005318 0.094211
1537 0.093927 0.005832 0.088910
1538 0.088760 0.009784 0.097580
1539 0.084977 0.014310 0.101088
1540 0.065387 0.031713 0.108866
1541 0.066382 0.036930 0.104092
1542 0.079825 0.018777 0.104588
1543 0.071712 0.027782 0.106754
1544 0.075096 0.022464 0.106942
1545 0.095802 0.000000 0.083664
1546 0.044600 0.056245 0.095798
1547 0.046513 0.052691 0.100194
1548 0.050593 0.048428 0.103177
1549 0.061423 0.041459 0.103463
1550 0.057134 0.046804 0.100648
1551 0.068229 0.040050 0.099800
1552 0.045446 0.058447 0.090977
1553 0.046687 0.060187 0.086148
1554 0.044673 0.062352 0.081856
1555 0.041724 0.064736 0.076432
1556 0.095420 0.007680 0.083622
1557 0.091749 0.010694 0.092308
1558 0.093758 0.011201 0.087458
1559 0.088544 0.015677 0.095815
1560 0.084374 0.020701 0.099205
1561 0.072309 0.033581 0.102270
1562 0.078490 0.026295 0.102024
1563 0.074250 0.038425 0.096175
1564 0.050159 0.054769 0.094229
1565 0.053101 0.051215 0.097690
1566 0.058589 0.049690 0.095842
1567 0.063634 0.045917 0.096944
1568 0.070347 0.043609 0.094102
1569 0.051315 0.057475 0.088308
1570 0.051001 0.060005 0.082587
1571 0.048953 0.062249 0.077297
1572 0.094217 0.015272 0.083479
1573 0.091574 0.016275 0.089893
1574 0.087896 0.021626 0.093474
1575 0.083650 0.026108 0.096571
1576 0.079999 0.032354 0.095922
1577 0.079176 0.037549 0.091590
1578 0.075533 0.041943 0.090748
1579 0.056839 0.053618 0.091118
1580 0.062064 0.050305 0.092262
1581 0.067171 0.048294 0.090844
1582 0.072111 0.045883 0.089354
1583 0.057331 0.056923 0.084409
1584 0.056131 0.059657 0.078260
1585 0.090586 0.022319 0.087476
1586 0.092131 0.022668 0.083216
1587 0.086151 0.028011 0.091000
1588 0.083598 0.034204 0.088867
1589 0.080396 0.039849 0.086974
1590 0.076096 0.045104 0.085708
1591 0.063659 0.053222 0.086079
1592 0.070913 0.049186 0.085684
1593 0.063161 0.056708 0.079272
1594 0.089232 0.029779 0.082847
1595 0.085594 0.036538 0.082390
1596 0.081122 0.042763 0.081806
1597 0.075872 0.048332 0.081101
1598 0.069814 0.052981 0.080240
1599 -0.042584 -0.042150 -0.085535
1600 -0.042038 -0.040917 -0.088085
1601 -0.040043 -0.043519 -0.087280
1602 -0.044618 -0.039168 -0.087226
1603 -0.038915 -0.042832 -0.088735
1604 -0.036978 -0.045804 -0.087490
1605 -0.035073 -0.045750 -0.088882
1606 -0.048753 -0.051713 -0.061500
1607 -0.053759 -0.048179 -0.059996
1608 -0.049212 -0.048067 -0.065985
1609 -0.052286 -0.051757 -0.057807
1610 -0.044129 -0.037955 -0.088526
1611 -0.046506 -0.036574 -0.087573
1612 -0.041801 -0.040208 -0.089034
1613 -0.045993 -0.035473 -0.088685
1614 -0.047737 -0.034124 -0.088051
1615 -0.041123 -0.040851 -0.090000
1616 -0.047693 -0.032900 -0.088999
1617 -0.046680 -0.037537 -0.086061
1618 -0.045381 -0.039593 -0.085213
1619 -0.044761 -0.041389 -0.083093
1620 -0.049735 -0.031302 -0.087906
1621 -0.048837 -0.034508 -0.086107
1622 -0.049829 -0.043703 -0.071478
1623 -0.045895 -0.042967 -0.078446
1624 -0.044928 -0.047744 -0.071984
1625 -0.054185 -0.043522 -0.065360
1626 -0.055483 -0.050932 -0.055200
1627 -0.057695 -0.047765 -0.055593
1628 -0.053460 -0.053379 -0.055086
1629 -0.038915 -0.045471 -0.084872
1630 -0.041654 -0.044796 -0.081668
1631 -0.041090 -0.047849 -0.076765
1632 -0.032516 -0.048658 -0.087774
1633 -0.035317 -0.047957 -0.085187
1634 -0.038921 -0.051829 -0.072021
1635 -0.043176 -0.052551 -0.066138
1636 -0.049952 -0.054559 -0.057156
1637 -0.044931 -0.055330 -0.060390
1638 -0.036156 -0.055316 -0.067975
1639 -0.036524 -0.044678 -0.090000
1640 -0.028360 -0.050054 -0.088820
1641 -0.028295 -0.051537 -0.087309
1642 -0.031422 -0.048198 -0.090000
1643 -0.058869 -0.043345 -0.058363
1644 -0.059196 -0.050519 -0.051203
1645 -0.061411 -0.046154 -0.051832
1646 -0.045084 -0.036583 -0.090000
1647 -0.050185 -0.028915 -0.089005
1648 -0.048400 -0.031805 -0.090000
1649 -0.052182 -0.027287 -0.087815
1650 -0.052594 -0.024385 -0.088924
1651 -0.048203 -0.037905 -0.082597
1652 -0.050332 -0.039595 -0.076366
1653 -0.051706 -0.030325 -0.085631
1654 -0.051084 -0.033333 -0.083181
1655 -0.054261 -0.038741 -0.070983
1656 -0.058237 -0.038320 -0.064716
1657 -0.056537 -0.054114 -0.051344
1658 -0.060481 -0.054234 -0.046792
1659 -0.052686 -0.056658 -0.052678
1660 -0.036531 -0.048748 -0.081195
1661 -0.036315 -0.051238 -0.076198
1662 -0.031321 -0.050760 -0.084279
1663 -0.027506 -0.052513 -0.085511
1664 -0.033107 -0.054337 -0.072975
1665 -0.024586 -0.053682 -0.086906
1666 -0.039016 -0.057097 -0.062465
1667 -0.042516 -0.058356 -0.058353
1668 -0.047398 -0.058237 -0.055163
1669 -0.050726 -0.060010 -0.049676
1670 -0.033673 -0.057919 -0.064602
1671 -0.029868 -0.057470 -0.068253
1672 -0.024377 -0.052334 -0.088536
1673 -0.019864 -0.054910 -0.088161
1674 -0.026114 -0.051279 -0.090000
1675 -0.062452 -0.036888 -0.058431
1676 -0.063663 -0.040861 -0.052612
1677 -0.063008 -0.049630 -0.046784
1678 -0.065334 -0.044224 -0.047019
1679 -0.051333 -0.026883 -0.090000
1680 -0.053742 -0.021731 -0.090000
1681 -0.054561 -0.019538 -0.088887
1682 -0.054461 -0.022806 -0.087646
1683 -0.054000 -0.025935 -0.085682
1684 -0.053019 -0.034655 -0.077849
1685 -0.054146 -0.029121 -0.081946
1686 -0.057321 -0.033718 -0.071099
1687 -0.061527 -0.032378 -0.064290
1688 -0.064456 -0.053681 -0.041949
1689 -0.061173 -0.057491 -0.042663
1690 -0.056268 -0.058886 -0.046302
1691 -0.059465 -0.060361 -0.039808
1692 -0.052238 -0.061731 -0.044289
1693 -0.049079 -0.061352 -0.048103
1694 -0.030749 -0.052898 -0.079070
1695 -0.027813 -0.052892 -0.083304
1696 -0.025139 -0.053839 -0.084938
1697 -0.026303 -0.056428 -0.074077
1698 -0.021647 -0.055412 -0.085289
1699 -0.018148 -0.056563 -0.086562
1700 -0.016273 -0.056644 -0.087750
1701 -0.015866 -0.055775 -0.088712
1702 -0.042141 -0.060380 -0.055138
1703 -0.038375 -0.059810 -0.058323
1704 -0.034258 -0.059471 -0.061074
1705 -0.045705 -0.060908 -0.051720
1706 -0.024515 -0.058455 -0.069222
1707 -0.029827 -0.059420 -0.063313
1708 -0.025192 -0.059555 -0.065085
1709 -0.020740 -0.053903 -0.090000
1710 -0.015164 -0.055950 -0.090000
1711 -0.066735 -0.034738 -0.052215
1712 -0.066469 -0.029412 -0.056998
1713 -0.067656 -0.038678 -0.047257
1714 -0.069678 -0.034040 -0.047178
1715 -0.066991 -0.048140 -0.041557
1716 -0.069457 -0.042069 -0.041410
1717 -0.055582 -0.016347 -0.090000
1718 -0.055859 -0.015515 -0.088751
1719 -0.056644 -0.012500 -0.089057
1720 -0.056321 -0.018061 -0.087428
1721 -0.055975 -0.021276 -0.085569
1722 -0.055495 -0.024522 -0.083675
1723 -0.056745 -0.029241 -0.076509
1724 -0.056680 -0.025430 -0.080125
1725 -0.060159 -0.028153 -0.070561
1726 -0.063696 -0.025876 -0.065151
1727 -0.057044 -0.010824 -0.090000
1728 -0.057573 -0.008368 -0.088784
1729 -0.068519 -0.052822 -0.036021
1730 -0.064391 -0.058222 -0.037163
1731 -0.068531 -0.057615 -0.030904
1732 -0.061234 -0.061218 -0.035318
1733 -0.055143 -0.062075 -0.040276
1734 -0.057737 -0.062429 -0.036057
1735 -0.011689 -0.056954 -0.088966
1736 -0.021737 -0.058440 -0.071532
1737 -0.023466 -0.055442 -0.081020
1738 -0.020665 -0.057635 -0.076083
1739 -0.018222 -0.057035 -0.083948
1740 -0.013129 -0.057511 -0.087841
1741 -0.015032 -0.057693 -0.086186
1742 -0.020400 -0.059901 -0.066332
1743 -0.009360 -0.057546 -0.090000
1744 -0.008036 -0.057832 -0.089092
1745 -0.003380 -0.058358 -0.090000
1746 -0.067133 -0.021774 -0.060877
1747 -0.070155 -0.029633 -0.049599
1748 -0.070006 -0.023840 -0.053773
1749 -0.071299 -0.036187 -0.042427
1750 -0.072463 -0.031164 -0.043948
1751 -0.071605 -0.045917 -0.034857
1752 -0.073514 -0.038788 -0.036234
1753 -0.057902 -0.012616 -0.087357
1754 -0.058724 -0.008376 -0.087520
1755 -0.058622 -0.006103 -0.088076
1756 -0.057870 -0.016419 -0.084639
1757 -0.058989 -0.012325 -0.084432
1758 -0.058139 -0.020244 -0.081102
1759 -0.059107 -0.023774 -0.076217
1760 -0.061838 -0.022785 -0.071160
1761 -0.064737 -0.019250 -0.067356
1762 -0.058051 -0.005260 -0.090000
1763 -0.058176 -0.004571 -0.088741
1764 -0.059077 -0.003817 -0.087930
1765 -0.072564 -0.052185 -0.028420
1766 -0.075130 -0.045714 -0.027819
1767 -0.076440 -0.048889 -0.021674
1768 -0.070959 -0.057783 -0.025290
1769 -0.064276 -0.060968 -0.031472
1770 -0.067316 -0.061204 -0.025239
1771 -0.059962 -0.062834 -0.031636
1772 -0.009325 -0.058290 -0.088052
1773 -0.005718 -0.058617 -0.088282
1774 -0.002649 -0.058587 -0.088460
1775 -0.000179 -0.058647 -0.088967
1776 -0.017460 -0.059310 -0.071979
1777 -0.017511 -0.057891 -0.080050
1778 -0.016386 -0.058777 -0.076613
1779 -0.013775 -0.058589 -0.083452
1780 -0.011131 -0.058795 -0.086216
1781 -0.015520 -0.060568 -0.066944
1782 0.002529 -0.058770 -0.090000
1783 -0.067569 -0.016324 -0.062926
1784 -0.069919 -0.017416 -0.057437
1785 -0.072997 -0.025303 -0.046830
1786 -0.072711 -0.019213 -0.050722
1787 -0.081994 -0.043275 -0.010091
1788 -0.079817 -0.044482 -0.016097
1789 -0.080106 -0.048088 -0.009718
1790 -0.075080 -0.032701 -0.037609
1791 -0.076104 -0.027271 -0.039193
1792 -0.075857 -0.040291 -0.030359
1793 -0.076504 -0.035203 -0.032822
1794 -0.078535 -0.041039 -0.023492
1795 -0.082739 -0.039469 -0.012424
1796 -0.083909 -0.039986 -0.007906
1797 -0.059510 -0.005881 -0.086593
1798 -0.059309 -0.008986 -0.085579
1799 -0.059766 -0.013864 -0.081402
1800 -0.059962 -0.009703 -0.083132
1801 -0.062090 -0.016055 -0.074793
1802 -0.066101 -0.012524 -0.067706
1803 -0.059913 -0.002797 -0.086495
1804 -0.058573 0.000000 -0.090000
1805 -0.083201 -0.044218 -0.004191
1806 -0.080234 -0.050870 -0.003813
1807 -0.074136 -0.055232 -0.020693
1808 -0.077328 -0.051552 -0.015150
1809 -0.077762 -0.053229 -0.009584
1810 -0.076780 -0.056486 -0.005350
1811 -0.070732 -0.060172 -0.019856
1812 -0.066918 -0.062856 -0.019753
1813 -0.061768 -0.063314 -0.027036
1814 -0.063182 -0.063826 -0.022304
1815 0.003448 -0.058778 -0.088698
1816 -0.007121 -0.059618 -0.086469
1817 0.000073 -0.059518 -0.087934
1818 -0.003277 -0.059775 -0.087094
1819 -0.013645 -0.060225 -0.071779
1820 -0.013959 -0.059698 -0.074851
1821 -0.012424 -0.059527 -0.079123
1822 -0.009180 -0.059834 -0.083457
1823 0.008223 -0.058395 -0.090000
1824 -0.011410 -0.060885 -0.070125
1825 -0.010615 -0.061320 -0.067148
1826 -0.069562 -0.010868 -0.060904
1827 -0.072042 -0.013093 -0.054810
1828 -0.075736 -0.020939 -0.043525
1829 -0.078369 -0.022679 -0.036907
1830 -0.075056 -0.014585 -0.047794
1831 -0.088965 -0.036973 0.004456
1832 -0.086056 -0.042286 0.002597
1833 -0.088609 -0.040645 0.008331
1834 -0.081708 -0.037932 -0.017474
1835 -0.078722 -0.029166 -0.032244
1836 -0.079107 -0.034530 -0.027472
1837 -0.081059 -0.034852 -0.022202
1838 -0.080860 -0.023266 -0.030798
1839 -0.083873 -0.035259 -0.013484
1840 -0.085241 -0.035553 -0.008856
1841 -0.086945 -0.036688 -0.002256
1842 -0.067628 -0.005770 -0.066588
1843 -0.060511 -0.005121 -0.083552
1844 -0.061681 -0.008421 -0.079010
1845 -0.064463 -0.007059 -0.073059
1846 -0.060429 0.000000 -0.085283
1847 -0.085784 -0.045998 0.007629
1848 -0.087928 -0.044136 0.011701
1849 -0.083064 -0.048190 0.001914
1850 -0.085993 -0.048358 0.013277
1851 -0.088888 -0.044845 0.016374
1852 -0.079414 -0.054268 0.000761
1853 -0.075648 -0.059041 -0.001012
1854 -0.073885 -0.058641 -0.012643
1855 -0.072293 -0.061689 -0.005512
1856 -0.068540 -0.062884 -0.015096
1857 -0.064237 -0.064329 -0.017477
1858 0.006681 -0.059213 -0.088077
1859 0.003208 -0.060126 -0.087065
1860 -0.004397 -0.060538 -0.084015
1861 -0.000230 -0.060488 -0.085650
1862 -0.009803 -0.060691 -0.074750
1863 -0.006632 -0.060757 -0.079687
1864 0.009785 -0.058431 -0.088392
1865 0.012271 -0.057526 -0.088970
1866 0.013857 -0.056996 -0.090000
1867 -0.007243 -0.061413 -0.070591
1868 -0.005670 -0.061722 -0.067335
1869 -0.072350 -0.008196 -0.055727
1870 -0.070894 -0.004683 -0.059753
1871 -0.075193 -0.009057 -0.049365
1872 -0.077988 -0.016638 -0.040601
1873 -0.080133 -0.018639 -0.034868
1874 -0.077690 -0.010369 -0.043484
1875 -0.090122 -0.032664 0.002712
1876 -0.091115 -0.033435 0.006601
1877 -0.090812 -0.036046 0.008850
1878 -0.091724 -0.038474 0.015036
1879 -0.083639 -0.032273 -0.017119
1880 -0.082436 -0.027905 -0.023893
1881 -0.082512 -0.016599 -0.030046
1882 -0.083396 -0.020941 -0.025657
1883 -0.085903 -0.030939 -0.011529
1884 -0.087927 -0.030826 -0.005680
1885 -0.089628 -0.030667 -0.000909
1886 -0.091422 -0.028453 0.002138
1887 -0.068759 0.000000 -0.064969
1888 -0.065439 0.000000 -0.072099
1889 -0.062399 0.000000 -0.079092
1890 -0.082244 -0.052275 0.007972
1891 -0.083516 -0.052827 0.015069
1892 -0.072855 -0.062093 0.001295
1893 -0.077265 -0.058334 0.004922
1894 -0.068202 -0.064987 0.001723
1895 -0.068993 -0.064197 -0.002669
1896 -0.069078 -0.063358 -0.009893
1897 -0.068174 -0.064309 -0.005751
1898 -0.064932 -0.064814 -0.012584
1899 0.018024 -0.055468 -0.089106
1900 0.019487 -0.054890 -0.090000
1901 0.009259 -0.059660 -0.087032
1902 0.006106 -0.060148 -0.085754
1903 0.002926 -0.060454 -0.084735
1904 -0.000084 -0.060989 -0.080929
1905 -0.003665 -0.061310 -0.075710
1906 0.012372 -0.058456 -0.087849
1907 0.015652 -0.056752 -0.088319
1908 -0.001073 -0.061685 -0.070934
1909 -0.000705 -0.061835 -0.067392
1910 -0.073779 -0.004451 -0.053468
1911 -0.072043 0.000000 -0.057822
1912 -0.076758 -0.004740 -0.046832
1913 -0.080825 -0.011900 -0.035839
1914 -0.083996 -0.010587 -0.028268
1915 -0.079641 -0.005204 -0.040173
1916 -0.092611 -0.029139 0.006267
1917 -0.092950 -0.032305 0.010759
1918 -0.095032 -0.031457 0.016239
1919 -0.085893 -0.026241 -0.015454
1920 -0.085451 -0.021321 -0.019881
1921 -0.085204 -0.015495 -0.023473
1922 -0.088551 -0.025342 -0.008473
1923 -0.090912 -0.025313 -0.001926
1924 -0.093525 -0.024387 0.004651
1925 -0.079611 -0.057222 0.012500
1926 -0.064658 -0.066350 0.002198
1927 -0.066759 -0.065921 0.005575
1928 -0.070123 -0.064431 0.006771
1929 -0.074722 -0.061583 0.009131
1930 -0.065144 -0.065815 -0.002715
1931 -0.065241 -0.065301 -0.007652
1932 0.023112 -0.053321 -0.088920
1933 0.024788 -0.052510 -0.090000
1934 0.027910 -0.050832 -0.089114
1935 0.029986 -0.049585 -0.090000
1936 0.031495 -0.048607 -0.088974
1937 0.020126 -0.055289 -0.088149
1938 0.023894 -0.054009 -0.087806
1939 0.008826 -0.060129 -0.084847
1940 0.011913 -0.059500 -0.085643
1941 0.005919 -0.060635 -0.081841
1942 0.002735 -0.061331 -0.076431
1943 0.005972 -0.061499 -0.071525
1944 0.015349 -0.058330 -0.086293
1945 0.018315 -0.056889 -0.087082
1946 0.004257 -0.061805 -0.067188
1947 0.035267 -0.045868 -0.090000
1948 0.035388 -0.046022 -0.088471
1949 0.039015 -0.042806 -0.088646
1950 -0.075046 0.000000 -0.051129
1951 -0.077906 0.000000 -0.044594
1952 -0.082552 -0.005456 -0.033057
1953 -0.086766 -0.009466 -0.021062
1954 -0.085382 -0.004935 -0.025792
1955 -0.080911 0.000000 -0.037491
1956 -0.095655 -0.025131 0.011558
1957 -0.097203 -0.026094 0.017520
1958 -0.088774 -0.019374 -0.011624
1959 -0.088450 -0.013830 -0.015109
1960 -0.091463 -0.018942 -0.004411
1961 -0.095727 -0.019772 0.007780
1962 -0.094104 -0.018359 0.002428
1963 -0.089603 -0.007792 -0.013604
1964 -0.063791 -0.066883 0.007058
1965 -0.076419 -0.061259 0.016396
1966 -0.066776 -0.066240 0.009930
1967 -0.070935 -0.064577 0.013016
1968 0.009202 -0.061565 -0.066799
1969 0.028012 -0.051546 -0.088100
1970 0.032689 -0.048987 -0.087773
1971 0.035730 -0.047132 -0.087309
1972 0.021834 -0.055723 -0.086505
1973 0.026102 -0.053734 -0.086220
1974 0.011225 -0.060135 -0.082239
1975 0.014562 -0.059166 -0.083955
1976 0.009878 -0.060815 -0.076724
1977 0.010729 -0.061140 -0.070801
1978 0.018666 -0.057684 -0.084328
1979 0.038513 -0.044790 -0.087404
1980 0.042626 -0.041166 -0.087113
1981 0.040448 -0.041373 -0.090000
1982 0.042697 -0.039207 -0.088750
1983 -0.083855 0.000000 -0.030197
1984 -0.088036 -0.004211 -0.018704
1985 -0.090232 -0.003215 -0.012813
1986 -0.086666 0.000000 -0.022851
1987 -0.097657 -0.017624 0.012269
1988 -0.098510 -0.020315 0.016986
1989 -0.091857 -0.011709 -0.006434
1990 -0.093980 -0.013372 -0.000194
1991 -0.096792 -0.014451 0.007947
1992 -0.095773 -0.012010 0.004134
1993 -0.098566 -0.011367 0.011866
1994 -0.092287 -0.004816 -0.006899
1995 -0.062497 -0.067443 0.011819
1996 -0.066065 -0.066858 0.015426
1997 0.014111 -0.061058 -0.066246
1998 0.037073 -0.046412 -0.086010
1999 0.034236 -0.048634 -0.085733
2000 0.030411 -0.051252 -0.085964
2001 0.023568 -0.055519 -0.083830
2002 0.028097 -0.052945 -0.083439
2003 0.015877 -0.059284 -0.079788
2004 0.015039 -0.060159 -0.072843
2005 0.020860 -0.057118 -0.081014
2006 0.018161 -0.059651 -0.069540
2007 0.039784 -0.044082 -0.085102
2008 0.046666 -0.036369 -0.087737
2009 0.042940 -0.041112 -0.084530
2010 0.045883 -0.038087 -0.085090
2011 0.045181 -0.036509 -0.090000
2012 0.048899 -0.032297 -0.088561
2013 0.050011 -0.032871 -0.087142
2014 0.052028 -0.029723 -0.087648
2015 -0.092068 0.000000 -0.008077
2016 -0.089386 0.000001 -0.015471
2017 -0.099735 -0.013791 0.016937
2018 -0.100095 -0.008603 0.015824
2019 -0.095005 -0.006494 0.000681
2020 -0.097310 -0.008303 0.007284
2021 -0.099186 -0.005462 0.012166
2022 -0.094745 0.000000 -0.000681
2023 -0.060807 -0.068023 0.016452
2024 0.018959 -0.060185 -0.065614
2025 0.036240 -0.047074 -0.083432
2026 0.032319 -0.050080 -0.083134
2027 0.025510 -0.054613 -0.080139
2028 0.030021 -0.051706 -0.080566
2029 0.021306 -0.057433 -0.074588
2030 0.021581 -0.058612 -0.068473
2031 0.040385 -0.043693 -0.081107
2032 0.049094 -0.034492 -0.085206
2033 0.045113 -0.039300 -0.082062
2034 0.048008 -0.036223 -0.082940
2035 0.051977 -0.030919 -0.085368
2036 0.049200 -0.031704 -0.090000
2037 0.051563 -0.028514 -0.088957
2038 0.053735 -0.026427 -0.088157
2039 0.054701 -0.026719 -0.086390
2040 -0.100780 -0.004575 0.017204
2041 -0.099937 0.000000 0.014168
2042 -0.097407 0.000000 0.006721
2043 0.023740 -0.059144 -0.064778
2044 0.034529 -0.048579 -0.078911
2045 0.029004 -0.052865 -0.075202
2046 0.026602 -0.056173 -0.068896
2047 0.039944 -0.045682 -0.075528
2048 0.044937 -0.040897 -0.078254
2049 0.051373 -0.032966 -0.082175
2050 0.048780 -0.036711 -0.080108
2051 0.054315 -0.028818 -0.083269
2052 0.056196 -0.025497 -0.084199
2053 0.052796 -0.026731 -0.090000
2054 0.053908 -0.025033 -0.089024
2055 0.056482 -0.022294 -0.087962
2056 0.056914 -0.023388 -0.085747
2057 0.028360 -0.058816 -0.063047
2058 0.034755 -0.049827 -0.073023
2059 0.031612 -0.052753 -0.070178
2060 0.032067 -0.055022 -0.066446
2061 0.038555 -0.048861 -0.070873
2062 0.042534 -0.046538 -0.071530
2063 0.045806 -0.043166 -0.073822
2064 0.054898 -0.030844 -0.080487
2065 0.050056 -0.038725 -0.076163
2066 0.053733 -0.034057 -0.078403
2067 0.057742 -0.026833 -0.081610
2068 0.058295 -0.022698 -0.083735
2069 0.055902 -0.021629 -0.090000
2070 0.057669 -0.018104 -0.088899
2071 0.059280 -0.016967 -0.087806
2072 0.058736 -0.019824 -0.085913
2073 0.032600 -0.059206 -0.060493
2074 0.034178 -0.056744 -0.063342
2075 0.036466 -0.058035 -0.060420
2076 0.036646 -0.059615 -0.057646
2077 0.036630 -0.051495 -0.068046
2078 0.036598 -0.054264 -0.064737
2079 0.041900 -0.049150 -0.068337
2080 0.046813 -0.046316 -0.069594
2081 0.051715 -0.041895 -0.072185
2082 0.061840 -0.026774 -0.080566
2083 0.058720 -0.031617 -0.078209
2084 0.055994 -0.036909 -0.075094
2085 0.063927 -0.030434 -0.078664
2086 0.061203 -0.022961 -0.082335
2087 0.060910 -0.019144 -0.083915
2088 0.067255 -0.026610 -0.080657
2089 0.064770 -0.023405 -0.081914
2090 0.058535 -0.016288 -0.090000
2091 0.059663 -0.013921 -0.088908
2092 0.061310 -0.012518 -0.087877
2093 0.061253 -0.015254 -0.085860
2094 0.038759 -0.055921 -0.061920
2095 0.039986 -0.058229 -0.058367
2096 0.040271 -0.060387 -0.054346
2097 0.041923 -0.052505 -0.064249
2098 0.046763 -0.049441 -0.066265
2099 0.053244 -0.046983 -0.067781
2100 0.058604 -0.041573 -0.071692
2101 0.063441 -0.035809 -0.075432
2102 0.068997 -0.031679 -0.077830
2103 0.072961 -0.026503 -0.080550
2104 0.064432 -0.019589 -0.083151
2105 0.063421 -0.016150 -0.084279
2106 0.069474 -0.021384 -0.082693
2107 0.061134 -0.010696 -0.090000
2108 0.061659 -0.009501 -0.088845
2109 0.062909 -0.009073 -0.087753
2110 0.063413 -0.011101 -0.086174
2111 0.064484 -0.013542 -0.084837
2112 0.044021 -0.056124 -0.059729
2113 0.044119 -0.059232 -0.055413
2114 0.043492 -0.061417 -0.050709
2115 0.050056 -0.053259 -0.062327
2116 0.075418 -0.031266 -0.077380
2117 0.057214 -0.050577 -0.064855
2118 0.061609 -0.046407 -0.068189
2119 0.065620 -0.041467 -0.071516
2120 0.070654 -0.036571 -0.074394
2121 0.067144 -0.045133 -0.068422
2122 0.081070 -0.026516 -0.079344
2123 0.080603 -0.031809 -0.075792
2124 0.084607 -0.030030 -0.075712
2125 0.087225 -0.026849 -0.077093
2126 0.076365 -0.021239 -0.082612
2127 0.067648 -0.015318 -0.084177
2128 0.072865 -0.016448 -0.084026
2129 0.063208 -0.005189 -0.090000
2130 0.063511 -0.005705 -0.088290
2131 0.065210 -0.007347 -0.086350
2132 0.067210 -0.010568 -0.085102
2133 0.089134 -0.029464 -0.073648
2134 0.092242 -0.024853 -0.076166
2135 0.049235 -0.058064 -0.056612
2136 0.048233 -0.060736 -0.051762
2137 0.046561 -0.062285 -0.046903
2138 0.057930 -0.054239 -0.060836
2139 0.054217 -0.057059 -0.057575
2140 0.084419 -0.033903 -0.072170
2141 0.077111 -0.036469 -0.073129
2142 0.062828 -0.050702 -0.063959
2143 0.066109 -0.047805 -0.066153
2144 0.071896 -0.042525 -0.069458
2145 0.069729 -0.046297 -0.066465
2146 0.087281 -0.022839 -0.079720
2147 0.083016 -0.019985 -0.082260
2148 0.078483 -0.015356 -0.084158
2149 0.072991 -0.011139 -0.084914
2150 0.094776 -0.018856 -0.079019
2151 0.098111 -0.021824 -0.075011
2152 0.105398 -0.019390 -0.069947
2153 0.102468 -0.019727 -0.073427
2154 0.106229 -0.016230 -0.073564
2155 0.101337 -0.017125 -0.076651
2156 0.065658 -0.003504 -0.086956
2157 0.064314 0.000000 -0.090000
2158 0.069559 -0.005204 -0.085581
2159 0.094359 -0.027106 -0.071849
2160 0.090059 -0.032177 -0.069051
2161 0.107652 -0.018196 -0.065876
2162 0.108916 -0.015940 -0.061940
2163 0.105775 -0.019416 -0.062592
2164 0.100210 -0.023660 -0.069753
2165 0.103712 -0.021683 -0.065633
2166 0.105241 -0.018348 -0.058249
2167 0.049599 -0.062772 -0.043006
2168 0.051859 -0.061676 -0.047722
2169 0.053585 -0.059629 -0.052838
2170 0.064313 -0.053691 -0.058848
2171 0.058832 -0.057405 -0.055083
2172 0.090481 -0.034097 -0.063734
2173 0.085536 -0.037313 -0.066040
2174 0.079389 -0.040271 -0.068208
2175 0.069082 -0.049470 -0.062678
2176 0.074625 -0.045405 -0.064732
2177 0.089077 -0.016779 -0.082070
2178 0.093676 -0.013840 -0.081618
2179 0.084290 -0.014312 -0.083854
2180 0.080889 -0.009885 -0.084914
2181 0.076684 -0.005184 -0.085353
2182 0.109522 -0.015509 -0.069631
2183 0.110578 -0.014973 -0.065474
2184 0.110129 -0.012547 -0.072030
2185 0.111672 -0.012440 -0.062344
2186 0.099340 -0.012900 -0.079558
2187 0.096261 -0.008694 -0.081939
2188 0.106174 -0.011042 -0.076357
2189 0.067173 0.000000 -0.086498
2190 0.073021 0.000000 -0.085472
2191 0.109414 -0.012444 -0.057546
2192 0.112216 -0.009517 -0.059888
2193 0.106608 -0.015573 -0.053591
2194 0.095090 -0.029150 -0.066349
2195 0.101704 -0.023166 -0.060984
2196 0.099855 -0.025115 -0.064321
2197 0.103582 -0.019653 -0.054103
2198 0.104373 -0.019763 -0.050070
2199 0.101469 -0.022580 -0.056708
2200 0.054264 -0.062117 -0.043526
2201 0.052610 -0.062849 -0.039058
2202 0.070320 -0.051694 -0.057234
2203 0.068415 -0.054066 -0.053525
2204 0.058350 -0.060157 -0.047647
2205 0.063663 -0.056850 -0.051986
2206 0.093480 -0.032022 -0.060788
2207 0.090962 -0.035012 -0.059517
2208 0.087311 -0.038179 -0.060328
2209 0.081328 -0.042837 -0.061113
2210 0.075139 -0.048252 -0.058705
2211 0.089021 -0.009035 -0.084028
2212 0.093822 -0.004292 -0.083190
2213 0.083131 -0.004858 -0.085121
2214 0.080474 0.000000 -0.085214
2215 0.112490 -0.011008 -0.067418
2216 0.111326 -0.008054 -0.072390
2217 0.113319 -0.008836 -0.063249
2218 0.102107 -0.006939 -0.079648
2219 0.098583 -0.003944 -0.081532
2220 0.095875 0.000000 -0.082455
2221 0.107808 -0.004924 -0.076530
2222 0.113556 -0.006259 -0.060706
2223 0.111341 -0.007577 -0.056921
2224 0.108858 -0.011855 -0.053095
2225 0.109917 -0.008502 -0.054019
2226 0.107870 -0.016475 -0.048697
2227 0.105798 -0.019907 -0.046079
2228 0.109183 -0.013470 -0.050496
2229 0.108958 -0.017577 -0.045210
2230 0.107118 -0.019717 -0.042831
2231 0.103777 -0.022516 -0.043040
2232 0.102518 -0.023238 -0.046569
2233 0.097427 -0.027950 -0.058375
2234 0.100423 -0.024573 -0.051777
2235 0.055477 -0.062673 -0.035006
2236 0.058382 -0.061465 -0.040097
2237 0.059438 -0.061705 -0.034782
2238 0.074050 -0.051284 -0.051683
2239 0.068986 -0.055364 -0.047121
2240 0.063893 -0.058581 -0.044033
2241 0.058060 -0.062462 -0.030770
2242 0.093163 -0.033563 -0.056022
2243 0.089626 -0.037353 -0.056191
2244 0.085749 -0.041455 -0.054863
2245 0.080538 -0.046195 -0.053568
2246 0.088284 0.000000 -0.084449
2247 0.111935 -0.003354 -0.072320
2248 0.113851 -0.004834 -0.066074
2249 0.103126 0.000000 -0.079454
2250 0.109162 0.000000 -0.075608
2251 0.114104 -0.002975 -0.061052
2252 0.112490 -0.003623 -0.057303
2253 0.110555 -0.004857 -0.053653
2254 0.111154 -0.010459 -0.050058
2255 0.111982 -0.006565 -0.050146
2256 0.111852 -0.003120 -0.050513
2257 0.112246 -0.013822 -0.046234
2258 0.110225 -0.016815 -0.041820
2259 0.107283 -0.019116 -0.040170
2260 0.104379 -0.021699 -0.040180
2261 0.101328 -0.025368 -0.042901
2262 0.101245 -0.025397 -0.039851
2263 0.099487 -0.027673 -0.045720
2264 0.096313 -0.031040 -0.050970
2265 0.080131 -0.048273 -0.046466
2266 0.061436 -0.061387 -0.031597
2267 0.064126 -0.059481 -0.036388
2268 0.075139 -0.052192 -0.043754
2269 0.069577 -0.056058 -0.040381
2270 0.060185 -0.062441 -0.026285
2271 0.091001 -0.037769 -0.050231
2272 0.085589 -0.043544 -0.048156
2273 0.085272 -0.045588 -0.041177
2274 0.113003 0.000000 -0.070122
2275 0.114382 0.000000 -0.063539
2276 0.113063 -0.000001 -0.057886
2277 0.110971 0.000000 -0.053392
2278 0.112969 0.000000 -0.049001
2279 0.114267 -0.009299 -0.046877
2280 0.115038 -0.004355 -0.046767
2281 0.112756 -0.013445 -0.041344
2282 0.114442 -0.011011 -0.043059
2283 0.110373 -0.013893 -0.038204
2284 0.108229 -0.017066 -0.038597
2285 0.105168 -0.019160 -0.037926
2286 0.100992 -0.022750 -0.037209
2287 0.100243 -0.026620 -0.037123
2288 0.099649 -0.026404 -0.035012
2289 0.098500 -0.021352 -0.034688
2290 0.099015 -0.024507 -0.034278
2291 0.098939 -0.029319 -0.040900
2292 0.099389 -0.028635 -0.038127
2293 0.095975 -0.033912 -0.043560
2294 0.099317 -0.029676 -0.035611
2295 0.099779 -0.028955 -0.033631
2296 0.080544 -0.049417 -0.039486
2297 0.065440 -0.059916 -0.029759
2298 0.070357 -0.056543 -0.033955
2299 0.076151 -0.052642 -0.037309
2300 0.061728 -0.062724 -0.021577
2301 0.065916 -0.061069 -0.022775
2302 0.062632 -0.063343 -0.016737
2303 0.067475 -0.061854 -0.016263
2304 0.062914 -0.064265 -0.011867
2305 0.090991 -0.040432 -0.041649
2306 0.088478 -0.044025 -0.036726
2307 0.085190 -0.047019 -0.035024
2308 0.065508 -0.067040 0.005676
2309 0.061199 -0.067037 0.007679
2310 0.062033 -0.066607 0.002802
2311 0.065964 -0.066472 0.001410
2312 0.062559 -0.066031 -0.002102
2313 0.065813 -0.065541 -0.003645
2314 0.062846 -0.065237 -0.006997
2315 0.068412 -0.063286 -0.009450
2316 0.115997 0.000000 -0.045134
2317 0.115366 -0.007028 -0.042225
2318 0.115801 -0.003192 -0.042556
2319 0.113127 -0.009940 -0.038881
2320 0.108788 -0.010926 -0.036988
2321 0.106201 -0.014779 -0.037097
2322 0.102406 -0.018195 -0.036570
2323 0.099821 -0.019124 -0.035713
2324 0.099168 -0.022789 -0.032697
2325 0.099237 -0.019132 -0.032725
2326 0.100773 -0.026066 -0.031916
2327 0.097777 -0.032493 -0.037154
2328 0.095188 -0.036781 -0.037699
2329 0.098997 -0.031482 -0.034036
2330 0.099953 -0.030721 -0.031592
2331 0.081198 -0.050208 -0.033060
2332 0.071344 -0.057268 -0.026845
2333 0.077090 -0.053233 -0.030585
2334 0.072024 -0.058386 -0.020389
2335 0.072736 -0.059595 -0.014756
2336 0.092562 -0.040876 -0.033734
2337 0.088515 -0.044901 -0.032521
2338 0.085934 -0.047590 -0.029218
2339 0.066344 -0.067607 0.011183
2340 0.060027 -0.067381 0.012492
2341 0.070334 -0.066701 0.005182
2342 0.070792 -0.064648 -0.002270
2343 0.074247 -0.060970 -0.008109
2344 0.115403 0.000000 -0.040074
2345 0.113830 -0.004645 -0.038340
2346 0.110492 -0.007325 -0.036836
2347 0.107753 -0.007485 -0.035309
2348 0.105952 -0.010988 -0.035332
2349 0.103684 -0.014067 -0.034944
2350 0.101405 -0.016392 -0.033360
2351 0.101127 -0.021401 -0.031070
2352 0.101197 -0.018091 -0.031067
2353 0.103714 -0.014068 -0.032434
2354 0.101460 -0.028941 -0.029530
2355 0.104101 -0.022857 -0.028981
2356 0.102534 -0.026985 -0.028978
2357 0.097480 -0.035216 -0.032061
2358 0.100292 -0.032148 -0.028282
2359 0.094937 -0.039388 -0.028288
2360 0.081988 -0.050903 -0.026646
2361 0.077267 -0.054516 -0.023618
2362 0.077571 -0.055890 -0.017508
2363 0.077055 -0.057910 -0.012117
2364 0.090908 -0.043756 -0.026833
2365 0.086578 -0.047947 -0.024126
2366 0.078682 -0.058280 -0.008123
2367 0.074781 -0.064409 0.002189
2368 0.074012 -0.066409 0.009683
2369 0.075521 -0.065138 0.006087
2370 0.077613 -0.061298 -0.001967
2371 0.111723 0.000000 -0.036757
2372 0.109669 -0.003848 -0.035921
2373 0.108562 -0.004821 -0.032789
2374 0.107342 -0.008507 -0.032590
2375 0.105639 -0.011570 -0.032593
2376 0.103337 -0.015643 -0.030580
2377 0.103944 -0.018759 -0.029713
2378 0.105130 -0.012920 -0.030458
2379 0.107128 -0.019032 -0.027929
2380 0.106998 -0.021864 -0.026329
2381 0.102569 -0.029007 -0.026614
2382 0.105258 -0.025304 -0.025431
2383 0.101373 -0.031685 -0.024757
2384 0.098354 -0.035741 -0.025342
2385 0.094403 -0.040572 -0.023271
2386 0.083658 -0.051231 -0.019194
2387 0.082030 -0.054625 -0.011718
2388 0.089853 -0.045637 -0.018674
2389 0.095022 -0.040064 -0.017456
2390 0.082224 -0.056699 -0.005145
2391 0.085678 -0.052679 -0.006783
2392 0.079059 -0.062499 0.004423
2393 0.079564 -0.063113 0.009334
2394 0.081992 -0.059272 0.001740
2395 0.108964 0.000000 -0.033282
2396 0.108779 -0.006102 -0.029839
2397 0.109299 -0.003129 -0.030128
2398 0.108001 -0.009796 -0.029282
2399 0.107064 -0.014678 -0.028836
2400 0.109733 -0.019350 -0.025110
2401 0.108427 -0.022124 -0.023366
2402 0.110610 -0.015769 -0.026812
2403 0.103834 -0.028568 -0.022483
2404 0.106697 -0.024789 -0.020799
2405 0.109268 -0.021539 -0.020483
2406 0.101140 -0.032557 -0.020910
2407 0.097844 -0.036731 -0.019656
2408 0.096963 -0.037630 -0.014514
2409 0.088058 -0.048458 -0.012158
2410 0.093350 -0.042029 -0.012761
2411 0.088753 -0.049040 -0.005082
2412 0.086470 -0.053804 0.000403
2413 0.084174 -0.058422 0.008809
2414 0.110659 0.000000 -0.028938
2415 0.112586 -0.005642 -0.027870
2416 0.111638 -0.011236 -0.027456
2417 0.112703 -0.016721 -0.023380
2418 0.110974 -0.019500 -0.021795
2419 0.114271 -0.012951 -0.024869
2420 0.114975 -0.014405 -0.021529
2421 0.110699 -0.019700 -0.018421
2422 0.108252 -0.022534 -0.016018
2423 0.104212 -0.028289 -0.016879
2424 0.100233 -0.033549 -0.015869
2425 0.098892 -0.034830 -0.011766
2426 0.095808 -0.038686 -0.009421
2427 0.092259 -0.043542 -0.007011
2428 0.090553 -0.046789 0.000349
2429 0.088386 -0.051613 0.008393
2430 0.115226 0.000000 -0.027158
2431 0.116811 -0.003784 -0.026095
2432 0.116311 -0.008069 -0.025126
2433 0.113320 -0.016730 -0.018965
2434 0.116879 -0.010765 -0.021673
2435 0.115819 -0.013364 -0.018479
2436 0.111096 -0.018204 -0.014950
2437 0.108570 -0.020257 -0.011276
2438 0.105551 -0.025049 -0.010699
2439 0.106758 -0.021351 -0.008006
2440 0.101838 -0.030711 -0.011387
2441 0.098895 -0.033886 -0.007297
2442 0.094541 -0.039442 -0.002673
2443 0.091337 -0.044156 0.008008
2444 0.118898 0.000000 -0.024139
2445 0.118996 -0.004277 -0.022610
2446 0.118397 -0.007491 -0.020790
2447 0.114050 -0.013757 -0.014397
2448 0.117258 -0.009702 -0.016478
2449 0.110928 -0.015965 -0.010711
2450 0.108499 -0.017837 -0.007459
2451 0.106497 -0.019555 -0.004483
2452 0.104794 -0.023314 -0.004548
2453 0.102249 -0.028592 -0.005778
2454 0.098523 -0.032325 -0.000547
2455 0.095141 -0.035921 0.003909
2456 0.093697 -0.036476 0.008026
2457 0.105190 -0.020321 -0.001820
2458 0.104052 -0.022133 -0.000205
2459 0.119829 0.000002 -0.019484
2460 0.119030 -0.004493 -0.017833
2461 0.112771 -0.012014 -0.009598
2462 0.115313 -0.009361 -0.011975
2463 0.116938 -0.005453 -0.013775
2464 0.110450 -0.013930 -0.006294
2465 0.108917 -0.016625 -0.003641
2466 0.107580 -0.018194 -0.000696
2467 0.101906 -0.026097 0.000503
2468 0.097144 -0.029256 0.007585
2469 0.104909 -0.019216 0.001552
2470 0.103399 -0.021444 0.003359
2471 0.117340 -0.000001 -0.014735
2472 0.112370 -0.009419 -0.006020
2473 0.113843 -0.008342 -0.008691
2474 0.114465 -0.005684 -0.010324
2475 0.114818 -0.002980 -0.012055
2476 0.107571 -0.017731 0.003041
2477 0.111563 -0.010787 -0.002890
2478 0.111069 -0.014585 -0.002873
2479 0.111312 -0.016699 -0.000657
2480 0.110225 -0.017319 0.002082
2481 0.101113 -0.023074 0.006905
2482 0.104309 -0.018035 0.006503
2483 0.113499 0.000001 -0.010962
2484 0.114744 -0.010125 -0.000549
2485 0.113562 -0.006810 -0.002296
2486 0.113173 -0.005123 -0.006188
2487 0.113119 -0.002796 -0.008957
2488 0.109571 -0.016102 0.005864
2489 0.114119 -0.014302 -0.000265
2490 0.113553 -0.015908 0.002382
2491 0.116571 -0.011593 0.000598
2492 0.117200 -0.009341 0.000409
2493 0.116270 -0.007632 -0.000405
2494 0.116995 -0.005504 -0.001397
2495 0.113136 0.000000 -0.006464
2496 0.115963 -0.003771 -0.003620
2497 0.114145 -0.002200 -0.005587
2498 0.115343 -0.014591 0.005131
2499 0.117424 -0.013345 0.002292
2500 0.118956 -0.010304 0.001447
2501 0.119574 -0.006906 0.000367
2502 0.120013 -0.003203 -0.002017
2503 0.117244 0.000000 -0.003974
2504 0.120168 -0.012237 0.004469
2505 0.120715 -0.011009 0.002753
2506 0.122416 -0.004866 -0.000131
2507 0.122133 -0.008709 0.002011
2508 0.123126 -0.006544 0.001182
2509 0.121694 0.000000 -0.001951
2510 0.123523 -0.002854 -0.000679
2511 0.124367 -0.009558 0.003868
2512 0.125616 -0.004429 0.001075
2513 0.125734 -0.007312 0.002851
2514 0.127073 -0.008033 0.005668
2515 0.126279 0.000000 0.000839
2516 0.124672 -0.009511 0.008842
2517 0.128916 -0.003725 0.005156
2518 0.127834 -0.005598 0.009150
2519 0.129347 0.000000 0.005057
2520 0.125002 -0.005738 0.013398
2521 0.128374 0.000000 0.010383
2522 0.125153 0.000035 0.015359
2523 -0.059077 0.003817 -0.087930
2524 -0.058176 0.004571 -0.088740
2525 -0.058051 0.005260 -0.090000
2526 -0.058622 0.006103 -0.088076
2527 -0.059510 0.005881 -0.086593
2528 -0.059913 0.002797 -0.086495
2529 -0.057573 0.008368 -0.088784
2530 -0.057044 0.010824 -0.090000
2531 -0.056644 0.012500 -0.089056
2532 -0.058724 0.008376 -0.087520
2533 -0.059309 0.008986 -0.085579
2534 -0.055582 0.016347 -0.090000
2535 -0.055859 0.015515 -0.088751
2536 -0.060511 0.005121 -0.083551
2537 -0.057902 0.012616 -0.087356
2538 -0.058989 0.012320 -0.084436
2539 -0.059962 0.009700 -0.083134
2540 -0.070751 0.005041 -0.059987
2541 -0.067628 0.005770 -0.066588
2542 -0.054561 0.019538 -0.088887
2543 -0.053742 0.021731 -0.090000
2544 -0.056321 0.018061 -0.087427
2545 -0.064446 0.007050 -0.073098
2546 -0.061681 0.008421 -0.079010
2547 -0.057869 0.016414 -0.084643
2548 -0.059764 0.013849 -0.081416
2549 -0.069465 0.010021 -0.061394
2550 -0.073803 0.004793 -0.053351
2551 -0.072253 0.009612 -0.055543
2552 -0.070792 0.013741 -0.057212
2553 -0.065985 0.012463 -0.067979
2554 -0.052594 0.024385 -0.088924
2555 -0.051333 0.026883 -0.090000
2556 -0.054461 0.022807 -0.087645
2557 -0.055975 0.021277 -0.085568
2558 -0.062033 0.015986 -0.074955
2559 -0.058138 0.020229 -0.081116
2560 -0.068208 0.015904 -0.061768
2561 -0.076715 0.005023 -0.046883
2562 -0.074982 0.009916 -0.049584
2563 -0.072696 0.014343 -0.052919
2564 -0.070375 0.017882 -0.056252
2565 -0.079676 0.005377 -0.040064
2566 -0.082531 0.005480 -0.033105
2567 -0.064673 0.018995 -0.067637
2568 -0.050185 0.028915 -0.089005
2569 -0.048400 0.031805 -0.090000
2570 -0.047693 0.032900 -0.088999
2571 -0.045085 0.036583 -0.090000
2572 -0.052182 0.027287 -0.087814
2573 -0.045993 0.035473 -0.088685
2574 -0.061846 0.022609 -0.071264
2575 -0.054000 0.025936 -0.085681
2576 -0.055494 0.024523 -0.083674
2577 -0.059107 0.023775 -0.076216
2578 -0.056680 0.025428 -0.080127
2579 -0.067325 0.021906 -0.060404
2580 -0.077955 0.010469 -0.042860
2581 -0.075652 0.014897 -0.046393
2582 -0.070174 0.023931 -0.053378
2583 -0.072911 0.019217 -0.050303
2584 -0.080949 0.011900 -0.035544
2585 -0.085203 0.004907 -0.026276
2586 -0.087406 0.004217 -0.020436
2587 -0.083805 0.010651 -0.028752
2588 -0.044129 0.037955 -0.088526
2589 -0.041801 0.040208 -0.089034
2590 -0.041123 0.040851 -0.090000
2591 -0.063696 0.025876 -0.065151
2592 -0.049735 0.031302 -0.087906
2593 -0.047737 0.034124 -0.088051
2594 -0.051706 0.030325 -0.085631
2595 -0.046506 0.036575 -0.087572
2596 -0.060164 0.028128 -0.070572
2597 -0.054146 0.029121 -0.081946
2598 -0.056745 0.029241 -0.076509
2599 -0.066472 0.029435 -0.056975
2600 -0.070158 0.029663 -0.049571
2601 -0.078124 0.017050 -0.040125
2602 -0.075916 0.021031 -0.043096
2603 -0.073148 0.025333 -0.046504
2604 -0.080193 0.018169 -0.034942
2605 -0.082455 0.016698 -0.030146
2606 -0.086458 0.009279 -0.021949
2607 -0.092093 0.003766 -0.007600
2608 -0.089250 0.006903 -0.014771
2609 -0.085054 0.015330 -0.023948
2610 -0.095018 0.006457 0.000710
2611 -0.044618 0.039169 -0.087226
2612 -0.042038 0.040917 -0.088085
2613 -0.038913 0.042833 -0.088734
2614 -0.036524 0.044678 -0.090000
2615 -0.061527 0.032378 -0.064290
2616 -0.048837 0.034508 -0.086107
2617 -0.051084 0.033334 -0.083181
2618 -0.046680 0.037537 -0.086061
2619 -0.045381 0.039593 -0.085213
2620 -0.057321 0.033718 -0.071099
2621 -0.053019 0.034655 -0.077849
2622 -0.062455 0.036878 -0.058435
2623 -0.066758 0.034607 -0.052281
2624 -0.069690 0.034022 -0.047167
2625 -0.072558 0.031021 -0.043863
2626 -0.063792 0.040664 -0.052558
2627 -0.078424 0.022686 -0.036780
2628 -0.076104 0.027271 -0.039193
2629 -0.080881 0.023173 -0.030797
2630 -0.083285 0.020390 -0.026245
2631 -0.088255 0.013539 -0.015762
2632 -0.091730 0.010668 -0.007088
2633 -0.085683 0.020533 -0.019685
2634 -0.100736 0.004708 0.017073
2635 -0.099181 0.005503 0.012158
2636 -0.093727 0.013512 -0.000816
2637 -0.097277 0.008351 0.007204
2638 -0.095588 0.012193 0.003695
2639 -0.100098 0.008617 0.015841
2640 -0.035068 0.045754 -0.088879
2641 -0.031422 0.048198 -0.090000
2642 -0.028329 0.050071 -0.088825
2643 -0.026115 0.051279 -0.090000
2644 -0.042584 0.042151 -0.085535
2645 -0.040041 0.043522 -0.087280
2646 -0.036968 0.045811 -0.087492
2647 -0.058237 0.038320 -0.064716
2648 -0.048203 0.037905 -0.082597
2649 -0.044761 0.041389 -0.083093
2650 -0.054261 0.038741 -0.070983
2651 -0.050332 0.039595 -0.076366
2652 -0.058870 0.043343 -0.058364
2653 -0.024284 0.052263 -0.088759
2654 -0.061411 0.046151 -0.051835
2655 -0.057694 0.047765 -0.055594
2656 -0.067666 0.038655 -0.047258
2657 -0.071321 0.036165 -0.042403
2658 -0.075083 0.032701 -0.037603
2659 -0.065336 0.044218 -0.047020
2660 -0.078717 0.029166 -0.032256
2661 -0.082376 0.027845 -0.024093
2662 -0.076508 0.035186 -0.032825
2663 -0.088799 0.019131 -0.011685
2664 -0.091396 0.019062 -0.004528
2665 -0.085799 0.026330 -0.015660
2666 -0.098604 0.011559 0.012061
2667 -0.094061 0.018497 0.002386
2668 -0.096789 0.014654 0.008031
2669 -0.099728 0.013810 0.016924
2670 -0.020741 0.053903 -0.090000
2671 -0.020569 0.054148 -0.088506
2672 -0.032477 0.048673 -0.087784
2673 -0.028088 0.051628 -0.087352
2674 -0.041647 0.044803 -0.081666
2675 -0.038908 0.045476 -0.084874
2676 -0.035279 0.047984 -0.085185
2677 -0.054180 0.043523 -0.065367
2678 -0.045895 0.042967 -0.078446
2679 -0.049829 0.043703 -0.071478
2680 -0.053733 0.048182 -0.060025
2681 -0.023779 0.053968 -0.087183
2682 -0.019266 0.055661 -0.087655
2683 -0.027187 0.052675 -0.085535
2684 -0.063006 0.049629 -0.046786
2685 -0.059191 0.050516 -0.051212
2686 -0.055464 0.050924 -0.055229
2687 -0.069461 0.042057 -0.041412
2688 -0.073514 0.038731 -0.036275
2689 -0.066991 0.048140 -0.041556
2690 -0.064457 0.053684 -0.041945
2691 -0.083476 0.032270 -0.017601
2692 -0.079107 0.034530 -0.027472
2693 -0.081133 0.034757 -0.022083
2694 -0.075857 0.040291 -0.030359
2695 -0.088526 0.025401 -0.008502
2696 -0.091002 0.025374 -0.001633
2697 -0.085855 0.030952 -0.011660
2698 -0.083827 0.035405 -0.013474
2699 -0.093520 0.024471 0.004701
2700 -0.097608 0.018259 0.012515
2701 -0.095625 0.020160 0.007731
2702 -0.098449 0.020636 0.017013
2703 -0.016230 0.055631 -0.088797
2704 -0.015164 0.055950 -0.090000
2705 -0.016030 0.056778 -0.087679
2706 -0.017795 0.056730 -0.086398
2707 -0.011725 0.056944 -0.088977
2708 -0.009360 0.057546 -0.090000
2709 -0.008043 0.057831 -0.089094
2710 -0.003380 0.058358 -0.090000
2711 -0.041090 0.047849 -0.076765
2712 -0.031192 0.050843 -0.084248
2713 -0.036494 0.048777 -0.081185
2714 -0.052258 0.051753 -0.057839
2715 -0.053415 0.053387 -0.055122
2716 -0.049203 0.048070 -0.065991
2717 -0.044928 0.047744 -0.071984
2718 -0.048737 0.051721 -0.061506
2719 -0.021157 0.055636 -0.085241
2720 -0.024691 0.054082 -0.084815
2721 -0.027474 0.053142 -0.082988
2722 -0.060477 0.054232 -0.046799
2723 -0.056510 0.054098 -0.051387
2724 -0.061175 0.057494 -0.042658
2725 -0.064392 0.058233 -0.037145
2726 -0.059478 0.060365 -0.039782
2727 -0.061227 0.061225 -0.035309
2728 -0.071605 0.045917 -0.034857
2729 -0.068521 0.052827 -0.036015
2730 -0.081668 0.037959 -0.017570
2731 -0.078537 0.041035 -0.023492
2732 -0.075130 0.045713 -0.027820
2733 -0.068531 0.057625 -0.030889
2734 -0.091432 0.028436 0.002149
2735 -0.092568 0.029179 0.006182
2736 -0.087966 0.030636 -0.005747
2737 -0.089697 0.030487 -0.000887
2738 -0.082731 0.039534 -0.012376
2739 -0.085231 0.035562 -0.008877
2740 -0.095488 0.025392 0.011278
2741 -0.096902 0.026763 0.017175
2742 -0.092993 0.031256 0.009670
2743 -0.013104 0.057497 -0.087864
2744 -0.014882 0.057755 -0.086122
2745 -0.018021 0.057129 -0.083822
2746 -0.002707 0.058583 -0.088461
2747 -0.000179 0.058647 -0.088967
2748 -0.005733 0.058615 -0.088282
2749 -0.009290 0.058278 -0.088069
2750 0.002529 0.058770 -0.090000
2751 0.002106 0.058923 -0.088520
2752 0.009891 0.058139 -0.088898
2753 0.013857 0.056996 -0.090000
2754 0.008223 0.058396 -0.090000
2755 -0.036343 0.051242 -0.076155
2756 -0.038879 0.051858 -0.072013
2757 -0.030649 0.052964 -0.079020
2758 -0.052526 0.056557 -0.052931
2759 -0.049896 0.054563 -0.057200
2760 -0.043167 0.052556 -0.066140
2761 -0.044887 0.055363 -0.060386
2762 -0.023294 0.055525 -0.080974
2763 -0.056266 0.058886 -0.046304
2764 -0.055131 0.062073 -0.040294
2765 -0.050833 0.059886 -0.049816
2766 0.018591 0.055247 -0.089086
2767 0.019487 0.054890 -0.090000
2768 -0.057727 0.062427 -0.036076
2769 -0.064262 0.061001 -0.031404
2770 -0.059953 0.062832 -0.031657
2771 -0.072564 0.052186 -0.028421
2772 -0.079827 0.044460 -0.016092
2773 -0.076440 0.048889 -0.021674
2774 -0.070959 0.057783 -0.025291
2775 -0.067313 0.061207 -0.025236
2776 -0.090060 0.032580 0.002430
2777 -0.091088 0.033286 0.006347
2778 -0.081866 0.043450 -0.010304
2779 -0.087239 0.035570 -0.002707
2780 -0.084197 0.039968 -0.006961
2781 -0.080033 0.048040 -0.010115
2782 -0.094248 0.032484 0.014972
2783 -0.091062 0.035998 0.009553
2784 -0.011097 0.058813 -0.086185
2785 -0.017413 0.057929 -0.080013
2786 -0.013675 0.058621 -0.083435
2787 -0.000291 0.059533 -0.087875
2788 -0.003421 0.059808 -0.087008
2789 -0.007001 0.059588 -0.086615
2790 0.005777 0.058783 -0.088440
2791 0.002598 0.060097 -0.087198
2792 0.009182 0.059380 -0.087605
2793 0.012722 0.058053 -0.088123
2794 0.016473 0.056547 -0.088260
2795 -0.033073 0.054355 -0.072969
2796 -0.036161 0.055308 -0.067985
2797 -0.026233 0.056452 -0.074072
2798 -0.047327 0.058299 -0.055133
2799 -0.042429 0.058359 -0.058404
2800 -0.039012 0.057097 -0.062468
2801 -0.033517 0.057966 -0.064607
2802 -0.020592 0.057658 -0.076078
2803 -0.016366 0.058787 -0.076586
2804 -0.052225 0.061729 -0.044306
2805 -0.049066 0.061350 -0.048118
2806 -0.045691 0.060906 -0.051734
2807 0.061659 0.009501 -0.088845
2808 0.063208 0.005189 -0.090000
2809 0.061134 0.010696 -0.090000
2810 0.059663 0.013921 -0.088908
2811 0.058535 0.016288 -0.090000
2812 0.057669 0.018104 -0.088899
2813 0.055902 0.021629 -0.090000
2814 0.053908 0.025033 -0.089024
2815 0.052796 0.026731 -0.090000
2816 0.023205 0.053278 -0.088913
2817 0.024788 0.052510 -0.090000
2818 0.027910 0.050832 -0.089114
2819 0.029986 0.049585 -0.090000
2820 0.031495 0.048607 -0.088974
2821 0.035268 0.045868 -0.090000
2822 0.020386 0.055214 -0.088124
2823 0.023978 0.053979 -0.087795
2824 0.035390 0.046016 -0.088476
2825 0.039017 0.042796 -0.088658
2826 0.040449 0.041373 -0.090000
2827 -0.061761 0.063312 -0.027058
2828 -0.074128 0.055229 -0.020723
2829 -0.077343 0.051491 -0.015195
2830 -0.077925 0.052951 -0.009471
2831 -0.063176 0.063824 -0.022327
2832 -0.070728 0.060174 -0.019859
2833 -0.066919 0.062856 -0.019753
2834 -0.088095 0.038325 0.003535
2835 -0.082702 0.044617 -0.005385
2836 -0.085216 0.040996 -0.002058
2837 -0.088205 0.041168 0.007817
2838 -0.080344 0.050414 -0.004274
2839 -0.076918 0.056304 -0.005242
2840 -0.090947 0.039874 0.014649
2841 -0.087703 0.044493 0.011571
2842 -0.009141 0.059837 -0.083495
2843 -0.012409 0.059530 -0.079129
2844 -0.013949 0.059700 -0.074858
2845 -0.000464 0.060525 -0.085447
2846 -0.004346 0.060511 -0.084221
2847 0.005786 0.060095 -0.086419
2848 0.002769 0.060458 -0.084905
2849 0.008697 0.060088 -0.085224
2850 0.011959 0.059433 -0.085881
2851 0.015483 0.058153 -0.086619
2852 0.018574 0.056796 -0.087069
2853 -0.029826 0.057481 -0.068255
2854 -0.021735 0.058442 -0.071525
2855 -0.024499 0.058459 -0.069222
2856 -0.042127 0.060377 -0.055151
2857 -0.038360 0.059809 -0.058335
2858 -0.034242 0.059470 -0.061083
2859 -0.029811 0.059420 -0.063320
2860 -0.017446 0.059315 -0.071974
2861 -0.013636 0.060227 -0.071780
2862 0.063495 0.005713 -0.088299
2863 0.062903 0.009086 -0.087754
2864 0.061309 0.012513 -0.087880
2865 0.065622 0.003488 -0.086984
2866 0.059276 0.016955 -0.087817
2867 0.051563 0.028514 -0.088957
2868 0.049200 0.031704 -0.090000
2869 0.042698 0.039203 -0.088756
2870 0.045181 0.036509 -0.090000
2871 0.048899 0.032297 -0.088561
2872 0.056482 0.022292 -0.087963
2873 0.053735 0.026427 -0.088157
2874 0.028029 0.051538 -0.088099
2875 0.032693 0.048980 -0.087778
2876 0.035733 0.047121 -0.087322
2877 0.021945 0.055698 -0.086446
2878 0.026120 0.053707 -0.086274
2879 0.038516 0.044773 -0.087424
2880 0.042629 0.041150 -0.087137
2881 -0.073877 0.058657 -0.012623
2882 -0.064233 0.064326 -0.017501
2883 -0.068539 0.062883 -0.015105
2884 -0.084232 0.045829 0.001973
2885 -0.085843 0.046380 0.008559
2886 -0.079815 0.053663 0.000897
2887 -0.072261 0.061750 -0.005270
2888 -0.076072 0.058617 -0.000609
2889 -0.088799 0.044979 0.016325
2890 -0.085969 0.048425 0.013343
2891 -0.006754 0.060723 -0.079844
2892 -0.009895 0.060665 -0.074827
2893 -0.011404 0.060886 -0.070129
2894 -0.000165 0.060979 -0.081078
2895 0.005682 0.060610 -0.082121
2896 0.011209 0.060125 -0.082358
2897 0.014709 0.059143 -0.083845
2898 0.018753 0.057661 -0.084269
2899 -0.025176 0.059555 -0.065090
2900 -0.020384 0.059902 -0.066335
2901 -0.015505 0.060571 -0.066946
2902 -0.010600 0.061322 -0.067149
2903 0.065162 0.007386 -0.086366
2904 0.063343 0.011037 -0.086257
2905 0.061299 0.015306 -0.085767
2906 0.069437 0.005256 -0.085589
2907 0.076670 0.005178 -0.085353
2908 0.058743 0.019817 -0.085905
2909 0.056915 0.023386 -0.085746
2910 0.052028 0.029723 -0.087648
2911 0.046666 0.036363 -0.087743
2912 0.050012 0.032870 -0.087143
2913 0.054701 0.026718 -0.086390
2914 0.037083 0.046402 -0.086033
2915 0.034244 0.048627 -0.085746
2916 0.030419 0.051245 -0.085972
2917 0.023649 0.055485 -0.083753
2918 0.028097 0.052938 -0.083622
2919 0.045888 0.038080 -0.085110
2920 0.039795 0.044073 -0.085130
2921 0.042951 0.041100 -0.084570
2922 -0.069132 0.063328 -0.009886
2923 -0.064929 0.064811 -0.012609
2924 -0.068189 0.064315 -0.005626
2925 -0.069174 0.064135 -0.002312
2926 -0.082529 0.051910 0.008199
2927 -0.077493 0.058206 0.005599
2928 -0.072942 0.062024 0.001300
2929 -0.068254 0.064972 0.001834
2930 -0.083562 0.052719 0.014942
2931 -0.003738 0.061312 -0.075638
2932 -0.007237 0.061414 -0.070593
2933 0.002720 0.061334 -0.076397
2934 0.009634 0.060854 -0.076582
2935 0.015915 0.059277 -0.079729
2936 0.020858 0.057119 -0.081014
2937 -0.005655 0.061722 -0.067335
2938 0.083131 0.004858 -0.085121
2939 0.093678 0.004342 -0.083232
2940 0.098465 0.004001 -0.081577
2941 0.067141 0.010535 -0.085115
2942 0.064312 0.013402 -0.084920
2943 0.060924 0.019145 -0.083910
2944 0.063448 0.016183 -0.084263
2945 0.073044 0.011063 -0.084924
2946 0.080877 0.009876 -0.084916
2947 0.058299 0.022694 -0.083734
2948 0.056197 0.025496 -0.084199
2949 0.061208 0.022962 -0.082334
2950 0.051978 0.030918 -0.085369
2951 0.049095 0.034490 -0.085211
2952 0.054315 0.028817 -0.083270
2953 0.048010 0.036218 -0.082949
2954 0.036248 0.047069 -0.083451
2955 0.032323 0.050077 -0.083138
2956 0.025485 0.054627 -0.080165
2957 0.029885 0.051804 -0.080305
2958 0.045116 0.039293 -0.082079
2959 0.040387 0.043689 -0.081121
2960 -0.065240 0.065298 -0.007677
2961 -0.065148 0.065814 -0.002713
2962 -0.064658 0.066350 0.002199
2963 -0.066674 0.065956 0.005626
2964 -0.079661 0.057167 0.012525
2965 -0.074775 0.061558 0.009268
2966 -0.070152 0.064419 0.006812
2967 -0.001072 0.061685 -0.070935
2968 -0.000691 0.061835 -0.067391
2969 0.005949 0.061501 -0.071512
2970 0.015063 0.060152 -0.072851
2971 0.010770 0.061128 -0.070882
2972 0.021306 0.057431 -0.074602
2973 0.088915 0.009071 -0.084045
2974 0.096226 0.008635 -0.081962
2975 0.102093 0.007041 -0.079641
2976 0.107775 0.005044 -0.076541
2977 0.111909 0.003524 -0.072348
2978 0.114109 0.002970 -0.061075
2979 0.067674 0.015378 -0.084164
2980 0.064442 0.019602 -0.083147
2981 0.073058 0.016950 -0.083917
2982 0.078651 0.015392 -0.084142
2983 0.084266 0.014318 -0.083856
2984 0.064772 0.023407 -0.081913
2985 0.057742 0.026831 -0.081611
2986 0.061840 0.026773 -0.080566
2987 0.051373 0.032964 -0.082178
2988 0.054898 0.030844 -0.080487
2989 0.048725 0.036819 -0.080009
2990 0.034531 0.048577 -0.078922
2991 0.029014 0.052846 -0.075273
2992 0.044847 0.041011 -0.078166
2993 0.039931 0.045700 -0.075508
2994 -0.063790 0.066883 0.007058
2995 -0.066740 0.066252 0.009925
2996 -0.076422 0.061256 0.016394
2997 -0.070953 0.064570 0.013046
2998 0.004270 0.061805 -0.067187
2999 0.018176 0.059641 -0.069567
3000 0.009215 0.061564 -0.066798
3001 0.014124 0.061057 -0.066244
3002 0.021587 0.058590 -0.068542
3003 0.026604 0.056163 -0.068917
3004 0.111852 0.003120 -0.050513
3005 0.089077 0.016779 -0.082070
3006 0.093659 0.013857 -0.081618
3007 0.099372 0.012981 -0.079515
3008 0.106176 0.011487 -0.076210
3009 0.113835 0.004824 -0.066184
3010 0.111337 0.008169 -0.072336
3011 0.112494 0.003619 -0.057310
3012 0.113551 0.006258 -0.060688
3013 0.113293 0.008851 -0.062983
3014 0.110555 0.004859 -0.053655
3015 0.115041 0.004353 -0.046763
3016 0.111990 0.006582 -0.050134
3017 0.069476 0.021412 -0.082684
3018 0.076416 0.021226 -0.082613
3019 0.083040 0.020019 -0.082241
3020 0.067255 0.026610 -0.080657
3021 0.063927 0.030434 -0.078664
3022 0.058720 0.031617 -0.078209
3023 0.053733 0.034057 -0.078403
3024 0.050037 0.038762 -0.076134
3025 0.034768 0.049805 -0.073061
3026 0.031630 0.052727 -0.070212
3027 0.032083 0.055009 -0.066452
3028 0.038971 0.048471 -0.071197
3029 0.045823 0.043152 -0.073827
3030 0.042278 0.046708 -0.071465
3031 -0.062497 0.067443 0.011819
3032 -0.066069 0.066857 0.015426
3033 0.018970 0.060183 -0.065612
3034 0.023750 0.059142 -0.064775
3035 0.028370 0.058817 -0.063042
3036 0.115795 0.003217 -0.042538
3037 0.115362 0.007022 -0.042203
3038 0.087281 0.022839 -0.079720
3039 0.109902 0.013250 -0.071831
3040 0.094776 0.018856 -0.079019
3041 0.101360 0.017136 -0.076631
3042 0.105940 0.016855 -0.073218
3043 0.112410 0.011453 -0.066873
3044 0.111364 0.007563 -0.056954
3045 0.111794 0.011800 -0.061617
3046 0.112239 0.009364 -0.059799
3047 0.109917 0.008502 -0.054019
3048 0.114270 0.009411 -0.046817
3049 0.114415 0.010947 -0.042661
3050 0.111139 0.010530 -0.050042
3051 0.072960 0.026503 -0.080550
3052 0.081071 0.026515 -0.079344
3053 0.087223 0.026851 -0.077092
3054 0.068997 0.031679 -0.077830
3055 0.034184 0.056744 -0.063339
3056 0.063441 0.035809 -0.075432
3057 0.055996 0.036907 -0.075095
3058 0.051756 0.041768 -0.072283
3059 0.036687 0.051441 -0.068087
3060 0.036597 0.054280 -0.064721
3061 0.042183 0.049021 -0.068368
3062 0.046877 0.046178 -0.069718
3063 -0.060807 0.068023 0.016452
3064 0.032608 0.059207 -0.060487
3065 0.036473 0.058036 -0.060415
3066 0.113718 0.004693 -0.038233
3067 0.113061 0.009923 -0.038795
3068 0.112450 0.013673 -0.040908
3069 0.110481 0.007331 -0.036833
3070 0.092242 0.024853 -0.076166
3071 0.108767 0.016867 -0.068095
3072 0.098111 0.021824 -0.075011
3073 0.102231 0.020207 -0.073033
3074 0.104589 0.020317 -0.069237
3075 0.109626 0.015473 -0.062707
3076 0.109463 0.012332 -0.057505
3077 0.108873 0.011832 -0.053078
3078 0.111939 0.014214 -0.046213
3079 0.109202 0.013561 -0.050369
3080 0.075418 0.031266 -0.077380
3081 0.080588 0.031850 -0.075765
3082 0.084606 0.030031 -0.075712
3083 0.089127 0.029470 -0.073646
3084 0.070657 0.036576 -0.074390
3085 0.038765 0.055923 -0.061915
3086 0.039998 0.058226 -0.058367
3087 0.065640 0.041437 -0.071534
3088 0.058614 0.041546 -0.071711
3089 0.053245 0.046984 -0.067780
3090 0.041897 0.052520 -0.064242
3091 0.046760 0.049452 -0.066254
3092 0.036654 0.059616 -0.057640
3093 0.040277 0.060388 -0.054340
3094 0.109666 0.003856 -0.035919
3095 0.108788 0.010926 -0.036988
3096 0.110363 0.013876 -0.038188
3097 0.110261 0.016748 -0.041710
3098 0.107753 0.007485 -0.035309
3099 0.105952 0.010985 -0.035330
3100 0.094283 0.027174 -0.071835
3101 0.106043 0.019563 -0.064323
3102 0.099814 0.024031 -0.069634
3103 0.102584 0.022621 -0.065808
3104 0.105441 0.018267 -0.058602
3105 0.109075 0.017528 -0.045108
3106 0.106610 0.015571 -0.053587
3107 0.107892 0.016501 -0.048622
3108 0.077057 0.036586 -0.073048
3109 0.084419 0.033903 -0.072170
3110 0.090043 0.032157 -0.069107
3111 0.071968 0.042493 -0.069465
3112 0.067189 0.045001 -0.068527
3113 0.044019 0.056128 -0.059725
3114 0.044122 0.059233 -0.055411
3115 0.043497 0.061418 -0.050703
3116 0.069748 0.046270 -0.066487
3117 0.061609 0.046407 -0.068189
3118 0.066126 0.047769 -0.066186
3119 0.057214 0.050576 -0.064855
3120 0.050056 0.053259 -0.062327
3121 0.108562 0.004821 -0.032789
3122 0.107180 0.019671 -0.042763
3123 0.106201 0.014760 -0.037093
3124 0.108236 0.016983 -0.038531
3125 0.107296 0.019073 -0.040101
3126 0.103681 0.014071 -0.034946
3127 0.107342 0.008507 -0.032590
3128 0.105638 0.011571 -0.032594
3129 0.095090 0.029150 -0.066349
3130 0.090424 0.034095 -0.063886
3131 0.101963 0.022933 -0.061209
3132 0.099469 0.025470 -0.064262
3133 0.101464 0.022586 -0.056699
3134 0.103470 0.019810 -0.054039
3135 0.105802 0.019954 -0.045950
3136 0.104317 0.019871 -0.049973
3137 0.079361 0.040200 -0.068324
3138 0.085510 0.037192 -0.066327
3139 0.074579 0.045334 -0.064879
3140 0.049236 0.058065 -0.056611
3141 0.048235 0.060737 -0.051759
3142 0.046566 0.062286 -0.046897
3143 0.069101 0.049446 -0.062702
3144 0.062829 0.050698 -0.063964
3145 0.057932 0.054236 -0.060839
3146 0.054217 0.057059 -0.057575
3147 0.108779 0.006102 -0.029839
3148 0.109299 0.003129 -0.030128
3149 0.103756 0.022547 -0.042896
3150 0.102403 0.018194 -0.036568
3151 0.104385 0.021680 -0.040138
3152 0.105184 0.019112 -0.037909
3153 0.103689 0.014092 -0.032466
3154 0.101311 0.016465 -0.033580
3155 0.099816 0.019122 -0.035707
3156 0.108001 0.009796 -0.029282
3157 0.105096 0.012936 -0.030495
3158 0.093429 0.032050 -0.060908
3159 0.086905 0.038342 -0.060844
3160 0.090919 0.035049 -0.059537
3161 0.097377 0.028014 -0.058350
3162 0.100346 0.024743 -0.051570
3163 0.102411 0.023443 -0.046283
3164 0.080883 0.042890 -0.061772
3165 0.084522 0.041744 -0.057227
3166 0.075162 0.048173 -0.058858
3167 0.070381 0.051643 -0.057279
3168 0.053580 0.059627 -0.052845
3169 0.049603 0.062772 -0.043000
3170 0.051858 0.061676 -0.047723
3171 0.064325 0.053681 -0.058858
3172 0.058811 0.057390 -0.055128
3173 0.068337 0.054037 -0.053737
3174 0.112586 0.005642 -0.027870
3175 0.116811 0.003784 -0.026095
3176 0.101275 0.025456 -0.042671
3177 0.101142 0.025512 -0.039599
3178 0.100977 0.022747 -0.037199
3179 0.100223 0.026578 -0.036976
3180 0.098673 0.021653 -0.035111
3181 0.111630 0.011237 -0.027459
3182 0.099052 0.019322 -0.033030
3183 0.103177 0.015672 -0.030696
3184 0.101055 0.018181 -0.031127
3185 0.107020 0.014720 -0.028848
3186 0.092811 0.033960 -0.056043
3187 0.088747 0.038241 -0.056159
3188 0.086032 0.041754 -0.053054
3189 0.096029 0.031462 -0.050912
3190 0.099049 0.028592 -0.044754
3191 0.080387 0.046246 -0.053790
3192 0.074104 0.051245 -0.051701
3193 0.054258 0.062117 -0.043533
3194 0.052614 0.062849 -0.039052
3195 0.058344 0.060158 -0.047650
3196 0.063656 0.056851 -0.051993
3197 0.068986 0.055364 -0.047121
3198 0.116311 0.008069 -0.025126
3199 0.114271 0.012948 -0.024873
3200 0.118996 0.004277 -0.022610
3201 0.098969 0.029327 -0.039799
3202 0.099482 0.028555 -0.037706
3203 0.099437 0.029381 -0.035540
3204 0.099653 0.026388 -0.035041
3205 0.098974 0.024052 -0.035072
3206 0.099031 0.022752 -0.032835
3207 0.099753 0.029325 -0.033502
3208 0.110615 0.015738 -0.026822
3209 0.101123 0.021447 -0.031078
3210 0.103942 0.018804 -0.029710
3211 0.106866 0.019299 -0.028015
3212 0.090714 0.038114 -0.050099
3213 0.085517 0.043690 -0.047844
3214 0.095108 0.034831 -0.044499
3215 0.097460 0.032284 -0.040768
3216 0.080227 0.048221 -0.046383
3217 0.075139 0.052192 -0.043754
3218 0.085124 0.045649 -0.041411
3219 0.055480 0.062672 -0.035001
3220 0.058356 0.061469 -0.040139
3221 0.063870 0.058586 -0.044073
3222 0.059407 0.061710 -0.034840
3223 0.069577 0.056058 -0.040381
3224 0.118408 0.007456 -0.020799
3225 0.116879 0.010765 -0.021673
3226 0.112708 0.016709 -0.023388
3227 0.114979 0.014377 -0.021580
3228 0.119045 0.004497 -0.017889
3229 0.097973 0.032160 -0.036623
3230 0.099090 0.031454 -0.033792
3231 0.100707 0.026012 -0.032002
3232 0.100030 0.030896 -0.031156
3233 0.109708 0.019351 -0.025145
3234 0.104154 0.023123 -0.028835
3235 0.107038 0.021854 -0.026284
3236 0.090991 0.040432 -0.041649
3237 0.095538 0.036147 -0.038219
3238 0.088478 0.044025 -0.036726
3239 0.080456 0.049453 -0.039612
3240 0.076151 0.052642 -0.037309
3241 0.085140 0.047034 -0.035131
3242 0.110999 0.019465 -0.021832
3243 0.058063 0.062462 -0.030766
3244 0.064118 0.059480 -0.036419
3245 0.061395 0.061394 -0.031658
3246 0.070357 0.056543 -0.033955
3247 0.117350 0.009725 -0.016804
3248 0.115901 0.013286 -0.018713
3249 0.113329 0.016722 -0.018974
3250 0.116938 0.005453 -0.013775
3251 0.114819 0.002981 -0.012056
3252 0.097556 0.035133 -0.031983
3253 0.100065 0.032545 -0.028269
3254 0.102394 0.028597 -0.027705
3255 0.108501 0.021985 -0.023492
3256 0.105644 0.024838 -0.025261
3257 0.101279 0.031769 -0.024969
3258 0.092822 0.040596 -0.033763
3259 0.088515 0.044901 -0.032521
3260 0.094912 0.039409 -0.028333
3261 0.077090 0.053233 -0.030585
3262 0.081040 0.050305 -0.033096
3263 0.085819 0.047622 -0.029522
3264 0.110716 0.019682 -0.018437
3265 0.109321 0.021475 -0.020532
3266 0.060185 0.062442 -0.026280
3267 0.065501 0.059882 -0.029775
3268 0.071308 0.057294 -0.026820
3269 0.115377 0.009315 -0.012061
3270 0.114073 0.013752 -0.014436
3271 0.111100 0.018201 -0.014952
3272 0.113119 0.002797 -0.008958
3273 0.114465 0.005684 -0.010324
3274 0.098277 0.035838 -0.025339
3275 0.103773 0.028594 -0.022762
3276 0.106776 0.024682 -0.020793
3277 0.101123 0.032578 -0.020944
3278 0.090587 0.044009 -0.027167
3279 0.094403 0.040572 -0.023271
3280 0.077229 0.054566 -0.023499
3281 0.081938 0.050931 -0.026678
3282 0.086477 0.048015 -0.024217
3283 0.108253 0.022532 -0.016016
3284 0.108570 0.020255 -0.011275
3285 0.065824 0.061117 -0.022744
3286 0.061730 0.062724 -0.021572
3287 0.062633 0.063344 -0.016733
3288 0.071954 0.058463 -0.020254
3289 0.113843 0.008342 -0.008691
3290 0.112771 0.012014 -0.009598
3291 0.110928 0.015965 -0.010711
3292 0.114145 0.002200 -0.005587
3293 0.113173 0.005123 -0.006188
3294 0.097832 0.036746 -0.019656
3295 0.104214 0.028287 -0.016878
3296 0.100227 0.033556 -0.015866
3297 0.077503 0.055942 -0.017475
3298 0.095022 0.040064 -0.017456
3299 0.089910 0.045567 -0.018804
3300 0.083482 0.051381 -0.019152
3301 0.105554 0.025044 -0.010696
3302 0.106758 0.021351 -0.008006
3303 0.108499 0.017837 -0.007458
3304 0.067343 0.061923 -0.016208
3305 0.062915 0.064266 -0.011864
3306 0.072685 0.059827 -0.014103
3307 0.077029 0.058065 -0.011711
3308 0.112370 0.009419 -0.006020
3309 0.110450 0.013930 -0.006294
3310 0.115963 0.003771 -0.003620
3311 0.113562 0.006810 -0.002296
3312 0.106498 0.019555 -0.004483
3313 0.096963 0.037630 -0.014514
3314 0.101842 0.030706 -0.011383
3315 0.098867 0.034857 -0.011716
3316 0.082054 0.054677 -0.011497
3317 0.078691 0.058367 -0.007866
3318 0.093342 0.042039 -0.012750
3319 0.088006 0.048646 -0.011527
3320 0.104794 0.023312 -0.004545
3321 0.102252 0.028587 -0.005773
3322 0.108917 0.016624 -0.003641
3323 0.068192 0.063398 -0.009349
3324 0.062846 0.065238 -0.006994
3325 0.074204 0.061021 -0.008034
3326 0.065819 0.065537 -0.003656
3327 0.062559 0.066031 -0.002101
3328 0.077515 0.061272 -0.002200
3329 0.111563 0.010787 -0.002890
3330 0.111069 0.014585 -0.002873
3331 0.114744 0.010125 -0.000549
3332 0.120013 0.003203 -0.002017
3333 0.116995 0.005504 -0.001397
3334 0.116270 0.007632 -0.000405
3335 0.123523 0.002854 -0.000679
3336 0.122416 0.004866 -0.000131
3337 0.117200 0.009341 0.000409
3338 0.105190 0.020320 -0.001819
3339 0.104052 0.022133 -0.000205
3340 0.107580 0.018194 -0.000696
3341 0.095808 0.038686 -0.009421
3342 0.098891 0.033890 -0.007290
3343 0.082317 0.056735 -0.004814
3344 0.085713 0.052717 -0.006530
3345 0.091876 0.044105 -0.006832
3346 0.088719 0.049132 -0.004890
3347 0.101906 0.026096 0.000503
3348 0.098523 0.032324 -0.000545
3349 0.111312 0.016699 -0.000657
3350 0.070763 0.064655 -0.002279
3351 0.065964 0.066472 0.001410
3352 0.062033 0.066608 0.002803
3353 0.074794 0.064384 0.002131
3354 0.065508 0.067040 0.005676
3355 0.061199 0.067037 0.007679
3356 0.081984 0.059338 0.001930
3357 0.079067 0.062497 0.004435
3358 0.114119 0.014302 -0.000265
3359 0.116571 0.011593 0.000598
3360 0.119574 0.006906 0.000367
3361 0.125616 0.004429 0.001075
3362 0.123126 0.006544 0.001182
3363 0.118956 0.010304 0.001447
3364 0.128916 0.003726 0.005156
3365 0.104909 0.019216 0.001552
3366 0.103399 0.021444 0.003359
3367 0.107571 0.017731 0.003041
3368 0.110225 0.017319 0.002082
3369 0.101113 0.023074 0.006905
3370 0.094541 0.039442 -0.002673
3371 0.095141 0.035921 0.003909
3372 0.086495 0.053786 0.000465
3373 0.090544 0.046810 0.000375
3374 0.093697 0.036476 0.008026
3375 0.097144 0.029256 0.007585
3376 0.113553 0.015908 0.002382
3377 0.070335 0.066701 0.005183
3378 0.075525 0.065134 0.006077
3379 0.060027 0.067381 0.012492
3380 0.066344 0.067607 0.011183
3381 0.084174 0.058422 0.008809
3382 0.079564 0.063113 0.009334
3383 0.117424 0.013345 0.002292
3384 0.122133 0.008709 0.002011
3385 0.125734 0.007312 0.002851
3386 0.120715 0.011009 0.002753
3387 0.127072 0.008034 0.005667
3388 0.127834 0.005604 0.009146
3389 0.104309 0.018035 0.006503
3390 0.109571 0.016102 0.005864
3391 0.091337 0.044156 0.008008
3392 0.088386 0.051613 0.008393
3393 0.115343 0.014591 0.005131
3394 0.074012 0.066409 0.009683
3395 0.120168 0.012237 0.004469
3396 0.124367 0.009558 0.003868
3397 0.124672 0.009511 0.008842
3398 0.125001 0.005762 0.013381
3399 -0.074598 0.000000 -0.235836
3400 -0.074578 0.000000 -0.244707
3401 -0.074720 -0.007707 -0.238273
3402 -0.074711 -0.007657 -0.244750
3403 -0.074850 -0.015314 -0.244793
3404 -0.074637 0.000001 -0.225457
3405 -0.074760 -0.008920 -0.230449
3406 -0.074812 -0.009533 -0.220865
3407 -0.074675 0.000000 -0.215078
3408 -0.074476 0.000195 -0.177398
3409 -0.074709 -0.008915 -0.176493
3410 -0.074037 0.000000 -0.168514
3411 -0.074285 -0.008759 -0.168511
3412 -0.074805 -0.006494 -0.184107
3413 -0.074708 0.000000 -0.187249
3414 -0.074710 -0.000001 -0.195819
3415 -0.074848 -0.008143 -0.191664
3416 -0.074819 -0.007223 -0.199760
3417 -0.074691 -0.000001 -0.204714
3418 -0.074990 -0.022972 -0.244832
3419 -0.074906 -0.018215 -0.236879
3420 -0.074744 -0.019133 -0.168447
3421 -0.074991 -0.020905 -0.175925
3422 -0.074932 -0.018519 -0.227265
3423 -0.074869 -0.010732 -0.209260
3424 -0.074980 -0.019031 -0.217680
3425 -0.074991 -0.016817 -0.184876
3426 -0.074988 -0.016976 -0.198409
3427 -0.075051 -0.026938 -0.239581
3428 -0.075107 -0.030629 -0.244886
3429 -0.075055 -0.026938 -0.232845
3430 -0.075069 -0.029545 -0.168435
3431 -0.075179 -0.028468 -0.181452
3432 -0.075069 -0.026257 -0.223865
3433 -0.075064 -0.022299 -0.208557
3434 -0.075104 -0.026525 -0.216069
3435 -0.075140 -0.026321 -0.191962
3436 -0.075141 -0.026799 -0.201052
3437 -0.075157 -0.034377 -0.238016
3438 -0.075175 -0.038287 -0.244946
3439 -0.075178 -0.034325 -0.228578
3440 -0.075358 -0.037229 -0.177997
3441 -0.075288 -0.039959 -0.168464
3442 -0.075267 -0.035444 -0.188166
3443 -0.075208 -0.034358 -0.219096
3444 -0.075217 -0.032716 -0.208418
3445 -0.075251 -0.034200 -0.198286
3446 -0.075234 -0.041567 -0.240120
3447 -0.075282 -0.045945 -0.244999
3448 -0.075275 -0.042049 -0.233500
3449 -0.075321 -0.043079 -0.223748
3450 -0.075427 -0.046451 -0.176299
3451 -0.075443 -0.050375 -0.168518
3452 -0.075365 -0.043724 -0.185360
3453 -0.075378 -0.042720 -0.193936
3454 -0.075340 -0.042230 -0.213442
3455 -0.075374 -0.042603 -0.202420
3456 -0.075427 -0.049063 -0.217197
3457 -0.075383 -0.050202 -0.238395
3458 -0.075417 -0.053602 -0.245044
3459 -0.075421 -0.050984 -0.230395
3460 -0.075452 -0.051640 -0.222444
3461 -0.075591 -0.055424 -0.175465
3462 -0.075613 -0.060747 -0.168565
3463 -0.075469 -0.051416 -0.181910
3464 -0.075502 -0.052524 -0.190177
3465 -0.075506 -0.051739 -0.198736
3466 -0.075489 -0.051651 -0.208919
3467 -0.075531 -0.055716 -0.216692
3468 -0.075732 -0.063207 -0.174902
3469 -0.075803 -0.070592 -0.168600
3470 -0.075515 -0.058344 -0.240548
3471 -0.075553 -0.061259 -0.245088
3472 -0.075545 -0.059126 -0.234112
3473 -0.075574 -0.059504 -0.224575
3474 -0.075638 -0.061215 -0.183568
3475 -0.075641 -0.060539 -0.193742
3476 -0.075638 -0.060398 -0.203223
3477 -0.075647 -0.062550 -0.216289
3478 -0.075615 -0.059887 -0.210720
3479 -0.075842 -0.072048 -0.178048
3480 -0.075936 -0.078719 -0.168637
3481 -0.075676 -0.067556 -0.240092
3482 -0.075687 -0.068917 -0.245134
3483 -0.075714 -0.068285 -0.229878
3484 -0.075744 -0.068710 -0.220110
3485 -0.075806 -0.070227 -0.188805
3486 -0.075793 -0.069633 -0.198753
3487 -0.075774 -0.069177 -0.209340
3488 -0.075867 -0.075528 -0.216154
3489 -0.075993 -0.080658 -0.177522
3490 -0.076076 -0.087120 -0.168674
3491 -0.075957 -0.079539 -0.184554
3492 -0.075819 -0.076592 -0.245180
3493 -0.075832 -0.075981 -0.235175
3494 -0.075938 -0.082757 -0.238994
3495 -0.075887 -0.077806 -0.224672
3496 -0.075947 -0.078864 -0.193802
3497 -0.075931 -0.078231 -0.202606
3498 -0.075928 -0.078724 -0.210380
3499 -0.075992 -0.083143 -0.216391
3500 -0.076089 -0.087526 -0.179840
3501 -0.076251 -0.095625 -0.168700
3502 -0.076250 -0.093906 -0.174389
3503 -0.076107 -0.088542 -0.189198
3504 -0.075958 -0.084719 -0.245229
3505 -0.076053 -0.089465 -0.238742
3506 -0.075988 -0.084656 -0.231557
3507 -0.076062 -0.088093 -0.223517
3508 -0.076089 -0.087565 -0.198353
3509 -0.076068 -0.087101 -0.207914
3510 -0.076132 -0.091665 -0.215859
3511 -0.076375 -0.099795 -0.174268
3512 -0.076357 -0.103561 -0.168746
3513 -0.076265 -0.097927 -0.182141
3514 -0.076240 -0.096650 -0.193434
3515 -0.076096 -0.093000 -0.245284
3516 -0.076165 -0.096343 -0.240039
3517 -0.076168 -0.095311 -0.231391
3518 -0.076289 -0.103917 -0.237628
3519 -0.076216 -0.097365 -0.222052
3520 -0.076220 -0.096002 -0.203156
3521 -0.076205 -0.095630 -0.210191
3522 -0.076247 -0.098658 -0.215090
3523 -0.076491 -0.107429 -0.177490
3524 -0.076455 -0.112707 -0.168806
3525 -0.076369 -0.104853 -0.198721
3526 -0.076425 -0.106109 -0.188419
3527 -0.076219 -0.100733 -0.245333
3528 -0.076335 -0.108390 -0.245380
3529 -0.076332 -0.105274 -0.227994
3530 -0.076397 -0.111221 -0.239566
3531 -0.076397 -0.110250 -0.234296
3532 -0.076346 -0.105252 -0.218611
3533 -0.076353 -0.104818 -0.209090
3534 -0.076463 -0.111551 -0.202786
3535 -0.076645 -0.117989 -0.176086
3536 -0.076507 -0.122676 -0.168879
3537 -0.076579 -0.115104 -0.184152
3538 -0.076509 -0.114695 -0.194577
3539 -0.076445 -0.116048 -0.245441
3540 -0.076455 -0.112842 -0.222892
3541 -0.076454 -0.113421 -0.229620
3542 -0.076503 -0.117422 -0.236703
3543 -0.076796 -0.127387 -0.175989
3544 -0.076918 -0.132961 -0.169071
3545 -0.076468 -0.113033 -0.214880
3546 -0.076490 -0.114138 -0.208240
3547 -0.076556 -0.119199 -0.219024
3548 -0.076566 -0.119168 -0.202645
3549 -0.076701 -0.124402 -0.183078
3550 -0.076617 -0.122021 -0.189289
3551 -0.076629 -0.124775 -0.195974
3552 -0.076541 -0.123705 -0.245478
3553 -0.076574 -0.121102 -0.227121
3554 -0.076608 -0.125938 -0.235695
3555 -0.077034 -0.135031 -0.176626
3556 -0.076111 -0.141630 -0.169258
3557 -0.076820 -0.131470 -0.181809
3558 -0.076411 -0.141676 -0.176877
3559 -0.076599 -0.121938 -0.211202
3560 -0.076657 -0.127151 -0.219042
3561 -0.076691 -0.127911 -0.203091
3562 -0.076742 -0.131489 -0.188995
3563 -0.076832 -0.133495 -0.197094
3564 -0.076656 -0.131363 -0.245426
3565 -0.076773 -0.133216 -0.235282
3566 -0.076747 -0.131610 -0.226854
3567 -0.076422 -0.141203 -0.184507
3568 -0.076819 -0.134287 -0.219034
3569 -0.076963 -0.132414 -0.211089
3570 -0.076961 -0.135111 -0.203172
3571 -0.076466 -0.140887 -0.192144
3572 -0.076515 -0.140622 -0.199784
3573 -0.076268 -0.138986 -0.245609
3574 -0.076433 -0.139432 -0.237981
3575 -0.076521 -0.139524 -0.230338
3576 -0.076489 -0.139714 -0.222697
3577 -0.076551 -0.140042 -0.215060
3578 -0.076599 -0.140367 -0.207423
3579 -0.073267 -0.005730 -0.248212
3580 -0.069550 0.000000 -0.249696
3581 -0.069691 -0.008128 -0.249746
3582 -0.073492 -0.012065 -0.248132
3583 -0.069849 -0.016778 -0.249800
3584 -0.073636 -0.019720 -0.248176
3585 -0.070002 -0.025344 -0.249853
3586 -0.073233 -0.026390 -0.248713
3587 -0.070107 -0.033323 -0.249902
3588 -0.074109 -0.037060 -0.247997
3589 -0.070179 -0.041082 -0.249949
3590 -0.073790 -0.043478 -0.248486
3591 -0.070304 -0.048841 -0.249997
3592 -0.073931 -0.051131 -0.248525
3593 -0.074129 -0.056632 -0.248454
3594 -0.070443 -0.056647 -0.250045
3595 -0.074189 -0.061752 -0.248518
3596 -0.070590 -0.064987 -0.250097
3597 -0.074228 -0.071586 -0.248712
3598 -0.074338 -0.076752 -0.248724
3599 -0.074479 -0.080841 -0.248678
3600 -0.070734 -0.073278 -0.250148
3601 -0.074496 -0.084635 -0.248750
3602 -0.074623 -0.089311 -0.248729
3603 -0.070871 -0.081236 -0.250197
3604 -0.074731 -0.094241 -0.248732
3605 -0.071014 -0.089763 -0.250249
3606 -0.071155 -0.098431 -0.250303
3607 -0.071282 -0.106678 -0.250354
3608 -0.074943 -0.111865 -0.248899
3609 -0.075019 -0.119118 -0.248968
3610 -0.071395 -0.114456 -0.250401
3611 -0.071496 -0.122215 -0.250449
3612 -0.075116 -0.126505 -0.249004
3613 -0.071599 -0.129974 -0.250497
3614 -0.075228 -0.132718 -0.249041
3615 -0.071397 -0.137713 -0.250543
3616 -0.076268 0.138986 -0.245609
3617 -0.076655 0.131297 -0.245426
3618 -0.076433 0.139432 -0.237981
3619 -0.076772 0.133128 -0.235153
3620 -0.076521 0.139524 -0.230338
3621 -0.076819 0.134264 -0.219015
3622 -0.076550 0.140042 -0.215060
3623 -0.076489 0.139714 -0.222697
3624 -0.076961 0.135111 -0.203172
3625 -0.076515 0.140622 -0.199784
3626 -0.076599 0.140367 -0.207423
3627 -0.076745 0.131558 -0.226803
3628 -0.076540 0.123574 -0.245478
3629 -0.076607 0.125746 -0.235517
3630 -0.076411 0.141676 -0.176877
3631 -0.077034 0.135031 -0.176626
3632 -0.076111 0.141630 -0.169258
3633 -0.076422 0.141203 -0.184507
3634 -0.076918 0.132961 -0.169071
3635 -0.076820 0.131470 -0.181809
3636 -0.076832 0.133495 -0.197094
3637 -0.076466 0.140887 -0.192144
3638 -0.076742 0.131489 -0.188995
3639 -0.076963 0.132410 -0.211086
3640 -0.076657 0.127151 -0.219042
3641 -0.076691 0.127910 -0.203091
3642 -0.076442 0.115850 -0.245438
3643 -0.076501 0.117279 -0.236665
3644 -0.076573 0.121027 -0.227080
3645 -0.076796 0.127387 -0.175989
3646 -0.076507 0.122676 -0.168879
3647 -0.076701 0.124402 -0.183078
3648 -0.076629 0.124775 -0.195974
3649 -0.076617 0.122021 -0.189289
3650 -0.076556 0.119186 -0.219010
3651 -0.076599 0.121935 -0.211201
3652 -0.076566 0.119167 -0.202644
3653 -0.076394 0.111015 -0.239535
3654 -0.076331 0.108127 -0.245377
3655 -0.076453 0.113327 -0.229608
3656 -0.076395 0.110123 -0.234269
3657 -0.076455 0.112859 -0.222866
3658 -0.076645 0.117989 -0.176086
3659 -0.076455 0.112707 -0.168806
3660 -0.076579 0.115104 -0.184152
3661 -0.076509 0.114695 -0.194576
3662 -0.076468 0.113028 -0.214878
3663 -0.076463 0.111551 -0.202784
3664 -0.076490 0.114137 -0.208239
3665 -0.076214 0.100403 -0.245331
3666 -0.076287 0.103763 -0.237553
3667 -0.076163 0.096182 -0.239794
3668 -0.076091 0.092679 -0.245281
3669 -0.076331 0.105230 -0.227986
3670 -0.076345 0.105231 -0.218608
3671 -0.076357 0.103561 -0.168746
3672 -0.076491 0.107429 -0.177490
3673 -0.076375 0.099795 -0.174268
3674 -0.076425 0.106110 -0.188417
3675 -0.076369 0.104854 -0.198717
3676 -0.076353 0.104820 -0.209086
3677 -0.076246 0.098652 -0.215078
3678 -0.075962 0.084956 -0.245232
3679 -0.076046 0.088929 -0.238037
3680 -0.076170 0.095430 -0.231405
3681 -0.076218 0.097451 -0.221963
3682 -0.076251 0.095625 -0.168700
3683 -0.076250 0.093906 -0.174389
3684 -0.076265 0.097927 -0.182141
3685 -0.076240 0.096651 -0.193429
3686 -0.076221 0.096007 -0.203133
3687 -0.076205 0.095636 -0.210156
3688 -0.076134 0.091782 -0.215684
3689 -0.075830 0.077233 -0.245184
3690 -0.075928 0.082027 -0.238158
3691 -0.075998 0.085133 -0.230472
3692 -0.076070 0.088550 -0.223027
3693 -0.076076 0.087120 -0.168674
3694 -0.076089 0.087526 -0.179840
3695 -0.076107 0.088543 -0.189198
3696 -0.076088 0.087547 -0.198343
3697 -0.076069 0.087125 -0.207811
3698 -0.075995 0.083281 -0.216073
3699 -0.075697 0.069510 -0.245138
3700 -0.075780 0.073347 -0.238305
3701 -0.075870 0.077855 -0.232502
3702 -0.075892 0.077995 -0.224064
3703 -0.075936 0.078719 -0.168637
3704 -0.075993 0.080658 -0.177522
3705 -0.075957 0.079539 -0.184554
3706 -0.075945 0.078721 -0.193908
3707 -0.075931 0.078237 -0.202576
3708 -0.075869 0.075649 -0.215749
3709 -0.075929 0.078759 -0.210114
3710 -0.075563 0.061786 -0.245091
3711 -0.075635 0.064990 -0.238777
3712 -0.075714 0.068285 -0.229878
3713 -0.075744 0.068715 -0.219987
3714 -0.075842 0.072048 -0.178048
3715 -0.075803 0.070592 -0.168600
3716 -0.075732 0.063207 -0.174902
3717 -0.075806 0.070227 -0.188805
3718 -0.075793 0.069633 -0.198753
3719 -0.075775 0.069193 -0.208964
3720 -0.075647 0.062553 -0.216264
3721 -0.075514 0.058255 -0.240485
3722 -0.075426 0.054063 -0.245047
3723 -0.075540 0.058759 -0.233768
3724 -0.075574 0.059473 -0.224543
3725 -0.075613 0.060747 -0.168565
3726 -0.075638 0.061215 -0.183568
3727 -0.075591 0.055425 -0.175465
3728 -0.075641 0.060539 -0.193742
3729 -0.075638 0.060398 -0.203223
3730 -0.075615 0.059888 -0.210720
3731 -0.075531 0.055711 -0.216682
3732 -0.075386 0.050383 -0.238333
3733 -0.075288 0.046340 -0.245001
3734 -0.075421 0.050986 -0.230394
3735 -0.075452 0.051634 -0.222438
3736 -0.075443 0.050375 -0.168518
3737 -0.075469 0.051416 -0.181910
3738 -0.075502 0.052524 -0.190177
3739 -0.075427 0.046363 -0.176184
3740 -0.075506 0.051739 -0.198736
3741 -0.075490 0.051652 -0.208919
3742 -0.075427 0.049064 -0.217198
3743 -0.075242 0.042049 -0.239977
3744 -0.075178 0.038617 -0.244949
3745 -0.075278 0.042225 -0.233465
3746 -0.075321 0.043077 -0.223750
3747 -0.075288 0.039959 -0.168464
3748 -0.075365 0.043724 -0.185360
3749 -0.075378 0.042720 -0.193936
3750 -0.075360 0.035577 -0.177148
3751 -0.075374 0.042603 -0.202420
3752 -0.075340 0.042230 -0.213443
3753 -0.075159 0.034514 -0.238037
3754 -0.075110 0.030893 -0.244888
3755 -0.075178 0.034311 -0.228662
3756 -0.075205 0.034165 -0.219152
3757 -0.075052 0.026993 -0.239704
3758 -0.074993 0.023169 -0.244833
3759 -0.075069 0.029545 -0.168435
3760 -0.075256 0.034641 -0.188236
3761 -0.075248 0.033952 -0.197791
3762 -0.075080 0.024885 -0.175627
3763 -0.075161 0.027570 -0.183154
3764 -0.075222 0.033105 -0.208760
3765 -0.075132 0.026215 -0.201795
3766 -0.075054 0.026886 -0.233153
3767 -0.075063 0.025916 -0.224073
3768 -0.075101 0.026351 -0.216221
3769 -0.074852 0.015446 -0.244794
3770 -0.074907 0.018293 -0.236962
3771 -0.074744 0.019133 -0.168447
3772 -0.074894 0.016244 -0.175187
3773 -0.075111 0.024399 -0.192139
3774 -0.075013 0.018663 -0.182662
3775 -0.074712 0.007723 -0.244750
3776 -0.074721 0.007774 -0.238233
3777 -0.075066 0.022489 -0.208864
3778 -0.074986 0.016934 -0.200618
3779 -0.074931 0.018531 -0.227439
3780 -0.074978 0.018973 -0.217809
3781 -0.074762 0.009028 -0.230421
3782 -0.074285 0.008759 -0.168511
3783 -0.074798 0.008155 -0.180778
3784 -0.074881 0.010122 -0.191241
3785 -0.074825 0.007608 -0.200083
3786 -0.074868 0.010771 -0.209586
3787 -0.074812 0.009550 -0.220965
3788 -0.071397 0.137713 -0.250543
3789 -0.075218 0.132707 -0.249052
3790 -0.071599 0.129974 -0.250497
3791 -0.075102 0.126466 -0.249017
3792 -0.071496 0.122215 -0.250449
3793 -0.075006 0.119036 -0.248980
3794 -0.071395 0.114456 -0.250401
3795 -0.074931 0.111741 -0.248909
3796 -0.071282 0.106678 -0.250354
3797 -0.071155 0.098431 -0.250303
3798 -0.074738 0.094011 -0.248719
3799 -0.074860 0.089015 -0.248459
3800 -0.071014 0.089763 -0.250249
3801 -0.074505 0.083811 -0.248722
3802 -0.070871 0.081236 -0.250197
3803 -0.074135 0.077018 -0.248920
3804 -0.074522 0.073230 -0.248442
3805 -0.070734 0.073278 -0.250148
3806 -0.074018 0.069324 -0.248859
3807 -0.074128 0.063183 -0.248616
3808 -0.070590 0.064987 -0.250097
3809 -0.074330 0.056997 -0.248235
3810 -0.070443 0.056647 -0.250045
3811 -0.073938 0.051364 -0.248524
3812 -0.070304 0.048840 -0.249997
3813 -0.073771 0.043764 -0.248511
3814 -0.070179 0.041082 -0.249949
3815 -0.074076 0.037360 -0.248043
3816 -0.070107 0.033323 -0.249902
3817 -0.073242 0.026389 -0.248706
3818 -0.073622 0.019778 -0.248193
3819 -0.070002 0.025344 -0.249853
3820 -0.073481 0.012079 -0.248144
3821 -0.069849 0.016778 -0.249800
3822 -0.069691 0.008128 -0.249746
3823 -0.073253 0.005711 -0.248226
3824 0.067307 -0.149276 -0.170931
3825 0.070967 -0.144526 -0.166780
3826 0.064522 -0.148824 -0.165541
3827 0.071530 -0.146131 -0.174398
3828 0.067794 -0.149148 -0.241103
3829 0.072145 -0.144229 -0.244932
3830 0.071677 -0.145900 -0.237269
3831 0.066528 -0.149217 -0.245320
3832 0.071581 -0.146360 -0.229427
3833 0.067115 -0.149929 -0.230704
3834 0.065684 -0.150258 -0.178089
3835 0.071393 -0.146247 -0.182258
3836 0.061101 -0.150861 -0.171602
3837 0.056667 -0.149862 -0.165200
3838 0.066016 -0.150159 -0.186032
3839 0.071374 -0.146353 -0.190121
3840 0.066286 -0.150082 -0.194103
3841 0.071462 -0.146474 -0.197982
3842 0.067004 -0.149847 -0.200844
3843 0.071562 -0.146465 -0.205845
3844 0.071662 -0.146224 -0.213703
3845 0.066836 -0.149918 -0.213904
3846 0.071669 -0.146217 -0.221565
3847 0.066601 -0.149997 -0.223820
3848 0.059044 -0.150779 -0.244993
3849 0.060477 -0.150824 -0.240769
3850 0.063699 -0.150687 -0.235393
3851 0.060226 -0.150795 -0.227450
3852 0.048704 -0.149678 -0.165336
3853 0.052756 -0.150661 -0.172383
3854 0.060533 -0.150898 -0.183139
3855 0.058687 -0.150838 -0.177924
3856 0.063626 -0.150688 -0.207625
3857 0.059379 -0.150848 -0.190603
3858 0.060538 -0.150779 -0.199575
3859 0.058884 -0.150775 -0.216511
3860 0.052676 -0.150809 -0.240703
3861 0.051354 -0.150803 -0.244885
3862 0.053707 -0.150812 -0.233787
3863 0.051459 -0.150705 -0.223977
3864 0.046354 -0.150672 -0.242036
3865 0.043663 -0.150624 -0.244943
3866 0.040738 -0.149701 -0.165416
3867 0.044750 -0.150534 -0.173598
3868 0.051921 -0.150623 -0.183267
3869 0.054757 -0.150842 -0.207055
3870 0.050912 -0.150634 -0.196910
3871 0.049001 -0.150683 -0.214908
3872 0.041841 -0.150499 -0.181628
3873 0.042805 -0.150614 -0.221039
3874 0.045146 -0.150642 -0.237292
3875 0.044031 -0.150636 -0.229805
3876 0.039069 -0.150536 -0.241699
3877 0.035971 -0.150477 -0.244998
3878 0.035073 -0.150595 -0.174701
3879 0.032773 -0.149736 -0.165489
3880 0.027745 -0.150391 -0.171519
3881 0.024808 -0.149594 -0.165618
3882 0.042534 -0.150523 -0.190699
3883 0.045738 -0.150617 -0.206774
3884 0.041684 -0.150538 -0.199622
3885 0.041810 -0.150579 -0.213515
3886 0.034077 -0.150392 -0.185439
3887 0.036435 -0.150499 -0.216978
3888 0.033846 -0.150459 -0.224798
3889 0.035078 -0.150474 -0.235471
3890 0.028279 -0.150339 -0.245044
3891 -0.073428 -0.145936 -0.173927
3892 -0.070536 -0.146828 -0.167711
3893 0.026743 -0.150264 -0.179514
3894 0.016843 -0.149499 -0.165732
3895 0.020903 -0.150282 -0.172760
3896 0.034073 -0.150401 -0.195947
3897 0.035163 -0.150457 -0.207730
3898 0.024045 -0.150231 -0.190534
3899 0.029493 -0.150377 -0.216168
3900 0.025930 -0.150314 -0.222299
3901 0.026388 -0.150324 -0.229365
3902 0.024208 -0.150280 -0.237454
3903 0.020588 -0.150190 -0.245098
3904 -0.066317 -0.148743 -0.175137
3905 -0.062803 -0.148350 -0.166943
3906 -0.072582 -0.146736 -0.180891
3907 -0.074594 -0.144169 -0.240485
3908 -0.072522 -0.145527 -0.246211
3909 0.008879 -0.149370 -0.165857
3910 0.012477 -0.150125 -0.174289
3911 0.016971 -0.150101 -0.182187
3912 0.005070 -0.150085 -0.172649
3913 0.000914 -0.149238 -0.165983
3914 0.025587 -0.150286 -0.201602
3915 0.025519 -0.150303 -0.209828
3916 0.017921 -0.150152 -0.197943
3917 0.013269 -0.150057 -0.190860
3918 0.021367 -0.150230 -0.216088
3919 0.019375 -0.150193 -0.224219
3920 0.019867 -0.150202 -0.231605
3921 0.015871 -0.150119 -0.237358
3922 0.012896 -0.150028 -0.245140
3923 -0.057229 -0.148972 -0.174524
3924 -0.054839 -0.148459 -0.166809
3925 -0.050922 -0.149077 -0.172858
3926 -0.046874 -0.148566 -0.166700
3927 -0.060197 -0.148876 -0.180899
3928 -0.073197 -0.146143 -0.188963
3929 -0.066641 -0.148682 -0.184366
3930 -0.073177 -0.146166 -0.196621
3931 -0.074208 -0.144990 -0.202955
3932 -0.074177 -0.145132 -0.234394
3933 -0.073952 -0.145198 -0.226893
3934 -0.069853 -0.147722 -0.239707
3935 -0.065433 -0.148126 -0.245558
3936 0.006121 -0.149905 -0.181610
3937 -0.007051 -0.149177 -0.166086
3938 -0.003021 -0.150167 -0.175193
3939 -0.011059 -0.149813 -0.171998
3940 -0.015016 -0.149069 -0.166205
3941 0.016647 -0.150143 -0.207191
3942 0.010228 -0.150028 -0.199734
3943 0.004345 -0.149913 -0.193170
3944 0.011323 -0.150046 -0.216733
3945 0.011665 -0.150050 -0.228705
3946 0.008511 -0.149984 -0.237857
3947 0.005204 -0.149909 -0.245176
3948 -0.018301 -0.149622 -0.172527
3949 -0.022982 -0.148983 -0.166316
3950 -0.030947 -0.148907 -0.166424
3951 -0.024434 -0.149554 -0.171980
3952 -0.029067 -0.149419 -0.174798
3953 -0.034709 -0.149408 -0.173282
3954 -0.038911 -0.148738 -0.166562
3955 -0.041251 -0.149356 -0.175873
3956 -0.051404 -0.148967 -0.181787
3957 -0.073919 -0.145435 -0.219517
3958 -0.069871 -0.147826 -0.223653
3959 -0.058764 -0.148895 -0.188867
3960 -0.066677 -0.148676 -0.193854
3961 -0.072091 -0.146383 -0.209770
3962 -0.068446 -0.148218 -0.202387
3963 -0.067669 -0.148123 -0.230750
3964 -0.057763 -0.148649 -0.245457
3965 -0.062643 -0.148469 -0.238463
3966 -0.003631 -0.149769 -0.186179
3967 -0.012087 -0.149608 -0.179163
3968 0.007008 -0.149972 -0.207680
3969 0.003392 -0.149909 -0.201203
3970 -0.003579 -0.149777 -0.196817
3971 0.002834 -0.149897 -0.214166
3972 0.003683 -0.149910 -0.221647
3973 0.003040 -0.149896 -0.231503
3974 0.002087 -0.149870 -0.239186
3975 -0.002488 -0.149780 -0.245207
3976 -0.022415 -0.149438 -0.180199
3977 -0.033230 -0.149282 -0.182168
3978 -0.042013 -0.149140 -0.187276
3979 -0.050126 -0.148991 -0.192561
3980 -0.067059 -0.148363 -0.217109
3981 -0.064596 -0.148428 -0.223985
3982 -0.058342 -0.148876 -0.199601
3983 -0.062695 -0.148662 -0.209422
3984 -0.050072 -0.148828 -0.245483
3985 -0.054431 -0.148741 -0.238999
3986 -0.058087 -0.148617 -0.229388
3987 -0.013575 -0.149612 -0.191126
3988 -0.002378 -0.149807 -0.207054
3989 -0.010139 -0.149673 -0.201868
3990 -0.003641 -0.149783 -0.216520
3991 -0.003157 -0.149789 -0.225721
3992 -0.005670 -0.149738 -0.235680
3993 -0.010188 -0.149649 -0.245248
3994 -0.025072 -0.149411 -0.191662
3995 -0.034117 -0.149241 -0.193688
3996 -0.041950 -0.149095 -0.197577
3997 -0.049010 -0.148974 -0.201024
3998 -0.057513 -0.148741 -0.218760
3999 -0.052924 -0.148903 -0.209091
4000 -0.042381 -0.148982 -0.245432
4001 -0.048246 -0.148876 -0.239422
4002 -0.049660 -0.148850 -0.232240
4003 -0.050948 -0.148844 -0.225176
4004 -0.019274 -0.149513 -0.201327
4005 -0.012303 -0.149633 -0.210255
4006 -0.010409 -0.149663 -0.220238
4007 -0.010039 -0.149668 -0.227767
4008 -0.014960 -0.149572 -0.238707
4009 -0.018385 -0.149500 -0.245294
4010 -0.014239 -0.149592 -0.232198
4011 -0.022332 -0.149428 -0.240668
4012 -0.026881 -0.149329 -0.245337
4013 -0.029129 -0.149283 -0.239846
4014 -0.034689 -0.149156 -0.245378
4015 -0.036026 -0.149129 -0.240232
4016 -0.027835 -0.149352 -0.201436
4017 -0.035435 -0.149201 -0.202525
4018 -0.042584 -0.149060 -0.208028
4019 -0.047792 -0.148945 -0.217514
4020 -0.042113 -0.149009 -0.234791
4021 -0.044290 -0.148993 -0.225688
4022 -0.022330 -0.149454 -0.209644
4023 -0.017711 -0.149536 -0.216319
4024 -0.018177 -0.149525 -0.224917
4025 -0.022626 -0.149431 -0.233797
4026 -0.032242 -0.149223 -0.233580
4027 -0.031908 -0.149268 -0.210763
4028 -0.039073 -0.149119 -0.217703
4029 -0.036292 -0.149156 -0.226468
4030 -0.024928 -0.149402 -0.217831
4031 -0.027267 -0.149348 -0.226346
4032 -0.031930 -0.149263 -0.219787
4033 0.041841 0.150499 -0.181628
4034 0.034005 0.150390 -0.185576
4035 0.035073 0.150595 -0.174701
4036 0.042534 0.150523 -0.190699
4037 0.026715 0.150263 -0.179605
4038 0.027738 0.150391 -0.171557
4039 0.020914 0.150282 -0.172776
4040 0.016909 0.150100 -0.182135
4041 0.044750 0.150534 -0.173598
4042 0.032773 0.149736 -0.165489
4043 0.040738 0.149701 -0.165416
4044 0.012439 0.150128 -0.174157
4045 0.006140 0.149906 -0.181323
4046 0.024808 0.149594 -0.165618
4047 0.016843 0.149499 -0.165732
4048 0.051921 0.150623 -0.183267
4049 0.041660 0.150538 -0.199684
4050 0.050912 0.150634 -0.196910
4051 0.045726 0.150617 -0.206806
4052 0.033986 0.150400 -0.196114
4053 0.023898 0.150229 -0.190627
4054 0.012985 0.150053 -0.190999
4055 -0.003602 0.149770 -0.186133
4056 0.004473 0.149915 -0.193201
4057 0.035140 0.150457 -0.207854
4058 0.041812 0.150579 -0.213543
4059 -0.003539 0.149778 -0.196820
4060 -0.013575 0.149612 -0.191126
4061 -0.025073 0.149411 -0.191662
4062 -0.019274 0.149513 -0.201327
4063 -0.010139 0.149673 -0.201868
4064 0.052756 0.150661 -0.172383
4065 0.048704 0.149678 -0.165336
4066 0.058687 0.150838 -0.177925
4067 0.060533 0.150898 -0.183139
4068 0.061101 0.150861 -0.171602
4069 -0.012087 0.149608 -0.179163
4070 -0.022415 0.149438 -0.180199
4071 0.005221 0.150083 -0.172660
4072 0.008879 0.149370 -0.165857
4073 -0.003033 0.150168 -0.175165
4074 -0.033230 0.149282 -0.182168
4075 -0.022314 0.149454 -0.209651
4076 -0.027839 0.149352 -0.201436
4077 -0.034118 0.149241 -0.193688
4078 0.048907 0.150682 -0.214922
4079 0.054738 0.150841 -0.207031
4080 0.059379 0.150848 -0.190603
4081 0.060457 0.150779 -0.199483
4082 0.025392 0.150283 -0.201690
4083 0.017313 0.150143 -0.198198
4084 0.010121 0.150026 -0.200097
4085 0.003448 0.149910 -0.201218
4086 0.025232 0.150298 -0.210062
4087 0.029493 0.150377 -0.216437
4088 0.036506 0.150500 -0.216981
4089 0.042810 0.150614 -0.221001
4090 -0.002326 0.149808 -0.207025
4091 -0.012288 0.149633 -0.210282
4092 -0.017617 0.149537 -0.216415
4093 -0.024901 0.149402 -0.217859
4094 -0.031965 0.149263 -0.219787
4095 -0.027267 0.149348 -0.226346
4096 0.056667 0.149862 -0.165200
4097 0.066016 0.150159 -0.186032
4098 0.065684 0.150258 -0.178089
4099 0.067307 0.149276 -0.170931
4100 0.064522 0.148824 -0.165541
4101 -0.029067 0.149419 -0.174798
4102 -0.034709 0.149408 -0.173282
4103 -0.011105 0.149813 -0.171816
4104 -0.018301 0.149622 -0.172527
4105 -0.024434 0.149554 -0.171980
4106 0.000914 0.149238 -0.165983
4107 -0.007051 0.149177 -0.166086
4108 -0.041251 0.149356 -0.175873
4109 -0.042013 0.149140 -0.187276
4110 -0.031930 0.149267 -0.210766
4111 -0.035440 0.149201 -0.202526
4112 -0.041950 0.149095 -0.197578
4113 -0.039231 0.149115 -0.217691
4114 0.051384 0.150704 -0.223836
4115 0.058893 0.150776 -0.216480
4116 0.060210 0.150795 -0.227399
4117 0.063624 0.150689 -0.207579
4118 0.065841 0.150224 -0.193857
4119 0.066966 0.149858 -0.200580
4120 0.066835 0.149918 -0.213904
4121 0.016806 0.150146 -0.207207
4122 0.007202 0.149975 -0.207609
4123 0.003058 0.149901 -0.214012
4124 0.021310 0.150229 -0.216111
4125 0.026158 0.150319 -0.222538
4126 0.034175 0.150465 -0.224765
4127 0.043758 0.150632 -0.229128
4128 -0.036286 0.149156 -0.226481
4129 -0.044284 0.148993 -0.225733
4130 -0.032205 0.149224 -0.233645
4131 -0.003566 0.149784 -0.216460
4132 -0.010247 0.149666 -0.220235
4133 -0.018120 0.149526 -0.225097
4134 -0.022774 0.149428 -0.234024
4135 0.071374 0.146353 -0.190121
4136 0.071393 0.146247 -0.182259
4137 0.071530 0.146131 -0.174398
4138 0.070967 0.144526 -0.166780
4139 -0.030947 0.148907 -0.166424
4140 -0.038911 0.148738 -0.166562
4141 -0.015016 0.149069 -0.166205
4142 -0.022982 0.148983 -0.166316
4143 -0.046874 0.148566 -0.166700
4144 -0.050922 0.149077 -0.172858
4145 -0.051404 0.148967 -0.181787
4146 -0.050126 0.148991 -0.192561
4147 -0.042606 0.149060 -0.208022
4148 -0.049017 0.148974 -0.200969
4149 -0.047770 0.148945 -0.217533
4150 -0.050883 0.148845 -0.225290
4151 -0.049580 0.148852 -0.232285
4152 -0.058003 0.148620 -0.229346
4153 -0.054227 0.148746 -0.239049
4154 0.053626 0.150810 -0.233727
4155 0.066601 0.149994 -0.223638
4156 0.063670 0.150691 -0.235387
4157 0.067112 0.149930 -0.230669
4158 0.071562 0.146465 -0.205845
4159 0.071462 0.146474 -0.197983
4160 0.071669 0.146217 -0.221566
4161 0.071662 0.146224 -0.213704
4162 -0.062514 0.148474 -0.238546
4163 -0.057548 0.148655 -0.245458
4164 0.012102 0.150060 -0.216097
4165 0.003850 0.149913 -0.221450
4166 0.019418 0.150194 -0.224504
4167 0.026751 0.150330 -0.230812
4168 0.036249 0.150498 -0.233444
4169 0.044913 0.150638 -0.236918
4170 -0.042114 0.149009 -0.234892
4171 -0.048122 0.148879 -0.239425
4172 -0.049785 0.148833 -0.245483
4173 -0.035873 0.149133 -0.240224
4174 -0.028916 0.149288 -0.239901
4175 -0.021965 0.149436 -0.240666
4176 -0.003436 0.149784 -0.225063
4177 -0.010041 0.149668 -0.227712
4178 -0.013957 0.149597 -0.233275
4179 -0.017592 0.149524 -0.238666
4180 -0.054839 0.148459 -0.166809
4181 -0.057229 0.148972 -0.174524
4182 -0.060197 0.148876 -0.180899
4183 -0.058764 0.148895 -0.188868
4184 -0.058339 0.148876 -0.199593
4185 -0.052910 0.148903 -0.209092
4186 -0.057481 0.148741 -0.218731
4187 -0.064514 0.148433 -0.223979
4188 -0.067570 0.148132 -0.230734
4189 -0.069789 0.147730 -0.239810
4190 0.045853 0.150661 -0.241880
4191 0.052442 0.150804 -0.240658
4192 0.060403 0.150828 -0.240764
4193 0.071581 0.146360 -0.229427
4194 0.067769 0.149161 -0.241105
4195 0.071677 0.145899 -0.237269
4196 -0.074578 0.144157 -0.240728
4197 -0.072467 0.145573 -0.246211
4198 -0.065291 0.148145 -0.245551
4199 0.004176 0.149917 -0.230279
4200 0.011340 0.150044 -0.227111
4201 0.018079 0.150167 -0.233090
4202 0.023273 0.150261 -0.238732
4203 0.030247 0.150387 -0.238006
4204 0.051141 0.150798 -0.244885
4205 0.037651 0.150513 -0.241036
4206 0.043379 0.150618 -0.244945
4207 -0.042021 0.148990 -0.245428
4208 -0.034258 0.149165 -0.245376
4209 -0.026495 0.149337 -0.245335
4210 -0.018732 0.149494 -0.245297
4211 -0.004786 0.149755 -0.234243
4212 -0.010969 0.149641 -0.239851
4213 0.002654 0.149882 -0.238106
4214 -0.010968 0.149635 -0.245252
4215 -0.062803 0.148350 -0.166943
4216 -0.066317 0.148743 -0.175137
4217 -0.066641 0.148682 -0.184366
4218 -0.066676 0.148676 -0.193854
4219 -0.068446 0.148218 -0.202387
4220 -0.062667 0.148664 -0.209417
4221 -0.066946 0.148376 -0.217216
4222 -0.069780 0.147849 -0.223632
4223 -0.073929 0.145225 -0.226847
4224 -0.074124 0.145194 -0.234092
4225 0.058904 0.150787 -0.244989
4226 0.066465 0.149245 -0.245318
4227 0.072147 0.144226 -0.244932
4228 0.010298 0.150016 -0.237364
4229 0.017538 0.150145 -0.239936
4230 0.004560 0.149899 -0.245179
4231 0.020088 0.150179 -0.245102
4232 0.027851 0.150331 -0.245047
4233 0.035615 0.150470 -0.245000
4234 -0.003204 0.149768 -0.245211
4235 -0.070536 0.146828 -0.167711
4236 -0.073428 0.145936 -0.173927
4237 -0.072582 0.146736 -0.180891
4238 -0.073196 0.146143 -0.188963
4239 -0.073177 0.146166 -0.196621
4240 -0.074208 0.144990 -0.202955
4241 -0.072078 0.146391 -0.209772
4242 -0.073922 0.145433 -0.219474
4243 0.012324 0.150017 -0.245142
4244 -0.061726 -0.000003 -0.132428
4245 -0.062976 -0.006826 -0.134709
4246 -0.056317 0.000000 -0.124085
4247 -0.066099 -0.000009 -0.141385
4248 -0.048299 0.000000 -0.118260
4249 -0.047531 -0.009763 -0.117985
4250 -0.057967 -0.012250 -0.125931
4251 -0.067572 -0.007284 -0.144485
4252 -0.069871 0.000009 -0.150607
4253 -0.070793 -0.007072 -0.152780
4254 -0.072745 0.000013 -0.160135
4255 -0.066265 -0.013640 -0.141333
4256 -0.063172 -0.017103 -0.134907
4257 -0.053121 -0.018937 -0.121191
4258 -0.049063 -0.024471 -0.118924
4259 -0.045123 -0.019225 -0.117203
4260 -0.059623 -0.021906 -0.128456
4261 -0.070003 -0.015508 -0.150112
4262 -0.073278 -0.012228 -0.160389
4263 -0.067100 -0.021615 -0.143099
4264 -0.064112 -0.026943 -0.136672
4265 -0.055851 -0.026890 -0.123760
4266 -0.049555 -0.030871 -0.119573
4267 -0.040831 -0.028003 -0.116564
4268 -0.060685 -0.032076 -0.130612
4269 -0.070695 -0.026266 -0.151770
4270 -0.073580 -0.022517 -0.160338
4271 -0.067855 -0.031453 -0.144915
4272 -0.070759 -0.034941 -0.152063
4273 -0.064980 -0.037489 -0.138679
4274 -0.054884 -0.038248 -0.123948
4275 -0.044792 -0.037393 -0.118314
4276 -0.034751 -0.035670 -0.116271
4277 -0.061325 -0.043022 -0.132278
4278 -0.073677 -0.031546 -0.160453
4279 -0.073101 -0.038905 -0.158558
4280 -0.068111 -0.040802 -0.145596
4281 -0.071093 -0.041676 -0.152870
4282 -0.065610 -0.047240 -0.140318
4283 -0.056853 -0.049597 -0.127162
4284 -0.048414 -0.046397 -0.120809
4285 -0.037524 -0.044799 -0.117399
4286 -0.027212 -0.041918 -0.116067
4287 -0.062401 -0.053427 -0.134876
4288 -0.058352 -0.059404 -0.130188
4289 -0.073531 -0.046544 -0.159793
4290 -0.069845 -0.050658 -0.149789
4291 -0.066528 -0.057746 -0.142610
4292 -0.073657 -0.056339 -0.159795
4293 -0.051288 -0.056501 -0.123695
4294 -0.041619 -0.054498 -0.119265
4295 -0.031042 -0.052193 -0.117226
4296 -0.053092 -0.065373 -0.126083
4297 -0.062886 -0.063602 -0.136478
4298 -0.058002 -0.069413 -0.130958
4299 -0.066590 -0.068327 -0.142904
4300 -0.070747 -0.063200 -0.151838
4301 -0.074128 -0.066615 -0.161204
4302 -0.044241 -0.063729 -0.121251
4303 -0.047221 -0.070916 -0.123474
4304 -0.035195 -0.062244 -0.119021
4305 -0.052261 -0.075200 -0.126937
4306 -0.046989 -0.077487 -0.124529
4307 -0.062597 -0.074096 -0.136787
4308 -0.057184 -0.079142 -0.131294
4309 -0.069389 -0.073255 -0.148796
4310 -0.066653 -0.077715 -0.143579
4311 -0.072351 -0.073626 -0.155918
4312 -0.074629 -0.074518 -0.162842
4313 -0.038359 -0.072582 -0.121200
4314 -0.050063 -0.082466 -0.126781
4315 -0.042376 -0.082399 -0.124158
4316 -0.062048 -0.085041 -0.137304
4317 -0.054907 -0.088138 -0.130657
4318 -0.070315 -0.080945 -0.151155
4319 -0.067299 -0.087812 -0.145458
4320 -0.073845 -0.082691 -0.160142
4321 -0.047518 -0.090489 -0.127489
4322 -0.063890 -0.093207 -0.140627
4323 -0.058511 -0.094129 -0.134541
4324 -0.052270 -0.097091 -0.130942
4325 -0.067696 -0.097879 -0.146962
4326 -0.071249 -0.090549 -0.153475
4327 -0.074445 -0.092639 -0.161286
4328 -0.062357 -0.100598 -0.139506
4329 -0.056211 -0.103062 -0.134608
4330 -0.065375 -0.106444 -0.144100
4331 -0.069411 -0.106800 -0.150487
4332 -0.072575 -0.100530 -0.156466
4333 -0.075330 -0.099231 -0.163840
4334 -0.059874 -0.108898 -0.138717
4335 -0.066987 -0.112237 -0.147011
4336 -0.063283 -0.114765 -0.142991
4337 -0.069840 -0.113255 -0.151509
4338 -0.072560 -0.110333 -0.156286
4339 -0.075166 -0.107115 -0.162557
4340 -0.066492 -0.120381 -0.147735
4341 -0.069435 -0.125995 -0.152649
4342 -0.071896 -0.118465 -0.155404
4343 -0.074980 -0.116322 -0.162045
4344 -0.074745 -0.127115 -0.161285
4345 -0.072181 -0.131509 -0.157786
4346 -0.074708 -0.136992 -0.163066
4347 -0.072181 0.131509 -0.157786
4348 -0.074745 0.127115 -0.161285
4349 -0.069435 0.125995 -0.152649
4350 -0.074708 0.136992 -0.163066
4351 -0.063283 0.114765 -0.142991
4352 -0.066493 0.120381 -0.147735
4353 -0.066987 0.112237 -0.147011
4354 -0.071896 0.118465 -0.155404
4355 -0.069840 0.113255 -0.151509
4356 -0.074980 0.116322 -0.162045
4357 -0.065375 0.106444 -0.144100
4358 -0.059874 0.108898 -0.138717
4359 -0.069411 0.106800 -0.150487
4360 -0.072560 0.110333 -0.156286
4361 -0.075166 0.107115 -0.162557
4362 -0.056210 0.103062 -0.134608
4363 -0.062357 0.100598 -0.139506
4364 -0.067696 0.097879 -0.146962
4365 -0.072575 0.100530 -0.156466
4366 -0.075330 0.099231 -0.163840
4367 -0.052270 0.097091 -0.130941
4368 -0.058511 0.094129 -0.134541
4369 -0.063890 0.093207 -0.140627
4370 -0.047518 0.090489 -0.127489
4371 -0.054907 0.088138 -0.130657
4372 -0.050063 0.082466 -0.126781
4373 -0.042376 0.082399 -0.124158
4374 -0.046989 0.077487 -0.124529
4375 -0.067299 0.087812 -0.145458
4376 -0.071249 0.090549 -0.153475
4377 -0.074445 0.092639 -0.161286
4378 -0.062048 0.085041 -0.137304
4379 -0.057184 0.079142 -0.131294
4380 -0.052261 0.075200 -0.126937
4381 -0.047221 0.070916 -0.123474
4382 -0.038359 0.072582 -0.121200
4383 -0.066653 0.077715 -0.143579
4384 -0.070315 0.080945 -0.151155
4385 -0.073845 0.082691 -0.160142
4386 -0.062597 0.074096 -0.136787
4387 -0.058002 0.069413 -0.130958
4388 -0.053092 0.065373 -0.126083
4389 -0.044243 0.063731 -0.121252
4390 -0.035195 0.062244 -0.119021
4391 -0.066590 0.068327 -0.142904
4392 -0.069389 0.073255 -0.148796
4393 -0.072351 0.073626 -0.155918
4394 -0.074629 0.074518 -0.162842
4395 -0.062886 0.063602 -0.136478
4396 -0.058352 0.059404 -0.130188
4397 -0.051290 0.056503 -0.123697
4398 -0.041643 0.054505 -0.119273
4399 -0.031042 0.052193 -0.117226
4400 -0.066528 0.057746 -0.142610
4401 -0.070747 0.063200 -0.151838
4402 -0.074128 0.066615 -0.161204
4403 -0.062401 0.053427 -0.134876
4404 -0.056853 0.049598 -0.127162
4405 -0.048427 0.046429 -0.120819
4406 -0.037639 0.044762 -0.117414
4407 -0.027212 0.041918 -0.116067
4408 -0.065610 0.047240 -0.140318
4409 -0.069845 0.050658 -0.149789
4410 -0.073657 0.056339 -0.159795
4411 -0.061325 0.043027 -0.132278
4412 -0.054881 0.038277 -0.123949
4413 -0.044820 0.037402 -0.118324
4414 -0.034751 0.035670 -0.116271
4415 -0.049594 0.030905 -0.119594
4416 -0.064980 0.037489 -0.138679
4417 -0.068111 0.040802 -0.145596
4418 -0.071093 0.041676 -0.152870
4419 -0.073531 0.046544 -0.159793
4420 -0.060685 0.032076 -0.130612
4421 -0.055859 0.026893 -0.123769
4422 -0.040831 0.028003 -0.116564
4423 -0.049069 0.024497 -0.118928
4424 -0.073101 0.038905 -0.158558
4425 -0.070759 0.034941 -0.152063
4426 -0.064116 0.026924 -0.136680
4427 -0.067855 0.031453 -0.144915
4428 -0.059624 0.021903 -0.128457
4429 -0.053123 0.018942 -0.121193
4430 -0.045123 0.019225 -0.117203
4431 -0.063177 0.017068 -0.134918
4432 -0.073677 0.031546 -0.160453
4433 -0.070681 0.026149 -0.151734
4434 -0.067114 0.021539 -0.143132
4435 -0.066282 0.013524 -0.141372
4436 -0.057966 0.012245 -0.125930
4437 -0.047531 0.009763 -0.117985
4438 -0.062972 0.006816 -0.134701
4439 -0.073590 0.022542 -0.160373
4440 -0.070081 0.015067 -0.150328
4441 -0.067385 0.007342 -0.144050
4442 -0.073269 0.012224 -0.160349
4443 -0.070792 0.007047 -0.152780
4444 0.067632 -0.142111 -0.249794
4445 0.060649 -0.145598 -0.249854
4446 0.053808 -0.149531 -0.248276
4447 0.052101 -0.145787 -0.249903
4448 0.048057 -0.149510 -0.248191
4449 0.042915 -0.145576 -0.249953
4450 0.040681 -0.149117 -0.248482
4451 0.033735 -0.145404 -0.250003
4452 0.024391 -0.145236 -0.250054
4453 -0.066052 -0.142930 -0.250545
4454 0.015221 -0.145042 -0.250104
4455 -0.060218 -0.147155 -0.248996
4456 -0.057994 -0.143610 -0.250504
4457 0.006744 -0.144901 -0.250151
4458 -0.054709 -0.147297 -0.248986
4459 -0.049903 -0.143799 -0.250460
4460 -0.008192 -0.148104 -0.248880
4461 -0.009442 -0.144631 -0.250239
4462 -0.001349 -0.144768 -0.250195
4463 -0.014347 -0.148080 -0.248832
4464 -0.017534 -0.144485 -0.250283
4465 -0.022374 -0.147882 -0.248919
4466 -0.025627 -0.144323 -0.250328
4467 -0.030142 -0.147823 -0.248856
4468 -0.033719 -0.144145 -0.250372
4469 -0.047576 -0.147341 -0.249050
4470 -0.041810 -0.143963 -0.250416
4471 -0.036355 -0.147782 -0.248786
4472 -0.060508 0.147097 -0.249043
4473 -0.054332 0.147248 -0.249043
4474 -0.048251 0.147614 -0.248755
4475 -0.066491 0.142845 -0.250546
4476 -0.058888 0.143582 -0.250509
4477 -0.051243 0.143772 -0.250467
4478 0.054343 0.149462 -0.248354
4479 0.047365 0.149406 -0.248293
4480 0.041880 0.149278 -0.248332
4481 -0.037247 0.147383 -0.249159
4482 -0.043598 0.143924 -0.250425
4483 -0.030766 0.147867 -0.248800
4484 -0.023111 0.148018 -0.248772
4485 -0.015466 0.148061 -0.248836
4486 -0.008892 0.148332 -0.248642
4487 0.061094 0.145539 -0.249851
4488 0.067633 0.142109 -0.249794
4489 0.004201 0.148411 -0.248717
4490 0.018403 0.148664 -0.248636
4491 0.027566 0.148813 -0.248619
4492 0.053125 0.145808 -0.249897
4493 0.044517 0.145610 -0.249944
4494 0.035949 0.145444 -0.249991
4495 -0.035903 0.144096 -0.250384
4496 -0.027657 0.144279 -0.250339
4497 -0.019406 0.144449 -0.250294
4498 -0.011709 0.144591 -0.250252
4499 -0.004063 0.144722 -0.250210
4500 0.003582 0.144851 -0.250168
4501 0.011444 0.144971 -0.250125
4502 0.019928 0.145144 -0.250079
4503 0.027941 0.145301 -0.250035
4504 0.030389 -0.052398 -0.117201
4505 0.025857 -0.042773 -0.115966
4506 0.021485 -0.052641 -0.116315
4507 0.015748 -0.047616 -0.115642
4508 0.023612 -0.060601 -0.117214
4509 0.035338 -0.061703 -0.119064
4510 0.014103 -0.056922 -0.116119
4511 0.004804 -0.050064 -0.115514
4512 -0.015881 -0.053465 -0.116105
4513 -0.006406 -0.049902 -0.115622
4514 -0.017253 -0.047080 -0.115839
4515 -0.022322 -0.051206 -0.116440
4516 -0.011538 -0.057825 -0.116061
4517 0.029896 -0.069602 -0.119309
4518 0.039874 -0.069457 -0.121376
4519 0.020817 -0.069682 -0.117970
4520 0.014194 -0.064918 -0.116730
4521 0.005497 -0.061526 -0.116059
4522 -0.003417 -0.058736 -0.115856
4523 0.039966 -0.082979 -0.123967
4524 0.046368 -0.083211 -0.125980
4525 0.043411 -0.076028 -0.123666
4526 -0.021361 -0.061014 -0.117086
4527 -0.010564 -0.066073 -0.116465
4528 0.033994 -0.077764 -0.121674
4529 0.023164 -0.076521 -0.119442
4530 0.014260 -0.074584 -0.117912
4531 0.006057 -0.070964 -0.116807
4532 -0.002238 -0.067914 -0.116277
4533 0.041534 -0.090287 -0.126084
4534 0.049066 -0.092269 -0.129051
4535 0.032930 -0.087586 -0.123628
4536 -0.017513 -0.071224 -0.117738
4537 -0.025635 -0.069339 -0.118579
4538 -0.009136 -0.073523 -0.117140
4539 -0.014728 -0.078078 -0.118543
4540 0.043586 -0.098736 -0.129364
4541 0.051452 -0.099802 -0.132178
4542 0.025284 -0.084747 -0.121643
4543 0.015416 -0.082502 -0.119615
4544 0.006265 -0.079848 -0.118197
4545 -0.001749 -0.076824 -0.117299
4546 0.033919 -0.098555 -0.127467
4547 0.039121 -0.104935 -0.131002
4548 0.025204 -0.094433 -0.124552
4549 -0.031034 -0.073303 -0.120077
4550 -0.023235 -0.078380 -0.119850
4551 -0.008768 -0.081842 -0.118638
4552 -0.016459 -0.085076 -0.120388
4553 0.045787 -0.106349 -0.132853
4554 0.053982 -0.106446 -0.135359
4555 0.039141 -0.111701 -0.134192
4556 0.031535 -0.107624 -0.131074
4557 0.016234 -0.091591 -0.122355
4558 0.006864 -0.089207 -0.120638
4559 -0.001635 -0.086331 -0.119438
4560 0.024671 -0.103707 -0.128265
4561 0.016354 -0.100150 -0.125568
4562 -0.032980 -0.082997 -0.122486
4563 -0.023946 -0.088344 -0.122423
4564 -0.009339 -0.090417 -0.121037
4565 -0.016894 -0.093576 -0.122969
4566 -0.038948 -0.091149 -0.125893
4567 0.056518 -0.112889 -0.138925
4568 0.047526 -0.114425 -0.136982
4569 0.052522 -0.119636 -0.140826
4570 0.058990 -0.119427 -0.143010
4571 0.038868 -0.119438 -0.138396
4572 0.031229 -0.116100 -0.135469
4573 0.023137 -0.111820 -0.132082
4574 0.007553 -0.098220 -0.123962
4575 -0.000916 -0.094813 -0.122270
4576 0.014944 -0.108056 -0.129059
4577 0.009306 -0.104320 -0.126666
4578 0.057489 -0.135055 -0.151627
4579 0.065553 -0.134838 -0.155018
4580 0.062112 -0.127232 -0.148657
4581 -0.030570 -0.093368 -0.125087
4582 -0.023371 -0.096222 -0.124896
4583 -0.018183 -0.101666 -0.126319
4584 -0.009160 -0.099351 -0.124345
4585 -0.043739 -0.098773 -0.129456
4586 -0.035572 -0.098737 -0.127964
4587 -0.048063 -0.104883 -0.132780
4588 0.053680 -0.127679 -0.145935
4589 0.045657 -0.123389 -0.141917
4590 0.058289 -0.139422 -0.155035
4591 0.053989 -0.139473 -0.154601
4592 0.049779 -0.136446 -0.151836
4593 0.038040 -0.126239 -0.142719
4594 0.031136 -0.123829 -0.140182
4595 0.022440 -0.119656 -0.136569
4596 0.014525 -0.114852 -0.132755
4597 0.000157 -0.104616 -0.126295
4598 0.006963 -0.110379 -0.129501
4599 0.068629 -0.140409 -0.160637
4600 0.061440 -0.142600 -0.158205
4601 0.064866 -0.145271 -0.161677
4602 -0.027806 -0.102424 -0.128152
4603 -0.020574 -0.108362 -0.129832
4604 -0.011147 -0.109036 -0.129046
4605 -0.037102 -0.107272 -0.131973
4606 -0.053010 -0.109097 -0.135783
4607 -0.045865 -0.112696 -0.136180
4608 0.042873 -0.132086 -0.147691
4609 0.048937 -0.142075 -0.156546
4610 0.055212 -0.143518 -0.158052
4611 0.042249 -0.140047 -0.154403
4612 0.031581 -0.131780 -0.146300
4613 0.023570 -0.127759 -0.142312
4614 0.015301 -0.123354 -0.138322
4615 0.006905 -0.118699 -0.134448
4616 -0.001616 -0.114132 -0.131413
4617 -0.027710 -0.111789 -0.132724
4618 -0.018732 -0.115002 -0.133195
4619 -0.010502 -0.118608 -0.134605
4620 -0.036267 -0.115879 -0.136275
4621 -0.054428 -0.116447 -0.139806
4622 -0.044635 -0.119902 -0.140042
4623 -0.060588 -0.121415 -0.144279
4624 0.033910 -0.137825 -0.151780
4625 0.042757 -0.145772 -0.159871
4626 0.034616 -0.145251 -0.158975
4627 0.025082 -0.135271 -0.148792
4628 0.016096 -0.131513 -0.144784
4629 0.007241 -0.127073 -0.140484
4630 -0.001955 -0.122247 -0.136723
4631 -0.027015 -0.119616 -0.137187
4632 -0.019048 -0.122564 -0.138105
4633 -0.010216 -0.125750 -0.139688
4634 -0.035696 -0.123883 -0.141188
4635 -0.042713 -0.126996 -0.144508
4636 -0.052354 -0.125867 -0.145143
4637 -0.061867 -0.127955 -0.148385
4638 -0.064487 -0.133372 -0.152972
4639 0.026970 -0.141806 -0.155331
4640 0.027739 -0.146928 -0.161048
4641 0.015990 -0.139518 -0.152552
4642 0.006473 -0.134944 -0.147632
4643 -0.002231 -0.130266 -0.143146
4644 -0.026507 -0.128589 -0.143526
4645 -0.016395 -0.129093 -0.142872
4646 -0.010105 -0.132616 -0.145609
4647 -0.036737 -0.131304 -0.147037
4648 -0.028959 -0.135874 -0.150180
4649 -0.045767 -0.132845 -0.149446
4650 -0.055271 -0.133861 -0.151401
4651 -0.068866 -0.138615 -0.158544
4652 -0.059324 -0.139685 -0.156656
4653 -0.071892 -0.142469 -0.163122
4654 0.020744 -0.146036 -0.160021
4655 0.011340 -0.145636 -0.159571
4656 0.005262 -0.141718 -0.154894
4657 -0.002290 -0.137620 -0.150225
4658 -0.018907 -0.135550 -0.149065
4659 -0.010003 -0.139930 -0.153028
4660 -0.025586 -0.140349 -0.154456
4661 -0.030038 -0.140731 -0.155158
4662 -0.038333 -0.138255 -0.153365
4663 -0.049040 -0.140049 -0.156145
4664 -0.065268 -0.144644 -0.161723
4665 -0.056393 -0.144945 -0.161288
4666 0.004615 -0.146412 -0.160802
4667 -0.003112 -0.144667 -0.158402
4668 -0.010578 -0.145441 -0.159632
4669 -0.018136 -0.143539 -0.157579
4670 -0.026855 -0.144605 -0.159291
4671 -0.034433 -0.144606 -0.159616
4672 -0.041224 -0.143909 -0.159245
4673 -0.047058 -0.145734 -0.161855
4674 0.027739 0.146928 -0.161048
4675 0.042757 0.145772 -0.159871
4676 0.034616 0.145251 -0.158975
4677 0.026970 0.141806 -0.155331
4678 0.020744 0.146036 -0.160021
4679 0.011340 0.145636 -0.159571
4680 0.055212 0.143518 -0.158052
4681 0.048937 0.142075 -0.156546
4682 0.042249 0.140047 -0.154403
4683 0.033910 0.137825 -0.151780
4684 0.064866 0.145271 -0.161677
4685 0.004615 0.146412 -0.160802
4686 0.025082 0.135271 -0.148792
4687 0.015990 0.139518 -0.152552
4688 0.005262 0.141718 -0.154894
4689 0.061440 0.142600 -0.158205
4690 0.058289 0.139422 -0.155035
4691 0.053989 0.139473 -0.154601
4692 0.049779 0.136446 -0.151836
4693 0.042873 0.132086 -0.147691
4694 0.031581 0.131780 -0.146300
4695 0.038040 0.126239 -0.142719
4696 0.068629 0.140409 -0.160637
4697 -0.003112 0.144667 -0.158402
4698 -0.010578 0.145441 -0.159632
4699 -0.026855 0.144605 -0.159291
4700 0.023570 0.127759 -0.142312
4701 0.016096 0.131513 -0.144784
4702 0.006473 0.134944 -0.147632
4703 -0.002290 0.137620 -0.150225
4704 0.065553 0.134838 -0.155018
4705 0.057489 0.135055 -0.151627
4706 0.053680 0.127679 -0.145935
4707 0.045657 0.123389 -0.141917
4708 0.031136 0.123829 -0.140182
4709 0.038868 0.119438 -0.138396
4710 -0.034433 0.144606 -0.159616
4711 -0.047058 0.145734 -0.161855
4712 -0.041224 0.143909 -0.159245
4713 -0.018136 0.143539 -0.157579
4714 -0.010003 0.139930 -0.153028
4715 -0.025586 0.140349 -0.154456
4716 -0.030038 0.140731 -0.155158
4717 -0.010105 0.132616 -0.145609
4718 0.022440 0.119656 -0.136569
4719 0.015301 0.123354 -0.138322
4720 0.007241 0.127073 -0.140484
4721 -0.002231 0.130266 -0.143146
4722 -0.056393 0.144945 -0.161288
4723 0.062112 0.127232 -0.148657
4724 0.058990 0.119427 -0.143010
4725 0.052522 0.119636 -0.140826
4726 0.047526 0.114425 -0.136982
4727 0.031229 0.116100 -0.135469
4728 0.039141 0.111701 -0.134192
4729 0.023137 0.111820 -0.132082
4730 -0.038333 0.138255 -0.153365
4731 -0.049040 0.140049 -0.156145
4732 -0.018907 0.135550 -0.149065
4733 -0.028959 0.135874 -0.150180
4734 -0.016395 0.129093 -0.142872
4735 -0.036737 0.131304 -0.147037
4736 -0.010216 0.125750 -0.139688
4737 0.014525 0.114852 -0.132755
4738 0.006905 0.118699 -0.134448
4739 -0.001955 0.122247 -0.136723
4740 0.014944 0.108056 -0.129059
4741 -0.065268 0.144644 -0.161723
4742 -0.059324 0.139685 -0.156656
4743 0.056518 0.112889 -0.138925
4744 0.053982 0.106446 -0.135359
4745 0.045787 0.106349 -0.132853
4746 0.031535 0.107624 -0.131074
4747 0.039121 0.104935 -0.131002
4748 0.024671 0.103707 -0.128265
4749 -0.045767 0.132845 -0.149446
4750 -0.055271 0.133861 -0.151401
4751 -0.042713 0.126996 -0.144508
4752 -0.026507 0.128589 -0.143526
4753 -0.019048 0.122564 -0.138105
4754 -0.035696 0.123883 -0.141188
4755 -0.010502 0.118608 -0.134605
4756 0.006963 0.110379 -0.129501
4757 -0.001616 0.114132 -0.131413
4758 0.009306 0.104320 -0.126666
4759 0.016354 0.100150 -0.125568
4760 -0.068866 0.138615 -0.158544
4761 -0.071892 0.142469 -0.163122
4762 -0.064487 0.133372 -0.152972
4763 -0.061867 0.127955 -0.148385
4764 0.051452 0.099802 -0.132178
4765 0.043586 0.098736 -0.129364
4766 0.033919 0.098555 -0.127467
4767 0.025204 0.094433 -0.124552
4768 -0.052354 0.125867 -0.145143
4769 -0.044635 0.119902 -0.140042
4770 -0.027015 0.119616 -0.137187
4771 -0.018732 0.115002 -0.133195
4772 -0.036267 0.115879 -0.136275
4773 -0.011147 0.109036 -0.129046
4774 0.000157 0.104616 -0.126295
4775 0.007553 0.098220 -0.123962
4776 0.016234 0.091591 -0.122355
4777 -0.060588 0.121415 -0.144279
4778 0.049066 0.092269 -0.129051
4779 0.041534 0.090287 -0.126084
4780 0.032930 0.087586 -0.123628
4781 0.025284 0.084747 -0.121643
4782 -0.054428 0.116447 -0.139806
4783 -0.045865 0.112696 -0.136180
4784 -0.027710 0.111789 -0.132724
4785 -0.020574 0.108362 -0.129832
4786 -0.037102 0.107272 -0.131973
4787 -0.009160 0.099351 -0.124345
4788 -0.018183 0.101666 -0.126319
4789 -0.000916 0.094813 -0.122270
4790 0.006864 0.089207 -0.120638
4791 0.015416 0.082502 -0.119615
4792 0.046368 0.083211 -0.125980
4793 0.039966 0.082979 -0.123967
4794 0.033994 0.077764 -0.121674
4795 0.023164 0.076521 -0.119442
4796 -0.053010 0.109097 -0.135783
4797 -0.048063 0.104883 -0.132780
4798 -0.027806 0.102424 -0.128152
4799 -0.043739 0.098773 -0.129456
4800 -0.035572 0.098737 -0.127964
4801 -0.009339 0.090417 -0.121037
4802 -0.016894 0.093576 -0.122969
4803 -0.023371 0.096222 -0.124896
4804 -0.001635 0.086331 -0.119438
4805 0.006265 0.079848 -0.118197
4806 0.014260 0.074584 -0.117912
4807 0.043411 0.076028 -0.123666
4808 0.039874 0.069457 -0.121376
4809 0.029896 0.069602 -0.119309
4810 0.020817 0.069682 -0.117970
4811 -0.030570 0.093368 -0.125087
4812 -0.038948 0.091149 -0.125893
4813 -0.008768 0.081842 -0.118638
4814 -0.016459 0.085076 -0.120388
4815 -0.023946 0.088344 -0.122423
4816 -0.001749 0.076824 -0.117299
4817 0.006057 0.070964 -0.116807
4818 0.014194 0.064918 -0.116730
4819 0.035338 0.061703 -0.119064
4820 0.023612 0.060601 -0.117214
4821 -0.032980 0.082997 -0.122486
4822 -0.009136 0.073523 -0.117140
4823 -0.014728 0.078078 -0.118543
4824 -0.023235 0.078380 -0.119850
4825 -0.002238 0.067914 -0.116277
4826 0.005497 0.061526 -0.116059
4827 0.014103 0.056922 -0.116119
4828 0.030389 0.052398 -0.117201
4829 0.021485 0.052641 -0.116315
4830 0.015748 0.047616 -0.115642
4831 -0.031034 0.073303 -0.120077
4832 -0.010564 0.066073 -0.116465
4833 -0.017513 0.071224 -0.117738
4834 -0.025635 0.069339 -0.118579
4835 -0.003417 0.058736 -0.115856
4836 0.004805 0.050064 -0.115514
4837 -0.011538 0.057824 -0.116061
4838 0.025857 0.042773 -0.115966
4839 -0.021361 0.061014 -0.117086
4840 -0.006406 0.049901 -0.115622
4841 -0.015881 0.053465 -0.116105
4842 -0.022322 0.051206 -0.116440
4843 -0.017253 0.047080 -0.115839
4844 0.070210 -0.008059 -0.248966
4845 0.064018 -0.006013 -0.248988
4846 0.070344 0.000000 -0.248916
4847 0.060960 0.000000 -0.248969
4848 0.056465 -0.007510 -0.249039
4849 0.049950 0.000000 -0.249030
4850 0.063441 -0.012597 -0.249031
4851 0.070072 -0.016639 -0.249019
4852 -0.063961 -0.006349 -0.249704
4853 -0.060166 0.000000 -0.249644
4854 -0.063710 -0.013531 -0.249746
4855 0.045324 -0.010363 -0.249119
4856 0.038938 0.000000 -0.249091
4857 0.054787 -0.016396 -0.249103
4858 0.069942 -0.025167 -0.249071
4859 0.061493 -0.021315 -0.249095
4860 0.069822 -0.033134 -0.249120
4861 0.061761 -0.029621 -0.249144
4862 0.046504 -0.020267 -0.249172
4863 -0.054875 -0.008832 -0.249668
4864 -0.049156 0.000000 -0.249583
4865 -0.057148 -0.017260 -0.249732
4866 -0.062436 -0.021853 -0.249789
4867 0.033455 -0.009344 -0.249179
4868 0.027926 0.000000 -0.249153
4869 0.022421 -0.009530 -0.249241
4870 0.016914 0.000000 -0.249214
4871 0.011409 -0.009530 -0.249303
4872 0.005903 0.000000 -0.249276
4873 -0.038144 0.000000 -0.249521
4874 -0.044055 -0.009504 -0.249612
4875 -0.032638 -0.009530 -0.249548
4876 -0.027132 0.000000 -0.249460
4877 -0.021626 -0.009530 -0.249487
4878 -0.016121 0.000000 -0.249398
4879 -0.010615 -0.009530 -0.249426
4880 -0.005109 0.000000 -0.249337
4881 0.000397 -0.009530 -0.249364
4882 0.062022 -0.038119 -0.249194
4883 0.069691 -0.041254 -0.249170
4884 0.037735 -0.018515 -0.249211
4885 0.052408 -0.026548 -0.249177
4886 0.056051 -0.034738 -0.249207
4887 0.042073 -0.028326 -0.249246
4888 -0.048641 -0.017079 -0.249683
4889 -0.053663 -0.025026 -0.249760
4890 -0.062302 -0.028517 -0.249829
4891 0.027086 -0.019008 -0.249273
4892 0.016915 -0.019059 -0.249330
4893 0.005903 -0.019059 -0.249391
4894 -0.038269 -0.018350 -0.249633
4895 -0.027132 -0.019059 -0.249576
4896 -0.016120 -0.019059 -0.249514
4897 -0.005108 -0.019059 -0.249453
4898 0.054709 -0.041364 -0.249255
4899 0.062134 -0.045932 -0.249241
4900 0.069559 -0.049887 -0.249224
4901 0.031432 -0.028063 -0.249304
4902 0.046432 -0.036180 -0.249269
4903 0.049029 -0.046535 -0.249318
4904 0.035427 -0.036867 -0.249335
4905 -0.043252 -0.026635 -0.249711
4906 -0.048064 -0.032651 -0.249775
4907 -0.057155 -0.033057 -0.249828
4908 -0.063209 -0.037116 -0.249886
4909 0.020950 -0.028599 -0.249365
4910 0.011410 -0.028589 -0.249418
4911 0.000398 -0.028589 -0.249480
4912 -0.032931 -0.027901 -0.249662
4913 -0.021991 -0.028609 -0.249605
4914 -0.010614 -0.028589 -0.249541
4915 0.054414 -0.049982 -0.249309
4916 0.069408 -0.058561 -0.249277
4917 0.061686 -0.054465 -0.249295
4918 0.025362 -0.037215 -0.249393
4919 0.046717 -0.053639 -0.249374
4920 0.039229 -0.046691 -0.249373
4921 0.030579 -0.044234 -0.249407
4922 -0.038884 -0.036413 -0.249746
4923 -0.046221 -0.040216 -0.249810
4924 -0.054700 -0.040064 -0.249857
4925 -0.062797 -0.044054 -0.249926
4926 0.016359 -0.037875 -0.249447
4927 0.005904 -0.038119 -0.249507
4928 -0.005108 -0.038119 -0.249568
4929 -0.027907 -0.037968 -0.249695
4930 -0.016575 -0.038338 -0.249634
4931 0.053413 -0.058613 -0.249367
4932 0.069237 -0.067230 -0.249331
4933 0.061042 -0.063100 -0.249351
4934 0.021921 -0.046897 -0.249471
4935 0.045080 -0.063057 -0.249440
4936 0.039345 -0.056647 -0.249433
4937 0.030577 -0.054444 -0.249469
4938 -0.041614 -0.043988 -0.249808
4939 -0.033243 -0.044708 -0.249765
4940 -0.048367 -0.047735 -0.249868
4941 -0.057082 -0.048141 -0.249919
4942 -0.063272 -0.052922 -0.249983
4943 0.011148 -0.047611 -0.249535
4944 0.000001 -0.047487 -0.249597
4945 -0.011176 -0.047572 -0.249660
4946 -0.022354 -0.048204 -0.249726
4947 0.052648 -0.067935 -0.249427
4948 0.069116 -0.075940 -0.249384
4949 0.060300 -0.071960 -0.249409
4950 0.043547 -0.071924 -0.249502
4951 0.017212 -0.057064 -0.249559
4952 0.034352 -0.065562 -0.249515
4953 0.025527 -0.064589 -0.249558
4954 -0.040142 -0.050473 -0.249839
4955 -0.031545 -0.053313 -0.249808
4956 -0.045664 -0.054587 -0.249895
4957 -0.054269 -0.055302 -0.249947
4958 -0.062497 -0.060899 -0.250027
4959 0.005850 -0.056818 -0.249621
4960 -0.005020 -0.056835 -0.249682
4961 -0.015496 -0.056374 -0.249737
4962 -0.024115 -0.057172 -0.249790
4963 0.052071 -0.076655 -0.249484
4964 0.069002 -0.084342 -0.249436
4965 0.060038 -0.080663 -0.249463
4966 0.068899 -0.092116 -0.249484
4967 0.060913 -0.089057 -0.249510
4968 0.068812 -0.099824 -0.249531
4969 0.061219 -0.097259 -0.249558
4970 0.044380 -0.080690 -0.249551
4971 0.035815 -0.076609 -0.249574
4972 0.010207 -0.064631 -0.249644
4973 0.018072 -0.068323 -0.249623
4974 0.026944 -0.072555 -0.249599
4975 -0.039197 -0.058823 -0.249884
4976 -0.030678 -0.062570 -0.249859
4977 -0.047429 -0.061814 -0.249948
4978 -0.055975 -0.065135 -0.250016
4979 -0.063403 -0.068909 -0.250080
4980 0.000334 -0.066804 -0.249712
4981 -0.010058 -0.066261 -0.249767
4982 -0.020606 -0.066096 -0.249825
4983 0.052060 -0.086899 -0.249546
4984 0.055455 -0.093943 -0.249570
4985 0.068711 -0.107984 -0.249581
4986 0.061378 -0.104487 -0.249601
4987 0.053915 -0.100657 -0.249619
4988 0.043008 -0.088323 -0.249605
4989 0.036744 -0.085005 -0.249620
4990 0.027246 -0.081449 -0.249651
4991 0.009423 -0.073633 -0.249703
4992 0.017844 -0.078154 -0.249684
4993 -0.039535 -0.066253 -0.249931
4994 -0.030344 -0.070764 -0.249907
4995 -0.048324 -0.071274 -0.250011
4996 -0.057762 -0.072531 -0.250071
4997 -0.063743 -0.077460 -0.250134
4998 0.001574 -0.077255 -0.249769
4999 -0.006920 -0.075549 -0.249806
5000 -0.014517 -0.073143 -0.249834
5001 -0.021759 -0.076409 -0.249894
5002 0.068219 -0.134065 -0.249742
5003 0.061316 -0.135932 -0.249792
5004 0.062699 -0.129657 -0.249746
5005 0.068405 -0.125388 -0.249688
5006 0.068575 -0.116675 -0.249634
5007 0.060549 -0.112926 -0.249656
5008 0.059736 -0.122075 -0.249717
5009 0.046561 -0.095215 -0.249627
5010 0.052850 -0.109162 -0.249677
5011 0.047328 -0.103723 -0.249674
5012 0.037122 -0.093937 -0.249672
5013 0.028046 -0.089769 -0.249697
5014 0.019614 -0.087303 -0.249729
5015 0.008377 -0.084744 -0.249776
5016 -0.039283 -0.074257 -0.249978
5017 -0.030296 -0.079596 -0.249961
5018 -0.045127 -0.079056 -0.250040
5019 -0.054413 -0.080035 -0.250098
5020 -0.062756 -0.085651 -0.250178
5021 -0.004449 -0.087205 -0.249863
5022 -0.013389 -0.082826 -0.249886
5023 -0.021492 -0.085318 -0.249946
5024 0.054009 -0.137950 -0.249845
5025 0.055954 -0.130112 -0.249786
5026 0.052143 -0.116811 -0.249727
5027 0.052103 -0.124285 -0.249773
5028 0.038498 -0.102235 -0.249715
5029 0.043185 -0.112140 -0.249749
5030 0.028930 -0.098410 -0.249745
5031 0.022328 -0.094432 -0.249757
5032 0.014324 -0.094748 -0.249804
5033 0.005025 -0.094100 -0.249852
5034 -0.038267 -0.083341 -0.250028
5035 -0.030587 -0.088105 -0.250014
5036 -0.025169 -0.093076 -0.250014
5037 -0.047010 -0.086921 -0.250098
5038 -0.062833 -0.094463 -0.250232
5039 -0.055142 -0.090509 -0.250165
5040 -0.001947 -0.098652 -0.249918
5041 -0.014139 -0.094750 -0.249963
5042 0.028852 -0.105831 -0.249790
5043 0.046850 -0.139770 -0.249896
5044 0.047011 -0.131861 -0.249847
5045 0.044412 -0.121944 -0.249801
5046 0.033774 -0.111735 -0.249799
5047 0.037283 -0.118482 -0.249820
5048 0.020234 -0.102916 -0.249820
5049 0.007901 -0.103020 -0.249890
5050 0.001010 -0.107600 -0.249956
5051 -0.038966 -0.091586 -0.250082
5052 -0.031692 -0.096707 -0.250072
5053 -0.023745 -0.100770 -0.250053
5054 -0.046813 -0.095349 -0.250148
5055 -0.063359 -0.102822 -0.250286
5056 -0.055588 -0.099738 -0.250224
5057 -0.007530 -0.106802 -0.249999
5058 -0.017593 -0.105524 -0.250047
5059 0.024322 -0.112299 -0.249855
5060 0.039407 -0.137460 -0.249923
5061 0.036185 -0.127807 -0.249883
5062 0.029213 -0.120012 -0.249874
5063 0.014333 -0.111769 -0.249907
5064 0.005939 -0.111845 -0.249954
5065 -0.001608 -0.115826 -0.250021
5066 -0.009070 -0.117519 -0.250073
5067 -0.064385 -0.110859 -0.250341
5068 -0.023139 -0.108816 -0.250098
5069 -0.039093 -0.101275 -0.250141
5070 -0.031654 -0.105419 -0.250125
5071 -0.046275 -0.104092 -0.250199
5072 -0.055695 -0.108146 -0.250276
5073 -0.016396 -0.113976 -0.250092
5074 0.018663 -0.120520 -0.249936
5075 0.029389 -0.137060 -0.249977
5076 0.024709 -0.128966 -0.249954
5077 0.008051 -0.120500 -0.249995
5078 0.001023 -0.124889 -0.250061
5079 -0.005817 -0.123622 -0.250091
5080 -0.013683 -0.122503 -0.250129
5081 -0.065135 -0.119082 -0.250395
5082 -0.066816 -0.125650 -0.250444
5083 -0.059492 -0.115484 -0.250341
5084 -0.023665 -0.115689 -0.250143
5085 -0.030076 -0.113308 -0.250164
5086 -0.039219 -0.111583 -0.250205
5087 -0.047820 -0.112016 -0.250255
5088 -0.052866 -0.115991 -0.250307
5089 -0.020117 -0.122103 -0.250162
5090 -0.064624 -0.132760 -0.250475
5091 0.014910 -0.128312 -0.250004
5092 0.019952 -0.136854 -0.250028
5093 0.006411 -0.129906 -0.250061
5094 -0.002078 -0.130999 -0.250115
5095 -0.009838 -0.130133 -0.250153
5096 -0.017389 -0.129564 -0.250192
5097 -0.057280 -0.125147 -0.250388
5098 -0.028312 -0.121387 -0.250203
5099 -0.034423 -0.118726 -0.250221
5100 -0.045163 -0.121482 -0.250298
5101 -0.056927 -0.133769 -0.250438
5102 -0.025008 -0.129349 -0.250233
5103 -0.059214 -0.138254 -0.250478
5104 0.011191 -0.137164 -0.250079
5105 0.002338 -0.137790 -0.250132
5106 -0.006064 -0.137586 -0.250178
5107 -0.013836 -0.137383 -0.250220
5108 -0.021397 -0.136936 -0.250259
5109 -0.050601 -0.131390 -0.250388
5110 -0.034744 -0.127694 -0.250277
5111 -0.042754 -0.131882 -0.250348
5112 -0.053188 -0.138471 -0.250446
5113 -0.029525 -0.136162 -0.250300
5114 -0.045748 -0.138256 -0.250403
5115 -0.037622 -0.136788 -0.250349
5116 -0.065495 0.133704 -0.250485
5117 -0.059490 0.136106 -0.250467
5118 -0.047329 0.137415 -0.250407
5119 -0.053428 0.138619 -0.250448
5120 -0.065493 0.125667 -0.250437
5121 -0.060411 0.129084 -0.250429
5122 0.055497 0.140009 -0.249849
5123 -0.039279 0.136857 -0.250358
5124 0.061154 0.137237 -0.249801
5125 0.068211 0.134516 -0.249745
5126 -0.043802 0.131739 -0.250353
5127 -0.052471 0.129899 -0.250390
5128 -0.064819 0.118296 -0.250388
5129 -0.058055 0.122586 -0.250376
5130 0.048713 0.139292 -0.249883
5131 0.054354 0.133647 -0.249817
5132 0.040176 0.138505 -0.249925
5133 0.032939 0.139956 -0.249975
5134 -0.031644 0.136268 -0.250312
5135 -0.036141 0.128476 -0.250290
5136 -0.023833 0.135947 -0.250267
5137 -0.016021 0.136483 -0.250226
5138 -0.007661 0.136999 -0.250183
5139 -0.000749 0.137291 -0.250146
5140 0.061207 0.129978 -0.249756
5141 0.068380 0.126552 -0.249696
5142 0.053445 0.125808 -0.249774
5143 -0.044586 0.124352 -0.250312
5144 -0.038226 0.120448 -0.250253
5145 -0.050756 0.119980 -0.250320
5146 -0.066104 0.111489 -0.250354
5147 -0.058009 0.112587 -0.250316
5148 0.007658 0.136670 -0.250096
5149 0.015609 0.136160 -0.250048
5150 0.025547 0.136434 -0.249994
5151 0.044649 0.129962 -0.249849
5152 0.046946 0.121701 -0.249786
5153 0.034393 0.130442 -0.249909
5154 -0.027563 0.127743 -0.250238
5155 -0.031926 0.121112 -0.250222
5156 -0.011250 0.131002 -0.250167
5157 -0.018521 0.127767 -0.250187
5158 0.002973 0.131222 -0.250089
5159 -0.004157 0.129365 -0.250117
5160 0.060386 0.121957 -0.249712
5161 0.068552 0.118020 -0.249643
5162 0.052675 0.117681 -0.249729
5163 -0.043306 0.116055 -0.250255
5164 -0.035875 0.114966 -0.250207
5165 -0.049562 0.110941 -0.250258
5166 -0.062780 0.104336 -0.250292
5167 -0.054419 0.105898 -0.250255
5168 0.010074 0.128452 -0.250032
5169 0.019089 0.129057 -0.249986
5170 0.026302 0.127342 -0.249935
5171 0.039166 0.121800 -0.249830
5172 0.044862 0.115332 -0.249759
5173 0.031022 0.121419 -0.249873
5174 -0.024058 0.119359 -0.250167
5175 -0.029998 0.115088 -0.250174
5176 -0.010504 0.123373 -0.250116
5177 -0.016742 0.117656 -0.250116
5178 0.002434 0.123466 -0.250045
5179 -0.004081 0.121237 -0.250067
5180 0.068688 0.109537 -0.249591
5181 0.059434 0.111944 -0.249657
5182 0.050745 0.111348 -0.249702
5183 0.062678 0.104417 -0.249593
5184 0.068792 0.101649 -0.249542
5185 0.044731 0.106615 -0.249706
5186 -0.063199 0.094166 -0.250233
5187 -0.040777 0.108423 -0.250194
5188 -0.032608 0.107748 -0.250144
5189 -0.047241 0.102470 -0.250194
5190 -0.055399 0.098237 -0.250214
5191 0.007960 0.119758 -0.249991
5192 0.015277 0.120242 -0.249953
5193 0.022412 0.120468 -0.249915
5194 0.034942 0.111722 -0.249792
5195 0.026157 0.114541 -0.249858
5196 0.035037 0.103105 -0.249739
5197 -0.023291 0.110251 -0.250108
5198 -0.008801 0.114942 -0.250055
5199 -0.014871 0.109929 -0.250059
5200 0.001009 0.114532 -0.249998
5201 0.053718 0.103118 -0.249635
5202 0.061486 0.097501 -0.249558
5203 0.068883 0.093532 -0.249492
5204 0.044540 0.098831 -0.249660
5205 -0.062175 0.085460 -0.250174
5206 -0.055280 0.089337 -0.250159
5207 -0.027680 0.102383 -0.250084
5208 -0.036796 0.098861 -0.250114
5209 -0.046495 0.093646 -0.250136
5210 0.010747 0.112143 -0.249929
5211 0.019380 0.112569 -0.249884
5212 0.025950 0.105761 -0.249806
5213 0.037129 0.094567 -0.249676
5214 0.030262 0.098195 -0.249736
5215 -0.017812 0.100735 -0.250019
5216 -0.006420 0.104524 -0.249979
5217 0.004214 0.103223 -0.249912
5218 0.053302 0.092905 -0.249575
5219 0.061439 0.089720 -0.249511
5220 0.068989 0.085295 -0.249442
5221 0.044692 0.090102 -0.249606
5222 -0.062812 0.077547 -0.250130
5223 -0.054322 0.079786 -0.250096
5224 -0.046419 0.085538 -0.250087
5225 -0.026732 0.093747 -0.250027
5226 -0.037633 0.089205 -0.250060
5227 0.015797 0.101552 -0.249837
5228 0.024153 0.097476 -0.249766
5229 0.036474 0.085834 -0.249626
5230 0.028681 0.090803 -0.249700
5231 -0.009358 0.095208 -0.249939
5232 -0.016235 0.090851 -0.249951
5233 -0.001042 0.095185 -0.249892
5234 0.008075 0.093368 -0.249830
5235 0.056059 0.085622 -0.249516
5236 0.050383 0.085673 -0.249548
5237 0.061962 0.081163 -0.249456
5238 0.069096 0.077461 -0.249394
5239 0.044510 0.081349 -0.249554
5240 -0.063456 0.068657 -0.250079
5241 -0.056974 0.072975 -0.250069
5242 -0.049291 0.072655 -0.250024
5243 -0.045862 0.077947 -0.250037
5244 -0.021354 0.084781 -0.249942
5245 -0.038715 0.080460 -0.250013
5246 -0.029295 0.082894 -0.249975
5247 0.036231 0.076921 -0.249573
5248 0.017893 0.089304 -0.249751
5249 0.026914 0.081938 -0.249656
5250 -0.006820 0.086580 -0.249872
5251 -0.013287 0.082090 -0.249881
5252 0.001929 0.085290 -0.249816
5253 0.010155 0.084675 -0.249766
5254 0.053165 0.078282 -0.249487
5255 0.060856 0.073034 -0.249413
5256 0.069206 0.069136 -0.249342
5257 0.045152 0.073232 -0.249501
5258 -0.063109 0.061313 -0.250033
5259 -0.055038 0.066264 -0.250018
5260 -0.047062 0.066341 -0.249974
5261 -0.040603 0.070735 -0.249964
5262 -0.021631 0.077740 -0.249901
5263 -0.030351 0.074083 -0.249928
5264 -0.014320 0.074293 -0.249839
5265 0.037211 0.069118 -0.249521
5266 0.028338 0.072173 -0.249589
5267 0.018369 0.077691 -0.249678
5268 -0.004661 0.075906 -0.249795
5269 0.006105 0.075345 -0.249732
5270 0.052742 0.067682 -0.249425
5271 0.069356 0.061175 -0.249293
5272 0.060153 0.064275 -0.249363
5273 0.045575 0.064710 -0.249447
5274 0.069500 0.053528 -0.249246
5275 0.061296 0.056205 -0.249308
5276 0.069620 0.045881 -0.249199
5277 0.062142 0.048347 -0.249256
5278 -0.063824 0.053509 -0.249989
5279 -0.056997 0.057473 -0.249975
5280 -0.050018 0.060719 -0.249956
5281 -0.040767 0.060426 -0.249903
5282 -0.030722 0.064623 -0.249872
5283 -0.021327 0.068705 -0.249845
5284 -0.010519 0.065845 -0.249767
5285 0.037284 0.061528 -0.249474
5286 0.030329 0.063896 -0.249527
5287 0.020597 0.065001 -0.249588
5288 0.011114 0.066908 -0.249653
5289 0.000348 0.066129 -0.249708
5290 0.069740 0.038235 -0.249152
5291 0.062534 0.041551 -0.249212
5292 0.052474 0.057774 -0.249367
5293 0.043797 0.057720 -0.249415
5294 0.056114 0.051445 -0.249308
5295 0.055144 0.044396 -0.249271
5296 -0.063769 0.045403 -0.249940
5297 -0.058358 0.050361 -0.249940
5298 -0.048658 0.052595 -0.249899
5299 -0.039185 0.050926 -0.249836
5300 -0.030555 0.055747 -0.249817
5301 -0.020925 0.060013 -0.249790
5302 -0.013651 0.055105 -0.249719
5303 -0.004817 0.055696 -0.249674
5304 0.038832 0.054551 -0.249423
5305 0.032072 0.054985 -0.249464
5306 0.024203 0.057826 -0.249525
5307 0.015806 0.056396 -0.249563
5308 0.005629 0.056500 -0.249620
5309 0.069861 0.030587 -0.249104
5310 0.062449 0.033908 -0.249166
5311 0.055105 0.036709 -0.249224
5312 0.045693 0.049295 -0.249353
5313 0.049353 0.039981 -0.249276
5314 -0.063045 0.038342 -0.249893
5315 -0.054782 0.043334 -0.249877
5316 -0.046013 0.044170 -0.249833
5317 -0.038611 0.041431 -0.249775
5318 -0.032263 0.046862 -0.249773
5319 -0.021825 0.048290 -0.249723
5320 -0.010551 0.047063 -0.249653
5321 0.000195 0.047250 -0.249594
5322 0.034858 0.046486 -0.249396
5323 0.023297 0.048266 -0.249472
5324 0.011480 0.046908 -0.249529
5325 0.069976 0.022940 -0.249057
5326 0.062731 0.027004 -0.249123
5327 0.055531 0.030445 -0.249184
5328 0.048160 0.032919 -0.249240
5329 0.039178 0.038091 -0.249321
5330 -0.063273 0.029353 -0.249840
5331 -0.057295 0.034344 -0.249837
5332 -0.046989 0.035857 -0.249788
5333 -0.038510 0.033464 -0.249726
5334 -0.028480 0.038198 -0.249699
5335 -0.016556 0.037977 -0.249631
5336 -0.005396 0.037706 -0.249568
5337 0.005904 0.038119 -0.249507
5338 0.027963 0.037779 -0.249382
5339 0.017019 0.037943 -0.249444
5340 0.070093 0.015293 -0.249010
5341 0.063166 0.019642 -0.249076
5342 0.056667 0.023286 -0.249134
5343 0.050285 0.026530 -0.249189
5344 0.041870 0.026335 -0.249235
5345 0.032428 0.028011 -0.249298
5346 -0.062918 0.021806 -0.249792
5347 -0.053740 0.026562 -0.249769
5348 -0.042846 0.026015 -0.249705
5349 -0.032796 0.027812 -0.249660
5350 -0.021739 0.028444 -0.249602
5351 -0.010614 0.028589 -0.249541
5352 0.000398 0.028589 -0.249480
5353 0.011410 0.028589 -0.249418
5354 0.022275 0.028359 -0.249356
5355 0.070217 0.007647 -0.248963
5356 0.063507 0.012313 -0.249029
5357 0.058338 0.016567 -0.249084
5358 0.064223 0.005754 -0.248985
5359 0.048500 0.017957 -0.249147
5360 0.037121 0.018151 -0.249212
5361 0.027218 0.018448 -0.249269
5362 -0.063722 0.012875 -0.249742
5363 -0.057322 0.016886 -0.249731
5364 -0.048714 0.016722 -0.249682
5365 -0.037785 0.018114 -0.249629
5366 -0.027181 0.018660 -0.249573
5367 -0.016120 0.019059 -0.249514
5368 -0.005108 0.019059 -0.249453
5369 0.005903 0.019059 -0.249391
5370 0.016915 0.019059 -0.249330
5371 0.054934 0.007697 -0.249049
5372 -0.064503 0.005730 -0.249703
5373 0.043645 0.009187 -0.249121
5374 0.032472 0.009417 -0.249185
5375 0.022421 0.009530 -0.249241
5376 -0.054930 0.008482 -0.249666
5377 -0.043923 0.008950 -0.249608
5378 -0.032638 0.009530 -0.249548
5379 -0.021626 0.009530 -0.249487
5380 -0.010615 0.009530 -0.249426
5381 0.000397 0.009530 -0.249364
5382 0.011409 0.009530 -0.249303
5383 -0.046771 -0.062882 -0.047914
5384 -0.049888 -0.063161 -0.044412
5385 -0.052662 -0.063209 -0.041199
5386 -0.045877 -0.064832 -0.044706
5387 -0.038365 -0.061402 -0.056333
5388 -0.040812 -0.061996 -0.053945
5389 -0.034737 -0.061271 -0.058651
5390 -0.031134 -0.060804 -0.061032
5391 -0.041714 -0.064210 -0.050405
5392 -0.039947 -0.064732 -0.044993
5393 -0.026904 -0.061095 -0.062566
5394 -0.022977 -0.060994 -0.064103
5395 -0.055406 -0.063633 -0.036864
5396 -0.057464 -0.063910 -0.033197
5397 -0.050699 -0.065316 -0.039297
5398 -0.038314 -0.065148 -0.039361
5399 -0.044930 -0.065196 -0.039867
5400 -0.035517 -0.063613 -0.055460
5401 -0.029921 -0.062710 -0.059508
5402 -0.033205 -0.064716 -0.044060
5403 -0.031903 -0.065132 -0.038473
5404 -0.034397 -0.064257 -0.050174
5405 -0.019546 -0.061381 -0.064750
5406 -0.022883 -0.063171 -0.061895
5407 -0.036109 -0.065540 -0.033936
5408 -0.029419 -0.065557 -0.032590
5409 -0.042733 -0.065595 -0.034355
5410 -0.059068 -0.064554 -0.028914
5411 -0.054928 -0.065905 -0.032425
5412 -0.048858 -0.065716 -0.033841
5413 -0.012108 -0.062095 -0.065681
5414 -0.026800 -0.065166 -0.037180
5415 -0.027116 -0.064760 -0.042464
5416 -0.027459 -0.063732 -0.055751
5417 -0.027551 -0.064266 -0.048898
5418 -0.016303 -0.062961 -0.063790
5419 -0.019600 -0.063381 -0.058942
5420 -0.027264 -0.066306 -0.022575
5421 -0.028540 -0.065988 -0.026892
5422 -0.024330 -0.066058 -0.025267
5423 -0.026642 -0.066555 -0.019270
5424 -0.022417 -0.066751 -0.021343
5425 -0.025217 -0.067221 -0.017448
5426 -0.024330 -0.065746 -0.029295
5427 -0.023760 -0.065386 -0.033832
5428 -0.034121 -0.065947 -0.028363
5429 -0.040655 -0.065972 -0.029152
5430 -0.032292 -0.066324 -0.023194
5431 -0.046417 -0.066087 -0.028640
5432 -0.060892 -0.065085 -0.023615
5433 -0.062333 -0.065220 -0.019385
5434 -0.057339 -0.066478 -0.025467
5435 -0.052210 -0.066256 -0.027449
5436 -0.030460 -0.066621 -0.019056
5437 -0.028897 -0.066855 -0.015781
5438 -0.027484 -0.067728 -0.013221
5439 -0.010336 -0.062862 -0.064048
5440 -0.007716 -0.062254 -0.066099
5441 -0.021386 -0.064950 -0.039045
5442 -0.021429 -0.064359 -0.046660
5443 -0.021168 -0.063845 -0.053238
5444 -0.013348 -0.063170 -0.060597
5445 -0.015777 -0.063517 -0.056544
5446 -0.020571 -0.065907 -0.026578
5447 -0.019062 -0.066334 -0.024825
5448 -0.019932 -0.065586 -0.030602
5449 -0.020036 -0.065298 -0.034330
5450 -0.017540 -0.065135 -0.036004
5451 -0.016367 -0.064898 -0.038860
5452 -0.037834 -0.066368 -0.023565
5453 -0.043725 -0.066444 -0.023595
5454 -0.035531 -0.066715 -0.018715
5455 -0.062844 -0.065894 -0.014936
5456 -0.049710 -0.066573 -0.022944
5457 -0.059546 -0.067035 -0.018661
5458 -0.054966 -0.066801 -0.020898
5459 -0.033267 -0.067001 -0.014644
5460 -0.030991 -0.067233 -0.011275
5461 -0.029391 -0.068183 -0.008814
5462 -0.007592 -0.063036 -0.061341
5463 -0.005007 -0.062784 -0.064149
5464 -0.002789 -0.062370 -0.066287
5465 -0.016668 -0.064542 -0.043492
5466 -0.014309 -0.063871 -0.051730
5467 -0.010221 -0.063344 -0.057825
5468 -0.004848 -0.063227 -0.058423
5469 -0.015301 -0.065943 -0.027814
5470 -0.016052 -0.065371 -0.032716
5471 -0.011599 -0.064773 -0.039653
5472 -0.013569 -0.065137 -0.035310
5473 -0.041266 -0.066821 -0.018324
5474 -0.046466 -0.066841 -0.018944
5475 -0.038655 -0.067148 -0.013665
5476 -0.063411 -0.066302 -0.010188
5477 -0.063379 -0.067185 0.000316
5478 -0.063082 -0.067385 0.003996
5479 -0.060487 -0.067606 -0.011464
5480 -0.051173 -0.067089 -0.016549
5481 -0.056456 -0.067362 -0.013931
5482 -0.035442 -0.067433 -0.009448
5483 -0.032532 -0.067649 -0.006170
5484 -0.030569 -0.068595 -0.004162
5485 0.002316 -0.062547 -0.065963
5486 -0.002197 -0.062963 -0.061367
5487 0.000349 -0.062711 -0.064187
5488 -0.008761 -0.064205 -0.046488
5489 -0.007217 -0.064873 -0.037625
5490 -0.005743 -0.064536 -0.041712
5491 -0.004721 -0.063610 -0.053470
5492 0.000398 -0.063199 -0.057898
5493 -0.011109 -0.065499 -0.030232
5494 -0.009225 -0.065154 -0.034350
5495 -0.004294 -0.064851 -0.037417
5496 -0.006017 -0.065087 -0.034673
5497 -0.001650 -0.064611 -0.040061
5498 -0.001814 -0.064893 -0.036459
5499 -0.061933 -0.068070 0.007580
5500 -0.045337 -0.067296 -0.012894
5501 -0.040992 -0.067631 -0.007847
5502 -0.061995 -0.068088 -0.004206
5503 -0.061501 -0.068644 0.002527
5504 -0.057125 -0.067942 -0.006578
5505 -0.051669 -0.067639 -0.009545
5506 -0.036913 -0.067941 -0.003154
5507 -0.032933 -0.068085 -0.000629
5508 -0.030741 -0.068922 0.000627
5509 0.007618 -0.062367 -0.065721
5510 0.011800 -0.061864 -0.065497
5511 0.005826 -0.062668 -0.063807
5512 0.003268 -0.062900 -0.061259
5513 0.005548 -0.063141 -0.057772
5514 -0.001097 -0.064126 -0.046214
5515 0.004243 -0.063558 -0.052620
5516 0.002441 -0.064473 -0.041146
5517 -0.006084 -0.065395 -0.030712
5518 -0.003330 -0.065104 -0.033997
5519 0.000665 -0.064812 -0.037080
5520 -0.000708 -0.065043 -0.034331
5521 -0.060560 -0.068642 0.011921
5522 -0.059642 -0.069080 0.007650
5523 -0.047140 -0.067903 -0.005386
5524 -0.041959 -0.068049 -0.002628
5525 -0.057373 -0.068585 0.001658
5526 -0.051960 -0.068225 -0.002055
5527 -0.040194 -0.068343 0.001457
5528 -0.035844 -0.068428 0.003299
5529 -0.031695 -0.068549 0.005551
5530 -0.029749 -0.069155 0.005336
5531 0.016228 -0.061744 -0.064578
5532 0.012086 -0.062626 -0.063294
5533 0.008840 -0.062897 -0.060348
5534 0.010560 -0.063221 -0.055886
5535 0.006866 -0.064079 -0.045470
5536 0.011937 -0.063635 -0.050317
5537 0.003666 -0.064777 -0.037014
5538 0.006750 -0.064573 -0.039123
5539 -0.001102 -0.065333 -0.030664
5540 0.002055 -0.065074 -0.033466
5541 0.010708 -0.064396 -0.040731
5542 -0.058740 -0.069430 0.012310
5543 -0.059149 -0.069126 0.015448
5544 -0.056311 -0.069126 0.008805
5545 -0.045962 -0.068460 0.001991
5546 -0.051997 -0.068785 0.005145
5547 -0.040686 -0.068823 0.007559
5548 -0.034891 -0.068893 0.009447
5549 -0.028012 -0.069293 0.009831
5550 -0.030564 -0.068951 0.010926
5551 0.021361 -0.061122 -0.063573
5552 0.018830 -0.062648 -0.061864
5553 0.015199 -0.062912 -0.059083
5554 0.017197 -0.063287 -0.053917
5555 0.014047 -0.064010 -0.045134
5556 0.018565 -0.063712 -0.048204
5557 0.006432 -0.064954 -0.034267
5558 0.010317 -0.064760 -0.036116
5559 0.003385 -0.065517 -0.029304
5560 0.015081 -0.064470 -0.039043
5561 -0.038239 -0.069278 0.013834
5562 -0.056132 -0.069600 0.014941
5563 -0.052763 -0.069228 0.010721
5564 -0.047611 -0.069084 0.009751
5565 -0.043138 -0.069271 0.012909
5566 -0.032676 -0.069343 0.015606
5567 -0.038213 -0.069708 0.019373
5568 -0.025701 -0.069344 0.014222
5569 0.025456 -0.060343 -0.062739
5570 0.024771 -0.062301 -0.061111
5571 0.029028 -0.060632 -0.060815
5572 0.022891 -0.062963 -0.057123
5573 0.023718 -0.063391 -0.051466
5574 0.020427 -0.064183 -0.041823
5575 0.024086 -0.063771 -0.046516
5576 0.009115 -0.065180 -0.030908
5577 0.013981 -0.064957 -0.032954
5578 0.007083 -0.065624 -0.025535
5579 0.019226 -0.064696 -0.035424
5580 0.017935 -0.065117 -0.030224
5581 -0.042669 -0.069675 0.018193
5582 -0.051120 -0.069572 0.015432
5583 -0.046486 -0.069493 0.015209
5584 -0.042663 -0.070081 0.023427
5585 -0.037437 -0.070024 0.023579
5586 -0.039577 -0.070290 0.026632
5587 -0.044068 -0.070558 0.029321
5588 -0.042354 -0.070810 0.032868
5589 -0.046838 -0.070921 0.033534
5590 -0.033367 -0.069833 0.021811
5591 -0.022811 -0.069421 0.018286
5592 -0.027977 -0.069606 0.019792
5593 -0.044117 -0.071124 0.036604
5594 0.032758 -0.060699 -0.058754
5595 0.030134 -0.062810 -0.057854
5596 0.035228 -0.061321 -0.056603
5597 0.029598 -0.063189 -0.053069
5598 0.029498 -0.063561 -0.048301
5599 0.024000 -0.064526 -0.036809
5600 0.027985 -0.064098 -0.041633
5601 0.013508 -0.065435 -0.026873
5602 0.009933 -0.065957 -0.020759
5603 0.023738 -0.065007 -0.030652
5604 0.019801 -0.065478 -0.025259
5605 -0.048914 -0.070454 0.027160
5606 -0.048849 -0.070748 0.030967
5607 -0.038658 -0.070548 0.030120
5608 -0.035078 -0.070227 0.026591
5609 -0.038699 -0.070965 0.035481
5610 -0.029509 -0.070060 0.025384
5611 -0.019430 -0.069660 0.021936
5612 -0.023794 -0.069833 0.023429
5613 -0.015115 -0.069773 0.024133
5614 -0.019701 -0.069988 0.026122
5615 -0.039809 -0.071386 0.040711
5616 0.037517 -0.061360 -0.055029
5617 0.035626 -0.063069 -0.053587
5618 0.035323 -0.063395 -0.049444
5619 0.034404 -0.063826 -0.044056
5620 0.029327 -0.064601 -0.034933
5621 0.034108 -0.064277 -0.038293
5622 0.011936 -0.066263 -0.016040
5623 0.015992 -0.065900 -0.020465
5624 0.030474 -0.065056 -0.028884
5625 0.026041 -0.065471 -0.024287
5626 0.021793 -0.065899 -0.019498
5627 -0.010180 -0.069739 0.024531
5628 -0.012004 -0.070035 0.028034
5629 -0.031922 -0.070607 0.032019
5630 -0.032715 -0.071097 0.038189
5631 -0.024755 -0.070283 0.029065
5632 -0.015671 -0.070183 0.029313
5633 -0.019614 -0.070328 0.030507
5634 -0.034720 -0.071625 0.044653
5635 -0.028564 -0.071407 0.042887
5636 -0.008186 -0.070051 0.028881
5637 -0.011690 -0.070347 0.032098
5638 0.040232 -0.062204 -0.052066
5639 0.040070 -0.063366 -0.049015
5640 0.039671 -0.063682 -0.045017
5641 0.039192 -0.064047 -0.040399
5642 0.035106 -0.064689 -0.032825
5643 0.038636 -0.064402 -0.035912
5644 0.017835 -0.066337 -0.014531
5645 0.013343 -0.066734 -0.010176
5646 0.036518 -0.065106 -0.027213
5647 0.032551 -0.065459 -0.023336
5648 0.027843 -0.065885 -0.018649
5649 0.024338 -0.066327 -0.013561
5650 -0.005173 -0.069737 0.025347
5651 -0.003456 -0.070077 0.030015
5652 -0.024089 -0.070863 0.036647
5653 -0.016054 -0.070619 0.034862
5654 -0.023135 -0.071463 0.044535
5655 -0.029097 -0.071820 0.048116
5656 -0.006616 -0.070370 0.033260
5657 -0.010857 -0.070679 0.036520
5658 -0.001635 -0.070404 0.034538
5659 0.001410 -0.070107 0.031229
5660 0.044081 -0.062769 -0.048086
5661 0.044183 -0.063642 -0.044765
5662 0.043673 -0.063965 -0.040696
5663 0.042943 -0.064308 -0.036395
5664 0.041275 -0.064738 -0.031146
5665 0.041646 -0.065171 -0.025504
5666 0.014246 -0.067307 -0.002652
5667 0.021144 -0.066886 -0.006895
5668 0.020664 -0.067604 0.002270
5669 0.012868 -0.067929 0.005133
5670 0.038805 -0.065509 -0.021630
5671 0.034117 -0.065856 -0.017965
5672 0.029803 -0.066205 -0.014196
5673 0.028937 -0.066610 -0.009128
5674 0.044282 -0.065491 -0.020933
5675 0.016712 -0.068216 0.009481
5676 0.009792 -0.068523 0.012251
5677 0.014251 -0.068689 0.015144
5678 0.007448 -0.069048 0.018616
5679 0.010656 -0.069363 0.023224
5680 0.013272 -0.069110 0.020401
5681 0.004382 -0.069440 0.023151
5682 -0.000193 -0.069672 0.025353
5683 0.009506 -0.069692 0.027259
5684 0.013070 -0.069570 0.026292
5685 0.004985 -0.069872 0.028817
5686 0.005277 -0.070171 0.032717
5687 0.003240 -0.070424 0.035629
5688 -0.016116 -0.071119 0.041293
5689 -0.017905 -0.071608 0.047283
5690 -0.023038 -0.071963 0.050985
5691 -0.005393 -0.070731 0.038113
5692 -0.009246 -0.071042 0.041460
5693 -0.000063 -0.070715 0.038807
5694 0.047466 -0.063318 -0.043949
5695 0.047734 -0.063936 -0.040371
5696 0.047272 -0.064253 -0.036373
5697 0.046177 -0.064559 -0.032613
5698 0.046822 -0.065001 -0.026817
5699 0.024384 -0.068127 0.009628
5700 0.028289 -0.067728 0.005158
5701 0.028971 -0.067179 -0.001793
5702 0.047142 -0.065812 -0.016314
5703 0.041270 -0.065999 -0.014907
5704 0.035152 -0.066337 -0.011588
5705 0.034000 -0.066779 -0.006097
5706 0.050007 -0.065455 -0.020428
5707 0.052130 -0.065899 -0.014357
5708 0.015755 -0.069332 0.023687
5709 0.017501 -0.069057 0.020440
5710 0.016178 -0.069611 0.027348
5711 0.022311 -0.068704 0.016712
5712 0.028408 -0.068474 0.014787
5713 0.013555 -0.069846 0.029924
5714 0.008038 -0.070381 0.035889
5715 0.009300 -0.070021 0.031463
5716 0.005277 -0.070711 0.039667
5717 0.009601 -0.070651 0.039626
5718 -0.010725 -0.071518 0.047347
5719 -0.016582 -0.072050 0.053196
5720 -0.003943 -0.071176 0.044093
5721 0.002515 -0.070998 0.042896
5722 -0.004812 -0.071621 0.049675
5723 0.050684 -0.063600 -0.039711
5724 0.051081 -0.064250 -0.035759
5725 0.050321 -0.064596 -0.031436
5726 0.053676 -0.063651 -0.035408
5727 0.052676 -0.065033 -0.025415
5728 0.047318 -0.066242 -0.010755
5729 0.031428 -0.068055 0.009901
5730 0.033845 -0.067549 0.003795
5731 0.035884 -0.067107 -0.001553
5732 0.041403 -0.066688 -0.006014
5733 0.052856 -0.066358 -0.008322
5734 0.055655 -0.065530 -0.018513
5735 0.056457 -0.066071 -0.011411
5736 0.018757 -0.069860 0.030997
5737 0.021783 -0.069342 0.024833
5738 0.028780 -0.068950 0.020977
5739 0.035231 -0.068520 0.016529
5740 0.013995 -0.070319 0.036099
5741 0.019640 -0.070257 0.036253
5742 0.007924 -0.071075 0.044800
5743 0.012866 -0.070779 0.041833
5744 -0.009770 -0.072076 0.054694
5745 0.002093 -0.071455 0.048710
5746 -0.002733 -0.072039 0.055409
5747 0.054522 -0.064622 -0.030392
5748 0.056008 -0.063460 -0.031893
5749 0.056907 -0.065071 -0.024200
5750 0.059074 -0.065399 -0.019613
5751 0.049105 -0.066695 -0.004617
5752 0.053790 -0.066730 -0.003373
5753 0.038411 -0.067933 0.009512
5754 0.041397 -0.067360 0.002642
5755 0.046630 -0.067051 -0.000447
5756 0.042732 -0.068335 0.015422
5757 0.057394 -0.066557 -0.004985
5758 0.056299 -0.066967 0.000106
5759 0.060024 -0.065819 -0.014051
5760 0.059838 -0.066272 -0.008249
5761 0.060154 -0.066613 -0.003803
5762 0.025277 -0.069915 0.032811
5763 0.030781 -0.069497 0.028361
5764 0.036246 -0.069132 0.024579
5765 0.023069 -0.070430 0.039066
5766 0.028411 -0.070408 0.039686
5767 0.018218 -0.070707 0.041812
5768 0.007786 -0.071483 0.050030
5769 0.014130 -0.071217 0.047674
5770 0.004107 -0.071942 0.055313
5771 0.057994 -0.063603 -0.027771
5772 0.059694 -0.063970 -0.022927
5773 0.060984 -0.064315 -0.018111
5774 0.052184 -0.067109 0.001236
5775 0.045605 -0.067803 0.009055
5776 0.047999 -0.067390 0.004149
5777 0.055944 -0.067298 0.004302
5778 0.049677 -0.068156 0.014293
5779 0.059255 -0.066896 -0.000305
5780 0.058307 -0.067216 0.003654
5781 0.061309 -0.066705 -0.000718
5782 0.061662 -0.064641 -0.014339
5783 0.061654 -0.065501 -0.010197
5784 0.061619 -0.066181 -0.005167
5785 0.032530 -0.070004 0.035177
5786 0.036717 -0.069733 0.032407
5787 0.033053 -0.070351 0.039744
5788 0.031778 -0.070576 0.042418
5789 0.029464 -0.070737 0.044105
5790 0.024667 -0.070819 0.044342
5791 0.019594 -0.071126 0.047438
5792 0.010784 -0.071788 0.054465
5793 0.017100 -0.071587 0.052955
5794 0.053408 -0.067651 0.008427
5795 0.057596 -0.067503 0.007226
5796 0.055345 -0.068004 0.013297
5797 0.060495 -0.067167 0.003394
5798 0.059746 -0.067456 0.006992
5799 0.036700 -0.070235 0.038864
5800 0.036464 -0.070570 0.043143
5801 0.033369 -0.070782 0.045342
5802 0.028847 -0.071054 0.048073
5803 0.023076 -0.071344 0.050836
5804 -0.054825 0.063770 -0.037413
5805 -0.052409 0.063147 -0.041607
5806 -0.057568 0.064235 -0.032324
5807 -0.059557 0.064397 -0.028363
5808 -0.053487 0.065793 -0.033624
5809 -0.049656 0.062992 -0.044918
5810 -0.046743 0.062577 -0.048376
5811 -0.050040 0.065229 -0.040307
5812 -0.042054 0.061966 -0.053077
5813 -0.044130 0.062711 -0.050460
5814 -0.057159 0.066359 -0.026967
5815 -0.051749 0.066157 -0.028649
5816 -0.061103 0.064893 -0.023689
5817 -0.062316 0.065188 -0.019554
5818 -0.038639 0.061584 -0.055935
5819 -0.035110 0.061129 -0.058607
5820 -0.031108 0.061083 -0.060736
5821 -0.026945 0.060861 -0.062798
5822 -0.048078 0.065616 -0.034993
5823 -0.045911 0.065983 -0.029903
5824 -0.045026 0.064682 -0.046497
5825 -0.044149 0.065090 -0.041099
5826 -0.039525 0.064190 -0.051903
5827 -0.048429 0.066480 -0.023921
5828 -0.043039 0.066283 -0.025543
5829 -0.054390 0.066716 -0.021892
5830 -0.059581 0.066991 -0.019240
5831 -0.062817 0.065881 -0.015097
5832 -0.022754 0.061043 -0.064126
5833 -0.018624 0.061143 -0.065235
5834 -0.015746 0.061608 -0.065463
5835 -0.033154 0.063595 -0.056854
5836 -0.025879 0.063218 -0.060727
5837 -0.011971 0.061940 -0.065852
5838 -0.008096 0.062035 -0.066269
5839 -0.039419 0.065890 -0.029992
5840 -0.037749 0.066303 -0.024390
5841 -0.041769 0.065510 -0.035290
5842 -0.038985 0.064597 -0.046574
5843 -0.037578 0.065039 -0.040641
5844 -0.033178 0.064150 -0.051340
5845 -0.027836 0.067809 -0.012473
5846 -0.029081 0.066906 -0.015161
5847 -0.031065 0.067285 -0.010619
5848 -0.029623 0.068245 -0.008165
5849 -0.033670 0.067055 -0.014013
5850 -0.030702 0.066648 -0.018759
5851 -0.036106 0.066703 -0.018967
5852 -0.043215 0.066763 -0.019396
5853 -0.050115 0.067015 -0.017321
5854 -0.055845 0.067282 -0.014852
5855 -0.060510 0.067569 -0.011950
5856 -0.063576 0.066177 -0.010137
5857 -0.018666 0.063043 -0.063135
5858 -0.013601 0.062890 -0.064240
5859 -0.026662 0.063779 -0.055016
5860 -0.019981 0.063441 -0.058231
5861 -0.004028 0.062438 -0.066182
5862 -0.008361 0.062811 -0.064378
5863 -0.025708 0.067329 -0.016619
5864 -0.027027 0.066618 -0.018524
5865 -0.031178 0.066255 -0.023893
5866 -0.027351 0.066374 -0.021717
5867 -0.032156 0.065823 -0.029626
5868 -0.034919 0.065446 -0.034952
5869 -0.032401 0.064622 -0.045133
5870 -0.031480 0.065053 -0.039426
5871 -0.026673 0.064202 -0.049573
5872 -0.032498 0.067696 -0.005563
5873 -0.030668 0.068639 -0.003620
5874 -0.035263 0.067508 -0.008453
5875 -0.040201 0.067267 -0.012389
5876 -0.046474 0.067283 -0.013259
5877 -0.051853 0.067560 -0.010604
5878 -0.056733 0.067853 -0.007648
5879 -0.062066 0.067997 -0.004685
5880 -0.063381 0.067183 0.000300
5881 -0.062562 0.067752 0.004893
5882 -0.061992 0.067910 0.008939
5883 0.001199 0.062567 -0.065893
5884 -0.012858 0.063142 -0.060874
5885 -0.020618 0.063874 -0.052769
5886 -0.014629 0.063549 -0.055933
5887 -0.002148 0.062756 -0.064034
5888 -0.005789 0.063022 -0.061219
5889 -0.023114 0.066848 -0.020488
5890 -0.025274 0.065962 -0.026664
5891 -0.027413 0.065404 -0.034220
5892 -0.025087 0.064755 -0.042185
5893 -0.020751 0.064292 -0.047407
5894 -0.032826 0.068114 -0.000238
5895 -0.030693 0.068946 0.001039
5896 -0.031524 0.068552 0.005628
5897 -0.029667 0.069165 0.005600
5898 -0.027952 0.069300 0.009955
5899 -0.030091 0.068914 0.010523
5900 -0.036308 0.067973 -0.002648
5901 -0.039977 0.067771 -0.005870
5902 -0.046137 0.067793 -0.006632
5903 -0.052897 0.068130 -0.003432
5904 -0.057225 0.068426 -0.000356
5905 -0.060701 0.068705 0.002640
5906 -0.060569 0.069046 0.008222
5907 -0.060677 0.068520 0.012193
5908 0.006713 0.062519 -0.065578
5909 0.003666 0.062711 -0.063627
5910 0.012092 0.062066 -0.065250
5911 0.016404 0.061488 -0.064771
5912 -0.008653 0.063355 -0.057425
5913 -0.014657 0.064050 -0.049492
5914 -0.010385 0.063693 -0.053357
5915 0.000287 0.062952 -0.061088
5916 -0.002932 0.063247 -0.057846
5917 -0.019966 0.066439 -0.023974
5918 -0.020698 0.065629 -0.030185
5919 -0.019779 0.065122 -0.036548
5920 -0.016646 0.064612 -0.042590
5921 -0.011028 0.064354 -0.044960
5922 -0.025701 0.069344 0.014222
5923 -0.036073 0.068444 0.003461
5924 -0.034233 0.068864 0.009177
5925 -0.031267 0.069186 0.013835
5926 -0.028231 0.069388 0.016944
5927 -0.041964 0.068301 0.000620
5928 -0.048162 0.068358 0.000304
5929 -0.052670 0.068666 0.003502
5930 -0.057219 0.069019 0.007274
5931 -0.058940 0.069434 0.012326
5932 -0.059172 0.069121 0.015385
5933 0.009577 0.062661 -0.063259
5934 0.006187 0.062918 -0.060535
5935 0.020658 0.061329 -0.063620
5936 0.016086 0.062632 -0.062536
5937 0.025735 0.060878 -0.062095
5938 0.029708 0.060519 -0.060587
5939 -0.005493 0.063609 -0.053612
5940 -0.008197 0.063996 -0.049089
5941 0.002646 0.063168 -0.057913
5942 -0.000633 0.063489 -0.054339
5943 -0.016395 0.066047 -0.027036
5944 -0.015716 0.065390 -0.032416
5945 -0.014690 0.065025 -0.036936
5946 -0.005801 0.064373 -0.043831
5947 -0.010293 0.064773 -0.039438
5948 -0.023346 0.069380 0.017689
5949 -0.027974 0.069641 0.020251
5950 -0.039969 0.068856 0.008108
5951 -0.032864 0.069586 0.018709
5952 -0.037087 0.069268 0.013897
5953 -0.047063 0.068910 0.007599
5954 -0.052861 0.069138 0.009545
5955 -0.056170 0.069566 0.014496
5956 0.012313 0.062905 -0.059660
5957 0.008545 0.063169 -0.056893
5958 0.022556 0.062713 -0.060391
5959 0.018577 0.062922 -0.058379
5960 0.032732 0.060833 -0.058630
5961 0.028981 0.062792 -0.058291
5962 -0.001817 0.063897 -0.049281
5963 -0.000705 0.064276 -0.044208
5964 -0.002652 0.064550 -0.041014
5965 0.004649 0.063587 -0.052172
5966 -0.011869 0.065503 -0.030065
5967 -0.010860 0.065223 -0.033742
5968 -0.005464 0.064780 -0.038525
5969 -0.007270 0.065055 -0.035292
5970 -0.000304 0.064562 -0.040467
5971 -0.001976 0.064802 -0.037651
5972 0.038855 0.061524 -0.053886
5973 0.041432 0.061814 -0.051549
5974 -0.030497 0.070030 0.024830
5975 -0.020852 0.069587 0.020573
5976 -0.025133 0.069813 0.022942
5977 0.044096 0.062666 -0.048199
5978 -0.036903 0.070025 0.023675
5979 -0.043802 0.069390 0.014332
5980 -0.040386 0.069725 0.019221
5981 -0.050589 0.069506 0.014672
5982 0.014400 0.063230 -0.055121
5983 0.010538 0.063495 -0.052366
5984 0.024556 0.063057 -0.055630
5985 0.020253 0.063312 -0.053071
5986 0.035246 0.062999 -0.054565
5987 0.030728 0.063198 -0.052764
5988 0.002951 0.064451 -0.041341
5989 0.003913 0.064039 -0.046475
5990 0.009368 0.063877 -0.047643
5991 -0.005947 0.065313 -0.030680
5992 -0.003789 0.065104 -0.034068
5993 0.001096 0.064792 -0.037265
5994 -0.000739 0.065025 -0.034568
5995 0.040598 0.063306 -0.049694
5996 -0.036519 0.070432 0.028989
5997 -0.030637 0.070472 0.030501
5998 -0.018283 0.069836 0.022322
5999 -0.020880 0.069835 0.023949
6000 -0.026505 0.070235 0.028139
6001 -0.022510 0.070057 0.026536
6002 0.044574 0.063573 -0.045590
6003 0.047227 0.063279 -0.044263
6004 -0.043295 0.070313 0.026299
6005 -0.042528 0.070707 0.031504
6006 -0.044448 0.071101 0.036252
6007 -0.039434 0.070926 0.034848
6008 -0.048910 0.070381 0.026223
6009 0.015446 0.063682 -0.049126
6010 0.026114 0.063429 -0.050576
6011 0.021444 0.063695 -0.047934
6012 0.036252 0.063454 -0.048524
6013 0.031407 0.063665 -0.046633
6014 0.004931 0.064763 -0.036991
6015 0.008421 0.064356 -0.041629
6016 0.013238 0.064102 -0.044088
6017 -0.001025 0.065333 -0.030661
6018 0.002062 0.065072 -0.033491
6019 0.041907 0.063771 -0.043490
6020 -0.039428 0.071406 0.041038
6021 -0.033686 0.070963 0.036295
6022 -0.027175 0.070703 0.034055
6023 -0.018183 0.070013 0.026695
6024 -0.014078 0.069742 0.023988
6025 -0.021849 0.070392 0.030954
6026 -0.013543 0.070035 0.027771
6027 -0.009357 0.069726 0.024492
6028 0.047036 0.063872 -0.041321
6029 0.050381 0.063649 -0.040029
6030 -0.048849 0.070748 0.030967
6031 0.018724 0.064098 -0.043208
6032 0.026096 0.063998 -0.043251
6033 0.036389 0.063909 -0.042644
6034 0.031700 0.064081 -0.041230
6035 0.041021 0.064196 -0.038165
6036 0.005722 0.065061 -0.033008
6037 0.009389 0.064833 -0.035330
6038 0.014250 0.064520 -0.038535
6039 0.003385 0.065517 -0.029304
6040 0.045880 0.064189 -0.037429
6041 -0.033895 0.071658 0.045216
6042 -0.021853 0.070868 0.037090
6043 -0.027443 0.071265 0.041254
6044 -0.008637 0.070015 0.028342
6045 -0.006275 0.069699 0.024867
6046 -0.016260 0.070461 0.032793
6047 -0.011538 0.070288 0.031362
6048 -0.008086 0.070312 0.032258
6049 0.050365 0.064217 -0.036311
6050 0.053451 0.063724 -0.035631
6051 0.021410 0.064664 -0.035461
6052 0.029236 0.064496 -0.036296
6053 0.035272 0.064371 -0.036892
6054 0.044426 0.064564 -0.032848
6055 0.039302 0.064603 -0.033212
6056 0.008873 0.065254 -0.029993
6057 0.014308 0.065012 -0.032184
6058 0.007559 0.065668 -0.024886
6059 0.049236 0.064581 -0.031817
6060 0.047141 0.064967 -0.027200
6061 -0.017080 0.071021 0.039859
6062 -0.027907 0.071853 0.048745
6063 -0.022163 0.071401 0.043900
6064 -0.005481 0.070008 0.028791
6065 -0.003299 0.069819 0.025186
6066 -0.010988 0.070693 0.036680
6067 -0.012186 0.071158 0.042463
6068 -0.006245 0.070531 0.035391
6069 -0.004714 0.070272 0.032320
6070 0.054077 0.064600 -0.030748
6071 0.055972 0.063424 -0.032025
6072 0.021754 0.065246 -0.027911
6073 0.026909 0.064967 -0.030636
6074 0.033984 0.064938 -0.029804
6075 0.041267 0.064996 -0.027820
6076 0.044576 0.065331 -0.022955
6077 0.014294 0.065563 -0.025099
6078 0.010763 0.066092 -0.018888
6079 0.021274 0.065702 -0.022118
6080 0.052044 0.065002 -0.025920
6081 0.056418 0.065059 -0.024442
6082 0.049197 0.065382 -0.021504
6083 -0.016203 0.071531 0.046577
6084 -0.021478 0.071990 0.051595
6085 -0.009255 0.071520 0.047619
6086 0.001094 0.069609 0.024766
6087 -0.000498 0.070034 0.029965
6088 -0.005880 0.070962 0.041006
6089 -0.001387 0.070518 0.036053
6090 0.057880 0.063671 -0.027866
6091 0.059402 0.064270 -0.022914
6092 0.045007 0.065732 -0.017713
6093 0.028109 0.065483 -0.023778
6094 0.038207 0.065556 -0.021130
6095 0.012813 0.066481 -0.012629
6096 0.017499 0.066121 -0.017368
6097 0.024794 0.066101 -0.016388
6098 0.006972 0.069143 0.019758
6099 0.011595 0.069079 0.019718
6100 0.008393 0.068809 0.015818
6101 0.013755 0.068726 0.015547
6102 0.010798 0.068304 0.010024
6103 0.054407 0.065433 -0.019963
6104 0.058168 0.065476 -0.018783
6105 0.050893 0.065820 -0.015579
6106 0.046389 0.066172 -0.011808
6107 -0.003081 0.071491 0.048284
6108 -0.014625 0.072064 0.053711
6109 -0.007401 0.072071 0.055028
6110 0.008642 0.069470 0.024257
6111 0.004708 0.069414 0.022864
6112 0.004559 0.069779 0.027537
6113 0.003486 0.070177 0.032487
6114 0.000443 0.070982 0.042337
6115 0.003392 0.070581 0.037675
6116 0.060869 0.064461 -0.018015
6117 0.060090 0.065831 -0.013875
6118 0.040243 0.066117 -0.013568
6119 0.032653 0.066067 -0.015491
6120 0.014065 0.067036 -0.005314
6121 0.021122 0.066718 -0.009071
6122 0.028624 0.066510 -0.010477
6123 0.042675 0.066478 -0.008505
6124 0.013516 0.067729 0.002667
6125 0.020927 0.067356 -0.000885
6126 0.016535 0.068256 0.009965
6127 0.020817 0.067884 0.005897
6128 0.014286 0.069465 0.025142
6129 0.017522 0.069031 0.020112
6130 0.018680 0.068632 0.015162
6131 0.056225 0.065926 -0.013305
6132 0.051704 0.066281 -0.009502
6133 0.047747 0.066601 -0.006054
6134 0.003566 0.071401 0.048252
6135 0.000042 0.072007 0.055464
6136 0.009919 0.069968 0.030880
6137 0.006937 0.070420 0.036193
6138 0.007208 0.070842 0.041679
6139 0.010304 0.071328 0.048455
6140 0.016270 0.069877 0.030793
6141 0.061734 0.064604 -0.014184
6142 0.059323 0.066240 -0.008743
6143 0.061621 0.065539 -0.010176
6144 0.035770 0.066637 -0.007628
6145 0.028065 0.067055 -0.003544
6146 0.041720 0.066929 -0.002853
6147 0.027453 0.067605 0.003434
6148 0.022226 0.068342 0.012039
6149 0.026046 0.068056 0.009002
6150 0.021769 0.069362 0.025093
6151 0.023083 0.068778 0.017797
6152 0.056101 0.066451 -0.006567
6153 0.059014 0.066648 -0.003548
6154 0.052555 0.066737 -0.003494
6155 0.048079 0.067045 -0.000290
6156 0.007306 0.071875 0.055001
6157 0.014186 0.071687 0.053740
6158 0.013738 0.070456 0.037821
6159 0.013490 0.070902 0.043521
6160 0.019524 0.070203 0.035535
6161 0.016818 0.071162 0.047426
6162 0.023342 0.069834 0.031430
6163 0.029432 0.069445 0.027454
6164 0.020655 0.071449 0.051780
6165 0.061250 0.066485 -0.005255
6166 0.060857 0.066852 -0.000607
6167 0.035563 0.067336 0.001347
6168 0.043408 0.067408 0.003603
6169 0.031745 0.067961 0.008735
6170 0.027921 0.068443 0.014298
6171 0.036201 0.069095 0.024104
6172 0.028891 0.068960 0.021120
6173 0.056685 0.066885 -0.000882
6174 0.059183 0.066972 0.000665
6175 0.053382 0.067177 0.002311
6176 0.049341 0.067419 0.004748
6177 0.020098 0.070646 0.041339
6178 0.024172 0.070200 0.036290
6179 0.022681 0.070979 0.046070
6180 0.036696 0.069679 0.031706
6181 0.029012 0.069951 0.033907
6182 0.026803 0.071163 0.049138
6183 0.060370 0.067148 0.003122
6184 0.039134 0.067907 0.009303
6185 0.046613 0.067813 0.009361
6186 0.035232 0.068520 0.016529
6187 0.057896 0.067319 0.004915
6188 0.053490 0.067680 0.008810
6189 0.029029 0.070476 0.040667
6190 0.036713 0.070202 0.038447
6191 0.032457 0.070840 0.045937
6192 0.042732 0.068335 0.015422
6193 0.049679 0.068156 0.014293
6194 0.055351 0.068004 0.013296
6195 0.036464 0.070570 0.043143
6196 -0.034449 -0.037568 -0.090000
6197 -0.039641 -0.035156 -0.090000
6198 -0.030096 -0.041675 -0.090000
6199 -0.029247 -0.034855 -0.090000
6200 -0.026521 -0.045970 -0.090000
6201 -0.034855 -0.029247 -0.090000
6202 -0.041915 -0.030353 -0.090000
6203 -0.046043 -0.026880 -0.090000
6204 -0.022750 -0.039404 -0.090000
6205 -0.020812 -0.047094 -0.090000
6206 -0.039404 -0.022750 -0.090000
6207 -0.047142 -0.021757 -0.090000
6208 -0.050005 -0.017584 -0.090000
6209 -0.015562 -0.042756 -0.090000
6210 -0.014953 -0.048693 -0.090000
6211 -0.010569 -0.052057 -0.090000
6212 -0.042756 -0.015562 -0.090000
6213 -0.049823 -0.011444 -0.090000
6214 -0.053426 -0.006592 -0.090000
6215 -0.007901 -0.044809 -0.090000
6216 -0.005423 -0.051889 -0.090000
6217 -0.000211 -0.053724 -0.090000
6218 -0.044809 -0.007901 -0.090000
6219 -0.049498 -0.005242 -0.090000
6220 -0.052784 0.000000 -0.090000
6221 0.000000 -0.045500 -0.090000
6222 0.004850 -0.052183 -0.090000
6223 0.010011 -0.052548 -0.090000
6224 -0.045500 0.000000 -0.090000
6225 0.007901 -0.044809 -0.090000
6226 0.014642 -0.049699 -0.090000
6227 0.015562 -0.042756 -0.090000
6228 0.022142 -0.047252 -0.090000
6229 0.022750 -0.039404 -0.090000
6230 0.028920 -0.042956 -0.090000
6231 0.034536 -0.040345 -0.090000
6232 0.029247 -0.034855 -0.090000
6233 0.037252 -0.034775 -0.090000
6234 0.034855 -0.029247 -0.090000
6235 0.042120 -0.029795 -0.090000
6236 0.039404 -0.022750 -0.090000
6237 0.046769 -0.025344 -0.090000
6238 0.046173 -0.019859 -0.090000
6239 0.042756 -0.015562 -0.090000
6240 0.050654 -0.020531 -0.090000
6241 0.049317 -0.014072 -0.090000
6242 0.044809 -0.007901 -0.090000
6243 0.054042 -0.016933 -0.090000
6244 0.049948 -0.006129 -0.090000
6245 0.045500 0.000000 -0.090000
6246 0.055092 -0.010718 -0.090000
6247 0.052515 0.000000 -0.090000
6248 0.054865 -0.004737 -0.090000
6249 0.058720 -0.006265 -0.090000
6250 0.058844 0.000000 -0.090000
6251 -0.053897 0.004728 -0.090000
6252 -0.049542 0.004780 -0.090000
6253 -0.050562 0.010380 -0.090000
6254 -0.044809 0.007901 -0.090000
6255 -0.050204 0.017471 -0.090000
6256 -0.042756 0.015562 -0.090000
6257 -0.047055 0.021631 -0.090000
6258 -0.039404 0.022750 -0.090000
6259 -0.045921 0.026505 -0.090000
6260 -0.042087 0.030396 -0.090000
6261 -0.034855 0.029247 -0.090000
6262 -0.039729 0.034892 -0.090000
6263 -0.029247 0.034855 -0.090000
6264 -0.034645 0.037279 -0.090000
6265 -0.030437 0.041296 -0.090000
6266 -0.022750 0.039404 -0.090000
6267 -0.026385 0.045645 -0.090000
6268 -0.020865 0.046830 -0.090000
6269 -0.015562 0.042756 -0.090000
6270 -0.015199 0.048513 -0.090000
6271 -0.007901 0.044809 -0.090000
6272 -0.010431 0.051678 -0.090000
6273 -0.005322 0.051721 -0.090000
6274 0.000000 0.045500 -0.090000
6275 -0.000299 0.053667 -0.090000
6276 0.007901 0.044809 -0.090000
6277 0.004812 0.052112 -0.090000
6278 0.010038 0.052409 -0.090000
6279 0.044809 0.007901 -0.090000
6280 0.050533 0.006140 -0.090000
6281 0.049142 0.013039 -0.090000
6282 0.042756 0.015562 -0.090000
6283 0.055211 0.011352 -0.090000
6284 0.015562 0.042756 -0.090000
6285 0.015215 0.049466 -0.090000
6286 0.022750 0.039404 -0.090000
6287 0.022180 0.047316 -0.090000
6288 0.029153 0.042755 -0.090000
6289 0.056705 0.005403 -0.090000
6290 0.029247 0.034855 -0.090000
6291 0.034511 0.040378 -0.090000
6292 0.048407 0.020142 -0.090000
6293 0.046746 0.026890 -0.090000
6294 0.039404 0.022750 -0.090000
6295 0.053664 0.016112 -0.090000
6296 0.034855 0.029247 -0.090000
6297 0.042319 0.030643 -0.090000
6298 0.037661 0.034758 -0.090000
6299 -0.051196 -0.069715 0.033384
6300 -0.050639 -0.069958 0.032563
6301 -0.050635 -0.069765 0.034128
6302 -0.049720 -0.070499 0.034121
6303 -0.048969 -0.070801 0.032883
6304 -0.051070 -0.069880 0.035451
6305 -0.043869 -0.072642 0.026834
6306 -0.046282 -0.071830 0.029532
6307 -0.047371 -0.071495 0.031955
6308 -0.047331 -0.071645 0.034524
6309 -0.050841 -0.070105 0.038294
6310 -0.048769 -0.071059 0.036404
6311 -0.038824 -0.074489 0.027382
6312 -0.043428 -0.073189 0.032626
6313 -0.050459 -0.070390 0.041930
6314 -0.047596 -0.071710 0.039623
6315 -0.045934 -0.072345 0.036573
6316 -0.049875 -0.070723 0.046252
6317 -0.046881 -0.072096 0.042876
6318 -0.038855 -0.074886 0.034339
6319 -0.034584 -0.076039 0.032720
6320 -0.027439 -0.076618 0.020289
6321 -0.030904 -0.076604 0.027836
6322 -0.041945 -0.074016 0.039546
6323 -0.044596 -0.073090 0.046252
6324 -0.030579 -0.077028 0.034197
6325 -0.034327 -0.076348 0.039042
6326 -0.026126 -0.077722 0.032606
6327 -0.020441 -0.077401 0.020010
6328 -0.022673 -0.077820 0.027249
6329 -0.015000 -0.077569 0.019793
6330 -0.015000 -0.078018 0.024836
6331 -0.037913 -0.075452 0.046252
6332 -0.026681 -0.077887 0.039137
6333 -0.030542 -0.077308 0.046252
6334 -0.020880 -0.078377 0.034413
6335 -0.015000 -0.078443 0.031221
6336 -0.019929 -0.078644 0.040887
6337 -0.022810 -0.078467 0.046252
6338 -0.015000 -0.078742 0.038537
6339 -0.015000 -0.078855 0.046252
6340 -0.050475 -0.069956 0.036529
6341 -0.047928 -0.071451 0.056153
6342 -0.047651 -0.071382 0.055153
6343 -0.050153 -0.070244 0.040174
6344 -0.049609 -0.070602 0.044762
6345 -0.048398 -0.071305 0.054088
6346 -0.048217 -0.071206 0.052744
6347 -0.048916 -0.070941 0.049200
6348 -0.049079 -0.071064 0.050787
6349 -0.040933 0.071360 0.041328
6350 -0.042842 0.070726 0.040750
6351 -0.039212 0.070764 0.044180
6352 -0.045654 0.070526 0.038027
6353 -0.047982 0.070503 0.035072
6354 -0.036744 0.071579 0.044636
6355 -0.035065 0.070879 0.047301
6356 -0.031483 0.071634 0.048332
6357 -0.031252 0.070849 0.049930
6358 -0.027597 0.071109 0.051539
6359 -0.025645 0.071906 0.051105
6360 -0.022858 0.071195 0.053593
6361 -0.020206 0.071907 0.053388
6362 -0.018124 0.071179 0.055318
6363 -0.014563 0.071756 0.055328
6364 -0.013870 0.071129 0.056535
6365 -0.009369 0.071968 0.055965
6366 -0.011067 0.071367 0.056694
6367 -0.003284 0.071959 0.056495
6368 0.003657 0.071809 0.056500
6369 -0.006776 0.071345 0.057295
6370 -0.001241 0.071253 0.057679
6371 0.010467 0.071724 0.055534
6372 0.016302 0.071506 0.054240
6373 0.021914 0.071219 0.052471
6374 0.008061 0.071110 0.057056
6375 0.003669 0.071151 0.057591
6376 0.026265 0.070768 0.051041
6377 0.030207 0.070740 0.048618
6378 0.012640 0.071076 0.056099
6379 0.022486 0.070529 0.053452
6380 0.017707 0.070858 0.054873
6381 0.033825 0.070183 0.047066
6382 0.029988 0.070081 0.050055
6383 0.026029 0.070204 0.052231
6384 0.038034 0.069840 0.044142
6385 0.036767 0.069105 0.047290
6386 0.039813 0.068946 0.044838
6387 0.032630 0.069380 0.050028
6388 0.028075 0.069749 0.052389
6389 -0.044657 0.072266 0.026096
6390 -0.046993 0.071847 0.035692
6391 -0.046744 0.072132 0.041426
6392 -0.043133 0.073306 0.032696
6393 -0.038352 0.074659 0.027661
6394 -0.044542 0.073112 0.046252
6395 -0.041290 0.074260 0.039879
6396 -0.038209 0.075080 0.034123
6397 -0.034309 0.076091 0.032373
6398 -0.018653 0.077818 0.023431
6399 -0.020441 0.077401 0.020010
6400 -0.015000 0.077569 0.019793
6401 -0.027439 0.076618 0.020289
6402 -0.030643 0.076620 0.027295
6403 -0.023488 0.077528 0.024495
6404 -0.015000 0.078006 0.024687
6405 -0.038104 0.075394 0.046252
6406 -0.033994 0.076424 0.038770
6407 -0.030040 0.077116 0.033768
6408 -0.018936 0.078175 0.028386
6409 -0.024583 0.077880 0.031681
6410 -0.015000 0.078427 0.030932
6411 -0.030693 0.077277 0.046252
6412 -0.026081 0.077977 0.039227
6413 -0.019891 0.078454 0.034635
6414 -0.015000 0.078739 0.038407
6415 -0.022886 0.078459 0.046252
6416 -0.019880 0.078647 0.040902
6417 -0.015000 0.078855 0.046252
6418 -0.049232 -0.069874 0.035898
6419 -0.048192 -0.070165 0.035629
6420 -0.046033 -0.071090 0.036220
6421 -0.047053 -0.070015 0.038435
6422 -0.045028 -0.070507 0.038816
6423 -0.042826 -0.071301 0.039503
6424 -0.044103 -0.070165 0.041505
6425 -0.039082 -0.071433 0.042926
6426 -0.041830 -0.070667 0.041917
6427 -0.040652 -0.070304 0.044631
6428 -0.035147 -0.071371 0.046292
6429 -0.038161 -0.070763 0.045091
6430 -0.030910 -0.071726 0.048524
6431 -0.036790 -0.070431 0.047621
6432 -0.032683 -0.071019 0.048700
6433 -0.035091 -0.070735 0.047560
6434 -0.029029 -0.071078 0.050819
6435 -0.025632 -0.071836 0.051235
6436 -0.024317 -0.071160 0.053030
6437 -0.019427 -0.071843 0.053770
6438 -0.020672 -0.071080 0.054634
6439 -0.012894 -0.072005 0.055288
6440 -0.016196 -0.071242 0.055770
6441 -0.006905 -0.072001 0.056203
6442 -0.011069 -0.071326 0.056761
6443 -0.000356 -0.071887 0.056619
6444 -0.005749 -0.071343 0.057383
6445 -0.001536 -0.071197 0.057773
6446 0.006284 -0.071886 0.056047
6447 0.002777 -0.071308 0.057409
6448 0.012238 -0.071683 0.055169
6449 0.018319 -0.071319 0.053829
6450 0.008111 -0.071228 0.056849
6451 0.037872 -0.069920 0.044120
6452 0.039349 -0.069173 0.044350
6453 0.037910 -0.069246 0.045554
6454 0.033717 -0.070272 0.046969
6455 0.027835 -0.070800 0.050047
6456 0.023284 -0.071005 0.052196
6457 0.013271 -0.071028 0.056010
6458 0.017364 -0.070724 0.055232
6459 0.021473 -0.070573 0.053840
6460 0.036767 -0.069105 0.047290
6461 0.033760 -0.069498 0.048517
6462 0.030218 -0.069979 0.050102
6463 0.025596 -0.070356 0.052185
6464 0.034412 -0.069252 0.048928
6465 0.031367 -0.069479 0.050743
6466 0.027438 -0.069801 0.052676
6467 -0.047260 -0.070313 0.041936
6468 -0.045796 -0.070584 0.045712
6469 -0.046166 -0.071236 0.053351
6470 -0.046110 -0.070989 0.050373
6471 -0.042825 -0.070763 0.048866
6472 -0.044356 -0.071123 0.052387
6473 -0.039725 -0.070691 0.049252
6474 -0.046642 -0.072030 0.056140
6475 -0.046584 -0.072107 0.054695
6476 -0.045862 -0.072327 0.057127
6477 -0.045726 -0.072448 0.055516
6478 -0.045857 -0.072499 0.051869
6479 -0.044933 -0.072827 0.054084
6480 -0.044586 -0.072781 0.058835
6481 -0.043671 -0.073273 0.055878
6482 -0.042272 -0.073907 0.052516
6483 -0.042853 -0.073329 0.061312
6484 -0.040883 -0.074258 0.057047
6485 -0.039781 -0.074135 0.065672
6486 -0.035889 -0.075934 0.053480
6487 -0.037110 -0.075307 0.060473
6488 -0.033147 -0.075990 0.066237
6489 -0.027251 -0.077818 0.052615
6490 -0.029022 -0.077229 0.060348
6491 -0.028415 -0.076454 0.072171
6492 -0.027720 -0.077107 0.065933
6493 -0.023038 -0.078209 0.057517
6494 -0.020087 -0.078606 0.052873
6495 -0.021903 -0.078059 0.062665
6496 -0.021732 -0.077303 0.072436
6497 -0.021632 -0.077743 0.067569
6498 -0.015000 -0.078534 0.059497
6499 -0.015000 -0.078770 0.052876
6500 -0.015000 -0.077569 0.072710
6501 -0.015000 -0.078136 0.066110
6502 -0.047828 0.071480 0.056572
6503 -0.047385 0.071669 0.056875
6504 -0.047285 0.071733 0.056413
6505 -0.047115 0.071835 0.055754
6506 -0.046969 0.071935 0.054774
6507 -0.046813 0.072055 0.053066
6508 -0.046869 0.071893 0.057032
6509 -0.046368 0.072145 0.056254
6510 -0.046334 0.072194 0.055347
6511 -0.046666 0.071957 0.057619
6512 -0.045679 0.072513 0.054170
6513 -0.046892 0.072084 0.050080
6514 -0.044454 0.073088 0.051505
6515 -0.045904 0.072310 0.057106
6516 -0.045021 0.072734 0.055775
6517 -0.045863 0.072256 0.058684
6518 -0.043020 0.073582 0.054175
6519 -0.045011 0.072549 0.059959
6520 -0.040503 0.074574 0.050724
6521 -0.043300 0.073338 0.057825
6522 -0.040311 0.074534 0.054923
6523 -0.042352 0.073455 0.062353
6524 -0.034891 0.076218 0.052846
6525 -0.038026 0.075137 0.058366
6526 -0.039258 0.074240 0.066559
6527 -0.036720 0.075290 0.062735
6528 -0.027712 0.077745 0.052589
6529 -0.031553 0.076775 0.059375
6530 -0.032990 0.075989 0.066746
6531 -0.024837 0.077988 0.057887
6532 -0.021703 0.078474 0.053321
6533 -0.018833 0.078732 0.049955
6534 -0.028415 0.076454 0.072171
6535 -0.024754 0.077605 0.064979
6536 -0.020251 0.078358 0.059494
6537 -0.015000 0.078770 0.052876
6538 -0.021732 0.077303 0.072436
6539 -0.015000 0.078136 0.066110
6540 -0.015000 0.078534 0.059497
6541 -0.015000 0.077569 0.072710
6542 -0.032162 -0.033162 -0.113863
6543 -0.028621 -0.036454 -0.113983
6544 -0.025496 -0.039226 -0.114440
6545 -0.032606 -0.031735 -0.111349
6546 -0.034658 -0.030383 -0.113775
6547 -0.028906 -0.035138 -0.111225
6548 -0.024853 -0.038113 -0.111095
6549 -0.038355 -0.025893 -0.114357
6550 -0.035908 -0.027944 -0.111515
6551 -0.040390 -0.022976 -0.114880
6552 -0.038768 -0.023818 -0.111802
6553 -0.041152 -0.019409 -0.112222
6554 -0.043034 -0.014776 -0.112755
6555 -0.044415 -0.011549 -0.115089
6556 -0.045127 -0.008901 -0.115589
6557 -0.045630 -0.004527 -0.115560
6558 -0.044395 -0.009965 -0.113296
6559 -0.045222 -0.005020 -0.113685
6560 -0.045500 0.000000 -0.113770
6561 -0.045741 0.004887 -0.115879
6562 -0.045235 0.004903 -0.113691
6563 -0.044446 0.009737 -0.113319
6564 -0.043146 0.014444 -0.112793
6565 -0.040483 0.022780 -0.114876
6566 -0.038307 0.025821 -0.114229
6567 -0.041350 0.018986 -0.112268
6568 -0.034972 0.029985 -0.113745
6569 -0.039071 0.023317 -0.111844
6570 -0.036335 0.027386 -0.111547
6571 -0.032035 0.033259 -0.113828
6572 -0.028846 0.036296 -0.114013
6573 -0.025508 0.039246 -0.114466
6574 -0.033060 0.031262 -0.111366
6575 -0.024852 0.038113 -0.111095
6576 -0.029131 0.034952 -0.111232
6577 -0.030753 -0.033533 -0.107107
6578 -0.034316 -0.029878 -0.107205
6579 -0.032479 -0.031864 -0.103293
6580 -0.026620 -0.036900 -0.107053
6581 -0.022946 -0.039290 -0.107755
6582 -0.020833 -0.040450 -0.110989
6583 -0.028694 -0.035312 -0.102346
6584 -0.032341 -0.032005 -0.097341
6585 -0.035774 -0.028115 -0.102348
6586 -0.037590 -0.025636 -0.107424
6587 -0.016595 -0.042366 -0.110877
6588 -0.019144 -0.041277 -0.106847
6589 -0.023013 -0.039251 -0.102790
6590 -0.026111 -0.037262 -0.096488
6591 -0.012185 -0.043838 -0.110768
6592 -0.014461 -0.043141 -0.106636
6593 -0.040414 -0.020903 -0.107482
6594 -0.042260 -0.016862 -0.109031
6595 -0.037426 -0.025875 -0.096513
6596 -0.039369 -0.022811 -0.102481
6597 -0.043686 -0.012720 -0.108501
6598 -0.016673 -0.042335 -0.102101
6599 -0.019478 -0.041120 -0.096454
6600 -0.007646 -0.044853 -0.110662
6601 -0.009816 -0.044429 -0.106714
6602 -0.012226 -0.043827 -0.103238
6603 -0.042439 -0.016406 -0.103821
6604 -0.041237 -0.019229 -0.096910
6605 -0.044658 -0.008714 -0.107869
6606 -0.044234 -0.010659 -0.104233
6607 -0.003027 -0.045399 -0.110581
6608 -0.004715 -0.045255 -0.106735
6609 -0.000450 -0.045498 -0.107513
6610 0.001623 -0.045471 -0.110531
6611 -0.011914 -0.043913 -0.097345
6612 -0.007139 -0.044936 -0.102205
6613 -0.044153 -0.010988 -0.097792
6614 -0.045242 -0.004838 -0.109772
6615 -0.045194 -0.005267 -0.103179
6616 0.003949 -0.045328 -0.106984
6617 0.006257 -0.045068 -0.110525
6618 0.008298 -0.044737 -0.107517
6619 0.010825 -0.044193 -0.110578
6620 -0.000074 -0.045500 -0.102735
6621 -0.003884 -0.045334 -0.096465
6622 -0.045240 -0.004854 -0.095866
6623 -0.045500 0.000000 -0.106908
6624 -0.045500 0.000000 -0.098359
6625 0.015280 -0.042858 -0.110682
6626 0.012450 -0.043763 -0.106749
6627 0.007911 -0.044807 -0.102749
6628 0.003957 -0.045328 -0.096492
6629 0.019573 -0.041075 -0.110837
6630 0.017358 -0.042059 -0.106731
6631 0.014774 -0.043035 -0.102236
6632 0.011679 -0.043976 -0.096521
6633 0.023662 -0.038863 -0.110995
6634 0.021727 -0.039977 -0.106590
6635 0.019495 -0.041112 -0.103107
6636 0.027491 -0.036256 -0.111185
6637 0.025741 -0.037518 -0.106663
6638 0.031035 -0.033273 -0.111377
6639 0.029512 -0.034631 -0.107034
6640 0.019320 -0.041195 -0.097560
6641 0.023558 -0.038927 -0.101914
6642 0.034258 -0.029944 -0.111535
6643 0.032864 -0.031468 -0.106834
6644 0.037127 -0.026303 -0.111621
6645 0.035789 -0.028096 -0.107184
6646 0.028138 -0.035756 -0.102221
6647 0.031517 -0.032816 -0.103550
6648 0.025986 -0.037349 -0.096552
6649 0.039611 -0.022389 -0.111697
6650 0.038454 -0.024321 -0.107286
6651 0.041683 -0.018243 -0.111809
6652 0.040688 -0.020364 -0.107507
6653 0.034545 -0.029613 -0.102667
6654 0.037177 -0.026233 -0.103756
6655 0.031871 -0.032473 -0.097615
6656 0.043322 -0.013908 -0.111961
6657 0.042675 -0.015782 -0.107208
6658 0.039580 -0.022443 -0.102957
6659 0.041592 -0.018448 -0.103785
6660 0.037263 -0.026109 -0.097888
6661 0.044512 -0.009432 -0.112158
6662 0.044206 -0.010773 -0.107509
6663 0.045240 -0.004859 -0.112404
6664 0.045254 -0.004724 -0.108881
6665 0.043380 -0.013728 -0.101779
6666 0.041438 -0.018792 -0.097626
6667 0.045500 0.000000 -0.112545
6668 0.045500 0.000000 -0.106109
6669 0.045019 -0.006598 -0.102083
6670 0.044052 -0.011385 -0.096249
6671 0.045500 0.000000 -0.098048
6672 0.045194 -0.005268 -0.095325
6673 -0.045409 0.002879 -0.110458
6674 -0.045033 0.006499 -0.108431
6675 -0.045185 0.005347 -0.095418
6676 -0.044965 0.006955 -0.102270
6677 -0.044057 0.011368 -0.107863
6678 -0.042464 0.016341 -0.107141
6679 -0.044054 0.011380 -0.096225
6680 -0.043309 0.013951 -0.102564
6681 -0.040378 0.020973 -0.107375
6682 -0.041589 0.018455 -0.103686
6683 -0.034498 0.029667 -0.107559
6684 -0.041447 0.018772 -0.097532
6685 -0.037255 0.026121 -0.105351
6686 -0.039739 0.022160 -0.102509
6687 -0.031268 0.033054 -0.106496
6688 -0.022126 0.039758 -0.106905
6689 -0.020216 0.040762 -0.110974
6690 -0.034108 0.030114 -0.102247
6691 -0.037203 0.026196 -0.097741
6692 -0.026450 0.037022 -0.104959
6693 -0.030060 0.034156 -0.101384
6694 -0.021361 0.040174 -0.101205
6695 -0.017827 0.041862 -0.106044
6696 -0.014990 0.042960 -0.110834
6697 -0.031973 0.032372 -0.096108
6698 -0.025829 0.037458 -0.097004
6699 -0.018927 0.041376 -0.095575
6700 -0.009623 0.044471 -0.110708
6701 -0.012360 0.043789 -0.105653
6702 -0.015501 0.042778 -0.100727
6703 -0.001502 0.045475 -0.106918
6704 0.000379 0.045498 -0.110542
6705 -0.004517 0.045275 -0.110603
6706 0.002770 0.045416 -0.106427
6707 0.005269 0.045194 -0.110520
6708 0.007738 0.044837 -0.106047
6709 0.010098 0.044365 -0.110567
6710 -0.005822 0.045126 -0.104900
6711 -0.011971 0.043897 -0.095311
6712 -0.010074 0.044371 -0.100708
6713 0.012561 0.043732 -0.106123
6714 0.014810 0.043022 -0.110668
6715 0.017240 0.042107 -0.106255
6716 0.019348 0.041181 -0.110828
6717 0.045202 0.005199 -0.107982
6718 0.045240 0.004859 -0.112404
6719 0.044512 0.009431 -0.112158
6720 0.045324 0.003998 -0.102200
6721 -0.000297 0.045499 -0.102120
6722 0.004991 0.045225 -0.102470
6723 0.010241 0.044332 -0.100975
6724 -0.004490 0.045278 -0.096984
6725 0.043322 0.013908 -0.111961
6726 0.044082 0.011270 -0.107404
6727 0.041683 0.018242 -0.111809
6728 0.042608 0.015962 -0.107496
6729 0.015250 0.042868 -0.101419
6730 0.023662 0.038863 -0.110995
6731 0.021762 0.039958 -0.106294
6732 0.019578 0.041072 -0.102491
6733 0.039611 0.022388 -0.111697
6734 0.040718 0.020305 -0.106711
6735 0.037127 0.026303 -0.111621
6736 0.038464 0.024305 -0.107252
6737 0.025753 0.037511 -0.106599
6738 0.027491 0.036256 -0.111185
6739 0.034258 0.029944 -0.111535
6740 0.035789 0.028096 -0.107184
6741 0.031035 0.033273 -0.111377
6742 0.029444 0.034689 -0.106869
6743 0.032802 0.031532 -0.106641
6744 0.044636 0.008824 -0.102247
6745 0.045172 0.005455 -0.096485
6746 0.004417 0.045285 -0.096784
6747 0.012185 0.043838 -0.095918
6748 0.043225 0.014208 -0.102384
6749 0.041644 0.018331 -0.103405
6750 0.019461 0.041128 -0.096801
6751 0.023988 0.038663 -0.101555
6752 0.039683 0.022261 -0.102454
6753 0.037224 0.026166 -0.103351
6754 0.027797 0.036022 -0.101850
6755 0.034448 0.029725 -0.102360
6756 0.031335 0.032991 -0.103083
6757 0.043931 0.011846 -0.096413
6758 0.041478 0.018703 -0.097340
6759 0.025994 0.037344 -0.096226
6760 0.037263 0.026110 -0.097506
6761 0.031786 0.032556 -0.097279
6762 -0.025823 -0.088214 0.018323
6763 -0.028254 -0.085375 0.018862
6764 -0.023291 -0.084321 0.018951
6765 -0.023850 -0.080869 0.019542
6766 -0.019079 -0.081926 0.019237
6767 -0.015000 -0.079785 0.019440
6768 -0.031215 -0.086598 0.073822
6769 -0.026690 -0.083130 0.073281
6770 -0.021339 -0.087102 0.074086
6771 -0.022136 -0.081768 0.073151
6772 -0.015000 -0.084455 0.073842
6773 -0.027912 0.087058 0.073940
6774 -0.026108 0.081700 0.073052
6775 -0.020401 0.086455 0.073999
6776 -0.019793 0.081293 0.073139
6777 -0.015000 0.084455 0.073842
6778 -0.023291 0.084321 0.018951
6779 -0.019079 0.081926 0.019237
6780 -0.023846 0.080866 0.019543
6781 -0.028251 0.085349 0.018867
6782 -0.025823 0.088214 0.018323
6783 -0.015000 0.079785 0.019440
6784 -0.014264 -0.079071 -0.023945
6785 -0.014240 -0.080528 -0.026585
6786 -0.017017 -0.082153 -0.023716
6787 -0.015596 -0.079061 -0.017757
6788 -0.013405 -0.077605 -0.018783
6789 -0.015497 -0.079472 -0.020112
6790 -0.017274 -0.081125 -0.021409
6791 -0.014340 -0.083418 -0.023874
6792 -0.018003 -0.084925 -0.021750
6793 -0.016484 -0.084830 -0.019586
6794 -0.012299 -0.081732 -0.027433
6795 -0.022980 -0.068683 -0.017533
6796 -0.019995 -0.069609 -0.018591
6797 -0.017672 -0.068832 -0.021622
6798 -0.015457 -0.071366 -0.019285
6799 -0.011681 -0.078737 -0.028910
6800 -0.012219 -0.078002 -0.026766
6801 -0.012968 -0.074709 -0.018180
6802 -0.011589 -0.076952 -0.022141
6803 -0.011222 -0.072471 -0.021283
6804 -0.011164 -0.076659 -0.025136
6805 -0.017319 -0.080504 -0.017582
6806 -0.016683 -0.079558 -0.016597
6807 -0.015704 -0.077468 -0.016060
6808 -0.019897 -0.086920 -0.018480
6809 -0.020078 -0.083607 -0.019885
6810 -0.018999 -0.082063 -0.019007
6811 -0.016216 -0.074089 -0.015666
6812 -0.018849 -0.071819 -0.015887
6813 -0.021874 -0.070285 -0.015328
6814 -0.024793 -0.069071 -0.014375
6815 -0.018871 -0.086429 -0.015216
6816 -0.021229 -0.088760 -0.014753
6817 -0.015687 -0.083994 -0.017115
6818 -0.016487 -0.084400 -0.014410
6819 -0.017859 -0.085346 -0.012433
6820 -0.015859 -0.084285 -0.011956
6821 -0.020423 -0.088415 -0.012305
6822 -0.021795 -0.089831 -0.011842
6823 -0.016064 -0.084196 -0.007141
6824 -0.015980 -0.082606 -0.007043
6825 -0.016808 -0.083803 -0.005978
6826 -0.016349 -0.080540 -0.007893
6827 -0.016251 -0.077931 -0.009484
6828 -0.018708 -0.078559 -0.007691
6829 -0.017633 -0.075555 -0.009469
6830 -0.014543 -0.083326 -0.008253
6831 -0.015812 -0.084778 -0.008778
6832 -0.013499 -0.083623 -0.011327
6833 -0.013686 -0.082727 -0.015313
6834 -0.012608 -0.082046 -0.020956
6835 -0.010768 -0.081416 -0.025541
6836 -0.009555 -0.080540 -0.029098
6837 -0.017189 -0.067533 -0.024075
6838 -0.013170 -0.069013 -0.023946
6839 -0.009539 -0.070828 -0.023996
6840 -0.008924 -0.076709 -0.031054
6841 -0.009571 -0.075591 -0.027879
6842 -0.008375 -0.074284 -0.024327
6843 -0.023835 -0.089621 -0.012732
6844 -0.023082 -0.090624 -0.010097
6845 -0.019174 -0.081882 -0.016369
6846 -0.018166 -0.080739 -0.015582
6847 -0.017367 -0.079432 -0.015279
6848 -0.017650 -0.078482 -0.014253
6849 -0.017669 -0.076462 -0.013723
6850 -0.023366 -0.086566 -0.015827
6851 -0.021433 -0.083746 -0.015669
6852 -0.018897 -0.073949 -0.013226
6853 -0.020764 -0.071954 -0.013327
6854 -0.023084 -0.070857 -0.012083
6855 -0.026284 -0.069536 -0.010532
6856 -0.018921 -0.075312 -0.005735
6857 -0.016953 -0.072419 -0.009235
6858 -0.015862 -0.073140 -0.010803
6859 -0.017748 -0.073122 -0.007405
6860 -0.020023 -0.078890 -0.004371
6861 -0.019355 -0.076030 -0.002550
6862 -0.018086 -0.082142 -0.005212
6863 -0.019562 -0.081364 -0.002346
6864 -0.017557 -0.085818 -0.009454
6865 -0.019689 -0.086801 -0.010970
6866 -0.016958 -0.085737 -0.006387
6867 -0.017456 -0.084504 -0.004540
6868 -0.021159 -0.089544 -0.008944
6869 -0.013715 -0.081110 -0.008325
6870 -0.014309 -0.075596 -0.011130
6871 -0.013449 -0.072002 -0.011728
6872 -0.013765 -0.078503 -0.009437
6873 -0.011901 -0.074050 -0.012223
6874 -0.011365 -0.082421 -0.009853
6875 -0.010379 -0.082473 -0.013711
6876 -0.010370 -0.080701 -0.017611
6877 -0.009064 -0.079748 -0.024183
6878 -0.009658 -0.079654 -0.020966
6879 -0.006430 -0.078435 -0.030940
6880 -0.007539 -0.079334 -0.027576
6881 -0.011001 -0.067169 -0.027447
6882 -0.009071 -0.068942 -0.026141
6883 -0.007339 -0.070857 -0.025978
6884 -0.006059 -0.075081 -0.032764
6885 -0.006748 -0.073577 -0.030603
6886 -0.006749 -0.072430 -0.027868
6887 -0.003642 -0.075865 -0.032130
6888 -0.023589 -0.091208 -0.007105
6889 -0.025333 -0.088060 -0.011124
6890 -0.025212 -0.090306 -0.008936
6891 -0.019092 -0.078631 -0.012188
6892 -0.020035 -0.082201 -0.013926
6893 -0.018772 -0.080285 -0.013611
6894 -0.019629 -0.076297 -0.011097
6895 -0.020229 -0.078571 -0.009990
6896 -0.023558 -0.085608 -0.011886
6897 -0.021680 -0.083637 -0.012015
6898 -0.024709 -0.086721 -0.008597
6899 -0.020968 -0.073470 -0.010061
6900 -0.024067 -0.071398 -0.007983
6901 -0.027402 -0.069952 -0.006253
6902 -0.017696 -0.073631 -0.002754
6903 -0.018097 -0.074449 -0.000858
6904 -0.017213 -0.072300 -0.004917
6905 -0.015014 -0.070199 -0.009982
6906 -0.016317 -0.070604 -0.007306
6907 -0.012161 -0.068963 -0.010364
6908 -0.016448 -0.073000 -0.000387
6909 -0.019969 -0.078512 -0.001179
6910 -0.019241 -0.075999 -0.000333
6911 -0.018107 -0.074277 0.001087
6912 -0.016158 -0.072448 0.001936
6913 -0.019275 -0.080582 0.000323
6914 -0.018328 -0.083926 -0.002674
6915 -0.018780 -0.083162 -0.000680
6916 -0.019318 -0.087736 -0.006151
6917 -0.017812 -0.086395 -0.003245
6918 -0.021928 -0.090381 -0.004105
6919 -0.010481 -0.071436 -0.012344
6920 -0.010867 -0.079407 -0.009632
6921 -0.011067 -0.076341 -0.011320
6922 -0.009954 -0.073944 -0.012690
6923 -0.007973 -0.080880 -0.011604
6924 -0.006681 -0.078045 -0.025724
6925 -0.006974 -0.080669 -0.015895
6926 -0.008053 -0.078709 -0.019292
6927 -0.007443 -0.077922 -0.022792
6928 -0.004495 -0.076906 -0.028914
6929 -0.007747 -0.067217 -0.028539
6930 -0.006057 -0.069549 -0.027867
6931 -0.003581 -0.072343 -0.032775
6932 -0.004715 -0.070893 -0.030090
6933 -0.002269 -0.074470 -0.030578
6934 -0.001162 -0.072270 -0.031755
6935 -0.008004 -0.070347 -0.012605
6936 -0.009033 -0.068761 -0.011308
6937 0.003931 -0.067481 -0.005573
6938 0.003503 -0.067578 -0.004393
6939 0.003156 -0.067419 -0.006505
6940 0.004116 -0.067541 -0.004776
6941 0.003410 -0.068008 -0.006779
6942 0.003913 -0.068026 -0.005780
6943 -0.025841 -0.090748 -0.005050
6944 -0.024210 -0.091442 -0.004005
6945 -0.023980 -0.091446 -0.001903
6946 -0.026337 -0.088605 -0.006151
6947 -0.020634 -0.081608 -0.010460
6948 -0.021065 -0.076738 -0.007282
6949 -0.021077 -0.079491 -0.007571
6950 -0.022729 -0.084669 -0.008239
6951 -0.024689 -0.086764 -0.005661
6952 -0.022221 -0.073599 -0.005457
6953 -0.024870 -0.071588 -0.003615
6954 -0.027965 -0.070241 -0.001516
6955 -0.015374 -0.071363 -0.002345
6956 -0.015182 -0.070014 -0.004642
6957 -0.013309 -0.068185 -0.006713
6958 -0.009610 -0.067720 -0.008396
6959 -0.013680 -0.071503 0.000382
6960 -0.015983 -0.071564 0.003796
6961 -0.014411 -0.071296 0.002968
6962 -0.019187 -0.077154 0.001676
6963 -0.018311 -0.079894 0.002541
6964 -0.017972 -0.073658 0.003947
6965 -0.018408 -0.082590 0.001359
6966 -0.018147 -0.085389 -0.000022
6967 -0.019643 -0.088687 -0.000680
6968 -0.022453 -0.090533 -0.000004
6969 -0.021375 -0.089492 0.002121
6970 -0.007595 -0.072741 -0.013198
6971 -0.006213 -0.070508 -0.013179
6972 -0.008096 -0.077474 -0.011628
6973 -0.008519 -0.075215 -0.012631
6974 -0.005525 -0.078486 -0.013401
6975 -0.005055 -0.076161 -0.025043
6976 -0.004616 -0.078399 -0.015901
6977 -0.005792 -0.077964 -0.017984
6978 -0.005634 -0.075933 -0.021075
6979 -0.002730 -0.074459 -0.027338
6980 -0.003559 -0.067797 -0.029673
6981 -0.001966 -0.069817 -0.031843
6982 -0.000828 -0.072460 -0.029362
6983 -0.000020 -0.070634 -0.030819
6984 -0.006138 -0.068495 -0.012373
6985 -0.006838 -0.067692 -0.009864
6986 0.002476 -0.067951 -0.008266
6987 0.001578 -0.067312 -0.008150
6988 0.000440 -0.067693 -0.009377
6989 -0.001762 -0.067346 -0.008276
6990 -0.003937 -0.069418 -0.013504
6991 0.003884 -0.067753 -0.003872
6992 0.003255 -0.067697 -0.002908
6993 0.002327 -0.067770 -0.002124
6994 0.003322 -0.069372 -0.007625
6995 0.003758 -0.069344 -0.006433
6996 -0.004604 -0.071877 -0.013844
6997 -0.026884 -0.089010 -0.001970
6998 -0.025771 -0.091187 -0.001699
6999 -0.024610 -0.091662 0.001356
7000 -0.021683 -0.076448 -0.002672
7001 -0.025269 -0.087249 -0.002256
7002 -0.021689 -0.082256 -0.005737
7003 -0.021604 -0.079431 -0.004070
7004 -0.022939 -0.084953 -0.003695
7005 -0.022534 -0.073707 -0.000899
7006 -0.021001 -0.076624 0.002006
7007 -0.024658 -0.071823 0.001172
7008 -0.027322 -0.070494 0.003187
7009 -0.005668 -0.067520 -0.007265
7010 -0.003965 -0.067639 -0.004875
7011 -0.012602 -0.069363 -0.002737
7012 -0.009308 -0.067706 -0.004921
7013 -0.017344 -0.072806 0.006763
7014 -0.016179 -0.071139 0.005442
7015 -0.015796 -0.070781 0.007789
7016 -0.010720 -0.070395 0.000359
7017 -0.014063 -0.070495 0.004510
7018 -0.011931 -0.070864 0.003117
7019 -0.016369 -0.072831 0.008481
7020 -0.014860 -0.071526 0.009657
7021 -0.017588 -0.081628 0.003311
7022 -0.017773 -0.077397 0.004177
7023 -0.017101 -0.079878 0.004270
7024 -0.016488 -0.075271 0.007184
7025 -0.017515 -0.083902 0.003148
7026 -0.018002 -0.086513 0.002515
7027 -0.019542 -0.088067 0.003861
7028 -0.023017 -0.090482 0.003515
7029 -0.021586 -0.089088 0.004721
7030 -0.005288 -0.075043 -0.013712
7031 -0.003961 -0.076646 -0.015036
7032 -0.003340 -0.073924 -0.023913
7033 -0.003789 -0.075970 -0.017712
7034 -0.003567 -0.073775 -0.020582
7035 -0.001129 -0.072243 -0.026078
7036 0.000713 -0.067866 -0.030867
7037 0.000698 -0.070338 -0.028475
7038 0.001725 -0.068680 -0.001963
7039 0.000154 -0.067874 -0.001154
7040 -0.001951 -0.067920 -0.011365
7041 0.001623 -0.069223 -0.010278
7042 -0.001441 -0.070726 -0.013277
7043 0.003555 -0.069177 -0.004518
7044 0.001862 -0.069583 -0.003117
7045 0.002679 -0.071292 -0.008057
7046 -0.001623 -0.072911 -0.013698
7047 -0.025160 -0.091312 0.005759
7048 -0.025426 -0.087299 0.001629
7049 -0.026892 -0.089899 0.002269
7050 -0.021415 -0.079392 0.000258
7051 -0.022978 -0.085268 0.000695
7052 -0.021720 -0.082440 -0.001250
7053 -0.020461 -0.079006 0.003147
7054 -0.019627 -0.078051 0.004788
7055 -0.019504 -0.079607 0.005003
7056 -0.019715 -0.076241 0.005421
7057 -0.021760 -0.073877 0.004069
7058 -0.023987 -0.071753 0.005814
7059 -0.026168 -0.070553 0.007785
7060 -0.019616 -0.074902 0.007119
7061 -0.002659 -0.067842 -0.002043
7062 -0.005868 -0.067806 -0.003053
7063 -0.008802 -0.068711 -0.001636
7064 -0.001240 -0.068168 -0.000099
7065 -0.003764 -0.068199 -0.000536
7066 -0.013904 -0.069705 0.006702
7067 -0.013406 -0.069589 0.009133
7068 -0.008189 -0.070099 0.000847
7069 -0.009285 -0.071076 0.002535
7070 -0.011704 -0.069680 0.005473
7071 -0.009783 -0.070516 0.004605
7072 -0.014017 -0.073771 0.010050
7073 -0.012955 -0.071090 0.010569
7074 -0.024853 -0.070428 0.011798
7075 -0.016334 -0.081815 0.005294
7076 -0.015617 -0.078681 0.006257
7077 -0.013992 -0.076953 0.008422
7078 -0.016713 -0.085317 0.006602
7079 -0.019960 -0.087440 0.008301
7080 -0.022689 -0.089442 0.007466
7081 -0.001926 -0.074668 -0.015081
7082 -0.001428 -0.071776 -0.022325
7083 -0.001192 -0.073225 -0.018417
7084 0.000680 -0.070339 -0.025088
7085 0.002756 -0.068211 -0.027059
7086 0.000474 -0.069583 -0.001269
7087 -0.000473 -0.069498 0.000393
7088 0.000339 -0.072618 -0.010225
7089 0.001490 -0.070933 -0.005149
7090 0.002905 -0.070705 -0.005765
7091 0.000193 -0.070688 -0.003308
7092 -0.000168 -0.074294 -0.012066
7093 -0.000408 -0.075186 -0.009304
7094 -0.023219 -0.085680 0.004253
7095 -0.023477 -0.091001 0.009692
7096 -0.026110 -0.090465 0.009166
7097 -0.026023 -0.087412 0.006818
7098 -0.020624 -0.082481 0.003921
7099 -0.018036 -0.076451 0.008034
7100 -0.018673 -0.080556 0.006585
7101 -0.018571 -0.079060 0.006435
7102 -0.018486 -0.077767 0.006705
7103 -0.020899 -0.073265 0.008350
7104 -0.022504 -0.071585 0.010578
7105 -0.022658 -0.070740 0.013511
7106 -0.018099 -0.074751 0.009930
7107 -0.005641 -0.069257 0.000373
7108 -0.002715 -0.069360 0.001176
7109 -0.001200 -0.070236 0.001439
7110 -0.011171 -0.068696 0.007904
7111 -0.010329 -0.069018 0.010642
7112 -0.006731 -0.070997 0.002608
7113 -0.008230 -0.071358 0.004208
7114 -0.009273 -0.069354 0.006545
7115 -0.008233 -0.070625 0.005673
7116 -0.011938 -0.075481 0.010123
7117 -0.009860 -0.072328 0.011491
7118 -0.011920 -0.077773 0.010241
7119 -0.023599 -0.070255 0.014779
7120 -0.021605 -0.070466 0.015829
7121 -0.017533 -0.085708 0.010558
7122 -0.019369 -0.086334 0.012333
7123 -0.013761 -0.080875 0.009249
7124 -0.015253 -0.083949 0.010996
7125 -0.021868 -0.088557 0.012881
7126 -0.019851 -0.086267 0.015597
7127 0.002263 -0.073561 -0.015073
7128 0.001934 -0.070767 -0.019911
7129 -0.000775 -0.071817 -0.000810
7130 0.000962 -0.071879 -0.007407
7131 -0.000859 -0.073188 -0.005829
7132 0.002840 -0.075019 -0.010485
7133 0.001927 -0.075785 -0.006312
7134 -0.022141 -0.084908 0.007966
7135 -0.024245 -0.091078 0.013356
7136 -0.026829 -0.088341 0.011008
7137 -0.024491 -0.085797 0.011394
7138 -0.016485 -0.076281 0.010312
7139 -0.019040 -0.082458 0.008596
7140 -0.016799 -0.079082 0.009025
7141 -0.018862 -0.073115 0.012185
7142 -0.020132 -0.071488 0.014427
7143 -0.016178 -0.074707 0.012770
7144 -0.019177 -0.070510 0.017833
7145 -0.002112 -0.070529 0.002410
7146 -0.001065 -0.071583 0.001923
7147 0.000196 -0.073093 0.001478
7148 -0.004044 -0.071005 0.003248
7149 -0.007541 -0.069343 0.011867
7150 -0.006966 -0.070761 0.012590
7151 -0.008120 -0.068493 0.008825
7152 -0.007293 -0.068633 0.010779
7153 -0.006346 -0.071806 0.005390
7154 -0.007056 -0.070093 0.007408
7155 -0.006859 -0.072024 0.013643
7156 -0.005607 -0.070486 0.013875
7157 -0.005846 -0.069958 0.012934
7158 -0.009630 -0.075996 0.012111
7159 -0.008069 -0.073916 0.013754
7160 -0.007274 -0.072097 0.016667
7161 -0.006121 -0.070661 0.018875
7162 -0.006978 -0.072172 0.019578
7163 -0.011178 -0.078996 0.012919
7164 -0.016903 -0.084768 0.014502
7165 -0.018852 -0.085722 0.018584
7166 -0.013018 -0.081919 0.014534
7167 -0.019898 -0.088821 0.018067
7168 0.005438 -0.071745 -0.011089
7169 0.006938 -0.069668 -0.015934
7170 0.002882 -0.073846 -0.001742
7171 0.004532 -0.073140 -0.006554
7172 0.007353 -0.070588 -0.007629
7173 -0.020420 -0.083559 0.012878
7174 -0.026245 -0.087397 0.015375
7175 -0.023319 -0.084541 0.014925
7176 -0.014589 -0.076977 0.012156
7177 -0.017059 -0.081342 0.012116
7178 -0.014976 -0.079317 0.012477
7179 -0.017366 -0.081589 0.014811
7180 -0.016263 -0.072505 0.016260
7181 -0.013777 -0.074962 0.015865
7182 -0.015055 -0.070479 0.020609
7183 -0.005579 -0.071426 0.020849
7184 -0.006422 -0.073635 0.021322
7185 -0.001730 -0.071263 0.003677
7186 -0.000225 -0.072182 0.003372
7187 -0.002538 -0.071343 0.005412
7188 0.002289 -0.072002 0.003357
7189 0.004503 -0.071500 0.001212
7190 0.006359 -0.070108 0.002723
7191 0.004106 -0.070742 0.004024
7192 -0.004184 -0.072005 0.006437
7193 -0.005251 -0.069568 0.012161
7194 -0.005601 -0.069913 0.010108
7195 -0.005429 -0.071426 0.008433
7196 -0.005326 -0.070206 0.015638
7197 -0.004180 -0.070036 0.019482
7198 -0.005415 -0.069971 0.017318
7199 -0.004151 -0.070018 0.014214
7200 -0.009166 -0.075972 0.015780
7201 -0.008009 -0.074480 0.019022
7202 -0.010535 -0.079019 0.016318
7203 -0.007050 -0.075797 0.021259
7204 -0.015000 -0.083348 0.018850
7205 -0.011240 -0.080791 0.019109
7206 0.009278 -0.069166 -0.010969
7207 0.007380 -0.070480 -0.002683
7208 0.010511 -0.068908 -0.006863
7209 -0.018723 -0.082221 0.016412
7210 -0.020984 -0.083174 0.016520
7211 -0.013355 -0.077629 0.015027
7212 -0.015148 -0.079905 0.014987
7213 -0.016201 -0.080677 0.017243
7214 -0.011928 -0.073024 0.019959
7215 -0.012480 -0.075898 0.017663
7216 0.009391 -0.069449 0.001102
7217 -0.008518 -0.072607 0.022461
7218 -0.009662 -0.074242 0.021440
7219 -0.002619 -0.071943 0.020122
7220 -0.004108 -0.072964 0.022019
7221 -0.004883 -0.075568 0.022993
7222 -0.006931 -0.077899 0.023375
7223 -0.004376 -0.077900 0.023391
7224 -0.000264 -0.071040 0.005732
7225 -0.002017 -0.071719 0.007806
7226 0.008031 -0.069352 0.006505
7227 0.002463 -0.070405 0.006607
7228 0.005086 -0.069949 0.006204
7229 -0.003801 -0.072702 0.009328
7230 -0.001658 -0.072510 0.010109
7231 -0.003972 -0.070880 0.012723
7232 -0.004128 -0.071912 0.011114
7233 -0.002639 -0.070634 0.016891
7234 -0.003003 -0.071673 0.015114
7235 -0.002551 -0.073369 0.018988
7236 -0.008843 -0.077541 0.019509
7237 -0.013027 -0.078062 0.017903
7238 -0.011027 -0.075874 0.020004
7239 -0.009259 -0.075471 0.022083
7240 -0.008064 -0.074488 0.022690
7241 -0.006768 -0.073416 0.023388
7242 -0.006199 -0.071669 0.023769
7243 -0.002789 -0.074898 0.021316
7244 -0.003081 -0.077737 0.021545
7245 0.000517 -0.071136 0.009708
7246 0.004977 -0.069939 0.010713
7247 -0.002571 -0.073361 0.011917
7248 -0.000526 -0.072689 0.012077
7249 -0.002659 -0.075091 0.019408
7250 -0.002961 -0.072962 0.014088
7251 -0.002828 -0.073009 0.016577
7252 -0.002781 -0.074502 0.017882
7253 -0.012192 -0.077557 0.019673
7254 -0.010293 -0.076586 0.022116
7255 -0.008481 -0.076031 0.023977
7256 -0.006683 -0.074645 0.024140
7257 -0.005005 -0.073646 0.024719
7258 -0.002716 -0.072192 0.024781
7259 -0.002616 -0.076653 0.020424
7260 0.002249 -0.071780 0.014066
7261 -0.000419 -0.073956 0.014758
7262 -0.002009 -0.075964 0.018406
7263 -0.002034 -0.074731 0.016376
7264 -0.011482 -0.077980 0.024356
7265 -0.008228 -0.076857 0.026222
7266 -0.006108 -0.075568 0.025965
7267 0.003744 -0.072482 0.019025
7268 0.003738 -0.071986 0.022070
7269 0.001215 -0.071943 0.024385
7270 -0.003485 -0.074606 0.026204
7271 -0.000469 -0.074148 0.026077
7272 -0.002577 -0.077660 0.020728
7273 -0.000927 -0.077543 0.019536
7274 0.002041 -0.074324 0.018041
7275 0.000059 -0.075730 0.017726
7276 -0.008890 -0.078261 0.028188
7277 -0.006544 -0.076979 0.027594
7278 -0.004594 -0.076292 0.027518
7279 0.003179 -0.074870 0.021570
7280 0.002434 -0.074236 0.024601
7281 -0.001987 -0.076152 0.027735
7282 0.001021 -0.075954 0.026787
7283 0.001316 -0.077694 0.021091
7284 -0.004351 -0.078341 0.029446
7285 0.002244 -0.078002 0.024629
7286 0.000166 -0.078272 0.028358
7287 -0.017367 0.079432 -0.015279
7288 -0.018166 0.080732 -0.015567
7289 -0.016674 0.079567 -0.016629
7290 -0.017315 0.080503 -0.017590
7291 -0.019174 0.081882 -0.016369
7292 -0.018999 0.082063 -0.019007
7293 -0.015568 0.079076 -0.017844
7294 -0.023131 0.070858 -0.011995
7295 -0.024932 0.069133 -0.014004
7296 -0.026452 0.069546 -0.010192
7297 -0.015700 0.077468 -0.016065
7298 -0.017649 0.078482 -0.014255
7299 -0.017669 0.076462 -0.013723
7300 -0.027475 0.069972 -0.005923
7301 -0.018772 0.080284 -0.013610
7302 -0.020035 0.082201 -0.013926
7303 -0.019092 0.078631 -0.012188
7304 -0.018873 0.073938 -0.013265
7305 -0.019629 0.076297 -0.011097
7306 -0.020229 0.078571 -0.009990
7307 -0.020754 0.071933 -0.013383
7308 -0.020968 0.073470 -0.010061
7309 -0.024115 0.071400 -0.007831
7310 -0.024873 0.071592 -0.003543
7311 -0.027846 0.070288 -0.001405
7312 -0.021433 0.083746 -0.015669
7313 -0.020135 0.083716 -0.019915
7314 -0.017274 0.081125 -0.021409
7315 -0.015494 0.079470 -0.020117
7316 -0.013405 0.077605 -0.018783
7317 -0.014264 0.079071 -0.023945
7318 -0.021969 0.070231 -0.015326
7319 -0.023296 0.068679 -0.017205
7320 -0.016215 0.074089 -0.015666
7321 -0.018880 0.071722 -0.016007
7322 -0.012947 0.074744 -0.018191
7323 -0.024822 0.071725 0.001110
7324 -0.027453 0.070445 0.003371
7325 -0.021672 0.083631 -0.012037
7326 -0.020634 0.081608 -0.010460
7327 -0.021077 0.079491 -0.007571
7328 -0.021065 0.076738 -0.007282
7329 -0.022235 0.073599 -0.005381
7330 -0.022541 0.073700 -0.000938
7331 -0.023277 0.086500 -0.015987
7332 -0.023403 0.085455 -0.011968
7333 -0.021249 0.088687 -0.014994
7334 -0.023494 0.089368 -0.013522
7335 -0.022107 0.089778 -0.012498
7336 -0.023802 0.090468 -0.010788
7337 -0.017017 0.082153 -0.023716
7338 -0.014263 0.080536 -0.026556
7339 -0.019817 0.086833 -0.018631
7340 -0.017922 0.084880 -0.021827
7341 -0.012238 0.081775 -0.027362
7342 -0.011686 0.078740 -0.028905
7343 -0.012221 0.078003 -0.026763
7344 -0.011589 0.076952 -0.022141
7345 -0.011164 0.076659 -0.025139
7346 -0.020165 0.069182 -0.019199
7347 -0.015486 0.071258 -0.019419
7348 -0.011308 0.072509 -0.021178
7349 -0.009537 0.080574 -0.028977
7350 -0.026193 0.070533 0.007903
7351 -0.025000 0.070385 0.011856
7352 -0.021725 0.073912 0.004078
7353 -0.024033 0.071721 0.005853
7354 -0.019717 0.076239 0.005420
7355 -0.019619 0.074899 0.007118
7356 -0.022715 0.084651 -0.008266
7357 -0.021689 0.082259 -0.005745
7358 -0.021604 0.079434 -0.004074
7359 -0.021683 0.076448 -0.002675
7360 -0.021001 0.076623 0.002006
7361 -0.019628 0.078050 0.004787
7362 -0.025342 0.088155 -0.011117
7363 -0.024731 0.086740 -0.008637
7364 -0.025322 0.090440 -0.008255
7365 -0.023282 0.091102 -0.007557
7366 -0.021914 0.090150 -0.010552
7367 -0.018871 0.086429 -0.015216
7368 -0.020588 0.088671 -0.012143
7369 -0.014573 0.083508 -0.023826
7370 -0.016634 0.084941 -0.019713
7371 -0.015835 0.084116 -0.017205
7372 -0.016769 0.084601 -0.014644
7373 -0.010774 0.081419 -0.025536
7374 -0.008955 0.076749 -0.031046
7375 -0.009591 0.075611 -0.027876
7376 -0.008468 0.074396 -0.024283
7377 -0.009484 0.070907 -0.023965
7378 -0.016954 0.068449 -0.022680
7379 -0.012787 0.069203 -0.023897
7380 -0.007552 0.079323 -0.027462
7381 -0.006421 0.078470 -0.030808
7382 -0.023792 0.070226 0.014748
7383 -0.018065 0.076444 0.007997
7384 -0.018488 0.077765 0.006702
7385 -0.018571 0.079060 0.006435
7386 -0.022880 0.070662 0.013545
7387 -0.022593 0.071532 0.010599
7388 -0.020940 0.073281 0.008216
7389 -0.018071 0.074772 0.009938
7390 -0.024707 0.086778 -0.005687
7391 -0.022949 0.084966 -0.003720
7392 -0.021724 0.082452 -0.001261
7393 -0.021415 0.079392 0.000258
7394 -0.020461 0.079005 0.003147
7395 -0.019504 0.079607 0.005003
7396 -0.018673 0.080556 0.006585
7397 -0.026356 0.088688 -0.006200
7398 -0.025719 0.090858 -0.005056
7399 -0.023655 0.091371 -0.004274
7400 -0.021915 0.090382 -0.005994
7401 -0.020852 0.089103 -0.008792
7402 -0.018255 0.085565 -0.012528
7403 -0.016924 0.084837 -0.011938
7404 -0.019776 0.086962 -0.011310
7405 -0.013867 0.082794 -0.015397
7406 -0.012637 0.082066 -0.020928
7407 -0.009069 0.079751 -0.024178
7408 -0.006359 0.075342 -0.032670
7409 -0.003544 0.075679 -0.032325
7410 -0.006793 0.073632 -0.030607
7411 -0.006747 0.072432 -0.027888
7412 -0.007339 0.070857 -0.025978
7413 -0.009083 0.068843 -0.026238
7414 -0.011588 0.067241 -0.027118
7415 -0.006704 0.078064 -0.025714
7416 -0.004565 0.076891 -0.028566
7417 -0.002198 0.074365 -0.030666
7418 -0.021491 0.070383 0.016295
7419 -0.016505 0.076282 0.010285
7420 -0.016805 0.079073 0.009013
7421 -0.020039 0.071473 0.014571
7422 -0.018914 0.073080 0.012195
7423 -0.016062 0.074745 0.012871
7424 -0.025277 0.087255 -0.002283
7425 -0.022964 0.085229 0.000395
7426 -0.020624 0.082481 0.003921
7427 -0.019038 0.082457 0.008602
7428 -0.025758 0.091190 -0.001799
7429 -0.023632 0.091328 -0.001838
7430 -0.026891 0.089102 -0.002016
7431 -0.021912 0.090366 -0.003488
7432 -0.020589 0.089077 -0.005731
7433 -0.018792 0.087043 -0.007633
7434 -0.010383 0.080479 -0.018225
7435 -0.007495 0.078081 -0.023296
7436 -0.009388 0.079459 -0.021354
7437 -0.003681 0.072453 -0.032792
7438 -0.001234 0.072392 -0.031788
7439 -0.004737 0.070895 -0.030060
7440 -0.006060 0.069488 -0.027887
7441 -0.007969 0.067187 -0.028499
7442 -0.005052 0.076149 -0.025017
7443 -0.002597 0.074341 -0.027450
7444 -0.000849 0.072488 -0.029449
7445 -0.018410 0.070585 0.018206
7446 -0.020510 0.070091 0.019044
7447 -0.017042 0.081326 0.012102
7448 -0.014632 0.076960 0.012104
7449 -0.014990 0.079314 0.012431
7450 -0.015889 0.072535 0.016556
7451 -0.013960 0.074839 0.015719
7452 -0.025458 0.087322 0.001577
7453 -0.023256 0.085708 0.004206
7454 -0.022143 0.084909 0.007950
7455 -0.020387 0.083540 0.012890
7456 -0.022679 0.090720 -0.000431
7457 -0.024501 0.091666 0.001238
7458 -0.026875 0.089937 0.002188
7459 -0.019546 0.088568 -0.002722
7460 -0.021416 0.089657 0.001357
7461 -0.006887 0.077407 -0.020149
7462 -0.001976 0.069648 -0.031716
7463 -0.000084 0.070599 -0.031004
7464 -0.003521 0.067739 -0.029699
7465 0.000544 0.070454 -0.029056
7466 -0.003210 0.073808 -0.023991
7467 -0.000654 0.071892 -0.026772
7468 -0.014684 0.070525 0.020718
7469 -0.017353 0.081580 0.014808
7470 -0.015156 0.079911 0.014965
7471 -0.013331 0.077536 0.015013
7472 -0.011951 0.072132 0.020496
7473 -0.012535 0.075555 0.017786
7474 -0.018719 0.082218 0.016415
7475 -0.020987 0.083174 0.016526
7476 -0.026112 0.087492 0.006699
7477 -0.024666 0.085929 0.011208
7478 -0.023344 0.084551 0.014949
7479 -0.022992 0.090496 0.003268
7480 -0.025053 0.091348 0.005673
7481 -0.019604 0.088340 0.002466
7482 -0.021510 0.089172 0.004110
7483 -0.003517 0.073704 -0.020660
7484 0.000818 0.068022 -0.030780
7485 0.002248 0.068882 -0.026509
7486 -0.000621 0.071268 -0.023855
7487 -0.009198 0.071218 0.022715
7488 -0.008522 0.072770 0.022424
7489 -0.009514 0.074092 0.021572
7490 -0.016199 0.080675 0.017251
7491 -0.013007 0.078048 0.017951
7492 -0.011037 0.075284 0.019982
7493 -0.025844 0.090668 0.009347
7494 -0.026845 0.088459 0.010985
7495 -0.026248 0.087401 0.015363
7496 -0.022666 0.089446 0.007195
7497 -0.023583 0.091054 0.009551
7498 -0.019548 0.087308 0.007909
7499 -0.006035 0.071380 0.023887
7500 -0.006697 0.073435 0.023437
7501 -0.008088 0.074467 0.022663
7502 -0.009369 0.075338 0.021868
7503 -0.010331 0.076494 0.021848
7504 -0.012192 0.077557 0.019673
7505 -0.011713 0.077259 0.020347
7506 -0.024245 0.091081 0.013264
7507 -0.022023 0.088860 0.012633
7508 -0.019390 0.086154 0.013434
7509 -0.005088 0.073776 0.024764
7510 -0.002344 0.071820 0.024705
7511 -0.006660 0.074685 0.024219
7512 -0.008627 0.076025 0.023713
7513 -0.011640 0.077915 0.023573
7514 -0.019898 0.088810 0.018069
7515 -0.018556 0.085438 0.018623
7516 -0.003785 0.075371 0.026818
7517 -0.006616 0.075766 0.025854
7518 -0.008586 0.076968 0.026078
7519 -0.010332 0.078170 0.026854
7520 -0.006643 0.078319 0.029098
7521 -0.022317 -0.041196 -0.114431
7522 -0.022110 -0.040180 -0.112884
7523 -0.018388 -0.042229 -0.113218
7524 -0.014777 -0.043765 -0.113362
7525 -0.010625 -0.045384 -0.113869
7526 -0.005898 -0.045926 -0.113343
7527 -0.000983 -0.046647 -0.113755
7528 0.004018 -0.046105 -0.113201
7529 0.009241 -0.045667 -0.113672
7530 0.014416 -0.043867 -0.113161
7531 0.018506 -0.042786 -0.113931
7532 0.021996 -0.040672 -0.113533
7533 0.024240 -0.040017 -0.114341
7534 -0.022038 0.041401 -0.114474
7535 -0.021904 0.040345 -0.112989
7536 -0.018106 0.042499 -0.113456
7537 -0.013784 0.044125 -0.113398
7538 -0.010519 0.045881 -0.114360
7539 -0.006370 0.045924 -0.113443
7540 -0.001545 0.046658 -0.113793
7541 0.003299 0.046112 -0.113122
7542 0.008322 0.045524 -0.113222
7543 0.013955 0.043884 -0.112917
7544 0.018253 0.042888 -0.113914
7545 0.021901 0.040708 -0.113507
7546 0.024240 0.040017 -0.114341
7547 -0.015000 -0.087479 0.018133
7548 -0.015000 0.087496 0.018130
7549 -0.015000 0.083348 0.018850
7550 -0.016952 0.072418 -0.009234
7551 -0.017734 0.073083 -0.007376
7552 -0.016316 0.070603 -0.007306
7553 -0.017213 0.072300 -0.004917
7554 -0.015272 0.070054 -0.004734
7555 -0.017699 0.073635 -0.002755
7556 -0.015426 0.071392 -0.002372
7557 -0.018948 0.075359 -0.005676
7558 -0.015014 0.070199 -0.009982
7559 -0.017735 0.075308 -0.009307
7560 -0.015838 0.073151 -0.010821
7561 -0.013225 0.068144 -0.006830
7562 -0.012513 0.069352 -0.002681
7563 -0.019374 0.076062 -0.002575
7564 -0.018111 0.074465 -0.000863
7565 -0.013722 0.071524 0.000388
7566 -0.016460 0.073009 -0.000387
7567 -0.014404 0.071314 0.002923
7568 -0.011987 0.070892 0.003045
7569 -0.014071 0.070511 0.004478
7570 -0.018750 0.078739 -0.007552
7571 -0.016341 0.080536 -0.007898
7572 -0.016240 0.077934 -0.009484
7573 -0.016074 0.084130 -0.007092
7574 -0.016100 0.082721 -0.006929
7575 -0.014394 0.083344 -0.008397
7576 -0.016956 0.083901 -0.005726
7577 -0.020017 0.078942 -0.004376
7578 -0.012236 0.068955 -0.010321
7579 -0.013456 0.072000 -0.011725
7580 -0.013817 0.081186 -0.008279
7581 -0.014309 0.075594 -0.011131
7582 -0.013763 0.078491 -0.009445
7583 -0.011901 0.074050 -0.012223
7584 -0.013681 0.083660 -0.011466
7585 -0.011343 0.082418 -0.009866
7586 0.003931 0.067481 -0.005572
7587 0.003477 0.067491 -0.005517
7588 0.004117 0.067541 -0.004774
7589 0.003404 0.067618 -0.003898
7590 -0.009277 0.067707 -0.004906
7591 -0.009085 0.068724 -0.011243
7592 -0.009682 0.067715 -0.008343
7593 0.003219 0.067399 -0.006751
7594 0.002831 0.067381 -0.007051
7595 -0.010696 0.070428 0.000430
7596 -0.008700 0.068780 -0.001453
7597 -0.005821 0.067802 -0.003092
7598 -0.009614 0.071066 0.002521
7599 -0.009750 0.070592 0.004497
7600 -0.011698 0.069734 0.005367
7601 -0.013903 0.069722 0.006618
7602 -0.019960 0.078453 -0.001133
7603 -0.019259 0.076033 -0.000338
7604 -0.018122 0.074293 0.001089
7605 -0.016170 0.072459 0.001925
7606 -0.015982 0.071572 0.003773
7607 -0.016180 0.071147 0.005411
7608 -0.015839 0.070796 0.007704
7609 -0.013441 0.069596 0.009102
7610 -0.015973 0.084910 -0.008791
7611 -0.018112 0.082254 -0.005045
7612 -0.016870 0.085306 -0.006182
7613 -0.017445 0.084255 -0.004648
7614 -0.019544 0.081411 -0.002320
7615 -0.019248 0.080769 0.000282
7616 -0.010519 0.071425 -0.012333
7617 -0.008009 0.070335 -0.012600
7618 -0.010851 0.079411 -0.009637
7619 -0.011071 0.076336 -0.011323
7620 -0.009954 0.073944 -0.012690
7621 -0.010474 0.082445 -0.013884
7622 -0.007846 0.080948 -0.011764
7623 -0.003965 0.067639 -0.004875
7624 -0.002658 0.067842 -0.002042
7625 -0.003695 0.068152 -0.000583
7626 0.003884 0.067754 -0.003872
7627 0.003256 0.067681 -0.002900
7628 0.002327 0.067770 -0.002124
7629 -0.005744 0.067527 -0.007234
7630 -0.002146 0.067367 -0.008076
7631 -0.006350 0.070549 -0.013144
7632 -0.006277 0.068530 -0.012344
7633 -0.006846 0.067694 -0.009865
7634 0.002224 0.067845 -0.008464
7635 0.001006 0.067300 -0.008403
7636 0.000240 0.067654 -0.009400
7637 0.003913 0.068026 -0.005780
7638 0.003741 0.069422 -0.006483
7639 0.003057 0.069139 -0.008156
7640 -0.004285 0.069553 -0.013516
7641 -0.007798 0.070259 0.001195
7642 -0.005590 0.069056 0.000108
7643 -0.007666 0.071457 0.003669
7644 -0.008132 0.070745 0.005610
7645 -0.009250 0.069422 0.006458
7646 -0.011172 0.068712 0.007826
7647 -0.019179 0.077259 0.001684
7648 -0.017977 0.073668 0.003948
7649 -0.017357 0.072813 0.006717
7650 -0.014922 0.071493 0.009602
7651 -0.016428 0.072830 0.008409
7652 -0.010326 0.069010 0.010635
7653 -0.013099 0.071000 0.010482
7654 -0.018291 0.083998 -0.002704
7655 -0.017632 0.085979 -0.003849
7656 -0.018778 0.083165 -0.000672
7657 -0.018213 0.080252 0.002604
7658 -0.018322 0.083151 0.001241
7659 -0.007602 0.072748 -0.013197
7660 -0.008049 0.077488 -0.011647
7661 -0.008517 0.075212 -0.012632
7662 -0.005497 0.078575 -0.013437
7663 -0.006989 0.080467 -0.016216
7664 -0.004697 0.078187 -0.016413
7665 -0.004529 0.071915 -0.013863
7666 0.002133 0.067797 -0.001805
7667 0.000156 0.067874 -0.001154
7668 -0.002754 0.069289 0.001088
7669 -0.001109 0.068231 -0.000063
7670 -0.002145 0.067828 -0.011319
7671 0.001474 0.069144 -0.010381
7672 0.002731 0.071237 -0.008056
7673 -0.001443 0.070757 -0.013287
7674 -0.004619 0.070930 0.002987
7675 -0.002278 0.070442 0.002375
7676 -0.006447 0.071713 0.005820
7677 -0.007033 0.070111 0.007415
7678 -0.008081 0.068505 0.008701
7679 -0.007344 0.068617 0.010555
7680 -0.007518 0.069294 0.011846
7681 -0.006920 0.070593 0.012576
7682 -0.005830 0.069889 0.012887
7683 -0.005626 0.070441 0.013706
7684 -0.017672 0.077523 0.004257
7685 -0.016923 0.080082 0.004475
7686 -0.016520 0.075312 0.007115
7687 -0.013970 0.073828 0.010051
7688 -0.006743 0.071842 0.013611
7689 -0.009698 0.072368 0.011523
7690 -0.018403 0.087552 -0.002340
7691 -0.018132 0.085926 0.000049
7692 -0.017212 0.082431 0.003844
7693 -0.017620 0.084646 0.002943
7694 -0.005279 0.075034 -0.013716
7695 -0.003941 0.076610 -0.015042
7696 -0.003529 0.075828 -0.017534
7697 -0.001604 0.072902 -0.013686
7698 0.000202 0.070016 -0.001377
7699 -0.001242 0.070188 0.001468
7700 -0.000467 0.069576 0.000398
7701 -0.001133 0.071463 0.001967
7702 0.000339 0.072618 -0.010225
7703 -0.001921 0.071215 0.003615
7704 -0.002742 0.071373 0.005302
7705 -0.004306 0.072019 0.006401
7706 -0.005411 0.071441 0.008451
7707 -0.005608 0.069930 0.010060
7708 -0.005179 0.069625 0.012143
7709 -0.004116 0.070033 0.014095
7710 -0.005030 0.070078 0.015496
7711 -0.006863 0.071512 0.016424
7712 -0.004844 0.069706 0.017314
7713 -0.005988 0.070479 0.018619
7714 -0.015559 0.078690 0.006321
7715 -0.015786 0.081670 0.006154
7716 -0.013795 0.077153 0.008518
7717 -0.011531 0.075739 0.010255
7718 -0.008087 0.073884 0.014260
7719 -0.009602 0.076107 0.012387
7720 -0.017838 0.086630 0.004013
7721 -0.016579 0.084835 0.006125
7722 -0.001874 0.074582 -0.014947
7723 -0.000909 0.073749 -0.017601
7724 -0.000168 0.074294 -0.012066
7725 -0.000366 0.072092 0.003394
7726 -0.000774 0.071803 -0.000791
7727 0.000112 0.070860 -0.003891
7728 -0.000030 0.072901 0.001631
7729 -0.000772 0.072244 -0.005920
7730 -0.000488 0.075191 -0.008651
7731 -0.000414 0.071074 0.005629
7732 -0.002158 0.071736 0.007682
7733 -0.003817 0.072697 0.009315
7734 -0.001750 0.072489 0.009950
7735 -0.004141 0.071922 0.011063
7736 -0.003994 0.070895 0.012641
7737 -0.003108 0.071534 0.014777
7738 -0.002574 0.070881 0.017070
7739 -0.003562 0.070055 0.019218
7740 -0.005350 0.071207 0.020799
7741 -0.007199 0.072340 0.019131
7742 -0.006327 0.073408 0.021350
7743 -0.008344 0.074242 0.016910
7744 -0.014016 0.080633 0.008615
7745 -0.015150 0.083158 0.008579
7746 -0.011971 0.079328 0.011223
7747 -0.009291 0.076181 0.015404
7748 -0.010458 0.078244 0.014238
7749 -0.016661 0.085167 0.010380
7750 0.002291 0.073574 -0.015007
7751 0.001930 0.070758 -0.019930
7752 0.004093 0.068185 -0.024158
7753 0.003091 0.074793 -0.010238
7754 0.002208 0.072069 0.003291
7755 0.001515 0.074365 -0.000999
7756 0.001788 0.075755 -0.005678
7757 0.002398 0.070495 0.006331
7758 0.004115 0.070847 0.003741
7759 0.000246 0.071164 0.009386
7760 -0.002567 0.073334 0.011787
7761 -0.000607 0.072613 0.011784
7762 -0.002981 0.072994 0.013881
7763 -0.002823 0.073095 0.016501
7764 -0.002564 0.073462 0.019018
7765 -0.002701 0.072180 0.020429
7766 -0.006428 0.074972 0.021694
7767 -0.004889 0.074644 0.022642
7768 -0.006029 0.075786 0.022384
7769 -0.004220 0.072916 0.022019
7770 -0.006289 0.076716 0.022684
7771 -0.004895 0.076221 0.023291
7772 -0.007228 0.076398 0.021336
7773 -0.007205 0.077227 0.021987
7774 -0.007759 0.074858 0.019827
7775 -0.007987 0.077708 0.021230
7776 -0.009005 0.076300 0.017686
7777 -0.013968 0.082698 0.012525
7778 -0.016746 0.084662 0.014685
7779 -0.011732 0.080560 0.015482
7780 -0.010074 0.078399 0.016925
7781 0.005682 0.070537 -0.016021
7782 0.005627 0.071564 -0.011350
7783 0.006342 0.068422 -0.020030
7784 0.004835 0.072765 -0.006890
7785 0.004307 0.071955 0.000437
7786 0.004058 0.073181 -0.003212
7787 0.007283 0.070623 -0.007839
7788 0.003780 0.070152 0.009374
7789 0.005341 0.069905 0.006145
7790 0.006502 0.070106 0.002481
7791 -0.000396 0.070797 0.024510
7792 0.002031 0.071483 0.012992
7793 -0.000539 0.073527 0.013848
7794 -0.001611 0.074849 0.016121
7795 -0.002553 0.074840 0.017655
7796 -0.002595 0.075496 0.019241
7797 -0.002886 0.075322 0.021524
7798 -0.004855 0.077943 0.023903
7799 -0.008843 0.077541 0.019509
7800 -0.010848 0.080426 0.019149
7801 0.008850 0.068272 -0.016031
7802 0.008353 0.069387 -0.013153
7803 0.008903 0.069466 -0.010356
7804 0.007493 0.070463 -0.003132
7805 0.010235 0.069004 -0.007466
7806 0.004383 0.070791 0.015486
7807 0.006072 0.069677 0.012542
7808 0.006888 0.069455 0.008852
7809 0.008692 0.069280 0.005505
7810 0.010145 0.069210 0.000779
7811 0.004609 0.071080 0.018507
7812 0.001952 0.070675 0.023776
7813 0.003725 0.071604 0.022203
7814 0.000979 0.072163 0.024571
7815 -0.000698 0.074252 0.026177
7816 0.001828 0.073940 0.017197
7817 -0.000878 0.076342 0.018207
7818 0.003390 0.073966 0.020781
7819 -0.002349 0.076850 0.019909
7820 -0.002720 0.077681 0.020943
7821 0.002572 0.074608 0.024546
7822 0.000428 0.076040 0.027178
7823 -0.002477 0.076395 0.027933
7824 0.001093 0.077664 0.020767
7825 0.002043 0.078077 0.025599
7826 -0.001366 0.078322 0.029147
7827 -0.008333 -0.094918 0.033500
7828 -0.010905 -0.095232 0.042160
7829 -0.006115 -0.095229 0.041980
7830 -0.001667 -0.094918 0.033500
7831 -0.001996 -0.095172 0.039558
7832 -0.008333 -0.095268 0.046250
7833 -0.001667 -0.095268 0.046250
7834 0.005000 -0.094918 0.033500
7835 0.005000 -0.095181 0.039873
7836 0.005000 -0.095268 0.046250
7837 -0.004042 -0.095213 0.051315
7838 -0.007613 -0.095151 0.053622
7839 0.000218 -0.095215 0.051209
7840 -0.008333 -0.094918 0.059000
7841 -0.001667 -0.094918 0.059000
7842 0.005000 -0.095181 0.052627
7843 0.005000 -0.094918 0.059000
7844 -0.009454 -0.091271 0.017186
7845 -0.007206 -0.092556 0.022896
7846 -0.010268 -0.093652 0.027801
7847 -0.002584 -0.091182 0.016797
7848 -0.000404 -0.093064 0.025165
7849 -0.004491 -0.093917 0.028989
7850 0.005000 -0.091061 0.016260
7851 0.005000 -0.092356 0.022004
7852 0.005000 -0.093641 0.027751
7853 0.000636 -0.094048 0.029581
7854 -0.009878 -0.093781 0.064120
7855 -0.002981 -0.093705 0.064463
7856 0.001221 -0.094057 0.062878
7857 0.001246 -0.093384 0.065902
7858 -0.007989 -0.092603 0.069396
7859 -0.001024 -0.092672 0.069089
7860 -0.008328 -0.091257 0.075374
7861 0.005000 -0.093641 0.064750
7862 0.005000 -0.092356 0.070498
7863 -0.001661 -0.091168 0.075765
7864 0.005000 -0.091060 0.076243
7865 -0.012522 -0.088861 0.017778
7866 -0.010491 -0.085833 0.018219
7867 -0.007540 -0.081655 0.018774
7868 -0.005394 -0.079148 0.019059
7869 -0.004972 -0.077519 0.019292
7870 -0.003609 -0.081610 0.018547
7871 -0.005509 -0.086439 0.017839
7872 -0.002297 -0.077502 0.019125
7873 0.000079 -0.085024 0.017719
7874 -0.000802 -0.080430 0.018554
7875 0.000564 -0.077481 0.018930
7876 0.005000 -0.083712 0.017568
7877 0.001835 -0.080648 0.018328
7878 0.005000 -0.077447 0.018595
7879 -0.011323 -0.088184 0.074659
7880 -0.007196 -0.084932 0.074303
7881 -0.008341 -0.081231 0.073615
7882 -0.008328 -0.077537 0.073021
7883 -0.001517 -0.087564 0.075119
7884 -0.001436 -0.082149 0.074190
7885 -0.001661 -0.077497 0.073420
7886 0.005000 -0.084261 0.075029
7887 0.005000 -0.077446 0.073908
7888 -0.005313 -0.077738 0.021556
7889 -0.011573 -0.078300 0.028786
7890 -0.009568 -0.078489 0.032089
7891 0.005000 -0.077985 0.024415
7892 -0.008236 -0.078807 0.041359
7893 -0.006865 -0.078674 0.036385
7894 -0.000350 -0.078562 0.033599
7895 0.005000 -0.078428 0.030952
7896 -0.008333 -0.078855 0.046252
7897 -0.001667 -0.078855 0.046252
7898 0.005000 -0.078739 0.038415
7899 -0.000414 -0.078798 0.040881
7900 0.005000 -0.078855 0.046252
7901 -0.003506 -0.078819 0.050393
7902 -0.007343 -0.078768 0.052963
7903 0.000601 -0.078820 0.050369
7904 -0.008489 -0.078534 0.059497
7905 -0.001526 -0.078675 0.056108
7906 0.005000 -0.078763 0.053177
7907 -0.006901 -0.078142 0.066033
7908 -0.001208 -0.078354 0.062836
7909 0.005000 -0.078505 0.060098
7910 -0.001341 -0.077950 0.068515
7911 0.005000 -0.078069 0.067010
7912 -0.009285 0.078795 0.051739
7913 -0.008333 0.078855 0.046252
7914 -0.010699 0.078645 0.056912
7915 -0.001667 0.078855 0.046252
7916 -0.001578 0.078804 0.051272
7917 -0.010137 0.078024 0.067587
7918 -0.008879 0.078417 0.061745
7919 0.005000 0.078855 0.046252
7920 -0.002228 0.078661 0.056493
7921 0.005000 0.078763 0.053177
7922 -0.005797 0.078118 0.066363
7923 -0.008328 0.077537 0.073021
7924 -0.001339 0.078390 0.062225
7925 0.005000 0.078504 0.060098
7926 -0.001082 0.077955 0.068454
7927 -0.001661 0.077497 0.073420
7928 0.005000 0.078069 0.067010
7929 0.005000 0.077446 0.073908
7930 -0.010540 0.081528 0.073550
7931 -0.008364 0.086397 0.074493
7932 -0.008328 0.091257 0.075374
7933 -0.005780 0.083113 0.074074
7934 -0.001648 0.081333 0.074040
7935 -0.001661 0.091168 0.075765
7936 -0.001735 0.085933 0.074816
7937 0.005000 0.084261 0.075029
7938 0.005000 0.091060 0.076243
7939 -0.007454 0.077806 0.022305
7940 -0.006683 0.077764 0.021847
7941 -0.006155 0.077960 0.024110
7942 -0.005666 0.077657 0.020700
7943 -0.005473 0.077522 0.019322
7944 -0.010271 0.078518 0.032669
7945 -0.001087 0.077493 0.019044
7946 0.005000 0.078029 0.024975
7947 -0.005527 0.078513 0.032569
7948 -0.007847 0.078698 0.037087
7949 -0.009999 0.078818 0.042023
7950 0.005000 0.077447 0.018595
7951 0.005000 0.078449 0.031324
7952 -0.001313 0.078659 0.035963
7953 -0.004917 0.078807 0.041382
7954 0.005000 0.078743 0.038578
7955 0.000014 0.078814 0.041764
7956 -0.007289 0.081433 0.018797
7957 -0.010296 0.085039 0.018347
7958 -0.003025 0.081871 0.018466
7959 0.000737 0.081452 0.018276
7960 -0.005346 0.086297 0.017855
7961 -0.009453 0.091271 0.017186
7962 -0.000469 0.086023 0.017584
7963 0.005000 0.084097 0.017503
7964 -0.002561 0.091182 0.016796
7965 0.005000 0.091061 0.016260
7966 -0.007997 0.093940 0.063407
7967 -0.008333 0.094918 0.059000
7968 -0.008079 0.092377 0.070405
7969 -0.001667 0.094918 0.059000
7970 -0.002811 0.092525 0.069745
7971 -0.000040 0.094151 0.062457
7972 -0.000391 0.093288 0.066330
7973 0.005000 0.094918 0.059000
7974 0.005000 0.092356 0.070498
7975 0.005000 0.093640 0.064750
7976 -0.011041 0.091998 0.020410
7977 -0.006259 0.092175 0.021199
7978 -0.009993 0.093001 0.024883
7979 -0.008333 0.094918 0.033500
7980 -0.000373 0.092352 0.021983
7981 -0.003452 0.093544 0.027316
7982 0.005000 0.092356 0.022004
7983 -0.001667 0.094918 0.033500
7984 0.005000 0.093641 0.027751
7985 0.005000 0.094918 0.033500
7986 -0.008333 0.095268 0.046250
7987 -0.008004 0.095189 0.040187
7988 -0.003885 0.095113 0.037766
7989 0.000904 0.095107 0.037587
7990 -0.001667 0.095268 0.046250
7991 0.005000 0.095181 0.039873
7992 0.005000 0.095268 0.046250
7993 -0.010218 0.095137 0.054047
7994 -0.005958 0.095141 0.053940
7995 -0.002387 0.095206 0.051633
7996 0.005000 0.095181 0.052627
7997 0.001413 -0.067483 -0.005978
7998 -0.000163 -0.067646 -0.004142
7999 0.002107 0.067580 -0.004610
8000 -0.000232 0.067592 -0.004848
8001 0.000956 0.071888 -0.007434
8002 0.001490 0.070933 -0.005149
8003 0.001928 0.069598 -0.003210
8004 0.002905 0.070705 -0.005765
8005 0.004872 -0.068403 -0.022211
8006 0.003556 0.069175 -0.004516
8007 0.003913 -0.069130 -0.005492
8008 0.004073 -0.068071 -0.004897
8009 0.004074 0.068071 -0.004901
8010 0.003881 0.069242 -0.005472
8011 0.012523 -0.094918 0.033500
8012 0.009839 -0.095182 0.039914
8013 0.020046 -0.094918 0.033500
8014 0.016093 -0.095182 0.039913
8015 0.012851 -0.095268 0.046250
8016 0.027569 -0.094918 0.033500
8017 0.023784 -0.095188 0.040159
8018 0.035092 -0.094918 0.033500
8019 0.031438 -0.095189 0.040170
8020 0.020702 -0.095268 0.046250
8021 0.042615 -0.094918 0.033500
8022 0.039269 -0.095188 0.040142
8023 0.028554 -0.095268 0.046250
8024 0.036405 -0.095268 0.046250
8025 0.050138 -0.094918 0.033500
8026 0.047154 -0.095190 0.040215
8027 0.044256 -0.095268 0.046250
8028 0.083445 -0.094990 0.034876
8029 0.079082 -0.094751 0.030756
8030 0.085981 -0.094601 0.028645
8031 0.057661 -0.094918 0.033500
8032 0.054818 -0.095189 0.040201
8033 0.052107 -0.095268 0.046250
8034 0.072029 -0.094848 0.032280
8035 0.075985 -0.095099 0.037388
8036 0.064871 -0.094901 0.033196
8037 0.062494 -0.095186 0.040057
8038 0.069533 -0.095161 0.039181
8039 0.081500 -0.095211 0.041114
8040 0.092674 -0.094381 0.025955
8041 0.092447 -0.094966 0.034391
8042 0.087269 -0.095200 0.040625
8043 0.099111 -0.094074 0.022706
8044 0.099169 -0.094737 0.030539
8045 0.059959 -0.095268 0.046250
8046 0.075661 -0.095268 0.046250
8047 0.067810 -0.095268 0.046250
8048 0.083512 -0.095268 0.046250
8049 0.091363 -0.095268 0.046250
8050 0.099203 -0.095135 0.038390
8051 0.093752 -0.095211 0.041099
8052 0.099215 -0.095268 0.046250
8053 0.009882 -0.095179 0.052667
8054 0.016635 -0.095176 0.052799
8055 0.012523 -0.094918 0.059000
8056 0.024175 -0.095180 0.052659
8057 0.020046 -0.094918 0.059000
8058 0.031781 -0.095178 0.052715
8059 0.039521 -0.095175 0.052837
8060 0.027569 -0.094918 0.059000
8061 0.047223 -0.095182 0.052577
8062 0.035092 -0.094918 0.059000
8063 0.042615 -0.094918 0.059000
8064 0.054895 -0.095185 0.052471
8065 0.050138 -0.094918 0.059000
8066 0.079174 -0.095209 0.051468
8067 0.062274 -0.095179 0.052698
8068 0.057661 -0.094918 0.059000
8069 0.071347 -0.095174 0.052878
8070 0.077379 -0.095028 0.056824
8071 0.086764 -0.095200 0.051866
8072 0.093767 -0.095211 0.051412
8073 0.083550 -0.095002 0.057366
8074 0.064871 -0.094901 0.059306
8075 0.072029 -0.094848 0.060223
8076 0.079082 -0.094751 0.061744
8077 0.092471 -0.094963 0.058165
8078 0.099203 -0.095135 0.054110
8079 0.085981 -0.094601 0.063857
8080 0.092674 -0.094381 0.066546
8081 0.099169 -0.094737 0.061961
8082 0.099111 -0.094074 0.069794
8083 0.009456 -0.091854 0.020335
8084 0.012273 -0.090548 0.015705
8085 0.009743 -0.092962 0.025051
8086 0.019509 -0.089673 0.015115
8087 0.015763 -0.091954 0.021835
8088 0.009299 -0.093940 0.029228
8089 0.026680 -0.088389 0.014497
8090 0.024416 -0.091356 0.021659
8091 0.031271 -0.090007 0.019828
8092 0.033751 -0.086639 0.013866
8093 0.014285 -0.093705 0.028501
8094 0.022101 -0.093337 0.027754
8095 0.040670 -0.084361 0.013240
8096 0.038072 -0.088577 0.018833
8097 0.036715 -0.091045 0.023529
8098 0.031074 -0.092945 0.027481
8099 0.044918 -0.087000 0.018305
8100 0.042183 -0.090540 0.023568
8101 0.038506 -0.093009 0.028458
8102 0.049165 -0.089640 0.023370
8103 0.045763 -0.092676 0.028430
8104 0.053413 -0.092279 0.028435
8105 0.009298 -0.093939 0.063272
8106 0.014286 -0.093706 0.063994
8107 0.009743 -0.092958 0.067464
8108 0.009433 -0.091856 0.072158
8109 0.022101 -0.093339 0.064740
8110 0.015766 -0.091958 0.070650
8111 0.012273 -0.090554 0.076798
8112 0.031071 -0.092946 0.065019
8113 0.024424 -0.091353 0.070848
8114 0.019508 -0.089675 0.077388
8115 0.038505 -0.093009 0.064042
8116 0.045762 -0.092676 0.064070
8117 0.031269 -0.090006 0.072674
8118 0.036714 -0.091045 0.068971
8119 0.026679 -0.088389 0.078007
8120 0.053413 -0.092279 0.064066
8121 0.042183 -0.090540 0.068933
8122 0.049164 -0.089639 0.069132
8123 0.033749 -0.086636 0.078637
8124 0.038072 -0.088576 0.073670
8125 0.044916 -0.086999 0.074197
8126 0.040668 -0.084359 0.079263
8127 0.016020 -0.085446 0.016247
8128 0.035992 -0.080075 0.014666
8129 0.032545 -0.076060 0.015795
8130 0.038820 -0.074288 0.015160
8131 0.029590 -0.082682 0.015119
8132 0.022251 -0.082736 0.016024
8133 0.026574 -0.077916 0.016290
8134 0.010298 -0.083776 0.017097
8135 0.016129 -0.080727 0.017036
8136 0.041379 -0.078621 0.014089
8137 0.045121 -0.073775 0.014245
8138 0.027761 -0.071968 0.017046
8139 0.019984 -0.074650 0.017577
8140 0.011959 -0.076525 0.018122
8141 0.047826 -0.081425 0.012574
8142 0.051239 -0.073270 0.013278
8143 0.054794 -0.078072 0.011887
8144 0.057295 -0.071835 0.012380
8145 0.061448 -0.074439 0.011178
8146 0.061788 -0.070396 0.011717
8147 0.067876 -0.070666 0.010424
8148 0.009324 -0.084196 0.075389
8149 0.014803 -0.084514 0.075969
8150 0.012772 -0.076379 0.074434
8151 0.019737 -0.081492 0.075983
8152 0.024541 -0.084261 0.077012
8153 0.020397 -0.074535 0.074952
8154 0.030211 -0.082725 0.077473
8155 0.025959 -0.078166 0.076176
8156 0.027806 -0.071952 0.075458
8157 0.035900 -0.081479 0.078057
8158 0.033572 -0.075840 0.076817
8159 0.034936 -0.068674 0.075953
8160 0.041157 -0.077887 0.078262
8161 0.047697 -0.081476 0.079915
8162 0.041126 -0.071514 0.077283
8163 0.054546 -0.078194 0.080590
8164 0.048631 -0.073661 0.078830
8165 0.046824 -0.067822 0.077677
8166 0.056009 -0.072524 0.079983
8167 0.061221 -0.074574 0.081298
8168 0.054046 -0.067019 0.078830
8169 0.060746 -0.068727 0.080341
8170 0.067761 -0.070728 0.082064
8171 0.060051 -0.063331 0.079472
8172 0.065998 -0.064413 0.080813
8173 0.073992 -0.066416 0.082816
8174 0.069601 -0.060177 0.081033
8175 0.074419 -0.058966 0.081947
8176 0.079633 -0.061339 0.083451
8177 0.077628 -0.054440 0.082153
8178 0.084186 -0.055948 0.083899
8179 0.082485 -0.049190 0.082746
8180 0.088028 -0.050021 0.084212
8181 0.086928 -0.043170 0.083271
8182 0.091807 -0.043417 0.084551
8183 0.089981 -0.036824 0.083526
8184 0.095220 -0.036614 0.084897
8185 0.093122 -0.032067 0.084011
8186 0.094328 -0.027801 0.084068
8187 0.098241 -0.029628 0.085243
8188 0.096143 -0.024128 0.084360
8189 0.100807 -0.022462 0.085573
8190 0.097525 -0.018586 0.084493
8191 0.102797 -0.015114 0.085852
8192 0.099133 -0.011636 0.084720
8193 0.104049 -0.007604 0.086035
8194 0.099862 -0.005370 0.084813
8195 0.104478 0.000000 0.086100
8196 0.031126 -0.071225 0.021998
8197 0.009429 -0.077368 0.022671
8198 0.030308 -0.072398 0.029806
8199 0.024961 -0.073782 0.023538
8200 0.016333 -0.076332 0.024902
8201 0.009512 -0.077728 0.027261
8202 0.032380 -0.071978 0.035355
8203 0.028307 -0.073619 0.035719
8204 0.022804 -0.075221 0.032253
8205 0.012691 -0.077638 0.033571
8206 0.039113 -0.069324 0.045093
8207 0.039813 -0.068946 0.044838
8208 0.037636 -0.070108 0.046275
8209 0.011244 -0.078139 0.041072
8210 0.030733 -0.072911 0.039615
8211 0.033347 -0.071970 0.042712
8212 0.034058 -0.071775 0.046271
8213 0.024743 -0.075043 0.039868
8214 0.017482 -0.076989 0.040303
8215 0.040078 -0.068851 0.046276
8216 0.013023 -0.077946 0.046255
8217 0.028407 -0.074014 0.046267
8218 0.020927 -0.076301 0.046261
8219 0.038159 -0.069777 0.048370
8220 0.035722 -0.070942 0.048847
8221 0.009527 -0.078329 0.052981
8222 0.031237 -0.072820 0.050461
8223 0.012327 -0.077736 0.058151
8224 0.040272 -0.068664 0.048577
8225 0.038256 -0.069592 0.051319
8226 0.035040 -0.071042 0.053322
8227 0.031170 -0.072637 0.054724
8228 0.017153 -0.077003 0.053872
8229 0.025357 -0.074841 0.052828
8230 0.011187 -0.077607 0.063544
8231 0.016065 -0.076928 0.060270
8232 0.010142 -0.077318 0.069275
8233 0.040685 -0.068233 0.052484
8234 0.037928 -0.069474 0.055811
8235 0.028169 -0.073605 0.057784
8236 0.033233 -0.071507 0.058508
8237 0.022508 -0.075330 0.059917
8238 0.017970 -0.075930 0.067830
8239 0.037863 -0.069040 0.061237
8240 0.028495 -0.073106 0.062736
8241 0.033630 -0.070895 0.063432
8242 0.024309 -0.074073 0.068265
8243 0.036451 -0.069149 0.066918
8244 0.030715 -0.071635 0.068532
8245 0.012486 0.078030 0.046255
8246 0.009401 0.078348 0.052828
8247 0.016157 0.077274 0.052013
8248 0.019874 0.076565 0.046260
8249 0.040078 0.068851 0.046276
8250 0.040272 0.068664 0.048577
8251 0.037152 0.070345 0.046274
8252 0.023124 0.075579 0.051391
8253 0.027084 0.074473 0.046266
8254 0.032968 0.072243 0.046270
8255 0.028783 0.073732 0.051173
8256 0.013061 0.077568 0.059075
8257 0.019434 0.076253 0.058497
8258 0.009944 0.077732 0.064351
8259 0.009895 0.077356 0.069242
8260 0.033387 0.071864 0.051772
8261 0.037648 0.069894 0.051420
8262 0.040700 0.068216 0.052618
8263 0.026258 0.074303 0.057432
8264 0.030944 0.072632 0.056305
8265 0.023838 0.074735 0.062572
8266 0.017106 0.076231 0.066745
8267 0.012771 0.076375 0.074436
8268 0.037110 0.069699 0.058216
8269 0.030703 0.072229 0.062775
8270 0.025028 0.073795 0.068622
8271 0.020396 0.074530 0.074954
8272 0.036290 0.069244 0.066817
8273 0.030608 0.071518 0.069917
8274 0.027806 0.071950 0.075460
8275 0.034936 0.068673 0.075953
8276 0.010650 0.081668 0.075083
8277 0.009617 0.086356 0.075791
8278 0.016494 0.080462 0.075462
8279 0.012273 0.090547 0.076798
8280 0.015627 0.085719 0.076263
8281 0.022258 0.082683 0.076471
8282 0.019508 0.089672 0.077388
8283 0.026916 0.077526 0.076194
8284 0.029840 0.082112 0.077321
8285 0.026679 0.088388 0.078006
8286 0.034048 0.075684 0.076860
8287 0.036116 0.081222 0.078045
8288 0.033749 0.086637 0.078637
8289 0.040039 0.071284 0.077081
8290 0.042065 0.076844 0.078239
8291 0.040668 0.084359 0.079263
8292 0.099873 0.005466 0.084817
8293 0.099124 0.011824 0.084722
8294 0.047501 0.070156 0.078121
8295 0.049354 0.075834 0.079288
8296 0.047698 0.081479 0.079917
8297 0.104051 0.007604 0.086037
8298 0.097489 0.018615 0.084484
8299 0.102797 0.015114 0.085852
8300 0.055001 0.065384 0.078784
8301 0.054855 0.072209 0.079721
8302 0.054547 0.078196 0.080590
8303 0.096170 0.024148 0.084369
8304 0.094306 0.027790 0.084061
8305 0.100807 0.022462 0.085573
8306 0.062149 0.062423 0.079769
8307 0.061497 0.068849 0.080507
8308 0.061216 0.074567 0.081299
8309 0.093058 0.032048 0.083992
8310 0.098241 0.029628 0.085243
8311 0.068781 0.060882 0.080945
8312 0.066575 0.065817 0.081122
8313 0.067761 0.070728 0.082064
8314 0.089979 0.036825 0.083526
8315 0.086893 0.043183 0.083264
8316 0.095220 0.036614 0.084897
8317 0.082526 0.049220 0.082759
8318 0.077655 0.054500 0.082166
8319 0.074257 0.059316 0.081953
8320 0.073992 0.066416 0.082816
8321 0.091807 0.043417 0.084551
8322 0.088026 0.050022 0.084211
8323 0.084186 0.055949 0.083898
8324 0.079633 0.061340 0.083451
8325 0.010179 0.077296 0.023039
8326 0.010922 0.077585 0.028057
8327 0.016994 0.076118 0.024185
8328 0.016162 0.076778 0.030187
8329 0.020468 0.075657 0.029091
8330 0.024585 0.073974 0.024169
8331 0.012585 0.076415 0.018081
8332 0.020388 0.074538 0.017552
8333 0.031391 0.071109 0.021999
8334 0.031229 0.071855 0.028085
8335 0.011924 0.077828 0.034934
8336 0.025373 0.074377 0.031753
8337 0.019118 0.076372 0.034731
8338 0.027957 0.071892 0.017035
8339 0.010570 0.078238 0.041315
8340 0.030706 0.072641 0.034909
8341 0.016551 0.077205 0.040883
8342 0.024502 0.075110 0.039656
8343 0.031682 0.072611 0.041354
8344 0.010588 0.081484 0.017456
8345 0.009568 0.086243 0.016737
8346 0.027228 0.077696 0.016242
8347 0.017206 0.081890 0.016729
8348 0.013082 0.085679 0.016504
8349 0.023223 0.082014 0.016031
8350 0.012274 0.090555 0.015705
8351 0.032937 0.076138 0.015728
8352 0.029829 0.081985 0.015205
8353 0.019509 0.089676 0.015115
8354 0.026680 0.088390 0.014496
8355 0.039083 0.073995 0.015165
8356 0.050986 0.071800 0.013541
8357 0.035964 0.079737 0.014725
8358 0.033751 0.086637 0.013865
8359 0.045893 0.073517 0.014157
8360 0.041567 0.078469 0.014084
8361 0.050708 0.075774 0.012988
8362 0.053685 0.073258 0.012840
8363 0.058118 0.072050 0.012192
8364 0.062442 0.070222 0.011611
8365 0.067876 0.070666 0.010424
8366 0.040670 0.084361 0.013240
8367 0.047825 0.081422 0.012575
8368 0.054794 0.078071 0.011887
8369 0.061453 0.074446 0.011179
8370 0.012523 0.094918 0.059000
8371 0.010365 0.092230 0.070460
8372 0.012953 0.093276 0.065848
8373 0.017425 0.093719 0.063728
8374 0.020046 0.094918 0.059000
8375 0.017515 0.091988 0.070212
8376 0.023048 0.093217 0.065066
8377 0.027569 0.094918 0.059000
8378 0.025103 0.091308 0.070825
8379 0.031007 0.092842 0.065324
8380 0.035092 0.094918 0.059000
8381 0.031177 0.090024 0.072658
8382 0.036431 0.091122 0.068853
8383 0.038303 0.093147 0.063716
8384 0.042615 0.094918 0.059000
8385 0.038003 0.088535 0.073764
8386 0.042218 0.090614 0.068781
8387 0.045620 0.092712 0.064009
8388 0.050138 0.094918 0.059000
8389 0.044916 0.086999 0.074197
8390 0.049164 0.089639 0.069132
8391 0.053413 0.092279 0.064066
8392 0.057661 0.094918 0.059000
8393 0.010363 0.092231 0.022042
8394 0.012953 0.093277 0.026653
8395 0.017518 0.091985 0.022279
8396 0.012523 0.094918 0.033500
8397 0.017425 0.093719 0.028773
8398 0.031178 0.090024 0.019843
8399 0.025106 0.091309 0.021678
8400 0.023050 0.093217 0.027435
8401 0.020046 0.094918 0.033500
8402 0.038003 0.088536 0.018738
8403 0.036431 0.091123 0.023649
8404 0.031009 0.092842 0.027177
8405 0.027569 0.094918 0.033500
8406 0.044918 0.087000 0.018305
8407 0.042218 0.090614 0.023719
8408 0.038305 0.093148 0.028784
8409 0.035092 0.094918 0.033500
8410 0.049165 0.089640 0.023370
8411 0.045621 0.092715 0.028498
8412 0.042615 0.094918 0.033500
8413 0.053413 0.092279 0.028435
8414 0.050138 0.094918 0.033500
8415 0.057661 0.094918 0.033500
8416 0.009839 0.095182 0.039914
8417 0.012851 0.095268 0.046250
8418 0.016093 0.095182 0.039913
8419 0.020702 0.095268 0.046250
8420 0.023784 0.095188 0.040159
8421 0.028554 0.095268 0.046250
8422 0.031438 0.095189 0.040170
8423 0.036405 0.095268 0.046250
8424 0.039268 0.095188 0.040144
8425 0.047152 0.095190 0.040216
8426 0.044256 0.095268 0.046250
8427 0.054817 0.095189 0.040203
8428 0.052107 0.095268 0.046250
8429 0.083445 0.094990 0.034875
8430 0.085981 0.094601 0.028643
8431 0.079082 0.094751 0.030756
8432 0.064871 0.094901 0.033194
8433 0.062494 0.095186 0.040058
8434 0.059959 0.095268 0.046250
8435 0.072029 0.094848 0.032277
8436 0.069532 0.095161 0.039180
8437 0.075985 0.095099 0.037388
8438 0.099111 0.094074 0.022706
8439 0.092674 0.094381 0.025954
8440 0.099169 0.094737 0.030539
8441 0.092447 0.094966 0.034391
8442 0.081500 0.095211 0.041114
8443 0.087270 0.095200 0.040625
8444 0.067810 0.095268 0.046250
8445 0.075661 0.095268 0.046250
8446 0.099203 0.095135 0.038390
8447 0.093752 0.095211 0.041099
8448 0.083512 0.095268 0.046250
8449 0.091363 0.095268 0.046250
8450 0.099215 0.095268 0.046250
8451 0.009882 0.095179 0.052667
8452 0.016632 0.095176 0.052799
8453 0.024117 0.095181 0.052623
8454 0.031671 0.095178 0.052713
8455 0.039443 0.095177 0.052768
8456 0.047279 0.095190 0.052274
8457 0.054523 0.095189 0.052306
8458 0.061657 0.095176 0.052804
8459 0.073503 0.095187 0.052374
8460 0.067797 0.095113 0.054751
8461 0.064871 0.094901 0.059304
8462 0.080353 0.095202 0.051784
8463 0.077983 0.095036 0.056640
8464 0.087250 0.095195 0.052068
8465 0.093774 0.095211 0.051415
8466 0.072029 0.094848 0.060220
8467 0.083855 0.094990 0.057623
8468 0.079082 0.094751 0.061744
8469 0.099203 0.095135 0.054110
8470 0.092490 0.094961 0.058196
8471 0.085981 0.094601 0.063855
8472 0.099169 0.094737 0.061961
8473 0.092674 0.094381 0.066545
8474 0.099111 0.094074 0.069794
8475 0.038379 -0.068858 0.048946
8476 0.035796 -0.068996 0.051981
8477 0.035790 0.068997 0.051988
8478 0.038379 0.068858 0.048946
8479 0.027021 -0.037600 -0.113854
8480 0.033824 -0.036528 -0.116322
8481 0.030903 -0.034105 -0.113579
8482 0.033781 -0.031687 -0.114228
8483 0.040341 -0.028773 -0.116528
8484 0.036782 -0.027493 -0.113613
8485 0.039261 -0.024540 -0.114373
8486 0.045118 -0.019844 -0.116660
8487 0.041732 -0.019181 -0.113814
8488 0.043699 -0.015229 -0.114599
8489 0.047861 -0.010095 -0.116907
8490 0.044611 -0.010899 -0.114108
8491 0.045300 -0.007888 -0.114388
8492 0.046036 -0.004530 -0.115075
8493 0.048662 0.000000 -0.117196
8494 0.046035 0.004562 -0.115077
8495 0.047846 0.010176 -0.116904
8496 0.045299 0.007886 -0.114385
8497 0.044630 0.010783 -0.114092
8498 0.043695 0.015252 -0.114604
8499 0.045095 0.019901 -0.116659
8500 0.041695 0.019247 -0.113799
8501 0.039235 0.024542 -0.114339
8502 0.040318 0.028807 -0.116528
8503 0.027020 0.037605 -0.113858
8504 0.033810 0.036543 -0.116322
8505 0.036767 0.027515 -0.113615
8506 0.033779 0.031687 -0.114226
8507 0.030565 0.034314 -0.113416
8508 0.074550 -0.006919 -0.165382
8509 0.074983 0.000000 -0.172693
8510 0.074148 -0.000001 -0.161867
8511 0.074854 -0.010520 -0.172257
8512 0.070934 0.000000 -0.151499
8513 0.072805 -0.009121 -0.157157
8514 0.074262 -0.013356 -0.164716
8515 0.069174 -0.008026 -0.147262
8516 0.066658 0.000011 -0.141507
8517 0.064770 -0.008613 -0.137714
8518 0.061881 0.000000 -0.131743
8519 0.054093 -0.006290 -0.120213
8520 0.056823 0.000000 -0.122966
8521 0.074284 -0.021026 -0.171835
8522 0.070595 -0.015592 -0.150831
8523 0.072955 -0.020310 -0.159196
8524 0.073315 -0.028394 -0.164522
8525 0.067182 -0.016551 -0.143011
8526 0.059365 -0.009071 -0.127386
8527 0.062716 -0.017595 -0.134017
8528 0.054706 -0.012734 -0.121001
8529 0.073867 -0.031538 -0.171407
8530 0.069547 -0.025101 -0.148806
8531 0.071924 -0.030217 -0.157241
8532 0.072914 -0.035147 -0.163863
8533 0.065255 -0.025645 -0.139238
8534 0.058066 -0.018941 -0.125592
8535 0.060840 -0.026718 -0.130806
8536 0.051616 -0.019471 -0.119126
8537 0.073551 -0.042048 -0.170978
8538 0.066988 -0.032491 -0.143230
8539 0.069583 -0.035265 -0.149816
8540 0.071773 -0.037508 -0.157553
8541 0.073000 -0.044243 -0.163052
8542 0.063111 -0.035496 -0.135598
8543 0.055481 -0.027855 -0.123464
8544 0.057965 -0.035530 -0.127604
8545 0.048241 -0.028627 -0.118495
8546 0.074131 -0.052552 -0.170529
8547 0.066662 -0.041038 -0.142943
8548 0.062981 -0.043709 -0.136135
8549 0.070418 -0.046268 -0.152469
8550 0.072702 -0.052450 -0.160692
8551 0.073345 -0.059235 -0.163248
8552 0.059541 -0.042939 -0.130752
8553 0.050958 -0.037155 -0.121133
8554 0.055357 -0.042896 -0.125775
8555 0.043601 -0.038038 -0.118150
8556 0.074005 -0.063071 -0.170094
8557 0.060563 -0.049778 -0.132981
8558 0.065281 -0.053234 -0.141154
8559 0.070371 -0.060119 -0.153193
8560 0.072949 -0.067826 -0.161919
8561 0.055943 -0.050214 -0.127428
8562 0.048141 -0.048621 -0.121297
8563 0.037970 -0.045255 -0.117598
8564 0.073864 -0.073591 -0.169661
8565 0.058674 -0.058906 -0.131643
8566 0.062181 -0.064117 -0.137166
8567 0.065980 -0.064223 -0.143851
8568 0.070642 -0.071308 -0.154780
8569 0.067752 -0.069961 -0.148088
8570 0.072400 -0.078024 -0.160870
8571 0.051439 -0.057882 -0.124648
8572 0.044677 -0.057491 -0.120881
8573 0.039233 -0.053169 -0.118671
8574 0.052873 -0.065720 -0.127022
8575 0.073618 -0.084110 -0.169229
8576 0.057969 -0.069892 -0.132463
8577 0.063540 -0.073788 -0.140650
8578 0.068182 -0.080019 -0.150018
8579 0.071704 -0.087987 -0.159615
8580 0.046009 -0.065878 -0.122864
8581 0.050887 -0.075633 -0.127324
8582 0.073586 -0.094630 -0.168793
8583 0.071327 -0.099128 -0.159315
8584 0.058059 -0.080845 -0.134262
8585 0.052973 -0.086445 -0.130275
8586 0.063606 -0.086233 -0.142491
8587 0.068009 -0.091958 -0.151216
8588 0.073542 -0.105150 -0.168357
8589 0.071893 -0.108940 -0.161177
8590 0.069237 -0.105375 -0.155241
8591 0.067736 -0.100279 -0.151726
8592 0.053449 -0.093812 -0.132026
8593 0.058054 -0.092523 -0.136066
8594 0.063598 -0.098064 -0.144147
8595 0.073229 -0.115667 -0.167927
8596 0.071044 -0.116140 -0.159713
8597 0.068594 -0.112349 -0.154585
8598 0.065719 -0.106865 -0.149057
8599 0.054968 -0.098818 -0.134295
8600 0.058561 -0.102177 -0.138345
8601 0.061637 -0.106300 -0.142819
8602 0.071199 -0.123862 -0.160584
8603 0.072925 -0.126182 -0.167497
8604 0.071671 -0.130753 -0.162134
8605 0.068013 -0.120524 -0.154194
8606 0.064781 -0.116192 -0.148639
8607 0.061954 -0.112245 -0.144195
8608 0.067998 -0.127678 -0.155262
8609 0.069803 -0.130241 -0.158513
8610 0.070317 -0.134699 -0.160184
8611 0.072772 -0.136240 -0.167097
8612 0.070317 0.134699 -0.160184
8613 0.069803 0.130241 -0.158513
8614 0.067998 0.127678 -0.155262
8615 0.072772 0.136240 -0.167097
8616 0.071671 0.130753 -0.162134
8617 0.068013 0.120524 -0.154194
8618 0.071199 0.123862 -0.160584
8619 0.072925 0.126182 -0.167497
8620 0.071044 0.116140 -0.159713
8621 0.068594 0.112349 -0.154585
8622 0.064781 0.116192 -0.148639
8623 0.061954 0.112245 -0.144195
8624 0.073229 0.115667 -0.167927
8625 0.071893 0.108940 -0.161177
8626 0.069237 0.105375 -0.155241
8627 0.065719 0.106865 -0.149057
8628 0.061637 0.106300 -0.142819
8629 0.058561 0.102177 -0.138345
8630 0.054968 0.098818 -0.134295
8631 0.073542 0.105150 -0.168357
8632 0.067736 0.100279 -0.151726
8633 0.071327 0.099128 -0.159315
8634 0.063598 0.098064 -0.144147
8635 0.058055 0.092523 -0.136067
8636 0.053449 0.093811 -0.132026
8637 0.073586 0.094630 -0.168793
8638 0.068009 0.091958 -0.151216
8639 0.071704 0.087987 -0.159615
8640 0.063618 0.086229 -0.142508
8641 0.058096 0.080833 -0.134301
8642 0.052975 0.086442 -0.130276
8643 0.073618 0.084110 -0.169229
8644 0.072400 0.078024 -0.160870
8645 0.068182 0.080019 -0.150018
8646 0.063577 0.073779 -0.140710
8647 0.057966 0.069914 -0.132463
8648 0.051165 0.075555 -0.127496
8649 0.073864 0.073591 -0.169661
8650 0.072950 0.067811 -0.161920
8651 0.070650 0.071220 -0.154792
8652 0.067799 0.069946 -0.148185
8653 0.066005 0.064210 -0.143897
8654 0.062332 0.064059 -0.137394
8655 0.053268 0.065810 -0.127347
8656 0.058632 0.058872 -0.131589
8657 0.046105 0.065786 -0.122891
8658 0.074005 0.063071 -0.170094
8659 0.073345 0.059235 -0.163248
8660 0.070371 0.060119 -0.153193
8661 0.072702 0.052450 -0.160692
8662 0.065281 0.053234 -0.141154
8663 0.060563 0.049778 -0.132981
8664 0.051448 0.057853 -0.124651
8665 0.055999 0.050451 -0.127522
8666 0.044372 0.057341 -0.120741
8667 0.039514 0.052912 -0.118701
8668 0.074131 0.052552 -0.170529
8669 0.073000 0.044243 -0.163052
8670 0.070418 0.046268 -0.152469
8671 0.071773 0.037508 -0.157553
8672 0.062981 0.043709 -0.136135
8673 0.066661 0.041037 -0.142940
8674 0.059530 0.042962 -0.130740
8675 0.055334 0.042935 -0.125757
8676 0.047953 0.048479 -0.121179
8677 0.037892 0.044970 -0.117561
8678 0.073551 0.042048 -0.170978
8679 0.072914 0.035147 -0.163863
8680 0.073315 0.028394 -0.164522
8681 0.071926 0.030210 -0.157244
8682 0.069583 0.035265 -0.149816
8683 0.063100 0.035490 -0.135577
8684 0.066985 0.032490 -0.143224
8685 0.057945 0.035604 -0.127590
8686 0.050999 0.037282 -0.121183
8687 0.043441 0.038000 -0.118104
8688 0.073867 0.031538 -0.171407
8689 0.074284 0.021026 -0.171835
8690 0.072955 0.020310 -0.159196
8691 0.074262 0.013355 -0.164716
8692 0.060802 0.026730 -0.130742
8693 0.069564 0.025052 -0.148844
8694 0.065253 0.025645 -0.139235
8695 0.070595 0.015592 -0.150831
8696 0.055275 0.027949 -0.123253
8697 0.048213 0.028676 -0.118490
8698 0.074854 0.010520 -0.172257
8699 0.074550 0.006919 -0.165383
8700 0.072805 0.009121 -0.157157
8701 0.058064 0.018965 -0.125592
8702 0.062710 0.017603 -0.134007
8703 0.067182 0.016552 -0.143011
8704 0.069174 0.008028 -0.147262
8705 0.051612 0.019521 -0.119128
8706 0.054704 0.012765 -0.121001
8707 0.059365 0.009080 -0.127387
8708 0.064770 0.008620 -0.137713
8709 0.054090 0.006315 -0.120211
8710 0.038580 -0.069010 0.045871
8711 0.038903 -0.068912 0.047233
8712 0.059915 -0.091907 0.064249
8713 0.055000 -0.089787 0.067946
8714 0.052492 -0.087431 0.071722
8715 0.053354 -0.083788 0.075926
8716 0.066827 -0.091184 0.065323
8717 0.059801 -0.086991 0.071135
8718 0.074685 -0.091349 0.065726
8719 0.080899 -0.091765 0.066250
8720 0.085963 -0.089938 0.069581
8721 0.060461 -0.081044 0.077065
8722 0.069737 -0.087662 0.069868
8723 0.066467 -0.083163 0.074511
8724 0.078698 -0.087195 0.071039
8725 0.092841 -0.089404 0.072248
8726 0.086571 -0.084735 0.074702
8727 0.067466 -0.078430 0.078110
8728 0.073120 -0.082299 0.075065
8729 0.080301 -0.080066 0.077156
8730 0.074031 -0.075397 0.079610
8731 0.053383 0.083780 0.075927
8732 0.052495 0.087434 0.071717
8733 0.055049 0.089823 0.067884
8734 0.060089 0.092009 0.064080
8735 0.060698 0.080972 0.077085
8736 0.059858 0.087014 0.071102
8737 0.066915 0.091227 0.065264
8738 0.066562 0.082875 0.074761
8739 0.067486 0.078386 0.078138
8740 0.074806 0.091377 0.065704
8741 0.069836 0.087704 0.069822
8742 0.080875 0.091769 0.066240
8743 0.072946 0.082160 0.075174
8744 0.074031 0.075397 0.079610
8745 0.078732 0.087359 0.070877
8746 0.086027 0.089983 0.069548
8747 0.080301 0.080066 0.077156
8748 0.092841 0.089404 0.072248
8749 0.086571 0.084735 0.074702
8750 0.053455 -0.083730 0.016537
8751 0.052615 -0.087410 0.020774
8752 0.060801 -0.081009 0.015463
8753 0.055127 -0.089745 0.024507
8754 0.059926 -0.086980 0.021365
8755 0.066658 -0.083156 0.017996
8756 0.069882 -0.087681 0.022650
8757 0.067561 -0.078167 0.014225
8758 0.073102 -0.082273 0.017414
8759 0.078782 -0.087116 0.021370
8760 0.059895 -0.091849 0.028158
8761 0.066969 -0.091192 0.027184
8762 0.074702 -0.091359 0.026786
8763 0.081034 -0.091743 0.026193
8764 0.075097 -0.074558 0.012479
8765 0.085981 -0.089940 0.022917
8766 0.080744 -0.080487 0.015580
8767 0.086527 -0.084702 0.017781
8768 0.092819 -0.089388 0.020244
8769 0.079513 -0.069141 0.010656
8770 0.083217 -0.073969 0.012217
8771 0.088540 -0.078843 0.013983
8772 0.094964 -0.083414 0.015595
8773 0.100177 -0.087994 0.017392
8774 0.084231 -0.067172 0.010273
8775 0.089777 -0.072327 0.011578
8776 0.089075 -0.065975 0.010035
8777 0.096160 -0.077326 0.012914
8778 0.102928 -0.082204 0.014215
8779 0.106227 -0.086835 0.015863
8780 0.109164 -0.083365 0.014041
8781 0.105550 -0.092391 0.019124
8782 0.090985 -0.062408 0.009423
8783 0.096057 -0.069759 0.010719
8784 0.103083 -0.075445 0.011875
8785 0.107740 -0.078988 0.012619
8786 0.112670 -0.079442 0.012304
8787 0.110694 -0.088641 0.016111
8788 0.115470 -0.079691 0.012152
8789 0.113884 -0.084120 0.013814
8790 0.097778 -0.066427 0.010021
8791 0.104475 -0.070433 0.010602
8792 0.110908 -0.074317 0.011156
8793 0.115985 -0.077406 0.011591
8794 0.090985 0.062408 0.009423
8795 0.089052 0.065917 0.010023
8796 0.084225 0.067154 0.010269
8797 0.079515 0.069138 0.010655
8798 0.097777 0.066427 0.010021
8799 0.095944 0.069961 0.010772
8800 0.067618 0.078345 0.014346
8801 0.075114 0.074550 0.012476
8802 0.089747 0.072343 0.011583
8803 0.083217 0.073969 0.012217
8804 0.053454 0.083732 0.016538
8805 0.060854 0.081048 0.015503
8806 0.052614 0.087410 0.020773
8807 0.066668 0.083157 0.017997
8808 0.104475 0.070433 0.010602
8809 0.103064 0.075476 0.011885
8810 0.096123 0.077360 0.012928
8811 0.073219 0.082276 0.017415
8812 0.080761 0.080469 0.015566
8813 0.088017 0.078654 0.013933
8814 0.055126 0.089745 0.024507
8815 0.059925 0.086980 0.021365
8816 0.069879 0.087680 0.022649
8817 0.107735 0.078993 0.012621
8818 0.109163 0.083368 0.014042
8819 0.112670 0.079442 0.012304
8820 0.110908 0.074317 0.011156
8821 0.102926 0.082198 0.014213
8822 0.094964 0.083414 0.015595
8823 0.078767 0.087062 0.021319
8824 0.086527 0.084702 0.017781
8825 0.106227 0.086835 0.015863
8826 0.059894 0.091849 0.028157
8827 0.066966 0.091191 0.027182
8828 0.074637 0.091320 0.026743
8829 0.115470 0.079691 0.012152
8830 0.113884 0.084120 0.013814
8831 0.110694 0.088641 0.016111
8832 0.115985 0.077406 0.011591
8833 0.100177 0.087994 0.017392
8834 0.080991 0.091715 0.026167
8835 0.093150 0.089348 0.020089
8836 0.085941 0.089918 0.022903
8837 0.105550 0.092391 0.019124
8838 0.073791 -0.005324 -0.247458
8839 0.075317 0.000000 -0.243922
8840 0.075184 -0.008020 -0.243971
8841 0.073784 -0.010497 -0.247412
8842 0.075054 -0.016040 -0.244014
8843 0.073574 -0.022118 -0.247514
8844 0.074932 -0.024061 -0.244067
8845 0.073245 -0.027342 -0.247787
8846 0.074812 -0.032081 -0.244120
8847 0.074683 -0.040101 -0.244171
8848 0.073171 -0.046515 -0.247685
8849 0.074559 -0.048122 -0.244223
8850 0.073207 -0.051748 -0.247593
8851 0.074428 -0.056142 -0.244278
8852 0.074268 -0.064162 -0.244333
8853 0.072705 -0.071158 -0.247871
8854 0.074137 -0.072182 -0.244390
8855 0.072658 -0.076142 -0.247885
8856 0.074033 -0.080202 -0.244435
8857 0.072666 -0.080272 -0.247844
8858 0.072640 -0.084394 -0.247835
8859 0.073922 -0.088223 -0.244473
8860 0.072561 -0.088236 -0.247888
8861 0.072706 -0.092922 -0.247687
8862 0.073824 -0.096244 -0.244513
8863 0.072421 -0.097076 -0.247977
8864 0.073734 -0.104264 -0.244558
8865 0.072145 -0.124175 -0.247997
8866 0.073485 -0.120305 -0.244677
8867 0.073316 -0.128325 -0.244702
8868 0.071880 -0.129686 -0.248191
8869 0.073160 -0.136344 -0.244597
8870 0.073619 -0.112285 -0.244612
8871 0.071563 0.138156 -0.248402
8872 0.073160 0.136341 -0.244597
8873 0.071756 0.132796 -0.248264
8874 0.073316 0.128322 -0.244702
8875 0.072023 0.121712 -0.248170
8876 0.073485 0.120303 -0.244677
8877 0.072213 0.115540 -0.248048
8878 0.073619 0.112283 -0.244612
8879 0.072382 0.109656 -0.247930
8880 0.072285 0.104043 -0.248079
8881 0.073734 0.104262 -0.244557
8882 0.072395 0.099803 -0.247989
8883 0.073824 0.096242 -0.244513
8884 0.072430 0.089704 -0.248012
8885 0.073922 0.088221 -0.244473
8886 0.072560 0.084056 -0.247923
8887 0.074032 0.080201 -0.244434
8888 0.074137 0.072180 -0.244389
8889 0.072804 0.065211 -0.247832
8890 0.074268 0.064160 -0.244332
8891 0.072907 0.058893 -0.247818
8892 0.074428 0.056141 -0.244280
8893 0.073047 0.051013 -0.247769
8894 0.074559 0.048121 -0.244223
8895 0.073127 0.043499 -0.247760
8896 0.074683 0.040101 -0.244170
8897 0.073253 0.037100 -0.247696
8898 0.074812 0.032081 -0.244120
8899 0.073243 0.026257 -0.247797
8900 0.074932 0.024060 -0.244066
8901 0.073488 0.020925 -0.247612
8902 0.075054 0.016040 -0.244012
8903 0.073635 0.010162 -0.247566
8904 0.075184 0.008020 -0.243970
8905 0.073711 0.005698 -0.247534
8906 0.102004 -0.089101 0.074765
8907 0.104595 -0.092818 0.072841
8908 0.094361 -0.083697 0.076682
8909 0.109485 -0.089792 0.075644
8910 0.107495 -0.085901 0.077226
8911 0.103158 -0.081992 0.078391
8912 0.087510 -0.079534 0.078118
8913 0.082475 -0.075659 0.079613
8914 0.095638 -0.077392 0.079531
8915 0.113248 -0.085278 0.078171
8916 0.109010 -0.082638 0.078719
8917 0.102262 -0.074535 0.080837
8918 0.107919 -0.078271 0.080131
8919 0.088688 -0.072775 0.080766
8920 0.080793 -0.069032 0.081839
8921 0.095430 -0.069976 0.081705
8922 0.115470 -0.079691 0.080348
8923 0.102199 -0.067961 0.082263
8924 0.109578 -0.072027 0.081719
8925 0.087978 -0.064544 0.082742
8926 0.095990 -0.063732 0.082848
8927 0.091136 -0.059466 0.083397
8928 0.117161 -0.071947 0.081986
8929 0.102407 -0.061333 0.083185
8930 0.108409 -0.064841 0.082840
8931 0.113419 -0.066869 0.082699
8932 0.096557 -0.057639 0.083553
8933 0.091204 -0.054850 0.083830
8934 0.102239 -0.055039 0.083911
8935 0.118688 -0.064121 0.083388
8936 0.108580 -0.058337 0.083735
8937 0.113986 -0.060576 0.083673
8938 0.107326 -0.052327 0.084376
8939 0.095941 -0.050255 0.084213
8940 0.103340 -0.048281 0.084586
8941 0.120040 -0.056237 0.084633
8942 0.114035 -0.052566 0.084707
8943 0.109051 -0.047943 0.084900
8944 0.107227 -0.042903 0.085220
8945 0.099629 -0.043061 0.084806
8946 0.121215 -0.048301 0.085718
8947 0.114351 -0.044352 0.085589
8948 0.110513 -0.038241 0.085791
8949 0.103576 -0.035993 0.085409
8950 0.122213 -0.040320 0.086640
8951 0.116487 -0.036629 0.086420
8952 0.110741 -0.031903 0.086200
8953 0.105191 -0.027578 0.085877
8954 0.123032 -0.032302 0.087398
8955 0.117188 -0.028704 0.087015
8956 0.111596 -0.025990 0.086565
8957 0.108252 -0.020725 0.086383
8958 0.123671 -0.024253 0.087989
8959 0.116293 -0.020632 0.087297
8960 0.110319 -0.013930 0.086766
8961 0.124128 -0.016182 0.088412
8962 0.117974 -0.012394 0.087750
8963 0.111169 -0.006082 0.086965
8964 0.124403 -0.008095 0.088665
8965 0.119226 -0.005942 0.088020
8966 0.117823 0.000004 0.087867
8967 0.111150 0.000002 0.086983
8968 0.124495 0.000000 0.088750
8969 0.119237 0.005920 0.088021
8970 0.111165 0.006083 0.086965
8971 0.124403 0.008095 0.088665
8972 0.117957 0.012125 0.087754
8973 0.110480 0.013789 0.086788
8974 0.108271 0.020719 0.086385
8975 0.124128 0.016182 0.088412
8976 0.116350 0.020729 0.087300
8977 0.111609 0.025982 0.086567
8978 0.105194 0.027566 0.085878
8979 0.123671 0.024253 0.087989
8980 0.117190 0.028703 0.087016
8981 0.110741 0.031903 0.086200
8982 0.103576 0.035993 0.085409
8983 0.123032 0.032302 0.087398
8984 0.099629 0.043062 0.084806
8985 0.116487 0.036629 0.086420
8986 0.110513 0.038241 0.085791
8987 0.107227 0.042903 0.085220
8988 0.122213 0.040320 0.086640
8989 0.080793 0.069032 0.081839
8990 0.082475 0.075659 0.079613
8991 0.091203 0.054851 0.083830
8992 0.095939 0.050256 0.084213
8993 0.103341 0.048282 0.084586
8994 0.114351 0.044352 0.085589
8995 0.109051 0.047944 0.084900
8996 0.121215 0.048301 0.085718
8997 0.087510 0.079534 0.078118
8998 0.091136 0.059466 0.083397
8999 0.087978 0.064544 0.082742
9000 0.088688 0.072776 0.080766
9001 0.107326 0.052328 0.084376
9002 0.096556 0.057639 0.083553
9003 0.102240 0.055039 0.083911
9004 0.102003 0.089101 0.074765
9005 0.104593 0.092818 0.072843
9006 0.109485 0.089792 0.075643
9007 0.094365 0.083701 0.076680
9008 0.107496 0.085902 0.077226
9009 0.114036 0.052566 0.084707
9010 0.120040 0.056237 0.084633
9011 0.113250 0.085276 0.078164
9012 0.095638 0.077393 0.079531
9013 0.095990 0.063732 0.082848
9014 0.095430 0.069976 0.081705
9015 0.108580 0.058337 0.083735
9016 0.102407 0.061333 0.083185
9017 0.103158 0.081993 0.078391
9018 0.109010 0.082638 0.078719
9019 0.113986 0.060576 0.083673
9020 0.118688 0.064121 0.083388
9021 0.115470 0.079691 0.080348
9022 0.102262 0.074535 0.080837
9023 0.102199 0.067961 0.082263
9024 0.108409 0.064841 0.082840
9025 0.107919 0.078271 0.080131
9026 0.113419 0.066869 0.082699
9027 0.117161 0.071947 0.081986
9028 0.109578 0.072027 0.081719
9029 0.075007 -0.010117 -0.182201
9030 0.075217 0.000000 -0.184019
9031 0.074662 -0.018246 -0.179957
9032 0.075060 -0.009305 -0.192472
9033 0.075248 0.000000 -0.195347
9034 0.074853 -0.019288 -0.189515
9035 0.074484 -0.027492 -0.181426
9036 0.075269 0.000000 -0.206676
9037 0.075094 -0.008921 -0.203958
9038 0.074937 -0.017442 -0.199544
9039 0.074792 -0.024399 -0.197375
9040 0.074677 -0.028364 -0.192304
9041 0.075167 -0.006424 -0.213686
9042 0.075295 0.000001 -0.218005
9043 0.075215 -0.005596 -0.222042
9044 0.075332 0.000000 -0.229286
9045 0.075070 -0.012462 -0.212471
9046 0.075327 0.000000 -0.237151
9047 0.075231 -0.005899 -0.236720
9048 0.074479 -0.036513 -0.190001
9049 0.074230 -0.038335 -0.179976
9050 0.074975 -0.017303 -0.208069
9051 0.074816 -0.025063 -0.204379
9052 0.074639 -0.031770 -0.199599
9053 0.075193 -0.009094 -0.229041
9054 0.075118 -0.011813 -0.221124
9055 0.075003 -0.017849 -0.215519
9056 0.074486 -0.039159 -0.199265
9057 0.075112 -0.013394 -0.236737
9058 0.074352 -0.046315 -0.194755
9059 0.074326 -0.046563 -0.185797
9060 0.074196 -0.046168 -0.177515
9061 0.074876 -0.024593 -0.213031
9062 0.074644 -0.034812 -0.208404
9063 0.075056 -0.017861 -0.229235
9064 0.074966 -0.022148 -0.222434
9065 0.074978 -0.021811 -0.236676
9066 0.074439 -0.045159 -0.204357
9067 0.074329 -0.055550 -0.191088
9068 0.074331 -0.054126 -0.200755
9069 0.074363 -0.056924 -0.180012
9070 0.074807 -0.030282 -0.219163
9071 0.074638 -0.038849 -0.216073
9072 0.074529 -0.043550 -0.211761
9073 0.074891 -0.028257 -0.229432
9074 0.074868 -0.028941 -0.237918
9075 0.074389 -0.052789 -0.211016
9076 0.074326 -0.063586 -0.197418
9077 0.074302 -0.065788 -0.187790
9078 0.074339 -0.062215 -0.206189
9079 0.074340 -0.062133 -0.213763
9080 0.074252 -0.069504 -0.202403
9081 0.074215 -0.069601 -0.178374
9082 0.074724 -0.037998 -0.224600
9083 0.074555 -0.046106 -0.218861
9084 0.074742 -0.037310 -0.235289
9085 0.074425 -0.056040 -0.220265
9086 0.074308 -0.066468 -0.219968
9087 0.074191 -0.072613 -0.194870
9088 0.074102 -0.077295 -0.186118
9089 0.074228 -0.071210 -0.210628
9090 0.074119 -0.077460 -0.202791
9091 0.073979 -0.080002 -0.176844
9092 0.073950 -0.085127 -0.182542
9093 0.074163 -0.076693 -0.219002
9094 0.074603 -0.047183 -0.228781
9095 0.074607 -0.045802 -0.237840
9096 0.074386 -0.060558 -0.228190
9097 0.074221 -0.072174 -0.227959
9098 0.074044 -0.081607 -0.194944
9099 0.073973 -0.085550 -0.188611
9100 0.074066 -0.082388 -0.210815
9101 0.073985 -0.087009 -0.203404
9102 0.073840 -0.089225 -0.176257
9103 0.073855 -0.092575 -0.184935
9104 0.074104 -0.080412 -0.225345
9105 0.074100 -0.079285 -0.231344
9106 0.074015 -0.087003 -0.218912
9107 0.074452 -0.056055 -0.236767
9108 0.074289 -0.065149 -0.235365
9109 0.074169 -0.072348 -0.238806
9110 0.073900 -0.091582 -0.195137
9111 0.073927 -0.092139 -0.210089
9112 0.073873 -0.094807 -0.203541
9113 0.073888 -0.095727 -0.216232
9114 0.073737 -0.100944 -0.177556
9115 0.073729 -0.101308 -0.188951
9116 0.073984 -0.087302 -0.229395
9117 0.074027 -0.082450 -0.237577
9118 0.073885 -0.095410 -0.223596
9119 0.073805 -0.101501 -0.218858
9120 0.073755 -0.101629 -0.198843
9121 0.073777 -0.102296 -0.209913
9122 0.073687 -0.109048 -0.217585
9123 0.073516 -0.112527 -0.175872
9124 0.073588 -0.109386 -0.184145
9125 0.073584 -0.111685 -0.193265
9126 0.073857 -0.095864 -0.230923
9127 0.073894 -0.091683 -0.237314
9128 0.073746 -0.105059 -0.227254
9129 0.073598 -0.114787 -0.222752
9130 0.073576 -0.115968 -0.230920
9131 0.073620 -0.110998 -0.203269
9132 0.073615 -0.112465 -0.210872
9133 0.073503 -0.117818 -0.199473
9134 0.073548 -0.117479 -0.216195
9135 0.073261 -0.123038 -0.175673
9136 0.073404 -0.119615 -0.185071
9137 0.073432 -0.120782 -0.193879
9138 0.073790 -0.100259 -0.236888
9139 0.073680 -0.108652 -0.236934
9140 0.073567 -0.116037 -0.238808
9141 0.073476 -0.121972 -0.223452
9142 0.073449 -0.122803 -0.237121
9143 0.073414 -0.124693 -0.230746
9144 0.073486 -0.120259 -0.207305
9145 0.073374 -0.125207 -0.199405
9146 0.073400 -0.126340 -0.215203
9147 0.073128 -0.132675 -0.174457
9148 0.073129 -0.130806 -0.182057
9149 0.073234 -0.129334 -0.190841
9150 0.073275 -0.132465 -0.224668
9151 0.073230 -0.131980 -0.236322
9152 0.073115 -0.140077 -0.172405
9153 0.073257 -0.132457 -0.198511
9154 0.073411 -0.130680 -0.206326
9155 0.073250 -0.134485 -0.213603
9156 0.073084 -0.139764 -0.178813
9157 0.073090 -0.138534 -0.186385
9158 0.073118 -0.138266 -0.193972
9159 0.073018 -0.140705 -0.218288
9160 0.072899 -0.141663 -0.225600
9161 0.073038 -0.139316 -0.232813
9162 0.072971 -0.140026 -0.239105
9163 0.073209 -0.138863 -0.201992
9164 0.073300 -0.138552 -0.208191
9165 0.072984 -0.141345 -0.212105
9166 0.073115 0.140077 -0.172405
9167 0.073113 0.138469 -0.194111
9168 0.073090 0.138534 -0.186385
9169 0.073084 0.139764 -0.178813
9170 0.073223 0.139062 -0.210127
9171 0.073217 0.138833 -0.202351
9172 0.073260 0.132361 -0.198632
9173 0.073072 0.139687 -0.224606
9174 0.073095 0.139500 -0.217608
9175 0.073276 0.133106 -0.214111
9176 0.073128 0.132675 -0.174457
9177 0.073234 0.129334 -0.190841
9178 0.073129 0.130806 -0.182057
9179 0.073003 0.139891 -0.232783
9180 0.072961 0.140170 -0.239187
9181 0.073413 0.130487 -0.206625
9182 0.073378 0.124993 -0.199511
9183 0.073432 0.120782 -0.193879
9184 0.073214 0.134195 -0.229132
9185 0.073301 0.131378 -0.221794
9186 0.073411 0.125712 -0.214627
9187 0.073261 0.123038 -0.175673
9188 0.073404 0.119615 -0.185071
9189 0.073223 0.132210 -0.236760
9190 0.073504 0.117717 -0.199449
9191 0.073585 0.111637 -0.193227
9192 0.073489 0.119986 -0.207093
9193 0.073446 0.122965 -0.236654
9194 0.073387 0.126119 -0.229419
9195 0.073477 0.121894 -0.222925
9196 0.073553 0.117186 -0.215798
9197 0.073516 0.112527 -0.175872
9198 0.073588 0.109375 -0.184136
9199 0.073729 0.101300 -0.188945
9200 0.073621 0.110955 -0.203183
9201 0.073756 0.101555 -0.198803
9202 0.073617 0.112321 -0.210751
9203 0.073571 0.115795 -0.238588
9204 0.073580 0.115722 -0.230473
9205 0.073609 0.114088 -0.222322
9206 0.073685 0.109114 -0.217069
9207 0.073737 0.100944 -0.177556
9208 0.073856 0.092541 -0.184921
9209 0.073898 0.091703 -0.195033
9210 0.073871 0.094940 -0.203422
9211 0.073773 0.102502 -0.209694
9212 0.073699 0.107345 -0.236430
9213 0.073731 0.106203 -0.225865
9214 0.073795 0.102131 -0.218576
9215 0.073840 0.089225 -0.176257
9216 0.073973 0.085550 -0.188611
9217 0.073950 0.085127 -0.182542
9218 0.074042 0.081738 -0.195058
9219 0.073985 0.087009 -0.203404
9220 0.073801 0.098993 -0.239026
9221 0.073927 0.092139 -0.210089
9222 0.073878 0.096427 -0.216312
9223 0.073820 0.098556 -0.232174
9224 0.073870 0.096398 -0.223845
9225 0.073980 0.079994 -0.176872
9226 0.074104 0.077242 -0.186282
9227 0.074193 0.072478 -0.195346
9228 0.074121 0.077306 -0.202906
9229 0.074071 0.082094 -0.210931
9230 0.073882 0.092541 -0.237810
9231 0.074009 0.087414 -0.219218
9232 0.073947 0.089723 -0.229723
9233 0.074216 0.069591 -0.178407
9234 0.074302 0.065793 -0.187801
9235 0.074255 0.069323 -0.202483
9236 0.074325 0.063741 -0.197454
9237 0.074174 0.076027 -0.219769
9238 0.074233 0.070907 -0.210892
9239 0.074002 0.084243 -0.236972
9240 0.074096 0.080198 -0.228512
9241 0.074363 0.056929 -0.180016
9242 0.074330 0.055173 -0.190886
9243 0.074340 0.062169 -0.206258
9244 0.074331 0.054233 -0.200573
9245 0.074251 0.070002 -0.228573
9246 0.074311 0.066257 -0.220276
9247 0.074340 0.062165 -0.213879
9248 0.074142 0.075078 -0.236720
9249 0.074262 0.066413 -0.236622
9250 0.074196 0.046173 -0.177513
9251 0.074326 0.046590 -0.185829
9252 0.074347 0.046646 -0.194208
9253 0.074389 0.052825 -0.211014
9254 0.074431 0.045324 -0.203709
9255 0.074486 0.039158 -0.199266
9256 0.074529 0.043604 -0.211887
9257 0.074390 0.060321 -0.228544
9258 0.074427 0.055904 -0.220302
9259 0.074453 0.056054 -0.236755
9260 0.074230 0.038353 -0.179984
9261 0.074479 0.036509 -0.189998
9262 0.074648 0.031231 -0.199125
9263 0.074556 0.046090 -0.218936
9264 0.074645 0.035036 -0.209081
9265 0.074645 0.038808 -0.216863
9266 0.074603 0.047178 -0.228745
9267 0.074607 0.045833 -0.237811
9268 0.074484 0.027491 -0.181425
9269 0.074686 0.027849 -0.191781
9270 0.074660 0.017955 -0.179468
9271 0.074800 0.024066 -0.197548
9272 0.074837 0.024573 -0.206379
9273 0.074852 0.026318 -0.215006
9274 0.074721 0.038277 -0.224786
9275 0.074787 0.031481 -0.219440
9276 0.074739 0.037499 -0.235319
9277 0.074856 0.019252 -0.189676
9278 0.075007 0.010117 -0.182201
9279 0.074973 0.019403 -0.214251
9280 0.074945 0.023304 -0.222005
9281 0.074946 0.017001 -0.199905
9282 0.074988 0.016460 -0.207921
9283 0.074886 0.028604 -0.229414
9284 0.074864 0.029170 -0.238040
9285 0.075063 0.009155 -0.192520
9286 0.075085 0.011788 -0.213550
9287 0.075067 0.015321 -0.221615
9288 0.075045 0.018549 -0.229372
9289 0.075100 0.008558 -0.203974
9290 0.075179 0.005403 -0.212244
9291 0.074978 0.021827 -0.236699
9292 0.075111 0.013454 -0.236761
9293 0.075189 0.006883 -0.220590
9294 0.075179 0.010026 -0.228908
9295 0.075230 0.005950 -0.236724
9296 0.091655 -0.056717 0.008840
9297 0.097840 -0.059490 0.009143
9298 0.096396 -0.051191 0.008353
9299 0.104398 -0.063211 0.009526
9300 0.103629 -0.056093 0.008665
9301 0.111131 -0.067002 0.009906
9302 0.117267 -0.071433 0.010417
9303 0.096783 -0.039604 0.007639
9304 0.098679 -0.044495 0.007819
9305 0.103571 -0.048960 0.007963
9306 0.108419 -0.052026 0.008041
9307 0.111465 -0.058732 0.008695
9308 0.118763 -0.063712 0.009044
9309 0.099287 -0.034512 0.007314
9310 0.102036 -0.039172 0.007352
9311 0.104451 -0.043461 0.007485
9312 0.109529 -0.046042 0.007397
9313 0.114528 -0.051355 0.007622
9314 0.120107 -0.055811 0.007805
9315 0.104429 -0.034681 0.006967
9316 0.102997 -0.029629 0.006881
9317 0.108695 -0.038658 0.006877
9318 0.115409 -0.043276 0.006729
9319 0.121269 -0.047905 0.006732
9320 0.109030 -0.031588 0.006438
9321 0.107071 -0.024803 0.006355
9322 0.109990 -0.020717 0.005924
9323 0.114086 -0.018790 0.005398
9324 0.115618 -0.035304 0.006063
9325 0.122255 -0.039955 0.005821
9326 0.114805 -0.026066 0.005600
9327 0.118905 -0.019583 0.004855
9328 0.123062 -0.031967 0.005074
9329 0.123694 -0.023902 0.004489
9330 0.124140 -0.015906 0.004077
9331 0.098467 0.035440 0.007395
9332 0.096714 0.039974 0.007658
9333 0.104093 0.025571 0.006668
9334 0.098680 0.044771 0.007836
9335 0.091630 0.056689 0.008837
9336 0.103324 0.032891 0.006972
9337 0.101749 0.039170 0.007368
9338 0.104577 0.043557 0.007485
9339 0.109558 0.022994 0.006040
9340 0.113957 0.019427 0.005433
9341 0.109960 0.030291 0.006290
9342 0.096326 0.051198 0.008355
9343 0.103799 0.049298 0.007983
9344 0.097588 0.059273 0.009120
9345 0.108726 0.038579 0.006869
9346 0.109588 0.045662 0.007359
9347 0.118992 0.019188 0.004830
9348 0.124140 0.015906 0.004077
9349 0.116636 0.026094 0.005403
9350 0.116255 0.034705 0.005961
9351 0.103689 0.056073 0.008661
9352 0.108569 0.051840 0.008014
9353 0.104410 0.063019 0.009500
9354 0.115500 0.043069 0.006703
9355 0.114473 0.051278 0.007617
9356 0.123694 0.023902 0.004489
9357 0.123062 0.031967 0.005074
9358 0.122255 0.039955 0.005821
9359 0.111690 0.058553 0.008661
9360 0.111177 0.066864 0.009882
9361 0.121269 0.047905 0.006732
9362 0.120107 0.055811 0.007805
9363 0.118763 0.063712 0.009044
9364 0.117267 0.071433 0.010417
9365 0.104925 -0.093437 0.026808
9366 0.104607 -0.094083 0.034492
9367 0.104048 -0.094504 0.040958
9368 0.110130 -0.090066 0.023350
9369 0.109849 -0.090985 0.030977
9370 0.106482 -0.093636 0.046250
9371 0.109664 -0.091571 0.039475
9372 0.115537 -0.080461 0.017359
9373 0.113736 -0.085367 0.020245
9374 0.113637 -0.086351 0.027301
9375 0.113622 -0.086952 0.034705
9376 0.112355 -0.089054 0.046250
9377 0.113823 -0.086893 0.041028
9378 0.115604 -0.081227 0.023750
9379 0.115658 -0.081862 0.030977
9380 0.115693 -0.082266 0.038607
9381 0.115705 -0.082401 0.046250
9382 0.104272 -0.094445 0.051141
9383 0.109805 -0.091505 0.051388
9384 0.106278 -0.093439 0.057630
9385 0.113719 -0.087082 0.050806
9386 0.113085 -0.087852 0.056163
9387 0.105851 -0.093033 0.066110
9388 0.112337 -0.088389 0.062980
9389 0.115695 -0.082293 0.053097
9390 0.115668 -0.081968 0.059938
9391 0.111675 -0.088364 0.070873
9392 0.115621 -0.081426 0.066765
9393 0.115555 -0.080667 0.073571
9394 0.115537 0.080461 0.017359
9395 0.113736 0.085367 0.020245
9396 0.110129 0.090066 0.023350
9397 0.104925 0.093437 0.026808
9398 0.115604 0.081227 0.023750
9399 0.113637 0.086351 0.027301
9400 0.109849 0.090985 0.030977
9401 0.104607 0.094083 0.034492
9402 0.115658 0.081862 0.030977
9403 0.113622 0.086952 0.034705
9404 0.109664 0.091571 0.039475
9405 0.104048 0.094504 0.040958
9406 0.115693 0.082266 0.038607
9407 0.113823 0.086893 0.041028
9408 0.106482 0.093636 0.046250
9409 0.112355 0.089054 0.046250
9410 0.115705 0.082401 0.046250
9411 0.104272 0.094445 0.051141
9412 0.109805 0.091505 0.051388
9413 0.113719 0.087082 0.050806
9414 0.115695 0.082293 0.053097
9415 0.106278 0.093439 0.057630
9416 0.113085 0.087852 0.056163
9417 0.105851 0.093033 0.066110
9418 0.115667 0.081968 0.059938
9419 0.112337 0.088389 0.062980
9420 0.111675 0.088364 0.070873
9421 0.115621 0.081426 0.066765
9422 0.115555 0.080667 0.073570
9423 0.116217 -0.077297 0.015661
9424 0.117138 -0.073138 0.015112
9425 0.116751 -0.075942 0.020712
9426 0.118518 -0.066682 0.015486
9427 0.118328 -0.069065 0.022562
9428 0.117080 -0.075573 0.027895
9429 0.117116 -0.076144 0.035242
9430 0.116896 -0.077413 0.041297
9431 0.120111 -0.058133 0.015283
9432 0.117462 -0.075041 0.046250
9433 0.119919 -0.060799 0.021925
9434 0.119773 -0.062633 0.027809
9435 0.118635 -0.068970 0.032477
9436 0.118221 -0.071501 0.040549
9437 0.121219 -0.051009 0.014144
9438 0.121132 -0.053591 0.021361
9439 0.119055 -0.067644 0.046250
9440 0.120860 -0.056545 0.027772
9441 0.120240 -0.060862 0.033564
9442 0.119676 -0.064331 0.039455
9443 0.122267 -0.043207 0.013169
9444 0.122185 -0.046300 0.020492
9445 0.121981 -0.049350 0.027190
9446 0.120481 -0.060213 0.046250
9447 0.121514 -0.053398 0.033456
9448 0.121067 -0.056667 0.039460
9449 0.123141 -0.035368 0.012353
9450 0.123121 -0.038625 0.019625
9451 0.122991 -0.041766 0.026527
9452 0.122643 -0.045722 0.033168
9453 0.121742 -0.052752 0.046250
9454 0.122259 -0.049120 0.039460
9455 0.123881 -0.027015 0.011705
9456 0.123905 -0.030727 0.018923
9457 0.123878 -0.033745 0.026100
9458 0.123628 -0.037753 0.032941
9459 0.123290 -0.041471 0.039457
9460 0.122836 -0.045265 0.046250
9461 0.124379 -0.018865 0.010648
9462 0.124521 -0.013290 0.008440
9463 0.124470 -0.022973 0.017682
9464 0.124604 -0.025324 0.025726
9465 0.124388 -0.030149 0.032651
9466 0.124129 -0.033993 0.039453
9467 0.123763 -0.037755 0.046250
9468 0.124851 -0.016453 0.017670
9469 0.124878 -0.012004 0.014205
9470 0.124960 -0.018361 0.022889
9471 0.125103 -0.018987 0.028566
9472 0.124971 -0.022806 0.032944
9473 0.124800 -0.026505 0.039452
9474 0.124523 -0.030227 0.046250
9475 0.125193 -0.011663 0.021151
9476 0.125242 -0.006332 0.018820
9477 0.125354 -0.013089 0.027510
9478 0.125389 -0.015818 0.033877
9479 0.125302 -0.019089 0.039477
9480 0.125114 -0.022683 0.046250
9481 0.125500 -0.005927 0.025654
9482 0.125431 0.000000 0.022115
9483 0.125698 -0.006695 0.034122
9484 0.125662 -0.011238 0.040310
9485 0.125537 -0.015129 0.046250
9486 0.125678 0.000000 0.030141
9487 0.125827 0.000000 0.038195
9488 0.125792 -0.007566 0.046250
9489 0.125812 -0.005389 0.040999
9490 0.125877 0.000000 0.046250
9491 0.116907 -0.077371 0.050971
9492 0.117007 -0.076673 0.056453
9493 0.116820 -0.076973 0.062241
9494 0.118148 -0.071839 0.051938
9495 0.117378 -0.073815 0.067817
9496 0.118455 -0.069808 0.060237
9497 0.119586 -0.064784 0.053273
9498 0.117233 -0.073084 0.075619
9499 0.118436 -0.068309 0.071248
9500 0.118901 -0.066892 0.066153
9501 0.120102 -0.061344 0.061251
9502 0.120959 -0.057281 0.053321
9503 0.118707 -0.065846 0.076543
9504 0.119868 -0.061154 0.070195
9505 0.121021 -0.055383 0.065880
9506 0.121514 -0.053288 0.059916
9507 0.122275 -0.049012 0.053047
9508 0.119975 -0.058772 0.077724
9509 0.121084 -0.053749 0.071729
9510 0.121974 -0.049238 0.066103
9511 0.122653 -0.045573 0.059831
9512 0.123286 -0.041496 0.053149
9513 0.121216 -0.050964 0.078549
9514 0.122127 -0.046574 0.072512
9515 0.122965 -0.041844 0.066508
9516 0.123611 -0.037850 0.059841
9517 0.124129 -0.033993 0.053047
9518 0.122221 -0.043581 0.079278
9519 0.123083 -0.038977 0.072818
9520 0.123817 -0.034226 0.066806
9521 0.124804 -0.026457 0.053047
9522 0.124382 -0.030221 0.059844
9523 0.123107 -0.035711 0.080104
9524 0.123878 -0.031039 0.073553
9525 0.124493 -0.026680 0.066989
9526 0.125335 -0.018471 0.053121
9527 0.125004 -0.022140 0.060101
9528 0.123805 -0.027821 0.081000
9529 0.124441 -0.023788 0.074187
9530 0.125690 -0.010382 0.052195
9531 0.125027 -0.018212 0.067881
9532 0.125455 -0.013561 0.060202
9533 0.124290 -0.020801 0.081388
9534 0.124749 -0.017705 0.075683
9535 0.125827 -0.004628 0.051133
9536 0.125743 -0.005563 0.056954
9537 0.125367 -0.010933 0.067096
9538 0.125077 -0.012823 0.073202
9539 0.125600 -0.006039 0.063293
9540 0.124720 -0.012835 0.080786
9541 0.125838 0.000000 0.053338
9542 0.125723 0.000000 0.060425
9543 0.125377 -0.006463 0.070185
9544 0.125096 -0.008119 0.076136
9545 0.125531 0.000000 0.067511
9546 0.124870 -0.005723 0.081650
9547 0.124917 0.000000 0.081674
9548 0.125262 0.000000 0.074594
9549 0.124521 0.013289 0.008440
9550 0.125241 0.006363 0.018815
9551 0.124872 0.012048 0.014129
9552 0.125501 0.005926 0.025675
9553 0.124382 0.018846 0.010677
9554 0.125201 0.011579 0.021268
9555 0.124842 0.016633 0.017671
9556 0.125357 0.013124 0.027650
9557 0.125698 0.006695 0.034122
9558 0.125812 0.005389 0.040999
9559 0.123882 0.027008 0.011705
9560 0.124470 0.022959 0.017668
9561 0.124961 0.018353 0.022903
9562 0.125103 0.018986 0.028570
9563 0.125391 0.015752 0.033827
9564 0.125664 0.011187 0.040315
9565 0.125792 0.007566 0.046250
9566 0.123141 0.035368 0.012353
9567 0.122267 0.043207 0.013169
9568 0.116217 0.077298 0.015661
9569 0.121219 0.051009 0.014144
9570 0.120111 0.058132 0.015283
9571 0.123904 0.030736 0.018918
9572 0.124604 0.025325 0.025732
9573 0.124973 0.022775 0.032944
9574 0.125303 0.019065 0.039455
9575 0.125537 0.015129 0.046250
9576 0.123121 0.038625 0.019625
9577 0.122185 0.046300 0.020492
9578 0.117138 0.073138 0.015112
9579 0.118518 0.066681 0.015480
9580 0.116751 0.075942 0.020712
9581 0.121132 0.053591 0.021361
9582 0.119919 0.060799 0.021925
9583 0.123876 0.033764 0.026100
9584 0.124388 0.030147 0.032651
9585 0.124804 0.026457 0.039453
9586 0.125114 0.022683 0.046250
9587 0.122994 0.041741 0.026541
9588 0.121981 0.049350 0.027190
9589 0.118328 0.069065 0.022562
9590 0.117080 0.075574 0.027895
9591 0.120860 0.056545 0.027772
9592 0.119773 0.062633 0.027809
9593 0.123619 0.037843 0.032987
9594 0.124129 0.033993 0.039453
9595 0.124523 0.030227 0.046250
9596 0.122637 0.045765 0.033168
9597 0.121514 0.053398 0.033456
9598 0.117116 0.076145 0.035242
9599 0.118635 0.068970 0.032477
9600 0.120240 0.060862 0.033564
9601 0.123285 0.041513 0.039453
9602 0.123763 0.037755 0.046250
9603 0.116896 0.077413 0.041297
9604 0.122259 0.049120 0.039460
9605 0.121067 0.056667 0.039460
9606 0.118221 0.071501 0.040549
9607 0.119676 0.064331 0.039455
9608 0.122836 0.045265 0.046250
9609 0.117462 0.075041 0.046250
9610 0.121742 0.052752 0.046250
9611 0.120481 0.060213 0.046250
9612 0.119055 0.067644 0.046250
9613 0.125827 0.004628 0.051133
9614 0.125743 0.005563 0.056954
9615 0.125690 0.010382 0.052195
9616 0.125600 0.006039 0.063293
9617 0.125377 0.006463 0.070185
9618 0.125335 0.018471 0.053121
9619 0.125455 0.013561 0.060202
9620 0.125367 0.010933 0.067096
9621 0.124870 0.005723 0.081650
9622 0.125096 0.008119 0.076136
9623 0.125077 0.012823 0.073202
9624 0.124804 0.026457 0.053047
9625 0.125004 0.022140 0.060101
9626 0.125027 0.018212 0.067881
9627 0.124720 0.012835 0.080786
9628 0.124749 0.017705 0.075683
9629 0.124129 0.033993 0.053047
9630 0.124382 0.030221 0.059844
9631 0.124493 0.026680 0.066989
9632 0.124441 0.023788 0.074187
9633 0.124290 0.020801 0.081388
9634 0.123286 0.041496 0.053149
9635 0.123611 0.037850 0.059841
9636 0.123817 0.034226 0.066806
9637 0.123878 0.031039 0.073553
9638 0.123805 0.027821 0.081000
9639 0.116907 0.077371 0.050971
9640 0.122275 0.049012 0.053047
9641 0.122653 0.045573 0.059831
9642 0.122965 0.041844 0.066508
9643 0.123083 0.038977 0.072818
9644 0.123107 0.035711 0.080104
9645 0.118148 0.071839 0.051938
9646 0.117007 0.076673 0.056453
9647 0.120959 0.057281 0.053321
9648 0.119586 0.064784 0.053273
9649 0.121514 0.053288 0.059916
9650 0.121974 0.049238 0.066103
9651 0.122127 0.046574 0.072512
9652 0.122221 0.043581 0.079278
9653 0.118455 0.069808 0.060237
9654 0.116820 0.076973 0.062241
9655 0.120102 0.061344 0.061251
9656 0.121021 0.055383 0.065880
9657 0.118901 0.066892 0.066153
9658 0.121084 0.053749 0.071729
9659 0.121216 0.050964 0.078549
9660 0.117378 0.073815 0.067817
9661 0.119868 0.061154 0.070195
9662 0.118436 0.068309 0.071248
9663 0.119975 0.058772 0.077724
9664 0.117233 0.073084 0.075619
9665 0.118707 0.065846 0.076543
