5120
0 0 27 26 0 0 0
1 1 41 71 0 0 0
2 0 26 101 0 0 0
3 0 101 131 0 0 0
4 0 131 72 0 0 0
5 1 71 176 0 0 0
6 2 56 206 0 0 0
7 3 116 236 0 0 0
8 4 146 266 0 0 0
9 5 161 296 0 0 0
10 1 176 207 0 0 0
11 2 206 237 0 0 0
12 3 236 267 0 0 0
13 4 266 297 0 0 0
14 5 296 177 0 0 0
15 6 326 401 0 0 0
16 7 341 431 0 0 0
17 8 356 446 0 0 0
18 9 371 461 0 0 0
19 10 386 402 0 0 0
20 416 447 11 0 0 0
21 415 462 416 0 0 0
22 414 463 415 0 0 0
23 413 465 414 0 0 0
24 412 468 413 0 0 0
25 411 472 412 0 0 0
26 410 477 411 0 0 0
27 409 483 410 0 0 0
28 408 490 409 0 0 0
29 407 498 408 0 0 0
30 406 507 407 0 0 0
31 405 517 406 0 0 0
32 404 528 405 0 0 0
33 403 540 404 0 0 0
34 402 553 403 0 0 0
35 416 462 447 0 0 0
36 462 448 447 0 0 0
37 415 463 462 0 0 0
38 463 464 462 0 0 0
39 462 464 448 0 0 0
40 464 449 448 0 0 0
41 414 465 463 0 0 0
42 465 466 463 0 0 0
43 463 466 464 0 0 0
44 466 467 464 0 0 0
45 464 467 449 0 0 0
46 467 450 449 0 0 0
47 413 468 465 0 0 0
48 468 469 465 0 0 0
49 465 469 466 0 0 0
50 469 470 466 0 0 0
51 466 470 467 0 0 0
52 470 471 467 0 0 0
53 467 471 450 0 0 0
54 471 451 450 0 0 0
55 412 472 468 0 0 0
56 472 473 468 0 0 0
57 468 473 469 0 0 0
58 473 474 469 0 0 0
59 469 474 470 0 0 0
60 474 475 470 0 0 0
61 470 475 471 0 0 0
62 475 476 471 0 0 0
63 471 476 451 0 0 0
64 476 452 451 0 0 0
65 411 477 472 0 0 0
66 477 478 472 0 0 0
67 472 478 473 0 0 0
68 478 479 473 0 0 0
69 473 479 474 0 0 0
70 479 480 474 0 0 0
71 474 480 475 0 0 0
72 480 481 475 0 0 0
73 475 481 476 0 0 0
74 481 482 476 0 0 0
75 476 482 452 0 0 0
76 482 453 452 0 0 0
77 410 483 477 0 0 0
78 483 484 477 0 0 0
79 477 484 478 0 0 0
80 484 485 478 0 0 0
81 478 485 479 0 0 0
82 485 486 479 0 0 0
83 479 486 480 0 0 0
84 486 487 480 0 0 0
85 480 487 481 0 0 0
86 487 488 481 0 0 0
87 481 488 482 0 0 0
88 488 489 482 0 0 0
89 482 489 453 0 0 0
90 489 454 453 0 0 0
91 409 490 483 0 0 0
92 490 491 483 0 0 0
93 483 491 484 0 0 0
94 491 492 484 0 0 0
95 484 492 485 0 0 0
96 492 493 485 0 0 0
97 485 493 486 0 0 0
98 493 494 486 0 0 0
99 486 494 487 0 0 0
100 494 495 487 0 0 0
101 487 495 488 0 0 0
102 495 496 488 0 0 0
103 488 496 489 0 0 0
104 496 497 489 0 0 0
105 489 497 454 0 0 0
106 497 455 454 0 0 0
107 408 498 490 0 0 0
108 498 499 490 0 0 0
109 490 499 491 0 0 0
110 499 500 491 0 0 0
111 491 500 492 0 0 0
112 500 501 492 0 0 0
113 492 501 493 0 0 0
114 501 502 493 0 0 0
115 493 502 494 0 0 0
116 502 503 494 0 0 0
117 494 503 495 0 0 0
118 503 504 495 0 0 0
119 495 504 496 0 0 0
120 504 505 496 0 0 0
121 496 505 497 0 0 0
122 505 506 497 0 0 0
123 497 506 455 0 0 0
124 506 456 455 0 0 0
125 407 507 498 0 0 0
126 507 508 498 0 0 0
127 498 508 499 0 0 0
128 508 509 499 0 0 0
129 499 509 500 0 0 0
130 509 510 500 0 0 0
131 500 510 501 0 0 0
132 510 511 501 0 0 0
133 501 511 502 0 0 0
134 511 512 502 0 0 0
135 502 512 503 0 0 0
136 512 513 503 0 0 0
137 503 513 504 0 0 0
138 513 514 504 0 0 0
139 504 514 505 0 0 0
140 514 515 505 0 0 0
141 505 515 506 0 0 0
142 515 516 506 0 0 0
143 506 516 456 0 0 0
144 516 457 456 0 0 0
145 406 517 507 0 0 0
146 517 518 507 0 0 0
147 507 518 508 0 0 0
148 518 519 508 0 0 0
149 508 519 509 0 0 0
150 519 520 509 0 0 0
151 509 520 510 0 0 0
152 520 521 510 0 0 0
153 510 521 511 0 0 0
154 521 522 511 0 0 0
155 511 522 512 0 0 0
156 522 523 512 0 0 0
157 512 523 513 0 0 0
158 523 524 513 0 0 0
159 513 524 514 0 0 0
160 524 525 514 0 0 0
161 514 525 515 0 0 0
162 525 526 515 0 0 0
163 515 526 516 0 0 0
164 526 527 516 0 0 0
165 516 527 457 0 0 0
166 527 458 457 0 0 0
167 405 528 517 0 0 0
168 528 529 517 0 0 0
169 517 529 518 0 0 0
170 529 530 518 0 0 0
171 518 530 519 0 0 0
172 530 531 519 0 0 0
173 519 531 520 0 0 0
174 531 532 520 0 0 0
175 520 532 521 0 0 0
176 532 533 521 0 0 0
177 521 533 522 0 0 0
178 533 534 522 0 0 0
179 522 534 523 0 0 0
180 534 535 523 0 0 0
181 523 535 524 0 0 0
182 535 536 524 0 0 0
183 524 536 525 0 0 0
184 536 537 525 0 0 0
185 525 537 526 0 0 0
186 537 538 526 0 0 0
187 526 538 527 0 0 0
188 538 539 527 0 0 0
189 527 539 458 0 0 0
190 539 459 458 0 0 0
191 404 540 528 0 0 0
192 540 541 528 0 0 0
193 528 541 529 0 0 0
194 541 542 529 0 0 0
195 529 542 530 0 0 0
196 542 543 530 0 0 0
197 530 543 531 0 0 0
198 543 544 531 0 0 0
199 531 544 532 0 0 0
200 544 545 532 0 0 0
201 532 545 533 0 0 0
202 545 546 533 0 0 0
203 533 546 534 0 0 0
204 546 547 534 0 0 0
205 534 547 535 0 0 0
206 547 548 535 0 0 0
207 535 548 536 0 0 0
208 548 549 536 0 0 0
209 536 549 537 0 0 0
210 549 550 537 0 0 0
211 537 550 538 0 0 0
212 550 551 538 0 0 0
213 538 551 539 0 0 0
214 551 552 539 0 0 0
215 539 552 459 0 0 0
216 552 460 459 0 0 0
217 403 553 540 0 0 0
218 553 554 540 0 0 0
219 540 554 541 0 0 0
220 554 555 541 0 0 0
221 541 555 542 0 0 0
222 555 556 542 0 0 0
223 542 556 543 0 0 0
224 556 557 543 0 0 0
225 543 557 544 0 0 0
226 557 558 544 0 0 0
227 544 558 545 0 0 0
228 558 559 545 0 0 0
229 545 559 546 0 0 0
230 559 560 546 0 0 0
231 546 560 547 0 0 0
232 560 561 547 0 0 0
233 547 561 548 0 0 0
234 561 562 548 0 0 0
235 548 562 549 0 0 0
236 562 563 549 0 0 0
237 549 563 550 0 0 0
238 563 564 550 0 0 0
239 550 564 551 0 0 0
240 564 565 551 0 0 0
241 551 565 552 0 0 0
242 565 566 552 0 0 0
243 552 566 460 0 0 0
244 566 461 460 0 0 0
245 402 386 553 0 0 0
246 386 385 553 0 0 0
247 553 385 554 0 0 0
248 385 384 554 0 0 0
249 554 384 555 0 0 0
250 384 383 555 0 0 0
251 555 383 556 0 0 0
252 383 382 556 0 0 0
253 556 382 557 0 0 0
254 382 381 557 0 0 0
255 557 381 558 0 0 0
256 381 380 558 0 0 0
257 558 380 559 0 0 0
258 380 379 559 0 0 0
259 559 379 560 0 0 0
260 379 378 560 0 0 0
261 560 378 561 0 0 0
262 378 377 561 0 0 0
263 561 377 562 0 0 0
264 377 376 562 0 0 0
265 562 376 563 0 0 0
266 376 375 563 0 0 0
267 563 375 564 0 0 0
268 375 374 564 0 0 0
269 564 374 565 0 0 0
270 374 373 565 0 0 0
271 565 373 566 0 0 0
272 373 372 566 0 0 0
273 566 372 461 0 0 0
274 372 9 461 0 0 0
275 447 432 11 0 0 0
276 448 567 447 0 0 0
277 449 568 448 0 0 0
278 450 570 449 0 0 0
279 451 573 450 0 0 0
280 452 577 451 0 0 0
281 453 582 452 0 0 0
282 454 588 453 0 0 0
283 455 595 454 0 0 0
284 456 603 455 0 0 0
285 457 612 456 0 0 0
286 458 622 457 0 0 0
287 459 633 458 0 0 0
288 460 645 459 0 0 0
289 461 658 460 0 0 0
290 447 567 432 0 0 0
291 567 433 432 0 0 0
292 448 568 567 0 0 0
293 568 569 567 0 0 0
294 567 569 433 0 0 0
295 569 434 433 0 0 0
296 449 570 568 0 0 0
297 570 571 568 0 0 0
298 568 571 569 0 0 0
299 571 572 569 0 0 0
300 569 572 434 0 0 0
301 572 435 434 0 0 0
302 450 573 570 0 0 0
303 573 574 570 0 0 0
304 570 574 571 0 0 0
305 574 575 571 0 0 0
306 571 575 572 0 0 0
307 575 576 572 0 0 0
308 572 576 435 0 0 0
309 576 436 435 0 0 0
310 451 577 573 0 0 0
311 577 578 573 0 0 0
312 573 578 574 0 0 0
313 578 579 574 0 0 0
314 574 579 575 0 0 0
315 579 580 575 0 0 0
316 575 580 576 0 0 0
317 580 581 576 0 0 0
318 576 581 436 0 0 0
319 581 437 436 0 0 0
320 452 582 577 0 0 0
321 582 583 577 0 0 0
322 577 583 578 0 0 0
323 583 584 578 0 0 0
324 578 584 579 0 0 0
325 584 585 579 0 0 0
326 579 585 580 0 0 0
327 585 586 580 0 0 0
328 580 586 581 0 0 0
329 586 587 581 0 0 0
330 581 587 437 0 0 0
331 587 438 437 0 0 0
332 453 588 582 0 0 0
333 588 589 582 0 0 0
334 582 589 583 0 0 0
335 589 590 583 0 0 0
336 583 590 584 0 0 0
337 590 591 584 0 0 0
338 584 591 585 0 0 0
339 591 592 585 0 0 0
340 585 592 586 0 0 0
341 592 593 586 0 0 0
342 586 593 587 0 0 0
343 593 594 587 0 0 0
344 587 594 438 0 0 0
345 594 439 438 0 0 0
346 454 595 588 0 0 0
347 595 596 588 0 0 0
348 588 596 589 0 0 0
349 596 597 589 0 0 0
350 589 597 590 0 0 0
351 597 598 590 0 0 0
352 590 598 591 0 0 0
353 598 599 591 0 0 0
354 591 599 592 0 0 0
355 599 600 592 0 0 0
356 592 600 593 0 0 0
357 600 601 593 0 0 0
358 593 601 594 0 0 0
359 601 602 594 0 0 0
360 594 602 439 0 0 0
361 602 440 439 0 0 0
362 455 603 595 0 0 0
363 603 604 595 0 0 0
364 595 604 596 0 0 0
365 604 605 596 0 0 0
366 596 605 597 0 0 0
367 605 606 597 0 0 0
368 597 606 598 0 0 0
369 606 607 598 0 0 0
370 598 607 599 0 0 0
371 607 608 599 0 0 0
372 599 608 600 0 0 0
373 608 609 600 0 0 0
374 600 609 601 0 0 0
375 609 610 601 0 0 0
376 601 610 602 0 0 0
377 610 611 602 0 0 0
378 602 611 440 0 0 0
379 611 441 440 0 0 0
380 456 612 603 0 0 0
381 612 613 603 0 0 0
382 603 613 604 0 0 0
383 613 614 604 0 0 0
384 604 614 605 0 0 0
385 614 615 605 0 0 0
386 605 615 606 0 0 0
387 615 616 606 0 0 0
388 606 616 607 0 0 0
389 616 617 607 0 0 0
390 607 617 608 0 0 0
391 617 618 608 0 0 0
392 608 618 609 0 0 0
393 618 619 609 0 0 0
394 609 619 610 0 0 0
395 619 620 610 0 0 0
396 610 620 611 0 0 0
397 620 621 611 0 0 0
398 611 621 441 0 0 0
399 621 442 441 0 0 0
400 457 622 612 0 0 0
401 622 623 612 0 0 0
402 612 623 613 0 0 0
403 623 624 613 0 0 0
404 613 624 614 0 0 0
405 624 625 614 0 0 0
406 614 625 615 0 0 0
407 625 626 615 0 0 0
408 615 626 616 0 0 0
409 626 627 616 0 0 0
410 616 627 617 0 0 0
411 627 628 617 0 0 0
412 617 628 618 0 0 0
413 628 629 618 0 0 0
414 618 629 619 0 0 0
415 629 630 619 0 0 0
416 619 630 620 0 0 0
417 630 631 620 0 0 0
418 620 631 621 0 0 0
419 631 632 621 0 0 0
420 621 632 442 0 0 0
421 632 443 442 0 0 0
422 458 633 622 0 0 0
423 633 634 622 0 0 0
424 622 634 623 0 0 0
425 634 635 623 0 0 0
426 623 635 624 0 0 0
427 635 636 624 0 0 0
428 624 636 625 0 0 0
429 636 637 625 0 0 0
430 625 637 626 0 0 0
431 637 638 626 0 0 0
432 626 638 627 0 0 0
433 638 639 627 0 0 0
434 627 639 628 0 0 0
435 639 640 628 0 0 0
436 628 640 629 0 0 0
437 640 641 629 0 0 0
438 629 641 630 0 0 0
439 641 642 630 0 0 0
440 630 642 631 0 0 0
441 642 643 631 0 0 0
442 631 643 632 0 0 0
443 643 644 632 0 0 0
444 632 644 443 0 0 0
445 644 444 443 0 0 0
446 459 645 633 0 0 0
447 645 646 633 0 0 0
448 633 646 634 0 0 0
449 646 647 634 0 0 0
450 634 647 635 0 0 0
451 647 648 635 0 0 0
452 635 648 636 0 0 0
453 648 649 636 0 0 0
454 636 649 637 0 0 0
455 649 650 637 0 0 0
456 637 650 638 0 0 0
457 650 651 638 0 0 0
458 638 651 639 0 0 0
459 651 652 639 0 0 0
460 639 652 640 0 0 0
461 652 653 640 0 0 0
462 640 653 641 0 0 0
463 653 654 641 0 0 0
464 641 654 642 0 0 0
465 654 655 642 0 0 0
466 642 655 643 0 0 0
467 655 656 643 0 0 0
468 643 656 644 0 0 0
469 656 657 644 0 0 0
470 644 657 444 0 0 0
471 657 445 444 0 0 0
472 460 658 645 0 0 0
473 658 659 645 0 0 0
474 645 659 646 0 0 0
475 659 660 646 0 0 0
476 646 660 647 0 0 0
477 660 661 647 0 0 0
478 647 661 648 0 0 0
479 661 662 648 0 0 0
480 648 662 649 0 0 0
481 662 663 649 0 0 0
482 649 663 650 0 0 0
483 663 664 650 0 0 0
484 650 664 651 0 0 0
485 664 665 651 0 0 0
486 651 665 652 0 0 0
487 665 666 652 0 0 0
488 652 666 653 0 0 0
489 666 667 653 0 0 0
490 653 667 654 0 0 0
491 667 668 654 0 0 0
492 654 668 655 0 0 0
493 668 669 655 0 0 0
494 655 669 656 0 0 0
495 669 670 656 0 0 0
496 656 670 657 0 0 0
497 670 671 657 0 0 0
498 657 671 445 0 0 0
499 671 446 445 0 0 0
500 461 371 658 0 0 0
501 371 370 658 0 0 0
502 658 370 659 0 0 0
503 370 369 659 0 0 0
504 659 369 660 0 0 0
505 369 368 660 0 0 0
506 660 368 661 0 0 0
507 368 367 661 0 0 0
508 661 367 662 0 0 0
509 367 366 662 0 0 0
510 662 366 663 0 0 0
511 366 365 663 0 0 0
512 663 365 664 0 0 0
513 365 364 664 0 0 0
514 664 364 665 0 0 0
515 364 363 665 0 0 0
516 665 363 666 0 0 0
517 363 362 666 0 0 0
518 666 362 667 0 0 0
519 362 361 667 0 0 0
520 667 361 668 0 0 0
521 361 360 668 0 0 0
522 668 360 669 0 0 0
523 360 359 669 0 0 0
524 669 359 670 0 0 0
525 359 358 670 0 0 0
526 670 358 671 0 0 0
527 358 357 671 0 0 0
528 671 357 446 0 0 0
529 357 8 446 0 0 0
530 432 417 11 0 0 0
531 433 672 432 0 0 0
532 434 673 433 0 0 0
533 435 675 434 0 0 0
534 436 678 435 0 0 0
535 437 682 436 0 0 0
536 438 687 437 0 0 0
537 439 693 438 0 0 0
538 440 700 439 0 0 0
539 441 708 440 0 0 0
540 442 717 441 0 0 0
541 443 727 442 0 0 0
542 444 738 443 0 0 0
543 445 750 444 0 0 0
544 446 763 445 0 0 0
545 432 672 417 0 0 0
546 672 418 417 0 0 0
547 433 673 672 0 0 0
548 673 674 672 0 0 0
549 672 674 418 0 0 0
550 674 419 418 0 0 0
551 434 675 673 0 0 0
552 675 676 673 0 0 0
553 673 676 674 0 0 0
554 676 677 674 0 0 0
555 674 677 419 0 0 0
556 677 420 419 0 0 0
557 435 678 675 0 0 0
558 678 679 675 0 0 0
559 675 679 676 0 0 0
560 679 680 676 0 0 0
561 676 680 677 0 0 0
562 680 681 677 0 0 0
563 677 681 420 0 0 0
564 681 421 420 0 0 0
565 436 682 678 0 0 0
566 682 683 678 0 0 0
567 678 683 679 0 0 0
568 683 684 679 0 0 0
569 679 684 680 0 0 0
570 684 685 680 0 0 0
571 680 685 681 0 0 0
572 685 686 681 0 0 0
573 681 686 421 0 0 0
574 686 422 421 0 0 0
575 437 687 682 0 0 0
576 687 688 682 0 0 0
577 682 688 683 0 0 0
578 688 689 683 0 0 0
579 683 689 684 0 0 0
580 689 690 684 0 0 0
581 684 690 685 0 0 0
582 690 691 685 0 0 0
583 685 691 686 0 0 0
584 691 692 686 0 0 0
585 686 692 422 0 0 0
586 692 423 422 0 0 0
587 438 693 687 0 0 0
588 693 694 687 0 0 0
589 687 694 688 0 0 0
590 694 695 688 0 0 0
591 688 695 689 0 0 0
592 695 696 689 0 0 0
593 689 696 690 0 0 0
594 696 697 690 0 0 0
595 690 697 691 0 0 0
596 697 698 691 0 0 0
597 691 698 692 0 0 0
598 698 699 692 0 0 0
599 692 699 423 0 0 0
600 699 424 423 0 0 0
601 439 700 693 0 0 0
602 700 701 693 0 0 0
603 693 701 694 0 0 0
604 701 702 694 0 0 0
605 694 702 695 0 0 0
606 702 703 695 0 0 0
607 695 703 696 0 0 0
608 703 704 696 0 0 0
609 696 704 697 0 0 0
610 704 705 697 0 0 0
611 697 705 698 0 0 0
612 705 706 698 0 0 0
613 698 706 699 0 0 0
614 706 707 699 0 0 0
615 699 707 424 0 0 0
616 707 425 424 0 0 0
617 440 708 700 0 0 0
618 708 709 700 0 0 0
619 700 709 701 0 0 0
620 709 710 701 0 0 0
621 701 710 702 0 0 0
622 710 711 702 0 0 0
623 702 711 703 0 0 0
624 711 712 703 0 0 0
625 703 712 704 0 0 0
626 712 713 704 0 0 0
627 704 713 705 0 0 0
628 713 714 705 0 0 0
629 705 714 706 0 0 0
630 714 715 706 0 0 0
631 706 715 707 0 0 0
632 715 716 707 0 0 0
633 707 716 425 0 0 0
634 716 426 425 0 0 0
635 441 717 708 0 0 0
636 717 718 708 0 0 0
637 708 718 709 0 0 0
638 718 719 709 0 0 0
639 709 719 710 0 0 0
640 719 720 710 0 0 0
641 710 720 711 0 0 0
642 720 721 711 0 0 0
643 711 721 712 0 0 0
644 721 722 712 0 0 0
645 712 722 713 0 0 0
646 722 723 713 0 0 0
647 713 723 714 0 0 0
648 723 724 714 0 0 0
649 714 724 715 0 0 0
650 724 725 715 0 0 0
651 715 725 716 0 0 0
652 725 726 716 0 0 0
653 716 726 426 0 0 0
654 726 427 426 0 0 0
655 442 727 717 0 0 0
656 727 728 717 0 0 0
657 717 728 718 0 0 0
658 728 729 718 0 0 0
659 718 729 719 0 0 0
660 729 730 719 0 0 0
661 719 730 720 0 0 0
662 730 731 720 0 0 0
663 720 731 721 0 0 0
664 731 732 721 0 0 0
665 721 732 722 0 0 0
666 732 733 722 0 0 0
667 722 733 723 0 0 0
668 733 734 723 0 0 0
669 723 734 724 0 0 0
670 734 735 724 0 0 0
671 724 735 725 0 0 0
672 735 736 725 0 0 0
673 725 736 726 0 0 0
674 736 737 726 0 0 0
675 726 737 427 0 0 0
676 737 428 427 0 0 0
677 443 738 727 0 0 0
678 738 739 727 0 0 0
679 727 739 728 0 0 0
680 739 740 728 0 0 0
681 728 740 729 0 0 0
682 740 741 729 0 0 0
683 729 741 730 0 0 0
684 741 742 730 0 0 0
685 730 742 731 0 0 0
686 742 743 731 0 0 0
687 731 743 732 0 0 0
688 743 744 732 0 0 0
689 732 744 733 0 0 0
690 744 745 733 0 0 0
691 733 745 734 0 0 0
692 745 746 734 0 0 0
693 734 746 735 0 0 0
694 746 747 735 0 0 0
695 735 747 736 0 0 0
696 747 748 736 0 0 0
697 736 748 737 0 0 0
698 748 749 737 0 0 0
699 737 749 428 0 0 0
700 749 429 428 0 0 0
701 444 750 738 0 0 0
702 750 751 738 0 0 0
703 738 751 739 0 0 0
704 751 752 739 0 0 0
705 739 752 740 0 0 0
706 752 753 740 0 0 0
707 740 753 741 0 0 0
708 753 754 741 0 0 0
709 741 754 742 0 0 0
710 754 755 742 0 0 0
711 742 755 743 0 0 0
712 755 756 743 0 0 0
713 743 756 744 0 0 0
714 756 757 744 0 0 0
715 744 757 745 0 0 0
716 757 758 745 0 0 0
717 745 758 746 0 0 0
718 758 759 746 0 0 0
719 746 759 747 0 0 0
720 759 760 747 0 0 0
721 747 760 748 0 0 0
722 760 761 748 0 0 0
723 748 761 749 0 0 0
724 761 762 749 0 0 0
725 749 762 429 0 0 0
726 762 430 429 0 0 0
727 445 763 750 0 0 0
728 763 764 750 0 0 0
729 750 764 751 0 0 0
730 764 765 751 0 0 0
731 751 765 752 0 0 0
732 765 766 752 0 0 0
733 752 766 753 0 0 0
734 766 767 753 0 0 0
735 753 767 754 0 0 0
736 767 768 754 0 0 0
737 754 768 755 0 0 0
738 768 769 755 0 0 0
739 755 769 756 0 0 0
740 769 770 756 0 0 0
741 756 770 757 0 0 0
742 770 771 757 0 0 0
743 757 771 758 0 0 0
744 771 772 758 0 0 0
745 758 772 759 0 0 0
746 772 773 759 0 0 0
747 759 773 760 0 0 0
748 773 774 760 0 0 0
749 760 774 761 0 0 0
750 774 775 761 0 0 0
751 761 775 762 0 0 0
752 775 776 762 0 0 0
753 762 776 430 0 0 0
754 776 431 430 0 0 0
755 446 356 763 0 0 0
756 356 355 763 0 0 0
757 763 355 764 0 0 0
758 355 354 764 0 0 0
759 764 354 765 0 0 0
760 354 353 765 0 0 0
761 765 353 766 0 0 0
762 353 352 766 0 0 0
763 766 352 767 0 0 0
764 352 351 767 0 0 0
765 767 351 768 0 0 0
766 351 350 768 0 0 0
767 768 350 769 0 0 0
768 350 349 769 0 0 0
769 769 349 770 0 0 0
770 349 348 770 0 0 0
771 770 348 771 0 0 0
772 348 347 771 0 0 0
773 771 347 772 0 0 0
774 347 346 772 0 0 0
775 772 346 773 0 0 0
776 346 345 773 0 0 0
777 773 345 774 0 0 0
778 345 344 774 0 0 0
779 774 344 775 0 0 0
780 344 343 775 0 0 0
781 775 343 776 0 0 0
782 343 342 776 0 0 0
783 776 342 431 0 0 0
784 342 7 431 0 0 0
785 417 387 11 0 0 0
786 418 777 417 0 0 0
787 419 778 418 0 0 0
788 420 780 419 0 0 0
789 421 783 420 0 0 0
790 422 787 421 0 0 0
791 423 792 422 0 0 0
792 424 798 423 0 0 0
793 425 805 424 0 0 0
794 426 813 425 0 0 0
795 427 822 426 0 0 0
796 428 832 427 0 0 0
797 429 843 428 0 0 0
798 430 855 429 0 0 0
799 431 868 430 0 0 0
800 417 777 387 0 0 0
801 777 388 387 0 0 0
802 418 778 777 0 0 0
803 778 779 777 0 0 0
804 777 779 388 0 0 0
805 779 389 388 0 0 0
806 419 780 778 0 0 0
807 780 781 778 0 0 0
808 778 781 779 0 0 0
809 781 782 779 0 0 0
810 779 782 389 0 0 0
811 782 390 389 0 0 0
812 420 783 780 0 0 0
813 783 784 780 0 0 0
814 780 784 781 0 0 0
815 784 785 781 0 0 0
816 781 785 782 0 0 0
817 785 786 782 0 0 0
818 782 786 390 0 0 0
819 786 391 390 0 0 0
820 421 787 783 0 0 0
821 787 788 783 0 0 0
822 783 788 784 0 0 0
823 788 789 784 0 0 0
824 784 789 785 0 0 0
825 789 790 785 0 0 0
826 785 790 786 0 0 0
827 790 791 786 0 0 0
828 786 791 391 0 0 0
829 791 392 391 0 0 0
830 422 792 787 0 0 0
831 792 793 787 0 0 0
832 787 793 788 0 0 0
833 793 794 788 0 0 0
834 788 794 789 0 0 0
835 794 795 789 0 0 0
836 789 795 790 0 0 0
837 795 796 790 0 0 0
838 790 796 791 0 0 0
839 796 797 791 0 0 0
840 791 797 392 0 0 0
841 797 393 392 0 0 0
842 423 798 792 0 0 0
843 798 799 792 0 0 0
844 792 799 793 0 0 0
845 799 800 793 0 0 0
846 793 800 794 0 0 0
847 800 801 794 0 0 0
848 794 801 795 0 0 0
849 801 802 795 0 0 0
850 795 802 796 0 0 0
851 802 803 796 0 0 0
852 796 803 797 0 0 0
853 803 804 797 0 0 0
854 797 804 393 0 0 0
855 804 394 393 0 0 0
856 424 805 798 0 0 0
857 805 806 798 0 0 0
858 798 806 799 0 0 0
859 806 807 799 0 0 0
860 799 807 800 0 0 0
861 807 808 800 0 0 0
862 800 808 801 0 0 0
863 808 809 801 0 0 0
864 801 809 802 0 0 0
865 809 810 802 0 0 0
866 802 810 803 0 0 0
867 810 811 803 0 0 0
868 803 811 804 0 0 0
869 811 812 804 0 0 0
870 804 812 394 0 0 0
871 812 395 394 0 0 0
872 425 813 805 0 0 0
873 813 814 805 0 0 0
874 805 814 806 0 0 0
875 814 815 806 0 0 0
876 806 815 807 0 0 0
877 815 816 807 0 0 0
878 807 816 808 0 0 0
879 816 817 808 0 0 0
880 808 817 809 0 0 0
881 817 818 809 0 0 0
882 809 818 810 0 0 0
883 818 819 810 0 0 0
884 810 819 811 0 0 0
885 819 820 811 0 0 0
886 811 820 812 0 0 0
887 820 821 812 0 0 0
888 812 821 395 0 0 0
889 821 396 395 0 0 0
890 426 822 813 0 0 0
891 822 823 813 0 0 0
892 813 823 814 0 0 0
893 823 824 814 0 0 0
894 814 824 815 0 0 0
895 824 825 815 0 0 0
896 815 825 816 0 0 0
897 825 826 816 0 0 0
898 816 826 817 0 0 0
899 826 827 817 0 0 0
900 817 827 818 0 0 0
901 827 828 818 0 0 0
902 818 828 819 0 0 0
903 828 829 819 0 0 0
904 819 829 820 0 0 0
905 829 830 820 0 0 0
906 820 830 821 0 0 0
907 830 831 821 0 0 0
908 821 831 396 0 0 0
909 831 397 396 0 0 0
910 427 832 822 0 0 0
911 832 833 822 0 0 0
912 822 833 823 0 0 0
913 833 834 823 0 0 0
914 823 834 824 0 0 0
915 834 835 824 0 0 0
916 824 835 825 0 0 0
917 835 836 825 0 0 0
918 825 836 826 0 0 0
919 836 837 826 0 0 0
920 826 837 827 0 0 0
921 837 838 827 0 0 0
922 827 838 828 0 0 0
923 838 839 828 0 0 0
924 828 839 829 0 0 0
925 839 840 829 0 0 0
926 829 840 830 0 0 0
927 840 841 830 0 0 0
928 830 841 831 0 0 0
929 841 842 831 0 0 0
930 831 842 397 0 0 0
931 842 398 397 0 0 0
932 428 843 832 0 0 0
933 843 844 832 0 0 0
934 832 844 833 0 0 0
935 844 845 833 0 0 0
936 833 845 834 0 0 0
937 845 846 834 0 0 0
938 834 846 835 0 0 0
939 846 847 835 0 0 0
940 835 847 836 0 0 0
941 847 848 836 0 0 0
942 836 848 837 0 0 0
943 848 849 837 0 0 0
944 837 849 838 0 0 0
945 849 850 838 0 0 0
946 838 850 839 0 0 0
947 850 851 839 0 0 0
948 839 851 840 0 0 0
949 851 852 840 0 0 0
950 840 852 841 0 0 0
951 852 853 841 0 0 0
952 841 853 842 0 0 0
953 853 854 842 0 0 0
954 842 854 398 0 0 0
955 854 399 398 0 0 0
956 429 855 843 0 0 0
957 855 856 843 0 0 0
958 843 856 844 0 0 0
959 856 857 844 0 0 0
960 844 857 845 0 0 0
961 857 858 845 0 0 0
962 845 858 846 0 0 0
963 858 859 846 0 0 0
964 846 859 847 0 0 0
965 859 860 847 0 0 0
966 847 860 848 0 0 0
967 860 861 848 0 0 0
968 848 861 849 0 0 0
969 861 862 849 0 0 0
970 849 862 850 0 0 0
971 862 863 850 0 0 0
972 850 863 851 0 0 0
973 863 864 851 0 0 0
974 851 864 852 0 0 0
975 864 865 852 0 0 0
976 852 865 853 0 0 0
977 865 866 853 0 0 0
978 853 866 854 0 0 0
979 866 867 854 0 0 0
980 854 867 399 0 0 0
981 867 400 399 0 0 0
982 430 868 855 0 0 0
983 868 869 855 0 0 0
984 855 869 856 0 0 0
985 869 870 856 0 0 0
986 856 870 857 0 0 0
987 870 871 857 0 0 0
988 857 871 858 0 0 0
989 871 872 858 0 0 0
990 858 872 859 0 0 0
991 872 873 859 0 0 0
992 859 873 860 0 0 0
993 873 874 860 0 0 0
994 860 874 861 0 0 0
995 874 875 861 0 0 0
996 861 875 862 0 0 0
997 875 876 862 0 0 0
998 862 876 863 0 0 0
999 876 877 863 0 0 0
1000 863 877 864 0 0 0
1001 877 878 864 0 0 0
1002 864 878 865 0 0 0
1003 878 879 865 0 0 0
1004 865 879 866 0 0 0
1005 879 880 866 0 0 0
1006 866 880 867 0 0 0
1007 880 881 867 0 0 0
1008 867 881 400 0 0 0
1009 881 401 400 0 0 0
1010 431 341 868 0 0 0
1011 341 340 868 0 0 0
1012 868 340 869 0 0 0
1013 340 339 869 0 0 0
1014 869 339 870 0 0 0
1015 339 338 870 0 0 0
1016 870 338 871 0 0 0
1017 338 337 871 0 0 0
1018 871 337 872 0 0 0
1019 337 336 872 0 0 0
1020 872 336 873 0 0 0
1021 336 335 873 0 0 0
1022 873 335 874 0 0 0
1023 335 334 874 0 0 0
1024 874 334 875 0 0 0
1025 334 333 875 0 0 0
1026 875 333 876 0 0 0
1027 333 332 876 0 0 0
1028 876 332 877 0 0 0
1029 332 331 877 0 0 0
1030 877 331 878 0 0 0
1031 331 330 878 0 0 0
1032 878 330 879 0 0 0
1033 330 329 879 0 0 0
1034 879 329 880 0 0 0
1035 329 328 880 0 0 0
1036 880 328 881 0 0 0
1037 328 327 881 0 0 0
1038 881 327 401 0 0 0
1039 327 6 401 0 0 0
1040 387 416 11 0 0 0
1041 388 882 387 0 0 0
1042 389 883 388 0 0 0
1043 390 885 389 0 0 0
1044 391 888 390 0 0 0
1045 392 892 391 0 0 0
1046 393 897 392 0 0 0
1047 394 903 393 0 0 0
1048 395 910 394 0 0 0
1049 396 918 395 0 0 0
1050 397 927 396 0 0 0
1051 398 937 397 0 0 0
1052 399 948 398 0 0 0
1053 400 960 399 0 0 0
1054 401 973 400 0 0 0
1055 387 882 416 0 0 0
1056 882 415 416 0 0 0
1057 388 883 882 0 0 0
1058 883 884 882 0 0 0
1059 882 884 415 0 0 0
1060 884 414 415 0 0 0
1061 389 885 883 0 0 0
1062 885 886 883 0 0 0
1063 883 886 884 0 0 0
1064 886 887 884 0 0 0
1065 884 887 414 0 0 0
1066 887 413 414 0 0 0
1067 390 888 885 0 0 0
1068 888 889 885 0 0 0
1069 885 889 886 0 0 0
1070 889 890 886 0 0 0
1071 886 890 887 0 0 0
1072 890 891 887 0 0 0
1073 887 891 413 0 0 0
1074 891 412 413 0 0 0
1075 391 892 888 0 0 0
1076 892 893 888 0 0 0
1077 888 893 889 0 0 0
1078 893 894 889 0 0 0
1079 889 894 890 0 0 0
1080 894 895 890 0 0 0
1081 890 895 891 0 0 0
1082 895 896 891 0 0 0
1083 891 896 412 0 0 0
1084 896 411 412 0 0 0
1085 392 897 892 0 0 0
1086 897 898 892 0 0 0
1087 892 898 893 0 0 0
1088 898 899 893 0 0 0
1089 893 899 894 0 0 0
1090 899 900 894 0 0 0
1091 894 900 895 0 0 0
1092 900 901 895 0 0 0
1093 895 901 896 0 0 0
1094 901 902 896 0 0 0
1095 896 902 411 0 0 0
1096 902 410 411 0 0 0
1097 393 903 897 0 0 0
1098 903 904 897 0 0 0
1099 897 904 898 0 0 0
1100 904 905 898 0 0 0
1101 898 905 899 0 0 0
1102 905 906 899 0 0 0
1103 899 906 900 0 0 0
1104 906 907 900 0 0 0
1105 900 907 901 0 0 0
1106 907 908 901 0 0 0
1107 901 908 902 0 0 0
1108 908 909 902 0 0 0
1109 902 909 410 0 0 0
1110 909 409 410 0 0 0
1111 394 910 903 0 0 0
1112 910 911 903 0 0 0
1113 903 911 904 0 0 0
1114 911 912 904 0 0 0
1115 904 912 905 0 0 0
1116 912 913 905 0 0 0
1117 905 913 906 0 0 0
1118 913 914 906 0 0 0
1119 906 914 907 0 0 0
1120 914 915 907 0 0 0
1121 907 915 908 0 0 0
1122 915 916 908 0 0 0
1123 908 916 909 0 0 0
1124 916 917 909 0 0 0
1125 909 917 409 0 0 0
1126 917 408 409 0 0 0
1127 395 918 910 0 0 0
1128 918 919 910 0 0 0
1129 910 919 911 0 0 0
1130 919 920 911 0 0 0
1131 911 920 912 0 0 0
1132 920 921 912 0 0 0
1133 912 921 913 0 0 0
1134 921 922 913 0 0 0
1135 913 922 914 0 0 0
1136 922 923 914 0 0 0
1137 914 923 915 0 0 0
1138 923 924 915 0 0 0
1139 915 924 916 0 0 0
1140 924 925 916 0 0 0
1141 916 925 917 0 0 0
1142 925 926 917 0 0 0
1143 917 926 408 0 0 0
1144 926 407 408 0 0 0
1145 396 927 918 0 0 0
1146 927 928 918 0 0 0
1147 918 928 919 0 0 0
1148 928 929 919 0 0 0
1149 919 929 920 0 0 0
1150 929 930 920 0 0 0
1151 920 930 921 0 0 0
1152 930 931 921 0 0 0
1153 921 931 922 0 0 0
1154 931 932 922 0 0 0
1155 922 932 923 0 0 0
1156 932 933 923 0 0 0
1157 923 933 924 0 0 0
1158 933 934 924 0 0 0
1159 924 934 925 0 0 0
1160 934 935 925 0 0 0
1161 925 935 926 0 0 0
1162 935 936 926 0 0 0
1163 926 936 407 0 0 0
1164 936 406 407 0 0 0
1165 397 937 927 0 0 0
1166 937 938 927 0 0 0
1167 927 938 928 0 0 0
1168 938 939 928 0 0 0
1169 928 939 929 0 0 0
1170 939 940 929 0 0 0
1171 929 940 930 0 0 0
1172 940 941 930 0 0 0
1173 930 941 931 0 0 0
1174 941 942 931 0 0 0
1175 931 942 932 0 0 0
1176 942 943 932 0 0 0
1177 932 943 933 0 0 0
1178 943 944 933 0 0 0
1179 933 944 934 0 0 0
1180 944 945 934 0 0 0
1181 934 945 935 0 0 0
1182 945 946 935 0 0 0
1183 935 946 936 0 0 0
1184 946 947 936 0 0 0
1185 936 947 406 0 0 0
1186 947 405 406 0 0 0
1187 398 948 937 0 0 0
1188 948 949 937 0 0 0
1189 937 949 938 0 0 0
1190 949 950 938 0 0 0
1191 938 950 939 0 0 0
1192 950 951 939 0 0 0
1193 939 951 940 0 0 0
1194 951 952 940 0 0 0
1195 940 952 941 0 0 0
1196 952 953 941 0 0 0
1197 941 953 942 0 0 0
1198 953 954 942 0 0 0
1199 942 954 943 0 0 0
1200 954 955 943 0 0 0
1201 943 955 944 0 0 0
1202 955 956 944 0 0 0
1203 944 956 945 0 0 0
1204 956 957 945 0 0 0
1205 945 957 946 0 0 0
1206 957 958 946 0 0 0
1207 946 958 947 0 0 0
1208 958 959 947 0 0 0
1209 947 959 405 0 0 0
1210 959 404 405 0 0 0
1211 399 960 948 0 0 0
1212 960 961 948 0 0 0
1213 948 961 949 0 0 0
1214 961 962 949 0 0 0
1215 949 962 950 0 0 0
1216 962 963 950 0 0 0
1217 950 963 951 0 0 0
1218 963 964 951 0 0 0
1219 951 964 952 0 0 0
1220 964 965 952 0 0 0
1221 952 965 953 0 0 0
1222 965 966 953 0 0 0
1223 953 966 954 0 0 0
1224 966 967 954 0 0 0
1225 954 967 955 0 0 0
1226 967 968 955 0 0 0
1227 955 968 956 0 0 0
1228 968 969 956 0 0 0
1229 956 969 957 0 0 0
1230 969 970 957 0 0 0
1231 957 970 958 0 0 0
1232 970 971 958 0 0 0
1233 958 971 959 0 0 0
1234 971 972 959 0 0 0
1235 959 972 404 0 0 0
1236 972 403 404 0 0 0
1237 400 973 960 0 0 0
1238 973 974 960 0 0 0
1239 960 974 961 0 0 0
1240 974 975 961 0 0 0
1241 961 975 962 0 0 0
1242 975 976 962 0 0 0
1243 962 976 963 0 0 0
1244 976 977 963 0 0 0
1245 963 977 964 0 0 0
1246 977 978 964 0 0 0
1247 964 978 965 0 0 0
1248 978 979 965 0 0 0
1249 965 979 966 0 0 0
1250 979 980 966 0 0 0
1251 966 980 967 0 0 0
1252 980 981 967 0 0 0
1253 967 981 968 0 0 0
1254 981 982 968 0 0 0
1255 968 982 969 0 0 0
1256 982 983 969 0 0 0
1257 969 983 970 0 0 0
1258 983 984 970 0 0 0
1259 970 984 971 0 0 0
1260 984 985 971 0 0 0
1261 971 985 972 0 0 0
1262 985 986 972 0 0 0
1263 972 986 403 0 0 0
1264 986 402 403 0 0 0
1265 401 326 973 0 0 0
1266 326 325 973 0 0 0
1267 973 325 974 0 0 0
1268 325 324 974 0 0 0
1269 974 324 975 0 0 0
1270 324 323 975 0 0 0
1271 975 323 976 0 0 0
1272 323 322 976 0 0 0
1273 976 322 977 0 0 0
1274 322 321 977 0 0 0
1275 977 321 978 0 0 0
1276 321 320 978 0 0 0
1277 978 320 979 0 0 0
1278 320 319 979 0 0 0
1279 979 319 980 0 0 0
1280 319 318 980 0 0 0
1281 980 318 981 0 0 0
1282 318 317 981 0 0 0
1283 981 317 982 0 0 0
1284 317 316 982 0 0 0
1285 982 316 983 0 0 0
1286 316 315 983 0 0 0
1287 983 315 984 0 0 0
1288 315 314 984 0 0 0
1289 984 314 985 0 0 0
1290 314 313 985 0 0 0
1291 985 313 986 0 0 0
1292 313 312 986 0 0 0
1293 986 312 402 0 0 0
1294 312 10 402 0 0 0
1295 191 386 10 0 0 0
1296 190 987 191 0 0 0
1297 189 988 190 0 0 0
1298 188 990 189 0 0 0
1299 187 993 188 0 0 0
1300 186 997 187 0 0 0
1301 185 1002 186 0 0 0
1302 184 1008 185 0 0 0
1303 183 1015 184 0 0 0
1304 182 1023 183 0 0 0
1305 181 1032 182 0 0 0
1306 180 1042 181 0 0 0
1307 179 1053 180 0 0 0
1308 178 1065 179 0 0 0
1309 177 1078 178 0 0 0
1310 191 987 386 0 0 0
1311 987 385 386 0 0 0
1312 190 988 987 0 0 0
1313 988 989 987 0 0 0
1314 987 989 385 0 0 0
1315 989 384 385 0 0 0
1316 189 990 988 0 0 0
1317 990 991 988 0 0 0
1318 988 991 989 0 0 0
1319 991 992 989 0 0 0
1320 989 992 384 0 0 0
1321 992 383 384 0 0 0
1322 188 993 990 0 0 0
1323 993 994 990 0 0 0
1324 990 994 991 0 0 0
1325 994 995 991 0 0 0
1326 991 995 992 0 0 0
1327 995 996 992 0 0 0
1328 992 996 383 0 0 0
1329 996 382 383 0 0 0
1330 187 997 993 0 0 0
1331 997 998 993 0 0 0
1332 993 998 994 0 0 0
1333 998 999 994 0 0 0
1334 994 999 995 0 0 0
1335 999 1000 995 0 0 0
1336 995 1000 996 0 0 0
1337 1000 1001 996 0 0 0
1338 996 1001 382 0 0 0
1339 1001 381 382 0 0 0
1340 186 1002 997 0 0 0
1341 1002 1003 997 0 0 0
1342 997 1003 998 0 0 0
1343 1003 1004 998 0 0 0
1344 998 1004 999 0 0 0
1345 1004 1005 999 0 0 0
1346 999 1005 1000 0 0 0
1347 1005 1006 1000 0 0 0
1348 1000 1006 1001 0 0 0
1349 1006 1007 1001 0 0 0
1350 1001 1007 381 0 0 0
1351 1007 380 381 0 0 0
1352 185 1008 1002 0 0 0
1353 1008 1009 1002 0 0 0
1354 1002 1009 1003 0 0 0
1355 1009 1010 1003 0 0 0
1356 1003 1010 1004 0 0 0
1357 1010 1011 1004 0 0 0
1358 1004 1011 1005 0 0 0
1359 1011 1012 1005 0 0 0
1360 1005 1012 1006 0 0 0
1361 1012 1013 1006 0 0 0
1362 1006 1013 1007 0 0 0
1363 1013 1014 1007 0 0 0
1364 1007 1014 380 0 0 0
1365 1014 379 380 0 0 0
1366 184 1015 1008 0 0 0
1367 1015 1016 1008 0 0 0
1368 1008 1016 1009 0 0 0
1369 1016 1017 1009 0 0 0
1370 1009 1017 1010 0 0 0
1371 1017 1018 1010 0 0 0
1372 1010 1018 1011 0 0 0
1373 1018 1019 1011 0 0 0
1374 1011 1019 1012 0 0 0
1375 1019 1020 1012 0 0 0
1376 1012 1020 1013 0 0 0
1377 1020 1021 1013 0 0 0
1378 1013 1021 1014 0 0 0
1379 1021 1022 1014 0 0 0
1380 1014 1022 379 0 0 0
1381 1022 378 379 0 0 0
1382 183 1023 1015 0 0 0
1383 1023 1024 1015 0 0 0
1384 1015 1024 1016 0 0 0
1385 1024 1025 1016 0 0 0
1386 1016 1025 1017 0 0 0
1387 1025 1026 1017 0 0 0
1388 1017 1026 1018 0 0 0
1389 1026 1027 1018 0 0 0
1390 1018 1027 1019 0 0 0
1391 1027 1028 1019 0 0 0
1392 1019 1028 1020 0 0 0
1393 1028 1029 1020 0 0 0
1394 1020 1029 1021 0 0 0
1395 1029 1030 1021 0 0 0
1396 1021 1030 1022 0 0 0
1397 1030 1031 1022 0 0 0
1398 1022 1031 378 0 0 0
1399 1031 377 378 0 0 0
1400 182 1032 1023 0 0 0
1401 1032 1033 1023 0 0 0
1402 1023 1033 1024 0 0 0
1403 1033 1034 1024 0 0 0
1404 1024 1034 1025 0 0 0
1405 1034 1035 1025 0 0 0
1406 1025 1035 1026 0 0 0
1407 1035 1036 1026 0 0 0
1408 1026 1036 1027 0 0 0
1409 1036 1037 1027 0 0 0
1410 1027 1037 1028 0 0 0
1411 1037 1038 1028 0 0 0
1412 1028 1038 1029 0 0 0
1413 1038 1039 1029 0 0 0
1414 1029 1039 1030 0 0 0
1415 1039 1040 1030 0 0 0
1416 1030 1040 1031 0 0 0
1417 1040 1041 1031 0 0 0
1418 1031 1041 377 0 0 0
1419 1041 376 377 0 0 0
1420 181 1042 1032 0 0 0
1421 1042 1043 1032 0 0 0
1422 1032 1043 1033 0 0 0
1423 1043 1044 1033 0 0 0
1424 1033 1044 1034 0 0 0
1425 1044 1045 1034 0 0 0
1426 1034 1045 1035 0 0 0
1427 1045 1046 1035 0 0 0
1428 1035 1046 1036 0 0 0
1429 1046 1047 1036 0 0 0
1430 1036 1047 1037 0 0 0
1431 1047 1048 1037 0 0 0
1432 1037 1048 1038 0 0 0
1433 1048 1049 1038 0 0 0
1434 1038 1049 1039 0 0 0
1435 1049 1050 1039 0 0 0
1436 1039 1050 1040 0 0 0
1437 1050 1051 1040 0 0 0
1438 1040 1051 1041 0 0 0
1439 1051 1052 1041 0 0 0
1440 1041 1052 376 0 0 0
1441 1052 375 376 0 0 0
1442 180 1053 1042 0 0 0
1443 1053 1054 1042 0 0 0
1444 1042 1054 1043 0 0 0
1445 1054 1055 1043 0 0 0
1446 1043 1055 1044 0 0 0
1447 1055 1056 1044 0 0 0
1448 1044 1056 1045 0 0 0
1449 1056 1057 1045 0 0 0
1450 1045 1057 1046 0 0 0
1451 1057 1058 1046 0 0 0
1452 1046 1058 1047 0 0 0
1453 1058 1059 1047 0 0 0
1454 1047 1059 1048 0 0 0
1455 1059 1060 1048 0 0 0
1456 1048 1060 1049 0 0 0
1457 1060 1061 1049 0 0 0
1458 1049 1061 1050 0 0 0
1459 1061 1062 1050 0 0 0
1460 1050 1062 1051 0 0 0
1461 1062 1063 1051 0 0 0
1462 1051 1063 1052 0 0 0
1463 1063 1064 1052 0 0 0
1464 1052 1064 375 0 0 0
1465 1064 374 375 0 0 0
1466 179 1065 1053 0 0 0
1467 1065 1066 1053 0 0 0
1468 1053 1066 1054 0 0 0
1469 1066 1067 1054 0 0 0
1470 1054 1067 1055 0 0 0
1471 1067 1068 1055 0 0 0
1472 1055 1068 1056 0 0 0
1473 1068 1069 1056 0 0 0
1474 1056 1069 1057 0 0 0
1475 1069 1070 1057 0 0 0
1476 1057 1070 1058 0 0 0
1477 1070 1071 1058 0 0 0
1478 1058 1071 1059 0 0 0
1479 1071 1072 1059 0 0 0
1480 1059 1072 1060 0 0 0
1481 1072 1073 1060 0 0 0
1482 1060 1073 1061 0 0 0
1483 1073 1074 1061 0 0 0
1484 1061 1074 1062 0 0 0
1485 1074 1075 1062 0 0 0
1486 1062 1075 1063 0 0 0
1487 1075 1076 1063 0 0 0
1488 1063 1076 1064 0 0 0
1489 1076 1077 1064 0 0 0
1490 1064 1077 374 0 0 0
1491 1077 373 374 0 0 0
1492 178 1078 1065 0 0 0
1493 1078 1079 1065 0 0 0
1494 1065 1079 1066 0 0 0
1495 1079 1080 1066 0 0 0
1496 1066 1080 1067 0 0 0
1497 1080 1081 1067 0 0 0
1498 1067 1081 1068 0 0 0
1499 1081 1082 1068 0 0 0
1500 1068 1082 1069 0 0 0
1501 1082 1083 1069 0 0 0
1502 1069 1083 1070 0 0 0
1503 1083 1084 1070 0 0 0
1504 1070 1084 1071 0 0 0
1505 1084 1085 1071 0 0 0
1506 1071 1085 1072 0 0 0
1507 1085 1086 1072 0 0 0
1508 1072 1086 1073 0 0 0
1509 1086 1087 1073 0 0 0
1510 1073 1087 1074 0 0 0
1511 1087 1088 1074 0 0 0
1512 1074 1088 1075 0 0 0
1513 1088 1089 1075 0 0 0
1514 1075 1089 1076 0 0 0
1515 1089 1090 1076 0 0 0
1516 1076 1090 1077 0 0 0
1517 1090 1091 1077 0 0 0
1518 1077 1091 373 0 0 0
1519 1091 372 373 0 0 0
1520 177 296 1078 0 0 0
1521 296 295 1078 0 0 0
1522 1078 295 1079 0 0 0
1523 295 294 1079 0 0 0
1524 1079 294 1080 0 0 0
1525 294 293 1080 0 0 0
1526 1080 293 1081 0 0 0
1527 293 292 1081 0 0 0
1528 1081 292 1082 0 0 0
1529 292 291 1082 0 0 0
1530 1082 291 1083 0 0 0
1531 291 290 1083 0 0 0
1532 1083 290 1084 0 0 0
1533 290 289 1084 0 0 0
1534 1084 289 1085 0 0 0
1535 289 288 1085 0 0 0
1536 1085 288 1086 0 0 0
1537 288 287 1086 0 0 0
1538 1086 287 1087 0 0 0
1539 287 286 1087 0 0 0
1540 1087 286 1088 0 0 0
1541 286 285 1088 0 0 0
1542 1088 285 1089 0 0 0
1543 285 284 1089 0 0 0
1544 1089 284 1090 0 0 0
1545 284 283 1090 0 0 0
1546 1090 283 1091 0 0 0
1547 283 282 1091 0 0 0
1548 1091 282 372 0 0 0
1549 282 9 372 0 0 0
1550 311 371 9 0 0 0
1551 310 1092 311 0 0 0
1552 309 1093 310 0 0 0
1553 308 1095 309 0 0 0
1554 307 1098 308 0 0 0
1555 306 1102 307 0 0 0
1556 305 1107 306 0 0 0
1557 304 1113 305 0 0 0
1558 303 1120 304 0 0 0
1559 302 1128 303 0 0 0
1560 301 1137 302 0 0 0
1561 300 1147 301 0 0 0
1562 299 1158 300 0 0 0
1563 298 1170 299 0 0 0
1564 297 1183 298 0 0 0
1565 311 1092 371 0 0 0
1566 1092 370 371 0 0 0
1567 310 1093 1092 0 0 0
1568 1093 1094 1092 0 0 0
1569 1092 1094 370 0 0 0
1570 1094 369 370 0 0 0
1571 309 1095 1093 0 0 0
1572 1095 1096 1093 0 0 0
1573 1093 1096 1094 0 0 0
1574 1096 1097 1094 0 0 0
1575 1094 1097 369 0 0 0
1576 1097 368 369 0 0 0
1577 308 1098 1095 0 0 0
1578 1098 1099 1095 0 0 0
1579 1095 1099 1096 0 0 0
1580 1099 1100 1096 0 0 0
1581 1096 1100 1097 0 0 0
1582 1100 1101 1097 0 0 0
1583 1097 1101 368 0 0 0
1584 1101 367 368 0 0 0
1585 307 1102 1098 0 0 0
1586 1102 1103 1098 0 0 0
1587 1098 1103 1099 0 0 0
1588 1103 1104 1099 0 0 0
1589 1099 1104 1100 0 0 0
1590 1104 1105 1100 0 0 0
1591 1100 1105 1101 0 0 0
1592 1105 1106 1101 0 0 0
1593 1101 1106 367 0 0 0
1594 1106 366 367 0 0 0
1595 306 1107 1102 0 0 0
1596 1107 1108 1102 0 0 0
1597 1102 1108 1103 0 0 0
1598 1108 1109 1103 0 0 0
1599 1103 1109 1104 0 0 0
1600 1109 1110 1104 0 0 0
1601 1104 1110 1105 0 0 0
1602 1110 1111 1105 0 0 0
1603 1105 1111 1106 0 0 0
1604 1111 1112 1106 0 0 0
1605 1106 1112 366 0 0 0
1606 1112 365 366 0 0 0
1607 305 1113 1107 0 0 0
1608 1113 1114 1107 0 0 0
1609 1107 1114 1108 0 0 0
1610 1114 1115 1108 0 0 0
1611 1108 1115 1109 0 0 0
1612 1115 1116 1109 0 0 0
1613 1109 1116 1110 0 0 0
1614 1116 1117 1110 0 0 0
1615 1110 1117 1111 0 0 0
1616 1117 1118 1111 0 0 0
1617 1111 1118 1112 0 0 0
1618 1118 1119 1112 0 0 0
1619 1112 1119 365 0 0 0
1620 1119 364 365 0 0 0
1621 304 1120 1113 0 0 0
1622 1120 1121 1113 0 0 0
1623 1113 1121 1114 0 0 0
1624 1121 1122 1114 0 0 0
1625 1114 1122 1115 0 0 0
1626 1122 1123 1115 0 0 0
1627 1115 1123 1116 0 0 0
1628 1123 1124 1116 0 0 0
1629 1116 1124 1117 0 0 0
1630 1124 1125 1117 0 0 0
1631 1117 1125 1118 0 0 0
1632 1125 1126 1118 0 0 0
1633 1118 1126 1119 0 0 0
1634 1126 1127 1119 0 0 0
1635 1119 1127 364 0 0 0
1636 1127 363 364 0 0 0
1637 303 1128 1120 0 0 0
1638 1128 1129 1120 0 0 0
1639 1120 1129 1121 0 0 0
1640 1129 1130 1121 0 0 0
1641 1121 1130 1122 0 0 0
1642 1130 1131 1122 0 0 0
1643 1122 1131 1123 0 0 0
1644 1131 1132 1123 0 0 0
1645 1123 1132 1124 0 0 0
1646 1132 1133 1124 0 0 0
1647 1124 1133 1125 0 0 0
1648 1133 1134 1125 0 0 0
1649 1125 1134 1126 0 0 0
1650 1134 1135 1126 0 0 0
1651 1126 1135 1127 0 0 0
1652 1135 1136 1127 0 0 0
1653 1127 1136 363 0 0 0
1654 1136 362 363 0 0 0
1655 302 1137 1128 0 0 0
1656 1137 1138 1128 0 0 0
1657 1128 1138 1129 0 0 0
1658 1138 1139 1129 0 0 0
1659 1129 1139 1130 0 0 0
1660 1139 1140 1130 0 0 0
1661 1130 1140 1131 0 0 0
1662 1140 1141 1131 0 0 0
1663 1131 1141 1132 0 0 0
1664 1141 1142 1132 0 0 0
1665 1132 1142 1133 0 0 0
1666 1142 1143 1133 0 0 0
1667 1133 1143 1134 0 0 0
1668 1143 1144 1134 0 0 0
1669 1134 1144 1135 0 0 0
1670 1144 1145 1135 0 0 0
1671 1135 1145 1136 0 0 0
1672 1145 1146 1136 0 0 0
1673 1136 1146 362 0 0 0
1674 1146 361 362 0 0 0
1675 301 1147 1137 0 0 0
1676 1147 1148 1137 0 0 0
1677 1137 1148 1138 0 0 0
1678 1148 1149 1138 0 0 0
1679 1138 1149 1139 0 0 0
1680 1149 1150 1139 0 0 0
1681 1139 1150 1140 0 0 0
1682 1150 1151 1140 0 0 0
1683 1140 1151 1141 0 0 0
1684 1151 1152 1141 0 0 0
1685 1141 1152 1142 0 0 0
1686 1152 1153 1142 0 0 0
1687 1142 1153 1143 0 0 0
1688 1153 1154 1143 0 0 0
1689 1143 1154 1144 0 0 0
1690 1154 1155 1144 0 0 0
1691 1144 1155 1145 0 0 0
1692 1155 1156 1145 0 0 0
1693 1145 1156 1146 0 0 0
1694 1156 1157 1146 0 0 0
1695 1146 1157 361 0 0 0
1696 1157 360 361 0 0 0
1697 300 1158 1147 0 0 0
1698 1158 1159 1147 0 0 0
1699 1147 1159 1148 0 0 0
1700 1159 1160 1148 0 0 0
1701 1148 1160 1149 0 0 0
1702 1160 1161 1149 0 0 0
1703 1149 1161 1150 0 0 0
1704 1161 1162 1150 0 0 0
1705 1150 1162 1151 0 0 0
1706 1162 1163 1151 0 0 0
1707 1151 1163 1152 0 0 0
1708 1163 1164 1152 0 0 0
1709 1152 1164 1153 0 0 0
1710 1164 1165 1153 0 0 0
1711 1153 1165 1154 0 0 0
1712 1165 1166 1154 0 0 0
1713 1154 1166 1155 0 0 0
1714 1166 1167 1155 0 0 0
1715 1155 1167 1156 0 0 0
1716 1167 1168 1156 0 0 0
1717 1156 1168 1157 0 0 0
1718 1168 1169 1157 0 0 0
1719 1157 1169 360 0 0 0
1720 1169 359 360 0 0 0
1721 299 1170 1158 0 0 0
1722 1170 1171 1158 0 0 0
1723 1158 1171 1159 0 0 0
1724 1171 1172 1159 0 0 0
1725 1159 1172 1160 0 0 0
1726 1172 1173 1160 0 0 0
1727 1160 1173 1161 0 0 0
1728 1173 1174 1161 0 0 0
1729 1161 1174 1162 0 0 0
1730 1174 1175 1162 0 0 0
1731 1162 1175 1163 0 0 0
1732 1175 1176 1163 0 0 0
1733 1163 1176 1164 0 0 0
1734 1176 1177 1164 0 0 0
1735 1164 1177 1165 0 0 0
1736 1177 1178 1165 0 0 0
1737 1165 1178 1166 0 0 0
1738 1178 1179 1166 0 0 0
1739 1166 1179 1167 0 0 0
1740 1179 1180 1167 0 0 0
1741 1167 1180 1168 0 0 0
1742 1180 1181 1168 0 0 0
1743 1168 1181 1169 0 0 0
1744 1181 1182 1169 0 0 0
1745 1169 1182 359 0 0 0
1746 1182 358 359 0 0 0
1747 298 1183 1170 0 0 0
1748 1183 1184 1170 0 0 0
1749 1170 1184 1171 0 0 0
1750 1184 1185 1171 0 0 0
1751 1171 1185 1172 0 0 0
1752 1185 1186 1172 0 0 0
1753 1172 1186 1173 0 0 0
1754 1186 1187 1173 0 0 0
1755 1173 1187 1174 0 0 0
1756 1187 1188 1174 0 0 0
1757 1174 1188 1175 0 0 0
1758 1188 1189 1175 0 0 0
1759 1175 1189 1176 0 0 0
1760 1189 1190 1176 0 0 0
1761 1176 1190 1177 0 0 0
1762 1190 1191 1177 0 0 0
1763 1177 1191 1178 0 0 0
1764 1191 1192 1178 0 0 0
1765 1178 1192 1179 0 0 0
1766 1192 1193 1179 0 0 0
1767 1179 1193 1180 0 0 0
1768 1193 1194 1180 0 0 0
1769 1180 1194 1181 0 0 0
1770 1194 1195 1181 0 0 0
1771 1181 1195 1182 0 0 0
1772 1195 1196 1182 0 0 0
1773 1182 1196 358 0 0 0
1774 1196 357 358 0 0 0
1775 297 266 1183 0 0 0
1776 266 265 1183 0 0 0
1777 1183 265 1184 0 0 0
1778 265 264 1184 0 0 0
1779 1184 264 1185 0 0 0
1780 264 263 1185 0 0 0
1781 1185 263 1186 0 0 0
1782 263 262 1186 0 0 0
1783 1186 262 1187 0 0 0
1784 262 261 1187 0 0 0
1785 1187 261 1188 0 0 0
1786 261 260 1188 0 0 0
1787 1188 260 1189 0 0 0
1788 260 259 1189 0 0 0
1789 1189 259 1190 0 0 0
1790 259 258 1190 0 0 0
1791 1190 258 1191 0 0 0
1792 258 257 1191 0 0 0
1793 1191 257 1192 0 0 0
1794 257 256 1192 0 0 0
1795 1192 256 1193 0 0 0
1796 256 255 1193 0 0 0
1797 1193 255 1194 0 0 0
1798 255 254 1194 0 0 0
1799 1194 254 1195 0 0 0
1800 254 253 1195 0 0 0
1801 1195 253 1196 0 0 0
1802 253 252 1196 0 0 0
1803 1196 252 357 0 0 0
1804 252 8 357 0 0 0
1805 281 356 8 0 0 0
1806 280 1197 281 0 0 0
1807 279 1198 280 0 0 0
1808 278 1200 279 0 0 0
1809 277 1203 278 0 0 0
1810 276 1207 277 0 0 0
1811 275 1212 276 0 0 0
1812 274 1218 275 0 0 0
1813 273 1225 274 0 0 0
1814 272 1233 273 0 0 0
1815 271 1242 272 0 0 0
1816 270 1252 271 0 0 0
1817 269 1263 270 0 0 0
1818 268 1275 269 0 0 0
1819 267 1288 268 0 0 0
1820 281 1197 356 0 0 0
1821 1197 355 356 0 0 0
1822 280 1198 1197 0 0 0
1823 1198 1199 1197 0 0 0
1824 1197 1199 355 0 0 0
1825 1199 354 355 0 0 0
1826 279 1200 1198 0 0 0
1827 1200 1201 1198 0 0 0
1828 1198 1201 1199 0 0 0
1829 1201 1202 1199 0 0 0
1830 1199 1202 354 0 0 0
1831 1202 353 354 0 0 0
1832 278 1203 1200 0 0 0
1833 1203 1204 1200 0 0 0
1834 1200 1204 1201 0 0 0
1835 1204 1205 1201 0 0 0
1836 1201 1205 1202 0 0 0
1837 1205 1206 1202 0 0 0
1838 1202 1206 353 0 0 0
1839 1206 352 353 0 0 0
1840 277 1207 1203 0 0 0
1841 1207 1208 1203 0 0 0
1842 1203 1208 1204 0 0 0
1843 1208 1209 1204 0 0 0
1844 1204 1209 1205 0 0 0
1845 1209 1210 1205 0 0 0
1846 1205 1210 1206 0 0 0
1847 1210 1211 1206 0 0 0
1848 1206 1211 352 0 0 0
1849 1211 351 352 0 0 0
1850 276 1212 1207 0 0 0
1851 1212 1213 1207 0 0 0
1852 1207 1213 1208 0 0 0
1853 1213 1214 1208 0 0 0
1854 1208 1214 1209 0 0 0
1855 1214 1215 1209 0 0 0
1856 1209 1215 1210 0 0 0
1857 1215 1216 1210 0 0 0
1858 1210 1216 1211 0 0 0
1859 1216 1217 1211 0 0 0
1860 1211 1217 351 0 0 0
1861 1217 350 351 0 0 0
1862 275 1218 1212 0 0 0
1863 1218 1219 1212 0 0 0
1864 1212 1219 1213 0 0 0
1865 1219 1220 1213 0 0 0
1866 1213 1220 1214 0 0 0
1867 1220 1221 1214 0 0 0
1868 1214 1221 1215 0 0 0
1869 1221 1222 1215 0 0 0
1870 1215 1222 1216 0 0 0
1871 1222 1223 1216 0 0 0
1872 1216 1223 1217 0 0 0
1873 1223 1224 1217 0 0 0
1874 1217 1224 350 0 0 0
1875 1224 349 350 0 0 0
1876 274 1225 1218 0 0 0
1877 1225 1226 1218 0 0 0
1878 1218 1226 1219 0 0 0
1879 1226 1227 1219 0 0 0
1880 1219 1227 1220 0 0 0
1881 1227 1228 1220 0 0 0
1882 1220 1228 1221 0 0 0
1883 1228 1229 1221 0 0 0
1884 1221 1229 1222 0 0 0
1885 1229 1230 1222 0 0 0
1886 1222 1230 1223 0 0 0
1887 1230 1231 1223 0 0 0
1888 1223 1231 1224 0 0 0
1889 1231 1232 1224 0 0 0
1890 1224 1232 349 0 0 0
1891 1232 348 349 0 0 0
1892 273 1233 1225 0 0 0
1893 1233 1234 1225 0 0 0
1894 1225 1234 1226 0 0 0
1895 1234 1235 1226 0 0 0
1896 1226 1235 1227 0 0 0
1897 1235 1236 1227 0 0 0
1898 1227 1236 1228 0 0 0
1899 1236 1237 1228 0 0 0
1900 1228 1237 1229 0 0 0
1901 1237 1238 1229 0 0 0
1902 1229 1238 1230 0 0 0
1903 1238 1239 1230 0 0 0
1904 1230 1239 1231 0 0 0
1905 1239 1240 1231 0 0 0
1906 1231 1240 1232 0 0 0
1907 1240 1241 1232 0 0 0
1908 1232 1241 348 0 0 0
1909 1241 347 348 0 0 0
1910 272 1242 1233 0 0 0
1911 1242 1243 1233 0 0 0
1912 1233 1243 1234 0 0 0
1913 1243 1244 1234 0 0 0
1914 1234 1244 1235 0 0 0
1915 1244 1245 1235 0 0 0
1916 1235 1245 1236 0 0 0
1917 1245 1246 1236 0 0 0
1918 1236 1246 1237 0 0 0
1919 1246 1247 1237 0 0 0
1920 1237 1247 1238 0 0 0
1921 1247 1248 1238 0 0 0
1922 1238 1248 1239 0 0 0
1923 1248 1249 1239 0 0 0
1924 1239 1249 1240 0 0 0
1925 1249 1250 1240 0 0 0
1926 1240 1250 1241 0 0 0
1927 1250 1251 1241 0 0 0
1928 1241 1251 347 0 0 0
1929 1251 346 347 0 0 0
1930 271 1252 1242 0 0 0
1931 1252 1253 1242 0 0 0
1932 1242 1253 1243 0 0 0
1933 1253 1254 1243 0 0 0
1934 1243 1254 1244 0 0 0
1935 1255 1256 1245 0 0 0
1936 1245 1256 1246 0 0 0
1937 1256 1257 1246 0 0 0
1938 1246 1257 1247 0 0 0
1939 1257 1258 1247 0 0 0
1940 1247 1258 1248 0 0 0
1941 1258 1259 1248 0 0 0
1942 1248 1259 1249 0 0 0
1943 1259 1260 1249 0 0 0
1944 1249 1260 1250 0 0 0
1945 1260 1261 1250 0 0 0
1946 1250 1261 1251 0 0 0
1947 1261 1262 1251 0 0 0
1948 1251 1262 346 0 0 0
1949 1262 345 346 0 0 0
1950 270 1263 1252 0 0 0
1951 1263 1264 1252 0 0 0
1952 1252 1264 1253 0 0 0
1953 1264 1265 1253 0 0 0
1954 1253 1265 1254 0 0 0
1955 1265 1266 1254 0 0 0
1956 1254 1266 1255 0 0 0
1957 1266 1267 1255 0 0 0
1958 1255 1267 1256 0 0 0
1959 1267 1268 1256 0 0 0
1960 1256 1268 1257 0 0 0
1961 1268 1269 1257 0 0 0
1962 1257 1269 1258 0 0 0
1963 1269 1270 1258 0 0 0
1964 1258 1270 1259 0 0 0
1965 1270 1271 1259 0 0 0
1966 1259 1271 1260 0 0 0
1967 1271 1272 1260 0 0 0
1968 1260 1272 1261 0 0 0
1969 1272 1273 1261 0 0 0
1970 1261 1273 1262 0 0 0
1971 1273 1274 1262 0 0 0
1972 1262 1274 345 0 0 0
1973 1274 344 345 0 0 0
1974 269 1275 1263 0 0 0
1975 1275 1276 1263 0 0 0
1976 1263 1276 1264 0 0 0
1977 1276 1277 1264 0 0 0
1978 1264 1277 1265 0 0 0
1979 1277 1278 1265 0 0 0
1980 1265 1278 1266 0 0 0
1981 1278 1279 1266 0 0 0
1982 1266 1279 1267 0 0 0
1983 1279 1280 1267 0 0 0
1984 1267 1280 1268 0 0 0
1985 1280 1281 1268 0 0 0
1986 1268 1281 1269 0 0 0
1987 1281 1282 1269 0 0 0
1988 1269 1282 1270 0 0 0
1989 1282 1283 1270 0 0 0
1990 1270 1283 1271 0 0 0
1991 1283 1284 1271 0 0 0
1992 1271 1284 1272 0 0 0
1993 1284 1285 1272 0 0 0
1994 1272 1285 1273 0 0 0
1995 1285 1286 1273 0 0 0
1996 1273 1286 1274 0 0 0
1997 1286 1287 1274 0 0 0
1998 1274 1287 344 0 0 0
1999 1287 343 344 0 0 0
2000 268 1288 1275 0 0 0
2001 1288 1289 1275 0 0 0
2002 1275 1289 1276 0 0 0
2003 1289 1290 1276 0 0 0
2004 1276 1290 1277 0 0 0
2005 1290 1291 1277 0 0 0
2006 1277 1291 1278 0 0 0
2007 1291 1292 1278 0 0 0
2008 1278 1292 1279 0 0 0
2009 1292 1293 1279 0 0 0
2010 1279 1293 1280 0 0 0
2011 1293 1294 1280 0 0 0
2012 1280 1294 1281 0 0 0
2013 1294 1295 1281 0 0 0
2014 1281 1295 1282 0 0 0
2015 1295 1296 1282 0 0 0
2016 1282 1296 1283 0 0 0
2017 1296 1297 1283 0 0 0
2018 1283 1297 1284 0 0 0
2019 1297 1298 1284 0 0 0
2020 1284 1298 1285 0 0 0
2021 1298 1299 1285 0 0 0
2022 1285 1299 1286 0 0 0
2023 1299 1300 1286 0 0 0
2024 1286 1300 1287 0 0 0
2025 1300 1301 1287 0 0 0
2026 1287 1301 343 0 0 0
2027 1301 342 343 0 0 0
2028 267 236 1288 0 0 0
2029 236 235 1288 0 0 0
2030 1288 235 1289 0 0 0
2031 235 234 1289 0 0 0
2032 1289 234 1290 0 0 0
2033 234 233 1290 0 0 0
2034 1290 233 1291 0 0 0
2035 233 232 1291 0 0 0
2036 1291 232 1292 0 0 0
2037 232 231 1292 0 0 0
2038 1292 231 1293 0 0 0
2039 231 230 1293 0 0 0
2040 1293 230 1294 0 0 0
2041 230 229 1294 0 0 0
2042 1294 229 1295 0 0 0
2043 229 228 1295 0 0 0
2044 1295 228 1296 0 0 0
2045 228 227 1296 0 0 0
2046 1296 227 1297 0 0 0
2047 227 226 1297 0 0 0
2048 1297 226 1298 0 0 0
2049 226 225 1298 0 0 0
2050 1298 225 1299 0 0 0
2051 225 224 1299 0 0 0
2052 1299 224 1300 0 0 0
2053 224 223 1300 0 0 0
2054 1300 223 1301 0 0 0
2055 223 222 1301 0 0 0
2056 1301 222 342 0 0 0
2057 222 7 342 0 0 0
2058 251 341 7 0 0 0
2059 250 1302 251 0 0 0
2060 249 1303 250 0 0 0
2061 248 1305 249 0 0 0
2062 247 1308 248 0 0 0
2063 246 1312 247 0 0 0
2064 245 1317 246 0 0 0
2065 244 1323 245 0 0 0
2066 243 1330 244 0 0 0
2067 242 1338 243 0 0 0
2068 241 1347 242 0 0 0
2069 240 1357 241 0 0 0
2070 239 1368 240 0 0 0
2071 238 1380 239 0 0 0
2072 237 1393 238 0 0 0
2073 251 1302 341 0 0 0
2074 1302 340 341 0 0 0
2075 250 1303 1302 0 0 0
2076 1303 1304 1302 0 0 0
2077 1302 1304 340 0 0 0
2078 1304 339 340 0 0 0
2079 249 1305 1303 0 0 0
2080 1305 1306 1303 0 0 0
2081 1303 1306 1304 0 0 0
2082 1306 1307 1304 0 0 0
2083 1304 1307 339 0 0 0
2084 1307 338 339 0 0 0
2085 248 1308 1305 0 0 0
2086 1308 1309 1305 0 0 0
2087 1305 1309 1306 0 0 0
2088 1309 1310 1306 0 0 0
2089 1306 1310 1307 0 0 0
2090 1310 1311 1307 0 0 0
2091 1307 1311 338 0 0 0
2092 1311 337 338 0 0 0
2093 247 1312 1308 0 0 0
2094 1312 1313 1308 0 0 0
2095 1308 1313 1309 0 0 0
2096 1313 1314 1309 0 0 0
2097 1309 1314 1310 0 0 0
2098 1314 1315 1310 0 0 0
2099 1310 1315 1311 0 0 0
2100 1315 1316 1311 0 0 0
2101 1311 1316 337 0 0 0
2102 1316 336 337 0 0 0
2103 246 1317 1312 0 0 0
2104 1317 1318 1312 0 0 0
2105 1312 1318 1313 0 0 0
2106 1318 1319 1313 0 0 0
2107 1313 1319 1314 0 0 0
2108 1319 1320 1314 0 0 0
2109 1314 1320 1315 0 0 0
2110 1320 1321 1315 0 0 0
2111 1315 1321 1316 0 0 0
2112 1321 1322 1316 0 0 0
2113 1316 1322 336 0 0 0
2114 1322 335 336 0 0 0
2115 245 1323 1317 0 0 0
2116 1323 1324 1317 0 0 0
2117 1317 1324 1318 0 0 0
2118 1324 1325 1318 0 0 0
2119 1318 1325 1319 0 0 0
2120 1325 1326 1319 0 0 0
2121 1319 1326 1320 0 0 0
2122 1326 1327 1320 0 0 0
2123 1320 1327 1321 0 0 0
2124 1327 1328 1321 0 0 0
2125 1321 1328 1322 0 0 0
2126 1328 1329 1322 0 0 0
2127 1322 1329 335 0 0 0
2128 1329 334 335 0 0 0
2129 244 1330 1323 0 0 0
2130 1330 1331 1323 0 0 0
2131 1323 1331 1324 0 0 0
2132 1331 1332 1324 0 0 0
2133 1324 1332 1325 0 0 0
2134 1332 1333 1325 0 0 0
2135 1325 1333 1326 0 0 0
2136 1333 1334 1326 0 0 0
2137 1326 1334 1327 0 0 0
2138 1334 1335 1327 0 0 0
2139 1327 1335 1328 0 0 0
2140 1335 1336 1328 0 0 0
2141 1328 1336 1329 0 0 0
2142 1336 1337 1329 0 0 0
2143 1329 1337 334 0 0 0
2144 1337 333 334 0 0 0
2145 243 1338 1330 0 0 0
2146 1338 1339 1330 0 0 0
2147 1330 1339 1331 0 0 0
2148 1339 1340 1331 0 0 0
2149 1331 1340 1332 0 0 0
2150 1340 1341 1332 0 0 0
2151 1332 1341 1333 0 0 0
2152 1341 1342 1333 0 0 0
2153 1333 1342 1334 0 0 0
2154 1342 1343 1334 0 0 0
2155 1334 1343 1335 0 0 0
2156 1343 1344 1335 0 0 0
2157 1335 1344 1336 0 0 0
2158 1344 1345 1336 0 0 0
2159 1336 1345 1337 0 0 0
2160 1345 1346 1337 0 0 0
2161 1337 1346 333 0 0 0
2162 1346 332 333 0 0 0
2163 242 1347 1338 0 0 0
2164 1347 1348 1338 0 0 0
2165 1338 1348 1339 0 0 0
2166 1348 1349 1339 0 0 0
2167 1339 1349 1340 0 0 0
2168 1349 1350 1340 0 0 0
2169 1340 1350 1341 0 0 0
2170 1350 1351 1341 0 0 0
2171 1341 1351 1342 0 0 0
2172 1351 1352 1342 0 0 0
2173 1342 1352 1343 0 0 0
2174 1352 1353 1343 0 0 0
2175 1343 1353 1344 0 0 0
2176 1353 1354 1344 0 0 0
2177 1344 1354 1345 0 0 0
2178 1354 1355 1345 0 0 0
2179 1345 1355 1346 0 0 0
2180 1355 1356 1346 0 0 0
2181 1346 1356 332 0 0 0
2182 1356 331 332 0 0 0
2183 241 1357 1347 0 0 0
2184 1357 1358 1347 0 0 0
2185 1347 1358 1348 0 0 0
2186 1358 1359 1348 0 0 0
2187 1348 1359 1349 0 0 0
2188 1359 1360 1349 0 0 0
2189 1349 1360 1350 0 0 0
2190 1360 1361 1350 0 0 0
2191 1350 1361 1351 0 0 0
2192 1361 1362 1351 0 0 0
2193 1351 1362 1352 0 0 0
2194 1362 1363 1352 0 0 0
2195 1352 1363 1353 0 0 0
2196 1363 1364 1353 0 0 0
2197 1353 1364 1354 0 0 0
2198 1364 1365 1354 0 0 0
2199 1354 1365 1355 0 0 0
2200 1365 1366 1355 0 0 0
2201 1355 1366 1356 0 0 0
2202 1366 1367 1356 0 0 0
2203 1356 1367 331 0 0 0
2204 1367 330 331 0 0 0
2205 240 1368 1357 0 0 0
2206 1368 1369 1357 0 0 0
2207 1357 1369 1358 0 0 0
2208 1369 1370 1358 0 0 0
2209 1358 1370 1359 0 0 0
2210 1370 1371 1359 0 0 0
2211 1359 1371 1360 0 0 0
2212 1371 1372 1360 0 0 0
2213 1360 1372 1361 0 0 0
2214 1372 1373 1361 0 0 0
2215 1361 1373 1362 0 0 0
2216 1373 1374 1362 0 0 0
2217 1362 1374 1363 0 0 0
2218 1374 1375 1363 0 0 0
2219 1363 1375 1364 0 0 0
2220 1375 1376 1364 0 0 0
2221 1364 1376 1365 0 0 0
2222 1376 1377 1365 0 0 0
2223 1365 1377 1366 0 0 0
2224 1377 1378 1366 0 0 0
2225 1366 1378 1367 0 0 0
2226 1378 1379 1367 0 0 0
2227 1367 1379 330 0 0 0
2228 1379 329 330 0 0 0
2229 239 1380 1368 0 0 0
2230 1380 1381 1368 0 0 0
2231 1368 1381 1369 0 0 0
2232 1381 1382 1369 0 0 0
2233 1369 1382 1370 0 0 0
2234 1382 1383 1370 0 0 0
2235 1370 1383 1371 0 0 0
2236 1383 1384 1371 0 0 0
2237 1371 1384 1372 0 0 0
2238 1384 1385 1372 0 0 0
2239 1372 1385 1373 0 0 0
2240 1385 1386 1373 0 0 0
2241 1373 1386 1374 0 0 0
2242 1386 1387 1374 0 0 0
2243 1374 1387 1375 0 0 0
2244 1387 1388 1375 0 0 0
2245 1375 1388 1376 0 0 0
2246 1388 1389 1376 0 0 0
2247 1376 1389 1377 0 0 0
2248 1389 1390 1377 0 0 0
2249 1377 1390 1378 0 0 0
2250 1390 1391 1378 0 0 0
2251 1378 1391 1379 0 0 0
2252 1391 1392 1379 0 0 0
2253 1379 1392 329 0 0 0
2254 1392 328 329 0 0 0
2255 238 1393 1380 0 0 0
2256 1393 1394 1380 0 0 0
2257 1380 1394 1381 0 0 0
2258 1394 1395 1381 0 0 0
2259 1381 1395 1382 0 0 0
2260 1395 1396 1382 0 0 0
2261 1382 1396 1383 0 0 0
2262 1396 1397 1383 0 0 0
2263 1383 1397 1384 0 0 0
2264 1397 1398 1384 0 0 0
2265 1384 1398 1385 0 0 0
2266 1398 1399 1385 0 0 0
2267 1385 1399 1386 0 0 0
2268 1399 1400 1386 0 0 0
2269 1386 1400 1387 0 0 0
2270 1400 1401 1387 0 0 0
2271 1387 1401 1388 0 0 0
2272 1401 1402 1388 0 0 0
2273 1388 1402 1389 0 0 0
2274 1402 1403 1389 0 0 0
2275 1389 1403 1390 0 0 0
2276 1403 1404 1390 0 0 0
2277 1390 1404 1391 0 0 0
2278 1404 1405 1391 0 0 0
2279 1391 1405 1392 0 0 0
2280 1405 1406 1392 0 0 0
2281 1392 1406 328 0 0 0
2282 1406 327 328 0 0 0
2283 237 206 1393 0 0 0
2284 206 205 1393 0 0 0
2285 1393 205 1394 0 0 0
2286 205 204 1394 0 0 0
2287 1394 204 1395 0 0 0
2288 204 203 1395 0 0 0
2289 1395 203 1396 0 0 0
2290 203 202 1396 0 0 0
2291 1396 202 1397 0 0 0
2292 202 201 1397 0 0 0
2293 1397 201 1398 0 0 0
2294 201 200 1398 0 0 0
2295 1398 200 1399 0 0 0
2296 200 199 1399 0 0 0
2297 1399 199 1400 0 0 0
2298 199 198 1400 0 0 0
2299 1400 198 1401 0 0 0
2300 198 197 1401 0 0 0
2301 1401 197 1402 0 0 0
2302 197 196 1402 0 0 0
2303 1402 196 1403 0 0 0
2304 196 195 1403 0 0 0
2305 1403 195 1404 0 0 0
2306 195 194 1404 0 0 0
2307 1404 194 1405 0 0 0
2308 194 193 1405 0 0 0
2309 1405 193 1406 0 0 0
2310 193 192 1406 0 0 0
2311 1406 192 327 0 0 0
2312 192 6 327 0 0 0
2313 221 326 6 0 0 0
2314 220 1407 221 0 0 0
2315 219 1408 220 0 0 0
2316 218 1410 219 0 0 0
2317 217 1413 218 0 0 0
2318 216 1417 217 0 0 0
2319 215 1422 216 0 0 0
2320 214 1428 215 0 0 0
2321 213 1435 214 0 0 0
2322 212 1443 213 0 0 0
2323 211 1452 212 0 0 0
2324 210 1462 211 0 0 0
2325 209 1473 210 0 0 0
2326 208 1485 209 0 0 0
2327 207 1498 208 0 0 0
2328 221 1407 326 0 0 0
2329 1407 325 326 0 0 0
2330 220 1408 1407 0 0 0
2331 1408 1409 1407 0 0 0
2332 1407 1409 325 0 0 0
2333 1409 324 325 0 0 0
2334 219 1410 1408 0 0 0
2335 1410 1411 1408 0 0 0
2336 1408 1411 1409 0 0 0
2337 1411 1412 1409 0 0 0
2338 1409 1412 324 0 0 0
2339 1412 323 324 0 0 0
2340 218 1413 1410 0 0 0
2341 1413 1414 1410 0 0 0
2342 1410 1414 1411 0 0 0
2343 1414 1415 1411 0 0 0
2344 1411 1415 1412 0 0 0
2345 1415 1416 1412 0 0 0
2346 1412 1416 323 0 0 0
2347 1416 322 323 0 0 0
2348 217 1417 1413 0 0 0
2349 1417 1418 1413 0 0 0
2350 1413 1418 1414 0 0 0
2351 1418 1419 1414 0 0 0
2352 1414 1419 1415 0 0 0
2353 1419 1420 1415 0 0 0
2354 1415 1420 1416 0 0 0
2355 1420 1421 1416 0 0 0
2356 1416 1421 322 0 0 0
2357 1421 321 322 0 0 0
2358 216 1422 1417 0 0 0
2359 1422 1423 1417 0 0 0
2360 1417 1423 1418 0 0 0
2361 1423 1424 1418 0 0 0
2362 1418 1424 1419 0 0 0
2363 1424 1425 1419 0 0 0
2364 1419 1425 1420 0 0 0
2365 1425 1426 1420 0 0 0
2366 1420 1426 1421 0 0 0
2367 1426 1427 1421 0 0 0
2368 1421 1427 321 0 0 0
2369 1427 320 321 0 0 0
2370 215 1428 1422 0 0 0
2371 1428 1429 1422 0 0 0
2372 1422 1429 1423 0 0 0
2373 1429 1430 1423 0 0 0
2374 1423 1430 1424 0 0 0
2375 1430 1431 1424 0 0 0
2376 1424 1431 1425 0 0 0
2377 1431 1432 1425 0 0 0
2378 1425 1432 1426 0 0 0
2379 1432 1433 1426 0 0 0
2380 1426 1433 1427 0 0 0
2381 1433 1434 1427 0 0 0
2382 1427 1434 320 0 0 0
2383 1434 319 320 0 0 0
2384 214 1435 1428 0 0 0
2385 1435 1436 1428 0 0 0
2386 1428 1436 1429 0 0 0
2387 1436 1437 1429 0 0 0
2388 1429 1437 1430 0 0 0
2389 1437 1438 1430 0 0 0
2390 1430 1438 1431 0 0 0
2391 1438 1439 1431 0 0 0
2392 1431 1439 1432 0 0 0
2393 1439 1440 1432 0 0 0
2394 1432 1440 1433 0 0 0
2395 1440 1441 1433 0 0 0
2396 1433 1441 1434 0 0 0
2397 1441 1442 1434 0 0 0
2398 1434 1442 319 0 0 0
2399 1442 318 319 0 0 0
2400 213 1443 1435 0 0 0
2401 1443 1444 1435 0 0 0
2402 1435 1444 1436 0 0 0
2403 1444 1445 1436 0 0 0
2404 1436 1445 1437 0 0 0
2405 1445 1446 1437 0 0 0
2406 1437 1446 1438 0 0 0
2407 1446 1447 1438 0 0 0
2408 1438 1447 1439 0 0 0
2409 1447 1448 1439 0 0 0
2410 1439 1448 1440 0 0 0
2411 1448 1449 1440 0 0 0
2412 1440 1449 1441 0 0 0
2413 1449 1450 1441 0 0 0
2414 1441 1450 1442 0 0 0
2415 1450 1451 1442 0 0 0
2416 1442 1451 318 0 0 0
2417 1451 317 318 0 0 0
2418 212 1452 1443 0 0 0
2419 1452 1453 1443 0 0 0
2420 1443 1453 1444 0 0 0
2421 1453 1454 1444 0 0 0
2422 1444 1454 1445 0 0 0
2423 1454 1455 1445 0 0 0
2424 1445 1455 1446 0 0 0
2425 1455 1456 1446 0 0 0
2426 1446 1456 1447 0 0 0
2427 1456 1457 1447 0 0 0
2428 1447 1457 1448 0 0 0
2429 1457 1458 1448 0 0 0
2430 1448 1458 1449 0 0 0
2431 1458 1459 1449 0 0 0
2432 1449 1459 1450 0 0 0
2433 1459 1460 1450 0 0 0
2434 1450 1460 1451 0 0 0
2435 1460 1461 1451 0 0 0
2436 1451 1461 317 0 0 0
2437 1461 316 317 0 0 0
2438 211 1462 1452 0 0 0
2439 1462 1463 1452 0 0 0
2440 1452 1463 1453 0 0 0
2441 1463 1464 1453 0 0 0
2442 1453 1464 1454 0 0 0
2443 1464 1465 1454 0 0 0
2444 1454 1465 1455 0 0 0
2445 1465 1466 1455 0 0 0
2446 1455 1466 1456 0 0 0
2447 1466 1467 1456 0 0 0
2448 1456 1467 1457 0 0 0
2449 1467 1468 1457 0 0 0
2450 1457 1468 1458 0 0 0
2451 1468 1469 1458 0 0 0
2452 1458 1469 1459 0 0 0
2453 1469 1470 1459 0 0 0
2454 1459 1470 1460 0 0 0
2455 1470 1471 1460 0 0 0
2456 1460 1471 1461 0 0 0
2457 1471 1472 1461 0 0 0
2458 1461 1472 316 0 0 0
2459 1472 315 316 0 0 0
2460 210 1473 1462 0 0 0
2461 1473 1474 1462 0 0 0
2462 1462 1474 1463 0 0 0
2463 1474 1475 1463 0 0 0
2464 1463 1475 1464 0 0 0
2465 1475 1476 1464 0 0 0
2466 1464 1476 1465 0 0 0
2467 1476 1477 1465 0 0 0
2468 1465 1477 1466 0 0 0
2469 1477 1478 1466 0 0 0
2470 1466 1478 1467 0 0 0
2471 1478 1479 1467 0 0 0
2472 1467 1479 1468 0 0 0
2473 1479 1480 1468 0 0 0
2474 1468 1480 1469 0 0 0
2475 1480 1481 1469 0 0 0
2476 1469 1481 1470 0 0 0
2477 1481 1482 1470 0 0 0
2478 1470 1482 1471 0 0 0
2479 1482 1483 1471 0 0 0
2480 1471 1483 1472 0 0 0
2481 1483 1484 1472 0 0 0
2482 1472 1484 315 0 0 0
2483 1484 314 315 0 0 0
2484 209 1485 1473 0 0 0
2485 1485 1486 1473 0 0 0
2486 1473 1486 1474 0 0 0
2487 1486 1487 1474 0 0 0
2488 1474 1487 1475 0 0 0
2489 1487 1488 1475 0 0 0
2490 1475 1488 1476 0 0 0
2491 1488 1489 1476 0 0 0
2492 1476 1489 1477 0 0 0
2493 1489 1490 1477 0 0 0
2494 1477 1490 1478 0 0 0
2495 1490 1491 1478 0 0 0
2496 1478 1491 1479 0 0 0
2497 1491 1492 1479 0 0 0
2498 1479 1492 1480 0 0 0
2499 1492 1493 1480 0 0 0
2500 1480 1493 1481 0 0 0
2501 1493 1494 1481 0 0 0
2502 1481 1494 1482 0 0 0
2503 1494 1495 1482 0 0 0
2504 1482 1495 1483 0 0 0
2505 1495 1496 1483 0 0 0
2506 1483 1496 1484 0 0 0
2507 1496 1497 1484 0 0 0
2508 1484 1497 314 0 0 0
2509 1497 313 314 0 0 0
2510 208 1498 1485 0 0 0
2511 1498 1499 1485 0 0 0
2512 1485 1499 1486 0 0 0
2513 1499 1500 1486 0 0 0
2514 1486 1500 1487 0 0 0
2515 1500 1501 1487 0 0 0
2516 1487 1501 1488 0 0 0
2517 1501 1502 1488 0 0 0
2518 1488 1502 1489 0 0 0
2519 1502 1503 1489 0 0 0
2520 1489 1503 1490 0 0 0
2521 1503 1504 1490 0 0 0
2522 1490 1504 1491 0 0 0
2523 1504 1505 1491 0 0 0
2524 1491 1505 1492 0 0 0
2525 1505 1506 1492 0 0 0
2526 1492 1506 1493 0 0 0
2527 1506 1507 1493 0 0 0
2528 1493 1507 1494 0 0 0
2529 1507 1508 1494 0 0 0
2530 1494 1508 1495 0 0 0
2531 1508 1509 1495 0 0 0
2532 1495 1509 1496 0 0 0
2533 1509 1510 1496 0 0 0
2534 1496 1510 1497 0 0 0
2535 1510 1511 1497 0 0 0
2536 1497 1511 313 0 0 0
2537 1511 312 313 0 0 0
2538 207 176 1498 0 0 0
2539 176 175 1498 0 0 0
2540 1498 175 1499 0 0 0
2541 175 174 1499 0 0 0
2542 1499 174 1500 0 0 0
2543 174 173 1500 0 0 0
2544 1500 173 1501 0 0 0
2545 173 172 1501 0 0 0
2546 1501 172 1502 0 0 0
2547 172 171 1502 0 0 0
2548 1502 171 1503 0 0 0
2549 171 170 1503 0 0 0
2550 1503 170 1504 0 0 0
2551 170 169 1504 0 0 0
2552 1504 169 1505 0 0 0
2553 169 168 1505 0 0 0
2554 1505 168 1506 0 0 0
2555 168 167 1506 0 0 0
2556 1506 167 1507 0 0 0
2557 167 166 1507 0 0 0
2558 1507 166 1508 0 0 0
2559 166 165 1508 0 0 0
2560 1508 165 1509 0 0 0
2561 165 164 1509 0 0 0
2562 1509 164 1510 0 0 0
2563 164 163 1510 0 0 0
2564 1510 163 1511 0 0 0
2565 163 162 1511 0 0 0
2566 1511 162 312 0 0 0
2567 162 10 312 0 0 0
2568 282 311 9 0 0 0
2569 283 1512 282 0 0 0
2570 284 1513 283 0 0 0
2571 285 1515 284 0 0 0
2572 286 1518 285 0 0 0
2573 287 1522 286 0 0 0
2574 288 1527 287 0 0 0
2575 289 1533 288 0 0 0
2576 290 1540 289 0 0 0
2577 291 1548 290 0 0 0
2578 292 1557 291 0 0 0
2579 293 1567 292 0 0 0
2580 294 1578 293 0 0 0
2581 295 1590 294 0 0 0
2582 296 1603 295 0 0 0
2583 282 1512 311 0 0 0
2584 1512 310 311 0 0 0
2585 283 1513 1512 0 0 0
2586 1513 1514 1512 0 0 0
2587 1512 1514 310 0 0 0
2588 1514 309 310 0 0 0
2589 284 1515 1513 0 0 0
2590 1515 1516 1513 0 0 0
2591 1513 1516 1514 0 0 0
2592 1516 1517 1514 0 0 0
2593 1514 1517 309 0 0 0
2594 1517 308 309 0 0 0
2595 285 1518 1515 0 0 0
2596 1518 1519 1515 0 0 0
2597 1515 1519 1516 0 0 0
2598 1519 1520 1516 0 0 0
2599 1516 1520 1517 0 0 0
2600 1520 1521 1517 0 0 0
2601 1517 1521 308 0 0 0
2602 1521 307 308 0 0 0
2603 286 1522 1518 0 0 0
2604 1522 1523 1518 0 0 0
2605 1518 1523 1519 0 0 0
2606 1523 1524 1519 0 0 0
2607 1519 1524 1520 0 0 0
2608 1524 1525 1520 0 0 0
2609 1520 1525 1521 0 0 0
2610 1525 1526 1521 0 0 0
2611 1521 1526 307 0 0 0
2612 1526 306 307 0 0 0
2613 287 1527 1522 0 0 0
2614 1527 1528 1522 0 0 0
2615 1522 1528 1523 0 0 0
2616 1528 1529 1523 0 0 0
2617 1523 1529 1524 0 0 0
2618 1529 1530 1524 0 0 0
2619 1524 1530 1525 0 0 0
2620 1530 1531 1525 0 0 0
2621 1525 1531 1526 0 0 0
2622 1531 1532 1526 0 0 0
2623 1526 1532 306 0 0 0
2624 1532 305 306 0 0 0
2625 288 1533 1527 0 0 0
2626 1533 1534 1527 0 0 0
2627 1527 1534 1528 0 0 0
2628 1534 1535 1528 0 0 0
2629 1528 1535 1529 0 0 0
2630 1535 1536 1529 0 0 0
2631 1529 1536 1530 0 0 0
2632 1536 1537 1530 0 0 0
2633 1530 1537 1531 0 0 0
2634 1537 1538 1531 0 0 0
2635 1531 1538 1532 0 0 0
2636 1538 1539 1532 0 0 0
2637 1532 1539 305 0 0 0
2638 1539 304 305 0 0 0
2639 289 1540 1533 0 0 0
2640 1540 1541 1533 0 0 0
2641 1533 1541 1534 0 0 0
2642 1541 1542 1534 0 0 0
2643 1534 1542 1535 0 0 0
2644 1542 1543 1535 0 0 0
2645 1535 1543 1536 0 0 0
2646 1543 1544 1536 0 0 0
2647 1536 1544 1537 0 0 0
2648 1544 1545 1537 0 0 0
2649 1537 1545 1538 0 0 0
2650 1545 1546 1538 0 0 0
2651 1538 1546 1539 0 0 0
2652 1546 1547 1539 0 0 0
2653 1539 1547 304 0 0 0
2654 1547 303 304 0 0 0
2655 290 1548 1540 0 0 0
2656 1548 1549 1540 0 0 0
2657 1540 1549 1541 0 0 0
2658 1549 1550 1541 0 0 0
2659 1541 1550 1542 0 0 0
2660 1550 1551 1542 0 0 0
2661 1542 1551 1543 0 0 0
2662 1551 1552 1543 0 0 0
2663 1543 1552 1544 0 0 0
2664 1552 1553 1544 0 0 0
2665 1544 1553 1545 0 0 0
2666 1553 1554 1545 0 0 0
2667 1545 1554 1546 0 0 0
2668 1554 1555 1546 0 0 0
2669 1546 1555 1547 0 0 0
2670 1555 1556 1547 0 0 0
2671 1547 1556 303 0 0 0
2672 1556 302 303 0 0 0
2673 291 1557 1548 0 0 0
2674 1557 1558 1548 0 0 0
2675 1548 1558 1549 0 0 0
2676 1558 1559 1549 0 0 0
2677 1549 1559 1550 0 0 0
2678 1559 1560 1550 0 0 0
2679 1550 1560 1551 0 0 0
2680 1560 1561 1551 0 0 0
2681 1551 1561 1552 0 0 0
2682 1561 1562 1552 0 0 0
2683 1552 1562 1553 0 0 0
2684 1562 1563 1553 0 0 0
2685 1553 1563 1554 0 0 0
2686 1563 1564 1554 0 0 0
2687 1554 1564 1555 0 0 0
2688 1564 1565 1555 0 0 0
2689 1555 1565 1556 0 0 0
2690 1565 1566 1556 0 0 0
2691 1556 1566 302 0 0 0
2692 1566 301 302 0 0 0
2693 292 1567 1557 0 0 0
2694 1567 1568 1557 0 0 0
2695 1557 1568 1558 0 0 0
2696 1568 1569 1558 0 0 0
2697 1558 1569 1559 0 0 0
2698 1569 1570 1559 0 0 0
2699 1559 1570 1560 0 0 0
2700 1570 1571 1560 0 0 0
2701 1560 1571 1561 0 0 0
2702 1571 1572 1561 0 0 0
2703 1561 1572 1562 0 0 0
2704 1572 1573 1562 0 0 0
2705 1562 1573 1563 0 0 0
2706 1573 1574 1563 0 0 0
2707 1563 1574 1564 0 0 0
2708 1574 1575 1564 0 0 0
2709 1564 1575 1565 0 0 0
2710 1575 1576 1565 0 0 0
2711 1565 1576 1566 0 0 0
2712 1576 1577 1566 0 0 0
2713 1566 1577 301 0 0 0
2714 1577 300 301 0 0 0
2715 293 1578 1567 0 0 0
2716 1578 1579 1567 0 0 0
2717 1567 1579 1568 0 0 0
2718 1579 1580 1568 0 0 0
2719 1568 1580 1569 0 0 0
2720 1580 1581 1569 0 0 0
2721 1569 1581 1570 0 0 0
2722 1581 1582 1570 0 0 0
2723 1570 1582 1571 0 0 0
2724 1582 1583 1571 0 0 0
2725 1571 1583 1572 0 0 0
2726 1583 1584 1572 0 0 0
2727 1572 1584 1573 0 0 0
2728 1584 1585 1573 0 0 0
2729 1573 1585 1574 0 0 0
2730 1585 1586 1574 0 0 0
2731 1574 1586 1575 0 0 0
2732 1586 1587 1575 0 0 0
2733 1575 1587 1576 0 0 0
2734 1587 1588 1576 0 0 0
2735 1576 1588 1577 0 0 0
2736 1588 1589 1577 0 0 0
2737 1577 1589 300 0 0 0
2738 1589 299 300 0 0 0
2739 294 1590 1578 0 0 0
2740 1590 1591 1578 0 0 0
2741 1578 1591 1579 0 0 0
2742 1591 1592 1579 0 0 0
2743 1579 1592 1580 0 0 0
2744 1592 1593 1580 0 0 0
2745 1580 1593 1581 0 0 0
2746 1593 1594 1581 0 0 0
2747 1581 1594 1582 0 0 0
2748 1594 1595 1582 0 0 0
2749 1582 1595 1583 0 0 0
2750 1595 1596 1583 0 0 0
2751 1583 1596 1584 0 0 0
2752 1596 1597 1584 0 0 0
2753 1584 1597 1585 0 0 0
2754 1597 1598 1585 0 0 0
2755 1585 1598 1586 0 0 0
2756 1598 1599 1586 0 0 0
2757 1586 1599 1587 0 0 0
2758 1599 1600 1587 0 0 0
2759 1587 1600 1588 0 0 0
2760 1600 1601 1588 0 0 0
2761 1588 1601 1589 0 0 0
2762 1601 1602 1589 0 0 0
2763 1589 1602 299 0 0 0
2764 1602 298 299 0 0 0
2765 295 1603 1590 0 0 0
2766 1603 1604 1590 0 0 0
2767 1590 1604 1591 0 0 0
2768 1604 1605 1591 0 0 0
2769 1591 1605 1592 0 0 0
2770 1605 1606 1592 0 0 0
2771 1592 1606 1593 0 0 0
2772 1606 1607 1593 0 0 0
2773 1593 1607 1594 0 0 0
2774 1607 1608 1594 0 0 0
2775 1594 1608 1595 0 0 0
2776 1608 1609 1595 0 0 0
2777 1595 1609 1596 0 0 0
2778 1609 1610 1596 0 0 0
2779 1596 1610 1597 0 0 0
2780 1610 1611 1597 0 0 0
2781 1597 1611 1598 0 0 0
2782 1611 1612 1598 0 0 0
2783 1598 1612 1599 0 0 0
2784 1612 1613 1599 0 0 0
2785 1599 1613 1600 0 0 0
2786 1613 1614 1600 0 0 0
2787 1600 1614 1601 0 0 0
2788 1614 1615 1601 0 0 0
2789 1601 1615 1602 0 0 0
2790 1615 1616 1602 0 0 0
2791 1602 1616 298 0 0 0
2792 1616 297 298 0 0 0
2793 296 161 1603 0 0 0
2794 161 160 1603 0 0 0
2795 1603 160 1604 0 0 0
2796 160 159 1604 0 0 0
2797 1604 159 1605 0 0 0
2798 159 158 1605 0 0 0
2799 1605 158 1606 0 0 0
2800 158 157 1606 0 0 0
2801 1606 157 1607 0 0 0
2802 157 156 1607 0 0 0
2803 1607 156 1608 0 0 0
2804 156 155 1608 0 0 0
2805 1608 155 1609 0 0 0
2806 155 154 1609 0 0 0
2807 1609 154 1610 0 0 0
2808 154 153 1610 0 0 0
2809 1610 153 1611 0 0 0
2810 153 152 1611 0 0 0
2811 1611 152 1612 0 0 0
2812 152 151 1612 0 0 0
2813 1612 151 1613 0 0 0
2814 151 150 1613 0 0 0
2815 1613 150 1614 0 0 0
2816 150 149 1614 0 0 0
2817 1614 149 1615 0 0 0
2818 149 148 1615 0 0 0
2819 1615 148 1616 0 0 0
2820 148 147 1616 0 0 0
2821 1616 147 297 0 0 0
2822 147 4 297 0 0 0
2823 252 281 8 0 0 0
2824 253 1617 252 0 0 0
2825 254 1618 253 0 0 0
2826 255 1620 254 0 0 0
2827 256 1623 255 0 0 0
2828 257 1627 256 0 0 0
2829 258 1632 257 0 0 0
2830 259 1638 258 0 0 0
2831 260 1645 259 0 0 0
2832 261 1653 260 0 0 0
2833 262 1662 261 0 0 0
2834 263 1672 262 0 0 0
2835 264 1683 263 0 0 0
2836 265 1695 264 0 0 0
2837 266 1708 265 0 0 0
2838 252 1617 281 0 0 0
2839 1617 280 281 0 0 0
2840 253 1618 1617 0 0 0
2841 1618 1619 1617 0 0 0
2842 1617 1619 280 0 0 0
2843 1619 279 280 0 0 0
2844 254 1620 1618 0 0 0
2845 1620 1621 1618 0 0 0
2846 1618 1621 1619 0 0 0
2847 1621 1622 1619 0 0 0
2848 1619 1622 279 0 0 0
2849 1622 278 279 0 0 0
2850 255 1623 1620 0 0 0
2851 1623 1624 1620 0 0 0
2852 1620 1624 1621 0 0 0
2853 1624 1625 1621 0 0 0
2854 1621 1625 1622 0 0 0
2855 1625 1626 1622 0 0 0
2856 1622 1626 278 0 0 0
2857 1626 277 278 0 0 0
2858 256 1627 1623 0 0 0
2859 1627 1628 1623 0 0 0
2860 1623 1628 1624 0 0 0
2861 1628 1629 1624 0 0 0
2862 1624 1629 1625 0 0 0
2863 1629 1630 1625 0 0 0
2864 1625 1630 1626 0 0 0
2865 1630 1631 1626 0 0 0
2866 1626 1631 277 0 0 0
2867 1631 276 277 0 0 0
2868 257 1632 1627 0 0 0
2869 1632 1633 1627 0 0 0
2870 1627 1633 1628 0 0 0
2871 1633 1634 1628 0 0 0
2872 1628 1634 1629 0 0 0
2873 1634 1635 1629 0 0 0
2874 1629 1635 1630 0 0 0
2875 1635 1636 1630 0 0 0
2876 1630 1636 1631 0 0 0
2877 1636 1637 1631 0 0 0
2878 1631 1637 276 0 0 0
2879 1637 275 276 0 0 0
2880 258 1638 1632 0 0 0
2881 1638 1639 1632 0 0 0
2882 1632 1639 1633 0 0 0
2883 1639 1640 1633 0 0 0
2884 1633 1640 1634 0 0 0
2885 1640 1641 1634 0 0 0
2886 1634 1641 1635 0 0 0
2887 1641 1642 1635 0 0 0
2888 1635 1642 1636 0 0 0
2889 1642 1643 1636 0 0 0
2890 1636 1643 1637 0 0 0
2891 1643 1644 1637 0 0 0
2892 1637 1644 275 0 0 0
2893 1644 274 275 0 0 0
2894 259 1645 1638 0 0 0
2895 1645 1646 1638 0 0 0
2896 1638 1646 1639 0 0 0
2897 1646 1647 1639 0 0 0
2898 1639 1647 1640 0 0 0
2899 1647 1648 1640 0 0 0
2900 1640 1648 1641 0 0 0
2901 1648 1649 1641 0 0 0
2902 1641 1649 1642 0 0 0
2903 1649 1650 1642 0 0 0
2904 1642 1650 1643 0 0 0
2905 1650 1651 1643 0 0 0
2906 1643 1651 1644 0 0 0
2907 1651 1652 1644 0 0 0
2908 1644 1652 274 0 0 0
2909 1652 273 274 0 0 0
2910 260 1653 1645 0 0 0
2911 1653 1654 1645 0 0 0
2912 1645 1654 1646 0 0 0
2913 1654 1655 1646 0 0 0
2914 1646 1655 1647 0 0 0
2915 1655 1656 1647 0 0 0
2916 1647 1656 1648 0 0 0
2917 1656 1657 1648 0 0 0
2918 1648 1657 1649 0 0 0
2919 1657 1658 1649 0 0 0
2920 1649 1658 1650 0 0 0
2921 1658 1659 1650 0 0 0
2922 1650 1659 1651 0 0 0
2923 1659 1660 1651 0 0 0
2924 1651 1660 1652 0 0 0
2925 1660 1661 1652 0 0 0
2926 1652 1661 273 0 0 0
2927 1661 272 273 0 0 0
2928 261 1662 1653 0 0 0
2929 1662 1663 1653 0 0 0
2930 1653 1663 1654 0 0 0
2931 1663 1664 1654 0 0 0
2932 1654 1664 1655 0 0 0
2933 1664 1665 1655 0 0 0
2934 1655 1665 1656 0 0 0
2935 1665 1666 1656 0 0 0
2936 1656 1666 1657 0 0 0
2937 1666 1667 1657 0 0 0
2938 1657 1667 1658 0 0 0
2939 1667 1668 1658 0 0 0
2940 1658 1668 1659 0 0 0
2941 1668 1669 1659 0 0 0
2942 1659 1669 1660 0 0 0
2943 1669 1670 1660 0 0 0
2944 1660 1670 1661 0 0 0
2945 1670 1671 1661 0 0 0
2946 1661 1671 272 0 0 0
2947 1671 271 272 0 0 0
2948 262 1672 1662 0 0 0
2949 1672 1673 1662 0 0 0
2950 1662 1673 1663 0 0 0
2951 1673 1674 1663 0 0 0
2952 1663 1674 1664 0 0 0
2953 1674 1675 1664 0 0 0
2954 1664 1675 1665 0 0 0
2955 1675 1676 1665 0 0 0
2956 1665 1676 1666 0 0 0
2957 1676 1677 1666 0 0 0
2958 1666 1677 1667 0 0 0
2959 1677 1678 1667 0 0 0
2960 1667 1678 1668 0 0 0
2961 1678 1679 1668 0 0 0
2962 1668 1679 1669 0 0 0
2963 1679 1680 1669 0 0 0
2964 1669 1680 1670 0 0 0
2965 1680 1681 1670 0 0 0
2966 1670 1681 1671 0 0 0
2967 1681 1682 1671 0 0 0
2968 1671 1682 271 0 0 0
2969 1682 270 271 0 0 0
2970 263 1683 1672 0 0 0
2971 1683 1684 1672 0 0 0
2972 1672 1684 1673 0 0 0
2973 1684 1685 1673 0 0 0
2974 1673 1685 1674 0 0 0
2975 1685 1686 1674 0 0 0
2976 1674 1686 1675 0 0 0
2977 1686 1687 1675 0 0 0
2978 1675 1687 1676 0 0 0
2979 1687 1688 1676 0 0 0
2980 1676 1688 1677 0 0 0
2981 1688 1689 1677 0 0 0
2982 1677 1689 1678 0 0 0
2983 1689 1690 1678 0 0 0
2984 1678 1690 1679 0 0 0
2985 1690 1691 1679 0 0 0
2986 1679 1691 1680 0 0 0
2987 1691 1692 1680 0 0 0
2988 1680 1692 1681 0 0 0
2989 1692 1693 1681 0 0 0
2990 1681 1693 1682 0 0 0
2991 1693 1694 1682 0 0 0
2992 1682 1694 270 0 0 0
2993 1694 269 270 0 0 0
2994 264 1695 1683 0 0 0
2995 1695 1696 1683 0 0 0
2996 1683 1696 1684 0 0 0
2997 1696 1697 1684 0 0 0
2998 1684 1697 1685 0 0 0
2999 1697 1698 1685 0 0 0
3000 1685 1698 1686 0 0 0
3001 1698 1699 1686 0 0 0
3002 1686 1699 1687 0 0 0
3003 1699 1700 1687 0 0 0
3004 1687 1700 1688 0 0 0
3005 1700 1701 1688 0 0 0
3006 1688 1701 1689 0 0 0
3007 1701 1702 1689 0 0 0
3008 1689 1702 1690 0 0 0
3009 1702 1703 1690 0 0 0
3010 1690 1703 1691 0 0 0
3011 1703 1704 1691 0 0 0
3012 1691 1704 1692 0 0 0
3013 1704 1705 1692 0 0 0
3014 1692 1705 1693 0 0 0
3015 1705 1706 1693 0 0 0
3016 1693 1706 1694 0 0 0
3017 1706 1707 1694 0 0 0
3018 1694 1707 269 0 0 0
3019 1707 268 269 0 0 0
3020 265 1708 1695 0 0 0
3021 1708 1709 1695 0 0 0
3022 1695 1709 1696 0 0 0
3023 1709 1710 1696 0 0 0
3024 1696 1710 1697 0 0 0
3025 1710 1711 1697 0 0 0
3026 1697 1711 1698 0 0 0
3027 1711 1712 1698 0 0 0
3028 1698 1712 1699 0 0 0
3029 1712 1713 1699 0 0 0
3030 1699 1713 1700 0 0 0
3031 1713 1714 1700 0 0 0
3032 1700 1714 1701 0 0 0
3033 1714 1715 1701 0 0 0
3034 1701 1715 1702 0 0 0
3035 1715 1716 1702 0 0 0
3036 1702 1716 1703 0 0 0
3037 1716 1717 1703 0 0 0
3038 1703 1717 1704 0 0 0
3039 1717 1718 1704 0 0 0
3040 1704 1718 1705 0 0 0
3041 1718 1719 1705 0 0 0
3042 1705 1719 1706 0 0 0
3043 1719 1720 1706 0 0 0
3044 1706 1720 1707 0 0 0
3045 1720 1721 1707 0 0 0
3046 1707 1721 268 0 0 0
3047 1721 267 268 0 0 0
3048 266 146 1708 0 0 0
3049 146 145 1708 0 0 0
3050 1708 145 1709 0 0 0
3051 145 144 1709 0 0 0
3052 1709 144 1710 0 0 0
3053 144 143 1710 0 0 0
3054 1710 143 1711 0 0 0
3055 143 142 1711 0 0 0
3056 1711 142 1712 0 0 0
3057 142 141 1712 0 0 0
3058 1712 141 1713 0 0 0
3059 141 140 1713 0 0 0
3060 1713 140 1714 0 0 0
3061 140 139 1714 0 0 0
3062 1714 139 1715 0 0 0
3063 139 138 1715 0 0 0
3064 1715 138 1716 0 0 0
3065 138 137 1716 0 0 0
3066 1716 137 1717 0 0 0
3067 137 136 1717 0 0 0
3068 1717 136 1718 0 0 0
3069 136 135 1718 0 0 0
3070 1718 135 1719 0 0 0
3071 135 134 1719 0 0 0
3072 1719 134 1720 0 0 0
3073 134 133 1720 0 0 0
3074 1720 133 1721 0 0 0
3075 133 132 1721 0 0 0
3076 1721 132 267 0 0 0
3077 132 3 267 0 0 0
3078 222 251 7 0 0 0
3079 223 1722 222 0 0 0
3080 224 1723 223 0 0 0
3081 225 1725 224 0 0 0
3082 226 1728 225 0 0 0
3083 227 1732 226 0 0 0
3084 228 1737 227 0 0 0
3085 229 1743 228 0 0 0
3086 230 1750 229 0 0 0
3087 231 1758 230 0 0 0
3088 232 1767 231 0 0 0
3089 233 1777 232 0 0 0
3090 234 1788 233 0 0 0
3091 235 1800 234 0 0 0
3092 236 1813 235 0 0 0
3093 222 1722 251 0 0 0
3094 1722 250 251 0 0 0
3095 223 1723 1722 0 0 0
3096 1723 1724 1722 0 0 0
3097 1722 1724 250 0 0 0
3098 1724 249 250 0 0 0
3099 224 1725 1723 0 0 0
3100 1725 1726 1723 0 0 0
3101 1723 1726 1724 0 0 0
3102 1726 1727 1724 0 0 0
3103 1724 1727 249 0 0 0
3104 1727 248 249 0 0 0
3105 225 1728 1725 0 0 0
3106 1728 1729 1725 0 0 0
3107 1725 1729 1726 0 0 0
3108 1729 1730 1726 0 0 0
3109 1726 1730 1727 0 0 0
3110 1730 1731 1727 0 0 0
3111 1727 1731 248 0 0 0
3112 1731 247 248 0 0 0
3113 226 1732 1728 0 0 0
3114 1732 1733 1728 0 0 0
3115 1728 1733 1729 0 0 0
3116 1733 1734 1729 0 0 0
3117 1729 1734 1730 0 0 0
3118 1734 1735 1730 0 0 0
3119 1730 1735 1731 0 0 0
3120 1735 1736 1731 0 0 0
3121 1731 1736 247 0 0 0
3122 1736 246 247 0 0 0
3123 227 1737 1732 0 0 0
3124 1737 1738 1732 0 0 0
3125 1732 1738 1733 0 0 0
3126 1738 1739 1733 0 0 0
3127 1733 1739 1734 0 0 0
3128 1739 1740 1734 0 0 0
3129 1734 1740 1735 0 0 0
3130 1740 1741 1735 0 0 0
3131 1735 1741 1736 0 0 0
3132 1741 1742 1736 0 0 0
3133 1736 1742 246 0 0 0
3134 1742 245 246 0 0 0
3135 228 1743 1737 0 0 0
3136 1743 1744 1737 0 0 0
3137 1737 1744 1738 0 0 0
3138 1744 1745 1738 0 0 0
3139 1738 1745 1739 0 0 0
3140 1745 1746 1739 0 0 0
3141 1739 1746 1740 0 0 0
3142 1746 1747 1740 0 0 0
3143 1740 1747 1741 0 0 0
3144 1747 1748 1741 0 0 0
3145 1741 1748 1742 0 0 0
3146 1748 1749 1742 0 0 0
3147 1742 1749 245 0 0 0
3148 1749 244 245 0 0 0
3149 229 1750 1743 0 0 0
3150 1750 1751 1743 0 0 0
3151 1743 1751 1744 0 0 0
3152 1751 1752 1744 0 0 0
3153 1744 1752 1745 0 0 0
3154 1752 1753 1745 0 0 0
3155 1745 1753 1746 0 0 0
3156 1753 1754 1746 0 0 0
3157 1746 1754 1747 0 0 0
3158 1754 1755 1747 0 0 0
3159 1747 1755 1748 0 0 0
3160 1755 1756 1748 0 0 0
3161 1748 1756 1749 0 0 0
3162 1756 1757 1749 0 0 0
3163 1749 1757 244 0 0 0
3164 1757 243 244 0 0 0
3165 230 1758 1750 0 0 0
3166 1758 1759 1750 0 0 0
3167 1750 1759 1751 0 0 0
3168 1759 1760 1751 0 0 0
3169 1751 1760 1752 0 0 0
3170 1760 1761 1752 0 0 0
3171 1752 1761 1753 0 0 0
3172 1761 1762 1753 0 0 0
3173 1753 1762 1754 0 0 0
3174 1762 1763 1754 0 0 0
3175 1754 1763 1755 0 0 0
3176 1763 1764 1755 0 0 0
3177 1755 1764 1756 0 0 0
3178 1764 1765 1756 0 0 0
3179 1756 1765 1757 0 0 0
3180 1765 1766 1757 0 0 0
3181 1757 1766 243 0 0 0
3182 1766 242 243 0 0 0
3183 231 1767 1758 0 0 0
3184 1767 1768 1758 0 0 0
3185 1758 1768 1759 0 0 0
3186 1768 1769 1759 0 0 0
3187 1759 1769 1760 0 0 0
3188 1769 1770 1760 0 0 0
3189 1760 1770 1761 0 0 0
3190 1770 1771 1761 0 0 0
3191 1761 1771 1762 0 0 0
3192 1771 1772 1762 0 0 0
3193 1762 1772 1763 0 0 0
3194 1772 1773 1763 0 0 0
3195 1763 1773 1764 0 0 0
3196 1773 1774 1764 0 0 0
3197 1764 1774 1765 0 0 0
3198 1774 1775 1765 0 0 0
3199 1765 1775 1766 0 0 0
3200 1775 1776 1766 0 0 0
3201 1766 1776 242 0 0 0
3202 1776 241 242 0 0 0
3203 232 1777 1767 0 0 0
3204 1777 1778 1767 0 0 0
3205 1767 1778 1768 0 0 0
3206 1778 1779 1768 0 0 0
3207 1768 1779 1769 0 0 0
3208 1779 1780 1769 0 0 0
3209 1769 1780 1770 0 0 0
3210 1780 1781 1770 0 0 0
3211 1770 1781 1771 0 0 0
3212 1781 1782 1771 0 0 0
3213 1771 1782 1772 0 0 0
3214 1782 1783 1772 0 0 0
3215 1772 1783 1773 0 0 0
3216 1783 1784 1773 0 0 0
3217 1773 1784 1774 0 0 0
3218 1784 1785 1774 0 0 0
3219 1774 1785 1775 0 0 0
3220 1785 1786 1775 0 0 0
3221 1775 1786 1776 0 0 0
3222 1786 1787 1776 0 0 0
3223 1776 1787 241 0 0 0
3224 1787 240 241 0 0 0
3225 233 1788 1777 0 0 0
3226 1788 1789 1777 0 0 0
3227 1777 1789 1778 0 0 0
3228 1789 1790 1778 0 0 0
3229 1778 1790 1779 0 0 0
3230 1790 1791 1779 0 0 0
3231 1779 1791 1780 0 0 0
3232 1791 1792 1780 0 0 0
3233 1780 1792 1781 0 0 0
3234 1792 1793 1781 0 0 0
3235 1781 1793 1782 0 0 0
3236 1793 1794 1782 0 0 0
3237 1782 1794 1783 0 0 0
3238 1794 1795 1783 0 0 0
3239 1783 1795 1784 0 0 0
3240 1795 1796 1784 0 0 0
3241 1784 1796 1785 0 0 0
3242 1796 1797 1785 0 0 0
3243 1785 1797 1786 0 0 0
3244 1797 1798 1786 0 0 0
3245 1786 1798 1787 0 0 0
3246 1798 1799 1787 0 0 0
3247 1787 1799 240 0 0 0
3248 1799 239 240 0 0 0
3249 234 1800 1788 0 0 0
3250 1800 1801 1788 0 0 0
3251 1788 1801 1789 0 0 0
3252 1801 1802 1789 0 0 0
3253 1789 1802 1790 0 0 0
3254 1802 1803 1790 0 0 0
3255 1790 1803 1791 0 0 0
3256 1803 1804 1791 0 0 0
3257 1791 1804 1792 0 0 0
3258 1804 1805 1792 0 0 0
3259 1792 1805 1793 0 0 0
3260 1805 1806 1793 0 0 0
3261 1793 1806 1794 0 0 0
3262 1806 1807 1794 0 0 0
3263 1794 1807 1795 0 0 0
3264 1807 1808 1795 0 0 0
3265 1795 1808 1796 0 0 0
3266 1808 1809 1796 0 0 0
3267 1796 1809 1797 0 0 0
3268 1809 1810 1797 0 0 0
3269 1797 1810 1798 0 0 0
3270 1810 1811 1798 0 0 0
3271 1798 1811 1799 0 0 0
3272 1811 1812 1799 0 0 0
3273 1799 1812 239 0 0 0
3274 1812 238 239 0 0 0
3275 235 1813 1800 0 0 0
3276 1813 1814 1800 0 0 0
3277 1800 1814 1801 0 0 0
3278 1814 1815 1801 0 0 0
3279 1801 1815 1802 0 0 0
3280 1815 1816 1802 0 0 0
3281 1802 1816 1803 0 0 0
3282 1816 1817 1803 0 0 0
3283 1803 1817 1804 0 0 0
3284 1817 1818 1804 0 0 0
3285 1804 1818 1805 0 0 0
3286 1818 1819 1805 0 0 0
3287 1805 1819 1806 0 0 0
3288 1819 1820 1806 0 0 0
3289 1806 1820 1807 0 0 0
3290 1820 1821 1807 0 0 0
3291 1807 1821 1808 0 0 0
3292 1821 1822 1808 0 0 0
3293 1808 1822 1809 0 0 0
3294 1822 1823 1809 0 0 0
3295 1809 1823 1810 0 0 0
3296 1823 1824 1810 0 0 0
3297 1810 1824 1811 0 0 0
3298 1824 1825 1811 0 0 0
3299 1811 1825 1812 0 0 0
3300 1825 1826 1812 0 0 0
3301 1812 1826 238 0 0 0
3302 1826 237 238 0 0 0
3303 236 116 1813 0 0 0
3304 116 115 1813 0 0 0
3305 1813 115 1814 0 0 0
3306 115 114 1814 0 0 0
3307 1814 114 1815 0 0 0
3308 114 113 1815 0 0 0
3309 1815 113 1816 0 0 0
3310 113 112 1816 0 0 0
3311 1816 112 1817 0 0 0
3312 112 111 1817 0 0 0
3313 1817 111 1818 0 0 0
3314 111 110 1818 0 0 0
3315 1818 110 1819 0 0 0
3316 110 109 1819 0 0 0
3317 1819 109 1820 0 0 0
3318 109 108 1820 0 0 0
3319 1820 108 1821 0 0 0
3320 108 107 1821 0 0 0
3321 1821 107 1822 0 0 0
3322 107 106 1822 0 0 0
3323 1822 106 1823 0 0 0
3324 106 105 1823 0 0 0
3325 1823 105 1824 0 0 0
3326 105 104 1824 0 0 0
3327 1824 104 1825 0 0 0
3328 104 103 1825 0 0 0
3329 1825 103 1826 0 0 0
3330 103 102 1826 0 0 0
3331 1826 102 237 0 0 0
3332 102 2 237 0 0 0
3333 192 221 6 0 0 0
3334 193 1827 192 0 0 0
3335 194 1828 193 0 0 0
3336 195 1830 194 0 0 0
3337 196 1833 195 0 0 0
3338 197 1837 196 0 0 0
3339 198 1842 197 0 0 0
3340 199 1848 198 0 0 0
3341 200 1855 199 0 0 0
3342 201 1863 200 0 0 0
3343 202 1872 201 0 0 0
3344 203 1882 202 0 0 0
3345 204 1893 203 0 0 0
3346 205 1905 204 0 0 0
3347 206 1918 205 0 0 0
3348 192 1827 221 0 0 0
3349 1827 220 221 0 0 0
3350 193 1828 1827 0 0 0
3351 1828 1829 1827 0 0 0
3352 1827 1829 220 0 0 0
3353 1829 219 220 0 0 0
3354 194 1830 1828 0 0 0
3355 1830 1831 1828 0 0 0
3356 1828 1831 1829 0 0 0
3357 1831 1832 1829 0 0 0
3358 1829 1832 219 0 0 0
3359 1832 218 219 0 0 0
3360 195 1833 1830 0 0 0
3361 1833 1834 1830 0 0 0
3362 1830 1834 1831 0 0 0
3363 1834 1835 1831 0 0 0
3364 1831 1835 1832 0 0 0
3365 1835 1836 1832 0 0 0
3366 1832 1836 218 0 0 0
3367 1836 217 218 0 0 0
3368 196 1837 1833 0 0 0
3369 1837 1838 1833 0 0 0
3370 1833 1838 1834 0 0 0
3371 1838 1839 1834 0 0 0
3372 1834 1839 1835 0 0 0
3373 1839 1840 1835 0 0 0
3374 1835 1840 1836 0 0 0
3375 1840 1841 1836 0 0 0
3376 1836 1841 217 0 0 0
3377 1841 216 217 0 0 0
3378 197 1842 1837 0 0 0
3379 1842 1843 1837 0 0 0
3380 1837 1843 1838 0 0 0
3381 1843 1844 1838 0 0 0
3382 1838 1844 1839 0 0 0
3383 1844 1845 1839 0 0 0
3384 1839 1845 1840 0 0 0
3385 1845 1846 1840 0 0 0
3386 1840 1846 1841 0 0 0
3387 1846 1847 1841 0 0 0
3388 1841 1847 216 0 0 0
3389 1847 215 216 0 0 0
3390 198 1848 1842 0 0 0
3391 1848 1849 1842 0 0 0
3392 1842 1849 1843 0 0 0
3393 1849 1850 1843 0 0 0
3394 1843 1850 1844 0 0 0
3395 1850 1851 1844 0 0 0
3396 1844 1851 1845 0 0 0
3397 1851 1852 1845 0 0 0
3398 1845 1852 1846 0 0 0
3399 1852 1853 1846 0 0 0
3400 1846 1853 1847 0 0 0
3401 1853 1854 1847 0 0 0
3402 1847 1854 215 0 0 0
3403 1854 214 215 0 0 0
3404 199 1855 1848 0 0 0
3405 1855 1856 1848 0 0 0
3406 1848 1856 1849 0 0 0
3407 1856 1857 1849 0 0 0
3408 1849 1857 1850 0 0 0
3409 1857 1858 1850 0 0 0
3410 1850 1858 1851 0 0 0
3411 1858 1859 1851 0 0 0
3412 1851 1859 1852 0 0 0
3413 1859 1860 1852 0 0 0
3414 1852 1860 1853 0 0 0
3415 1860 1861 1853 0 0 0
3416 1853 1861 1854 0 0 0
3417 1861 1862 1854 0 0 0
3418 1854 1862 214 0 0 0
3419 1862 213 214 0 0 0
3420 200 1863 1855 0 0 0
3421 1863 1864 1855 0 0 0
3422 1855 1864 1856 0 0 0
3423 1864 1865 1856 0 0 0
3424 1856 1865 1857 0 0 0
3425 1865 1866 1857 0 0 0
3426 1857 1866 1858 0 0 0
3427 1866 1867 1858 0 0 0
3428 1858 1867 1859 0 0 0
3429 1867 1868 1859 0 0 0
3430 1859 1868 1860 0 0 0
3431 1868 1869 1860 0 0 0
3432 1860 1869 1861 0 0 0
3433 1869 1870 1861 0 0 0
3434 1861 1870 1862 0 0 0
3435 1870 1871 1862 0 0 0
3436 1862 1871 213 0 0 0
3437 1871 212 213 0 0 0
3438 201 1872 1863 0 0 0
3439 1872 1873 1863 0 0 0
3440 1863 1873 1864 0 0 0
3441 1873 1874 1864 0 0 0
3442 1864 1874 1865 0 0 0
3443 1874 1875 1865 0 0 0
3444 1865 1875 1866 0 0 0
3445 1875 1876 1866 0 0 0
3446 1866 1876 1867 0 0 0
3447 1876 1877 1867 0 0 0
3448 1867 1877 1868 0 0 0
3449 1877 1878 1868 0 0 0
3450 1868 1878 1869 0 0 0
3451 1878 1879 1869 0 0 0
3452 1869 1879 1870 0 0 0
3453 1879 1880 1870 0 0 0
3454 1870 1880 1871 0 0 0
3455 1880 1881 1871 0 0 0
3456 1871 1881 212 0 0 0
3457 1881 211 212 0 0 0
3458 202 1882 1872 0 0 0
3459 1882 1883 1872 0 0 0
3460 1872 1883 1873 0 0 0
3461 1883 1884 1873 0 0 0
3462 1873 1884 1874 0 0 0
3463 1884 1885 1874 0 0 0
3464 1874 1885 1875 0 0 0
3465 1885 1886 1875 0 0 0
3466 1875 1886 1876 0 0 0
3467 1886 1887 1876 0 0 0
3468 1876 1887 1877 0 0 0
3469 1887 1888 1877 0 0 0
3470 1877 1888 1878 0 0 0
3471 1888 1889 1878 0 0 0
3472 1878 1889 1879 0 0 0
3473 1889 1890 1879 0 0 0
3474 1879 1890 1880 0 0 0
3475 1890 1891 1880 0 0 0
3476 1880 1891 1881 0 0 0
3477 1891 1892 1881 0 0 0
3478 1881 1892 211 0 0 0
3479 1892 210 211 0 0 0
3480 203 1893 1882 0 0 0
3481 1893 1894 1882 0 0 0
3482 1882 1894 1883 0 0 0
3483 1894 1895 1883 0 0 0
3484 1883 1895 1884 0 0 0
3485 1895 1896 1884 0 0 0
3486 1884 1896 1885 0 0 0
3487 1896 1897 1885 0 0 0
3488 1885 1897 1886 0 0 0
3489 1897 1898 1886 0 0 0
3490 1886 1898 1887 0 0 0
3491 1898 1899 1887 0 0 0
3492 1887 1899 1888 0 0 0
3493 1899 1900 1888 0 0 0
3494 1888 1900 1889 0 0 0
3495 1900 1901 1889 0 0 0
3496 1889 1901 1890 0 0 0
3497 1901 1902 1890 0 0 0
3498 1890 1902 1891 0 0 0
3499 1902 1903 1891 0 0 0
3500 1891 1903 1892 0 0 0
3501 1903 1904 1892 0 0 0
3502 1892 1904 210 0 0 0
3503 1904 209 210 0 0 0
3504 204 1905 1893 0 0 0
3505 1905 1906 1893 0 0 0
3506 1893 1906 1894 0 0 0
3507 1906 1907 1894 0 0 0
3508 1894 1907 1895 0 0 0
3509 1907 1908 1895 0 0 0
3510 1895 1908 1896 0 0 0
3511 1908 1909 1896 0 0 0
3512 1896 1909 1897 0 0 0
3513 1909 1910 1897 0 0 0
3514 1897 1910 1898 0 0 0
3515 1910 1911 1898 0 0 0
3516 1898 1911 1899 0 0 0
3517 1911 1912 1899 0 0 0
3518 1899 1912 1900 0 0 0
3519 1912 1913 1900 0 0 0
3520 1900 1913 1901 0 0 0
3521 1913 1914 1901 0 0 0
3522 1901 1914 1902 0 0 0
3523 1914 1915 1902 0 0 0
3524 1902 1915 1903 0 0 0
3525 1915 1916 1903 0 0 0
3526 1903 1916 1904 0 0 0
3527 1916 1917 1904 0 0 0
3528 1904 1917 209 0 0 0
3529 1917 208 209 0 0 0
3530 205 1918 1905 0 0 0
3531 1918 1919 1905 0 0 0
3532 1905 1919 1906 0 0 0
3533 1919 1920 1906 0 0 0
3534 1906 1920 1907 0 0 0
3535 1920 1921 1907 0 0 0
3536 1907 1921 1908 0 0 0
3537 1921 1922 1908 0 0 0
3538 1908 1922 1909 0 0 0
3539 1922 1923 1909 0 0 0
3540 1909 1923 1910 0 0 0
3541 1923 1924 1910 0 0 0
3542 1910 1924 1911 0 0 0
3543 1924 1925 1911 0 0 0
3544 1911 1925 1912 0 0 0
3545 1925 1926 1912 0 0 0
3546 1912 1926 1913 0 0 0
3547 1926 1927 1913 0 0 0
3548 1913 1927 1914 0 0 0
3549 1927 1928 1914 0 0 0
3550 1914 1928 1915 0 0 0
3551 1928 1929 1915 0 0 0
3552 1915 1929 1916 0 0 0
3553 1929 1930 1916 0 0 0
3554 1916 1930 1917 0 0 0
3555 1930 1931 1917 0 0 0
3556 1917 1931 208 0 0 0
3557 1931 207 208 0 0 0
3558 206 56 1918 0 0 0
3559 56 55 1918 0 0 0
3560 1918 55 1919 0 0 0
3561 55 54 1919 0 0 0
3562 1919 54 1920 0 0 0
3563 54 53 1920 0 0 0
3564 1920 53 1921 0 0 0
3565 53 52 1921 0 0 0
3566 1921 52 1922 0 0 0
3567 52 51 1922 0 0 0
3568 1922 51 1923 0 0 0
3569 51 50 1923 0 0 0
3570 1923 50 1924 0 0 0
3571 50 49 1924 0 0 0
3572 1924 49 1925 0 0 0
3573 49 48 1925 0 0 0
3574 1925 48 1926 0 0 0
3575 48 47 1926 0 0 0
3576 1926 47 1927 0 0 0
3577 47 46 1927 0 0 0
3578 1927 46 1928 0 0 0
3579 46 45 1928 0 0 0
3580 1928 45 1929 0 0 0
3581 45 44 1929 0 0 0
3582 1929 44 1930 0 0 0
3583 44 43 1930 0 0 0
3584 1930 43 1931 0 0 0
3585 43 42 1931 0 0 0
3586 1931 42 207 0 0 0
3587 42 1 207 0 0 0
3588 162 191 10 0 0 0
3589 163 1932 162 0 0 0
3590 164 1933 163 0 0 0
3591 165 1935 164 0 0 0
3592 166 1938 165 0 0 0
3593 167 1942 166 0 0 0
3594 168 1947 167 0 0 0
3595 169 1953 168 0 0 0
3596 170 1960 169 0 0 0
3597 171 1968 170 0 0 0
3598 172 1977 171 0 0 0
3599 173 1987 172 0 0 0
3600 174 1998 173 0 0 0
3601 175 2010 174 0 0 0
3602 176 2023 175 0 0 0
3603 162 1932 191 0 0 0
3604 1932 190 191 0 0 0
3605 163 1933 1932 0 0 0
3606 1933 1934 1932 0 0 0
3607 1932 1934 190 0 0 0
3608 1934 189 190 0 0 0
3609 164 1935 1933 0 0 0
3610 1935 1936 1933 0 0 0
3611 1933 1936 1934 0 0 0
3612 1936 1937 1934 0 0 0
3613 1934 1937 189 0 0 0
3614 1937 188 189 0 0 0
3615 165 1938 1935 0 0 0
3616 1938 1939 1935 0 0 0
3617 1935 1939 1936 0 0 0
3618 1939 1940 1936 0 0 0
3619 1936 1940 1937 0 0 0
3620 1940 1941 1937 0 0 0
3621 1937 1941 188 0 0 0
3622 1941 187 188 0 0 0
3623 166 1942 1938 0 0 0
3624 1942 1943 1938 0 0 0
3625 1938 1943 1939 0 0 0
3626 1943 1944 1939 0 0 0
3627 1939 1944 1940 0 0 0
3628 1944 1945 1940 0 0 0
3629 1940 1945 1941 0 0 0
3630 1945 1946 1941 0 0 0
3631 1941 1946 187 0 0 0
3632 1946 186 187 0 0 0
3633 167 1947 1942 0 0 0
3634 1947 1948 1942 0 0 0
3635 1942 1948 1943 0 0 0
3636 1948 1949 1943 0 0 0
3637 1943 1949 1944 0 0 0
3638 1949 1950 1944 0 0 0
3639 1944 1950 1945 0 0 0
3640 1950 1951 1945 0 0 0
3641 1945 1951 1946 0 0 0
3642 1951 1952 1946 0 0 0
3643 1946 1952 186 0 0 0
3644 1952 185 186 0 0 0
3645 168 1953 1947 0 0 0
3646 1953 1954 1947 0 0 0
3647 1947 1954 1948 0 0 0
3648 1954 1955 1948 0 0 0
3649 1948 1955 1949 0 0 0
3650 1955 1956 1949 0 0 0
3651 1949 1956 1950 0 0 0
3652 1956 1957 1950 0 0 0
3653 1950 1957 1951 0 0 0
3654 1957 1958 1951 0 0 0
3655 1951 1958 1952 0 0 0
3656 1958 1959 1952 0 0 0
3657 1952 1959 185 0 0 0
3658 1959 184 185 0 0 0
3659 169 1960 1953 0 0 0
3660 1960 1961 1953 0 0 0
3661 1953 1961 1954 0 0 0
3662 1961 1962 1954 0 0 0
3663 1954 1962 1955 0 0 0
3664 1962 1963 1955 0 0 0
3665 1955 1963 1956 0 0 0
3666 1963 1964 1956 0 0 0
3667 1956 1964 1957 0 0 0
3668 1964 1965 1957 0 0 0
3669 1957 1965 1958 0 0 0
3670 1965 1966 1958 0 0 0
3671 1958 1966 1959 0 0 0
3672 1966 1967 1959 0 0 0
3673 1959 1967 184 0 0 0
3674 1967 183 184 0 0 0
3675 170 1968 1960 0 0 0
3676 1968 1969 1960 0 0 0
3677 1960 1969 1961 0 0 0
3678 1969 1970 1961 0 0 0
3679 1961 1970 1962 0 0 0
3680 1970 1971 1962 0 0 0
3681 1962 1971 1963 0 0 0
3682 1971 1972 1963 0 0 0
3683 1963 1972 1964 0 0 0
3684 1972 1973 1964 0 0 0
3685 1964 1973 1965 0 0 0
3686 1973 1974 1965 0 0 0
3687 1965 1974 1966 0 0 0
3688 1974 1975 1966 0 0 0
3689 1966 1975 1967 0 0 0
3690 1975 1976 1967 0 0 0
3691 1967 1976 183 0 0 0
3692 1976 182 183 0 0 0
3693 171 1977 1968 0 0 0
3694 1977 1978 1968 0 0 0
3695 1968 1978 1969 0 0 0
3696 1978 1979 1969 0 0 0
3697 1969 1979 1970 0 0 0
3698 1979 1980 1970 0 0 0
3699 1970 1980 1971 0 0 0
3700 1980 1981 1971 0 0 0
3701 1971 1981 1972 0 0 0
3702 1981 1982 1972 0 0 0
3703 1972 1982 1973 0 0 0
3704 1982 1983 1973 0 0 0
3705 1973 1983 1974 0 0 0
3706 1983 1984 1974 0 0 0
3707 1974 1984 1975 0 0 0
3708 1984 1985 1975 0 0 0
3709 1975 1985 1976 0 0 0
3710 1985 1986 1976 0 0 0
3711 1976 1986 182 0 0 0
3712 1986 181 182 0 0 0
3713 172 1987 1977 0 0 0
3714 1987 1988 1977 0 0 0
3715 1977 1988 1978 0 0 0
3716 1988 1989 1978 0 0 0
3717 1978 1989 1979 0 0 0
3718 1989 1990 1979 0 0 0
3719 1979 1990 1980 0 0 0
3720 1990 1991 1980 0 0 0
3721 1980 1991 1981 0 0 0
3722 1991 1992 1981 0 0 0
3723 1981 1992 1982 0 0 0
3724 1992 1993 1982 0 0 0
3725 1982 1993 1983 0 0 0
3726 1993 1994 1983 0 0 0
3727 1983 1994 1984 0 0 0
3728 1994 1995 1984 0 0 0
3729 1984 1995 1985 0 0 0
3730 1995 1996 1985 0 0 0
3731 1985 1996 1986 0 0 0
3732 1996 1997 1986 0 0 0
3733 1986 1997 181 0 0 0
3734 1997 180 181 0 0 0
3735 173 1998 1987 0 0 0
3736 1998 1999 1987 0 0 0
3737 1987 1999 1988 0 0 0
3738 1999 2000 1988 0 0 0
3739 1988 2000 1989 0 0 0
3740 2000 2001 1989 0 0 0
3741 1989 2001 1990 0 0 0
3742 2001 2002 1990 0 0 0
3743 1990 2002 1991 0 0 0
3744 2002 2003 1991 0 0 0
3745 1991 2003 1992 0 0 0
3746 2003 2004 1992 0 0 0
3747 1992 2004 1993 0 0 0
3748 2004 2005 1993 0 0 0
3749 1993 2005 1994 0 0 0
3750 2005 2006 1994 0 0 0
3751 1994 2006 1995 0 0 0
3752 2006 2007 1995 0 0 0
3753 1995 2007 1996 0 0 0
3754 2007 2008 1996 0 0 0
3755 1996 2008 1997 0 0 0
3756 2008 2009 1997 0 0 0
3757 1997 2009 180 0 0 0
3758 2009 179 180 0 0 0
3759 174 2010 1998 0 0 0
3760 2010 2011 1998 0 0 0
3761 1998 2011 1999 0 0 0
3762 2011 2012 1999 0 0 0
3763 1999 2012 2000 0 0 0
3764 2012 2013 2000 0 0 0
3765 2000 2013 2001 0 0 0
3766 2013 2014 2001 0 0 0
3767 2001 2014 2002 0 0 0
3768 2014 2015 2002 0 0 0
3769 2002 2015 2003 0 0 0
3770 2015 2016 2003 0 0 0
3771 2003 2016 2004 0 0 0
3772 2016 2017 2004 0 0 0
3773 2004 2017 2005 0 0 0
3774 2017 2018 2005 0 0 0
3775 2005 2018 2006 0 0 0
3776 2018 2019 2006 0 0 0
3777 2006 2019 2007 0 0 0
3778 2019 2020 2007 0 0 0
3779 2007 2020 2008 0 0 0
3780 2020 2021 2008 0 0 0
3781 2008 2021 2009 0 0 0
3782 2021 2022 2009 0 0 0
3783 2009 2022 179 0 0 0
3784 2022 178 179 0 0 0
3785 175 2023 2010 0 0 0
3786 2023 2024 2010 0 0 0
3787 2010 2024 2011 0 0 0
3788 2024 2025 2011 0 0 0
3789 2011 2025 2012 0 0 0
3790 2025 2026 2012 0 0 0
3791 2012 2026 2013 0 0 0
3792 2026 2027 2013 0 0 0
3793 2013 2027 2014 0 0 0
3794 2027 2028 2014 0 0 0
3795 2014 2028 2015 0 0 0
3796 2028 2029 2015 0 0 0
3797 2015 2029 2016 0 0 0
3798 2029 2030 2016 0 0 0
3799 2016 2030 2017 0 0 0
3800 2030 2031 2017 0 0 0
3801 2017 2031 2018 0 0 0
3802 2031 2032 2018 0 0 0
3803 2018 2032 2019 0 0 0
3804 2032 2033 2019 0 0 0
3805 2019 2033 2020 0 0 0
3806 2033 2034 2020 0 0 0
3807 2020 2034 2021 0 0 0
3808 2034 2035 2021 0 0 0
3809 2021 2035 2022 0 0 0
3810 2035 2036 2022 0 0 0
3811 2022 2036 178 0 0 0
3812 2036 177 178 0 0 0
3813 176 71 2023 0 0 0
3814 71 70 2023 0 0 0
3815 2023 70 2024 0 0 0
3816 70 69 2024 0 0 0
3817 2024 69 2025 0 0 0
3818 69 68 2025 0 0 0
3819 2025 68 2026 0 0 0
3820 68 67 2026 0 0 0
3821 2026 67 2027 0 0 0
3822 67 66 2027 0 0 0
3823 2027 66 2028 0 0 0
3824 66 65 2028 0 0 0
3825 2028 65 2029 0 0 0
3826 65 64 2029 0 0 0
3827 2029 64 2030 0 0 0
3828 64 63 2030 0 0 0
3829 2030 63 2031 0 0 0
3830 63 62 2031 0 0 0
3831 2031 62 2032 0 0 0
3832 62 61 2032 0 0 0
3833 2032 61 2033 0 0 0
3834 61 60 2033 0 0 0
3835 2033 60 2034 0 0 0
3836 60 59 2034 0 0 0
3837 2034 59 2035 0 0 0
3838 59 58 2035 0 0 0
3839 2035 58 2036 0 0 0
3840 58 57 2036 0 0 0
3841 2036 57 177 0 0 0
3842 57 5 177 0 0 0
3843 86 161 5 0 0 0
3844 85 2037 86 0 0 0
3845 84 2038 85 0 0 0
3846 83 2040 84 0 0 0
3847 82 2043 83 0 0 0
3848 81 2047 82 0 0 0
3849 80 2052 81 0 0 0
3850 79 2058 80 0 0 0
3851 78 2065 79 0 0 0
3852 77 2073 78 0 0 0
3853 76 2082 77 0 0 0
3854 75 2092 76 0 0 0
3855 74 2103 75 0 0 0
3856 73 2115 74 0 0 0
3857 72 2128 73 0 0 0
3858 86 2037 161 0 0 0
3859 2037 160 161 0 0 0
3860 85 2038 2037 0 0 0
3861 2038 2039 2037 0 0 0
3862 2037 2039 160 0 0 0
3863 2039 159 160 0 0 0
3864 84 2040 2038 0 0 0
3865 2040 2041 2038 0 0 0
3866 2038 2041 2039 0 0 0
3867 2041 2042 2039 0 0 0
3868 2039 2042 159 0 0 0
3869 2042 158 159 0 0 0
3870 83 2043 2040 0 0 0
3871 2043 2044 2040 0 0 0
3872 2040 2044 2041 0 0 0
3873 2044 2045 2041 0 0 0
3874 2041 2045 2042 0 0 0
3875 2045 2046 2042 0 0 0
3876 2042 2046 158 0 0 0
3877 2046 157 158 0 0 0
3878 82 2047 2043 0 0 0
3879 2047 2048 2043 0 0 0
3880 2043 2048 2044 0 0 0
3881 2048 2049 2044 0 0 0
3882 2044 2049 2045 0 0 0
3883 2049 2050 2045 0 0 0
3884 2045 2050 2046 0 0 0
3885 2050 2051 2046 0 0 0
3886 2046 2051 157 0 0 0
3887 2051 156 157 0 0 0
3888 81 2052 2047 0 0 0
3889 2052 2053 2047 0 0 0
3890 2047 2053 2048 0 0 0
3891 2053 2054 2048 0 0 0
3892 2048 2054 2049 0 0 0
3893 2054 2055 2049 0 0 0
3894 2049 2055 2050 0 0 0
3895 2055 2056 2050 0 0 0
3896 2050 2056 2051 0 0 0
3897 2056 2057 2051 0 0 0
3898 2051 2057 156 0 0 0
3899 2057 155 156 0 0 0
3900 80 2058 2052 0 0 0
3901 2058 2059 2052 0 0 0
3902 2052 2059 2053 0 0 0
3903 2059 2060 2053 0 0 0
3904 2053 2060 2054 0 0 0
3905 2060 2061 2054 0 0 0
3906 2054 2061 2055 0 0 0
3907 2061 2062 2055 0 0 0
3908 2055 2062 2056 0 0 0
3909 2062 2063 2056 0 0 0
3910 2056 2063 2057 0 0 0
3911 2063 2064 2057 0 0 0
3912 2057 2064 155 0 0 0
3913 2064 154 155 0 0 0
3914 79 2065 2058 0 0 0
3915 2065 2066 2058 0 0 0
3916 2058 2066 2059 0 0 0
3917 2066 2067 2059 0 0 0
3918 2059 2067 2060 0 0 0
3919 2067 2068 2060 0 0 0
3920 2060 2068 2061 0 0 0
3921 2068 2069 2061 0 0 0
3922 2061 2069 2062 0 0 0
3923 2069 2070 2062 0 0 0
3924 2062 2070 2063 0 0 0
3925 2070 2071 2063 0 0 0
3926 2063 2071 2064 0 0 0
3927 2071 2072 2064 0 0 0
3928 2064 2072 154 0 0 0
3929 2072 153 154 0 0 0
3930 78 2073 2065 0 0 0
3931 2073 2074 2065 0 0 0
3932 2065 2074 2066 0 0 0
3933 2074 2075 2066 0 0 0
3934 2066 2075 2067 0 0 0
3935 2075 2076 2067 0 0 0
3936 2067 2076 2068 0 0 0
3937 2076 2077 2068 0 0 0
3938 2068 2077 2069 0 0 0
3939 2077 2078 2069 0 0 0
3940 2069 2078 2070 0 0 0
3941 2078 2079 2070 0 0 0
3942 2070 2079 2071 0 0 0
3943 2079 2080 2071 0 0 0
3944 2071 2080 2072 0 0 0
3945 2080 2081 2072 0 0 0
3946 2072 2081 153 0 0 0
3947 2081 152 153 0 0 0
3948 77 2082 2073 0 0 0
3949 2082 2083 2073 0 0 0
3950 2073 2083 2074 0 0 0
3951 2083 2084 2074 0 0 0
3952 2074 2084 2075 0 0 0
3953 2084 2085 2075 0 0 0
3954 2075 2085 2076 0 0 0
3955 2085 2086 2076 0 0 0
3956 2076 2086 2077 0 0 0
3957 2086 2087 2077 0 0 0
3958 2077 2087 2078 0 0 0
3959 2087 2088 2078 0 0 0
3960 2078 2088 2079 0 0 0
3961 2088 2089 2079 0 0 0
3962 2079 2089 2080 0 0 0
3963 2089 2090 2080 0 0 0
3964 2080 2090 2081 0 0 0
3965 2090 2091 2081 0 0 0
3966 2081 2091 152 0 0 0
3967 2091 151 152 0 0 0
3968 76 2092 2082 0 0 0
3969 2092 2093 2082 0 0 0
3970 2082 2093 2083 0 0 0
3971 2093 2094 2083 0 0 0
3972 2083 2094 2084 0 0 0
3973 2094 2095 2084 0 0 0
3974 2084 2095 2085 0 0 0
3975 2095 2096 2085 0 0 0
3976 2085 2096 2086 0 0 0
3977 2096 2097 2086 0 0 0
3978 2086 2097 2087 0 0 0
3979 2097 2098 2087 0 0 0
3980 2087 2098 2088 0 0 0
3981 2098 2099 2088 0 0 0
3982 2088 2099 2089 0 0 0
3983 2099 2100 2089 0 0 0
3984 2089 2100 2090 0 0 0
3985 2100 2101 2090 0 0 0
3986 2090 2101 2091 0 0 0
3987 2101 2102 2091 0 0 0
3988 2091 2102 151 0 0 0
3989 2102 150 151 0 0 0
3990 75 2103 2092 0 0 0
3991 2103 2104 2092 0 0 0
3992 2092 2104 2093 0 0 0
3993 2104 2105 2093 0 0 0
3994 2093 2105 2094 0 0 0
3995 2105 2106 2094 0 0 0
3996 2094 2106 2095 0 0 0
3997 2106 2107 2095 0 0 0
3998 2095 2107 2096 0 0 0
3999 2107 2108 2096 0 0 0
4000 2096 2108 2097 0 0 0
4001 2108 2109 2097 0 0 0
4002 2097 2109 2098 0 0 0
4003 2109 2110 2098 0 0 0
4004 2098 2110 2099 0 0 0
4005 2110 2111 2099 0 0 0
4006 2099 2111 2100 0 0 0
4007 2111 2112 2100 0 0 0
4008 2100 2112 2101 0 0 0
4009 2112 2113 2101 0 0 0
4010 2101 2113 2102 0 0 0
4011 2113 2114 2102 0 0 0
4012 2102 2114 150 0 0 0
4013 2114 149 150 0 0 0
4014 74 2115 2103 0 0 0
4015 2115 2116 2103 0 0 0
4016 2103 2116 2104 0 0 0
4017 2116 2117 2104 0 0 0
4018 2104 2117 2105 0 0 0
4019 2117 2118 2105 0 0 0
4020 2105 2118 2106 0 0 0
4021 2118 2119 2106 0 0 0
4022 2106 2119 2107 0 0 0
4023 2119 2120 2107 0 0 0
4024 2107 2120 2108 0 0 0
4025 2120 2121 2108 0 0 0
4026 2108 2121 2109 0 0 0
4027 2121 2122 2109 0 0 0
4028 2109 2122 2110 0 0 0
4029 2122 2123 2110 0 0 0
4030 2110 2123 2111 0 0 0
4031 2123 2124 2111 0 0 0
4032 2111 2124 2112 0 0 0
4033 2124 2125 2112 0 0 0
4034 2112 2125 2113 0 0 0
4035 2125 2126 2113 0 0 0
4036 2113 2126 2114 0 0 0
4037 2126 2127 2114 0 0 0
4038 2114 2127 149 0 0 0
4039 2127 148 149 0 0 0
4040 73 2128 2115 0 0 0
4041 2128 2129 2115 0 0 0
4042 2115 2129 2116 0 0 0
4043 2129 2130 2116 0 0 0
4044 2116 2130 2117 0 0 0
4045 2130 2131 2117 0 0 0
4046 2117 2131 2118 0 0 0
4047 2131 2132 2118 0 0 0
4048 2118 2132 2119 0 0 0
4049 2132 2133 2119 0 0 0
4050 2119 2133 2120 0 0 0
4051 2133 2134 2120 0 0 0
4052 2120 2134 2121 0 0 0
4053 2134 2135 2121 0 0 0
4054 2121 2135 2122 0 0 0
4055 2135 2136 2122 0 0 0
4056 2122 2136 2123 0 0 0
4057 2136 2137 2123 0 0 0
4058 2123 2137 2124 0 0 0
4059 2137 2138 2124 0 0 0
4060 2124 2138 2125 0 0 0
4061 2138 2139 2125 0 0 0
4062 2125 2139 2126 0 0 0
4063 2139 2140 2126 0 0 0
4064 2126 2140 2127 0 0 0
4065 2140 2141 2127 0 0 0
4066 2127 2141 148 0 0 0
4067 2141 147 148 0 0 0
4068 72 131 2128 0 0 0
4069 131 130 2128 0 0 0
4070 2128 130 2129 0 0 0
4071 130 129 2129 0 0 0
4072 2129 129 2130 0 0 0
4073 129 128 2130 0 0 0
4074 2130 128 2131 0 0 0
4075 128 127 2131 0 0 0
4076 2131 127 2132 0 0 0
4077 127 126 2132 0 0 0
4078 2132 126 2133 0 0 0
4079 126 125 2133 0 0 0
4080 2133 125 2134 0 0 0
4081 125 124 2134 0 0 0
4082 2134 124 2135 0 0 0
4083 124 123 2135 0 0 0
4084 2135 123 2136 0 0 0
4085 123 122 2136 0 0 0
4086 2136 122 2137 0 0 0
4087 122 121 2137 0 0 0
4088 2137 121 2138 0 0 0
4089 121 120 2138 0 0 0
4090 2138 120 2139 0 0 0
4091 120 119 2139 0 0 0
4092 2139 119 2140 0 0 0
4093 119 118 2140 0 0 0
4094 2140 118 2141 0 0 0
4095 118 117 2141 0 0 0
4096 2141 117 147 0 0 0
4097 117 4 147 0 0 0
4098 117 146 4 0 0 0
4099 118 2142 117 0 0 0
4100 119 2143 118 0 0 0
4101 120 2145 119 0 0 0
4102 121 2148 120 0 0 0
4103 122 2152 121 0 0 0
4104 123 2157 122 0 0 0
4105 124 2163 123 0 0 0
4106 125 2170 124 0 0 0
4107 126 2178 125 0 0 0
4108 127 2187 126 0 0 0
4109 128 2197 127 0 0 0
4110 129 2208 128 0 0 0
4111 130 2220 129 0 0 0
4112 131 2233 130 0 0 0
4113 117 2142 146 0 0 0
4114 2142 145 146 0 0 0
4115 118 2143 2142 0 0 0
4116 2143 2144 2142 0 0 0
4117 2142 2144 145 0 0 0
4118 2144 144 145 0 0 0
4119 119 2145 2143 0 0 0
4120 2145 2146 2143 0 0 0
4121 2143 2146 2144 0 0 0
4122 2146 2147 2144 0 0 0
4123 2144 2147 144 0 0 0
4124 2147 143 144 0 0 0
4125 120 2148 2145 0 0 0
4126 2148 2149 2145 0 0 0
4127 2145 2149 2146 0 0 0
4128 2149 2150 2146 0 0 0
4129 2146 2150 2147 0 0 0
4130 2150 2151 2147 0 0 0
4131 2147 2151 143 0 0 0
4132 2151 142 143 0 0 0
4133 121 2152 2148 0 0 0
4134 2152 2153 2148 0 0 0
4135 2148 2153 2149 0 0 0
4136 2153 2154 2149 0 0 0
4137 2149 2154 2150 0 0 0
4138 2154 2155 2150 0 0 0
4139 2150 2155 2151 0 0 0
4140 2155 2156 2151 0 0 0
4141 2151 2156 142 0 0 0
4142 2156 141 142 0 0 0
4143 122 2157 2152 0 0 0
4144 2157 2158 2152 0 0 0
4145 2152 2158 2153 0 0 0
4146 2158 2159 2153 0 0 0
4147 2153 2159 2154 0 0 0
4148 2159 2160 2154 0 0 0
4149 2154 2160 2155 0 0 0
4150 2160 2161 2155 0 0 0
4151 2155 2161 2156 0 0 0
4152 2161 2162 2156 0 0 0
4153 2156 2162 141 0 0 0
4154 2162 140 141 0 0 0
4155 123 2163 2157 0 0 0
4156 2163 2164 2157 0 0 0
4157 2157 2164 2158 0 0 0
4158 2164 2165 2158 0 0 0
4159 2158 2165 2159 0 0 0
4160 2165 2166 2159 0 0 0
4161 2159 2166 2160 0 0 0
4162 2166 2167 2160 0 0 0
4163 2160 2167 2161 0 0 0
4164 2167 2168 2161 0 0 0
4165 2161 2168 2162 0 0 0
4166 2168 2169 2162 0 0 0
4167 2162 2169 140 0 0 0
4168 2169 139 140 0 0 0
4169 124 2170 2163 0 0 0
4170 2170 2171 2163 0 0 0
4171 2163 2171 2164 0 0 0
4172 2171 2172 2164 0 0 0
4173 2164 2172 2165 0 0 0
4174 2172 2173 2165 0 0 0
4175 2165 2173 2166 0 0 0
4176 2173 2174 2166 0 0 0
4177 2166 2174 2167 0 0 0
4178 2174 2175 2167 0 0 0
4179 2167 2175 2168 0 0 0
4180 2175 2176 2168 0 0 0
4181 2168 2176 2169 0 0 0
4182 2176 2177 2169 0 0 0
4183 2169 2177 139 0 0 0
4184 2177 138 139 0 0 0
4185 125 2178 2170 0 0 0
4186 2178 2179 2170 0 0 0
4187 2170 2179 2171 0 0 0
4188 2179 2180 2171 0 0 0
4189 2171 2180 2172 0 0 0
4190 2180 2181 2172 0 0 0
4191 2172 2181 2173 0 0 0
4192 2181 2182 2173 0 0 0
4193 2173 2182 2174 0 0 0
4194 2182 2183 2174 0 0 0
4195 2174 2183 2175 0 0 0
4196 2183 2184 2175 0 0 0
4197 2175 2184 2176 0 0 0
4198 2184 2185 2176 0 0 0
4199 2176 2185 2177 0 0 0
4200 2185 2186 2177 0 0 0
4201 2177 2186 138 0 0 0
4202 2186 137 138 0 0 0
4203 126 2187 2178 0 0 0
4204 2187 2188 2178 0 0 0
4205 2178 2188 2179 0 0 0
4206 2188 2189 2179 0 0 0
4207 2179 2189 2180 0 0 0
4208 2189 2190 2180 0 0 0
4209 2180 2190 2181 0 0 0
4210 2190 2191 2181 0 0 0
4211 2181 2191 2182 0 0 0
4212 2191 2192 2182 0 0 0
4213 2182 2192 2183 0 0 0
4214 2192 2193 2183 0 0 0
4215 2183 2193 2184 0 0 0
4216 2193 2194 2184 0 0 0
4217 2184 2194 2185 0 0 0
4218 2194 2195 2185 0 0 0
4219 2185 2195 2186 0 0 0
4220 2195 2196 2186 0 0 0
4221 2186 2196 137 0 0 0
4222 2196 136 137 0 0 0
4223 127 2197 2187 0 0 0
4224 2197 2198 2187 0 0 0
4225 2187 2198 2188 0 0 0
4226 2198 2199 2188 0 0 0
4227 2188 2199 2189 0 0 0
4228 2199 2200 2189 0 0 0
4229 2189 2200 2190 0 0 0
4230 2200 2201 2190 0 0 0
4231 2190 2201 2191 0 0 0
4232 2201 2202 2191 0 0 0
4233 2191 2202 2192 0 0 0
4234 2202 2203 2192 0 0 0
4235 2192 2203 2193 0 0 0
4236 2203 2204 2193 0 0 0
4237 2193 2204 2194 0 0 0
4238 2204 2205 2194 0 0 0
4239 2194 2205 2195 0 0 0
4240 2205 2206 2195 0 0 0
4241 2195 2206 2196 0 0 0
4242 2206 2207 2196 0 0 0
4243 2196 2207 136 0 0 0
4244 2207 135 136 0 0 0
4245 128 2208 2197 0 0 0
4246 2208 2209 2197 0 0 0
4247 2197 2209 2198 0 0 0
4248 2209 2210 2198 0 0 0
4249 2198 2210 2199 0 0 0
4250 2210 2211 2199 0 0 0
4251 2199 2211 2200 0 0 0
4252 2211 2212 2200 0 0 0
4253 2200 2212 2201 0 0 0
4254 2212 2213 2201 0 0 0
4255 2201 2213 2202 0 0 0
4256 2213 2214 2202 0 0 0
4257 2202 2214 2203 0 0 0
4258 2214 2215 2203 0 0 0
4259 2203 2215 2204 0 0 0
4260 2215 2216 2204 0 0 0
4261 2204 2216 2205 0 0 0
4262 2216 2217 2205 0 0 0
4263 2205 2217 2206 0 0 0
4264 2217 2218 2206 0 0 0
4265 2206 2218 2207 0 0 0
4266 2218 2219 2207 0 0 0
4267 2207 2219 135 0 0 0
4268 2219 134 135 0 0 0
4269 129 2220 2208 0 0 0
4270 2220 2221 2208 0 0 0
4271 2208 2221 2209 0 0 0
4272 2221 2222 2209 0 0 0
4273 2209 2222 2210 0 0 0
4274 2222 2223 2210 0 0 0
4275 2210 2223 2211 0 0 0
4276 2223 2224 2211 0 0 0
4277 2211 2224 2212 0 0 0
4278 2224 2225 2212 0 0 0
4279 2212 2225 2213 0 0 0
4280 2225 2226 2213 0 0 0
4281 2213 2226 2214 0 0 0
4282 2226 2227 2214 0 0 0
4283 2214 2227 2215 0 0 0
4284 2227 2228 2215 0 0 0
4285 2215 2228 2216 0 0 0
4286 2228 2229 2216 0 0 0
4287 2216 2229 2217 0 0 0
4288 2229 2230 2217 0 0 0
4289 2217 2230 2218 0 0 0
4290 2230 2231 2218 0 0 0
4291 2218 2231 2219 0 0 0
4292 2231 2232 2219 0 0 0
4293 2219 2232 134 0 0 0
4294 2232 133 134 0 0 0
4295 130 2233 2220 0 0 0
4296 2233 2234 2220 0 0 0
4297 2220 2234 2221 0 0 0
4298 2234 2235 2221 0 0 0
4299 2221 2235 2222 0 0 0
4300 2235 2236 2222 0 0 0
4301 2222 2236 2223 0 0 0
4302 2236 2237 2223 0 0 0
4303 2223 2237 2224 0 0 0
4304 2237 2238 2224 0 0 0
4305 2224 2238 2225 0 0 0
4306 2238 2239 2225 0 0 0
4307 2225 2239 2226 0 0 0
4308 2239 2240 2226 0 0 0
4309 2226 2240 2227 0 0 0
4310 2240 2241 2227 0 0 0
4311 2227 2241 2228 0 0 0
4312 2241 2242 2228 0 0 0
4313 2228 2242 2229 0 0 0
4314 2242 2243 2229 0 0 0
4315 2229 2243 2230 0 0 0
4316 2243 2244 2230 0 0 0
4317 2230 2244 2231 0 0 0
4318 2244 2245 2231 0 0 0
4319 2231 2245 2232 0 0 0
4320 2245 2246 2232 0 0 0
4321 2232 2246 133 0 0 0
4322 2246 132 133 0 0 0
4323 131 101 2233 0 0 0
4324 101 100 2233 0 0 0
4325 2233 100 2234 0 0 0
4326 100 99 2234 0 0 0
4327 2234 99 2235 0 0 0
4328 99 98 2235 0 0 0
4329 2235 98 2236 0 0 0
4330 98 97 2236 0 0 0
4331 2236 97 2237 0 0 0
4332 97 96 2237 0 0 0
4333 2237 96 2238 0 0 0
4334 96 95 2238 0 0 0
4335 2238 95 2239 0 0 0
4336 95 94 2239 0 0 0
4337 2239 94 2240 0 0 0
4338 94 93 2240 0 0 0
4339 2240 93 2241 0 0 0
4340 93 92 2241 0 0 0
4341 2241 92 2242 0 0 0
4342 92 91 2242 0 0 0
4343 2242 91 2243 0 0 0
4344 91 90 2243 0 0 0
4345 2243 90 2244 0 0 0
4346 90 89 2244 0 0 0
4347 2244 89 2245 0 0 0
4348 89 88 2245 0 0 0
4349 2245 88 2246 0 0 0
4350 88 87 2246 0 0 0
4351 2246 87 132 0 0 0
4352 87 3 132 0 0 0
4353 87 116 3 0 0 0
4354 88 2247 87 0 0 0
4355 89 2248 88 0 0 0
4356 90 2250 89 0 0 0
4357 91 2253 90 0 0 0
4358 92 2257 91 0 0 0
4359 93 2262 92 0 0 0
4360 94 2268 93 0 0 0
4361 95 2275 94 0 0 0
4362 96 2283 95 0 0 0
4363 97 2292 96 0 0 0
4364 98 2302 97 0 0 0
4365 99 2313 98 0 0 0
4366 100 2325 99 0 0 0
4367 101 2338 100 0 0 0
4368 87 2247 116 0 0 0
4369 2247 115 116 0 0 0
4370 88 2248 2247 0 0 0
4371 2248 2249 2247 0 0 0
4372 2247 2249 115 0 0 0
4373 2249 114 115 0 0 0
4374 89 2250 2248 0 0 0
4375 2250 2251 2248 0 0 0
4376 2248 2251 2249 0 0 0
4377 2251 2252 2249 0 0 0
4378 2249 2252 114 0 0 0
4379 2252 113 114 0 0 0
4380 90 2253 2250 0 0 0
4381 2253 2254 2250 0 0 0
4382 2250 2254 2251 0 0 0
4383 2254 2255 2251 0 0 0
4384 2251 2255 2252 0 0 0
4385 2255 2256 2252 0 0 0
4386 2252 2256 113 0 0 0
4387 2256 112 113 0 0 0
4388 91 2257 2253 0 0 0
4389 2257 2258 2253 0 0 0
4390 2253 2258 2254 0 0 0
4391 2258 2259 2254 0 0 0
4392 2254 2259 2255 0 0 0
4393 2259 2260 2255 0 0 0
4394 2255 2260 2256 0 0 0
4395 2260 2261 2256 0 0 0
4396 2256 2261 112 0 0 0
4397 2261 111 112 0 0 0
4398 92 2262 2257 0 0 0
4399 2262 2263 2257 0 0 0
4400 2257 2263 2258 0 0 0
4401 2263 2264 2258 0 0 0
4402 2258 2264 2259 0 0 0
4403 2264 2265 2259 0 0 0
4404 2259 2265 2260 0 0 0
4405 2265 2266 2260 0 0 0
4406 2260 2266 2261 0 0 0
4407 2266 2267 2261 0 0 0
4408 2261 2267 111 0 0 0
4409 2267 110 111 0 0 0
4410 93 2268 2262 0 0 0
4411 2268 2269 2262 0 0 0
4412 2262 2269 2263 0 0 0
4413 2269 2270 2263 0 0 0
4414 2263 2270 2264 0 0 0
4415 2270 2271 2264 0 0 0
4416 2264 2271 2265 0 0 0
4417 2271 2272 2265 0 0 0
4418 2265 2272 2266 0 0 0
4419 2272 2273 2266 0 0 0
4420 2266 2273 2267 0 0 0
4421 2273 2274 2267 0 0 0
4422 2267 2274 110 0 0 0
4423 2274 109 110 0 0 0
4424 94 2275 2268 0 0 0
4425 2275 2276 2268 0 0 0
4426 2268 2276 2269 0 0 0
4427 2276 2277 2269 0 0 0
4428 2269 2277 2270 0 0 0
4429 2277 2278 2270 0 0 0
4430 2270 2278 2271 0 0 0
4431 2278 2279 2271 0 0 0
4432 2271 2279 2272 0 0 0
4433 2279 2280 2272 0 0 0
4434 2272 2280 2273 0 0 0
4435 2280 2281 2273 0 0 0
4436 2273 2281 2274 0 0 0
4437 2281 2282 2274 0 0 0
4438 2274 2282 109 0 0 0
4439 2282 108 109 0 0 0
4440 95 2283 2275 0 0 0
4441 2283 2284 2275 0 0 0
4442 2275 2284 2276 0 0 0
4443 2284 2285 2276 0 0 0
4444 2276 2285 2277 0 0 0
4445 2285 2286 2277 0 0 0
4446 2277 2286 2278 0 0 0
4447 2286 2287 2278 0 0 0
4448 2278 2287 2279 0 0 0
4449 2287 2288 2279 0 0 0
4450 2279 2288 2280 0 0 0
4451 2288 2289 2280 0 0 0
4452 2280 2289 2281 0 0 0
4453 2289 2290 2281 0 0 0
4454 2281 2290 2282 0 0 0
4455 2290 2291 2282 0 0 0
4456 2282 2291 108 0 0 0
4457 2291 107 108 0 0 0
4458 96 2292 2283 0 0 0
4459 2292 2293 2283 0 0 0
4460 2283 2293 2284 0 0 0
4461 2293 2294 2284 0 0 0
4462 2284 2294 2285 0 0 0
4463 2294 2295 2285 0 0 0
4464 2285 2295 2286 0 0 0
4465 2295 2296 2286 0 0 0
4466 2286 2296 2287 0 0 0
4467 2296 2297 2287 0 0 0
4468 2287 2297 2288 0 0 0
4469 2297 2298 2288 0 0 0
4470 2288 2298 2289 0 0 0
4471 2298 2299 2289 0 0 0
4472 2289 2299 2290 0 0 0
4473 2299 2300 2290 0 0 0
4474 2290 2300 2291 0 0 0
4475 2300 2301 2291 0 0 0
4476 2291 2301 107 0 0 0
4477 2301 106 107 0 0 0
4478 97 2302 2292 0 0 0
4479 2302 2303 2292 0 0 0
4480 2292 2303 2293 0 0 0
4481 2303 2304 2293 0 0 0
4482 2293 2304 2294 0 0 0
4483 2304 2305 2294 0 0 0
4484 2294 2305 2295 0 0 0
4485 2305 2306 2295 0 0 0
4486 2295 2306 2296 0 0 0
4487 2306 2307 2296 0 0 0
4488 2296 2307 2297 0 0 0
4489 2307 2308 2297 0 0 0
4490 2297 2308 2298 0 0 0
4491 2308 2309 2298 0 0 0
4492 2298 2309 2299 0 0 0
4493 2309 2310 2299 0 0 0
4494 2299 2310 2300 0 0 0
4495 2310 2311 2300 0 0 0
4496 2300 2311 2301 0 0 0
4497 2311 2312 2301 0 0 0
4498 2301 2312 106 0 0 0
4499 2312 105 106 0 0 0
4500 98 2313 2302 0 0 0
4501 2313 2314 2302 0 0 0
4502 2302 2314 2303 0 0 0
4503 2314 2315 2303 0 0 0
4504 2303 2315 2304 0 0 0
4505 2315 2316 2304 0 0 0
4506 2304 2316 2305 0 0 0
4507 2316 2317 2305 0 0 0
4508 2305 2317 2306 0 0 0
4509 2317 2318 2306 0 0 0
4510 2306 2318 2307 0 0 0
4511 2318 2319 2307 0 0 0
4512 2307 2319 2308 0 0 0
4513 2319 2320 2308 0 0 0
4514 2308 2320 2309 0 0 0
4515 2320 2321 2309 0 0 0
4516 2309 2321 2310 0 0 0
4517 2321 2322 2310 0 0 0
4518 2310 2322 2311 0 0 0
4519 2322 2323 2311 0 0 0
4520 2311 2323 2312 0 0 0
4521 2323 2324 2312 0 0 0
4522 2312 2324 105 0 0 0
4523 2324 104 105 0 0 0
4524 99 2325 2313 0 0 0
4525 2325 2326 2313 0 0 0
4526 2313 2326 2314 0 0 0
4527 2326 2327 2314 0 0 0
4528 2314 2327 2315 0 0 0
4529 2327 2328 2315 0 0 0
4530 2315 2328 2316 0 0 0
4531 2328 2329 2316 0 0 0
4532 2316 2329 2317 0 0 0
4533 2329 2330 2317 0 0 0
4534 2317 2330 2318 0 0 0
4535 2330 2331 2318 0 0 0
4536 2318 2331 2319 0 0 0
4537 2331 2332 2319 0 0 0
4538 2319 2332 2320 0 0 0
4539 2332 2333 2320 0 0 0
4540 2320 2333 2321 0 0 0
4541 2333 2334 2321 0 0 0
4542 2321 2334 2322 0 0 0
4543 2334 2335 2322 0 0 0
4544 2322 2335 2323 0 0 0
4545 2335 2336 2323 0 0 0
4546 2323 2336 2324 0 0 0
4547 2336 2337 2324 0 0 0
4548 2324 2337 104 0 0 0
4549 2337 103 104 0 0 0
4550 100 2338 2325 0 0 0
4551 2338 2339 2325 0 0 0
4552 2325 2339 2326 0 0 0
4553 2339 2340 2326 0 0 0
4554 2326 2340 2327 0 0 0
4555 2340 2341 2327 0 0 0
4556 2327 2341 2328 0 0 0
4557 2341 2342 2328 0 0 0
4558 2328 2342 2329 0 0 0
4559 2342 2343 2329 0 0 0
4560 2329 2343 2330 0 0 0
4561 2343 2344 2330 0 0 0
4562 2330 2344 2331 0 0 0
4563 2344 2345 2331 0 0 0
4564 2331 2345 2332 0 0 0
4565 2345 2346 2332 0 0 0
4566 2332 2346 2333 0 0 0
4567 2346 2347 2333 0 0 0
4568 2333 2347 2334 0 0 0
4569 2347 2348 2334 0 0 0
4570 2334 2348 2335 0 0 0
4571 2348 2349 2335 0 0 0
4572 2335 2349 2336 0 0 0
4573 2349 2350 2336 0 0 0
4574 2336 2350 2337 0 0 0
4575 2350 2351 2337 0 0 0
4576 2337 2351 103 0 0 0
4577 2351 102 103 0 0 0
4578 101 26 2338 0 0 0
4579 26 25 2338 0 0 0
4580 2338 25 2339 0 0 0
4581 25 24 2339 0 0 0
4582 2339 24 2340 0 0 0
4583 24 23 2340 0 0 0
4584 2340 23 2341 0 0 0
4585 23 22 2341 0 0 0
4586 2341 22 2342 0 0 0
4587 22 21 2342 0 0 0
4588 2342 21 2343 0 0 0
4589 21 20 2343 0 0 0
4590 2343 20 2344 0 0 0
4591 20 19 2344 0 0 0
4592 2344 19 2345 0 0 0
4593 19 18 2345 0 0 0
4594 2345 18 2346 0 0 0
4595 18 17 2346 0 0 0
4596 2346 17 2347 0 0 0
4597 17 16 2347 0 0 0
4598 2347 16 2348 0 0 0
4599 16 15 2348 0 0 0
4600 2348 15 2349 0 0 0
4601 15 14 2349 0 0 0
4602 2349 14 2350 0 0 0
4603 14 13 2350 0 0 0
4604 2350 13 2351 0 0 0
4605 13 12 2351 0 0 0
4606 2351 12 102 0 0 0
4607 12 2 102 0 0 0
4608 57 86 5 0 0 0
4609 58 2352 57 0 0 0
4610 59 2353 58 0 0 0
4611 60 2355 59 0 0 0
4612 61 2358 60 0 0 0
4613 62 2362 61 0 0 0
4614 63 2367 62 0 0 0
4615 64 2373 63 0 0 0
4616 65 2380 64 0 0 0
4617 66 2388 65 0 0 0
4618 67 2397 66 0 0 0
4619 68 2407 67 0 0 0
4620 69 2418 68 0 0 0
4621 70 2430 69 0 0 0
4622 71 2443 70 0 0 0
4623 57 2352 86 0 0 0
4624 2352 85 86 0 0 0
4625 58 2353 2352 0 0 0
4626 2353 2354 2352 0 0 0
4627 2352 2354 85 0 0 0
4628 2354 84 85 0 0 0
4629 59 2355 2353 0 0 0
4630 2355 2356 2353 0 0 0
4631 2353 2356 2354 0 0 0
4632 2356 2357 2354 0 0 0
4633 2354 2357 84 0 0 0
4634 2357 83 84 0 0 0
4635 60 2358 2355 0 0 0
4636 2358 2359 2355 0 0 0
4637 2355 2359 2356 0 0 0
4638 2359 2360 2356 0 0 0
4639 2356 2360 2357 0 0 0
4640 2360 2361 2357 0 0 0
4641 2357 2361 83 0 0 0
4642 2361 82 83 0 0 0
4643 61 2362 2358 0 0 0
4644 2362 2363 2358 0 0 0
4645 2358 2363 2359 0 0 0
4646 2363 2364 2359 0 0 0
4647 2359 2364 2360 0 0 0
4648 2364 2365 2360 0 0 0
4649 2360 2365 2361 0 0 0
4650 2365 2366 2361 0 0 0
4651 2361 2366 82 0 0 0
4652 2366 81 82 0 0 0
4653 62 2367 2362 0 0 0
4654 2367 2368 2362 0 0 0
4655 2362 2368 2363 0 0 0
4656 2368 2369 2363 0 0 0
4657 2363 2369 2364 0 0 0
4658 2369 2370 2364 0 0 0
4659 2364 2370 2365 0 0 0
4660 2370 2371 2365 0 0 0
4661 2365 2371 2366 0 0 0
4662 2371 2372 2366 0 0 0
4663 2366 2372 81 0 0 0
4664 2372 80 81 0 0 0
4665 63 2373 2367 0 0 0
4666 2373 2374 2367 0 0 0
4667 2367 2374 2368 0 0 0
4668 2374 2375 2368 0 0 0
4669 2368 2375 2369 0 0 0
4670 2375 2376 2369 0 0 0
4671 2369 2376 2370 0 0 0
4672 2376 2377 2370 0 0 0
4673 2370 2377 2371 0 0 0
4674 2377 2378 2371 0 0 0
4675 2371 2378 2372 0 0 0
4676 2378 2379 2372 0 0 0
4677 2372 2379 80 0 0 0
4678 2379 79 80 0 0 0
4679 64 2380 2373 0 0 0
4680 2380 2381 2373 0 0 0
4681 2373 2381 2374 0 0 0
4682 2381 2382 2374 0 0 0
4683 2374 2382 2375 0 0 0
4684 2382 2383 2375 0 0 0
4685 2375 2383 2376 0 0 0
4686 2383 2384 2376 0 0 0
4687 2376 2384 2377 0 0 0
4688 2384 2385 2377 0 0 0
4689 2377 2385 2378 0 0 0
4690 2385 2386 2378 0 0 0
4691 2378 2386 2379 0 0 0
4692 2386 2387 2379 0 0 0
4693 2379 2387 79 0 0 0
4694 2387 78 79 0 0 0
4695 65 2388 2380 0 0 0
4696 2388 2389 2380 0 0 0
4697 2380 2389 2381 0 0 0
4698 2389 2390 2381 0 0 0
4699 2381 2390 2382 0 0 0
4700 2390 2391 2382 0 0 0
4701 2382 2391 2383 0 0 0
4702 2391 2392 2383 0 0 0
4703 2383 2392 2384 0 0 0
4704 2392 2393 2384 0 0 0
4705 2384 2393 2385 0 0 0
4706 2393 2394 2385 0 0 0
4707 2385 2394 2386 0 0 0
4708 2394 2395 2386 0 0 0
4709 2386 2395 2387 0 0 0
4710 2395 2396 2387 0 0 0
4711 2387 2396 78 0 0 0
4712 2396 77 78 0 0 0
4713 66 2397 2388 0 0 0
4714 2397 2398 2388 0 0 0
4715 2388 2398 2389 0 0 0
4716 2398 2399 2389 0 0 0
4717 2389 2399 2390 0 0 0
4718 2399 2400 2390 0 0 0
4719 2390 2400 2391 0 0 0
4720 2400 2401 2391 0 0 0
4721 2391 2401 2392 0 0 0
4722 2401 2402 2392 0 0 0
4723 2392 2402 2393 0 0 0
4724 2402 2403 2393 0 0 0
4725 2393 2403 2394 0 0 0
4726 2403 2404 2394 0 0 0
4727 2394 2404 2395 0 0 0
4728 2404 2405 2395 0 0 0
4729 2395 2405 2396 0 0 0
4730 2405 2406 2396 0 0 0
4731 2396 2406 77 0 0 0
4732 2406 76 77 0 0 0
4733 67 2407 2397 0 0 0
4734 2407 2408 2397 0 0 0
4735 2397 2408 2398 0 0 0
4736 2408 2409 2398 0 0 0
4737 2398 2409 2399 0 0 0
4738 2409 2410 2399 0 0 0
4739 2399 2410 2400 0 0 0
4740 2410 2411 2400 0 0 0
4741 2400 2411 2401 0 0 0
4742 2411 2412 2401 0 0 0
4743 2401 2412 2402 0 0 0
4744 2412 2413 2402 0 0 0
4745 2402 2413 2403 0 0 0
4746 2413 2414 2403 0 0 0
4747 2403 2414 2404 0 0 0
4748 2414 2415 2404 0 0 0
4749 2404 2415 2405 0 0 0
4750 2415 2416 2405 0 0 0
4751 2405 2416 2406 0 0 0
4752 2416 2417 2406 0 0 0
4753 2406 2417 76 0 0 0
4754 2417 75 76 0 0 0
4755 68 2418 2407 0 0 0
4756 2418 2419 2407 0 0 0
4757 2407 2419 2408 0 0 0
4758 2419 2420 2408 0 0 0
4759 2408 2420 2409 0 0 0
4760 2420 2421 2409 0 0 0
4761 2409 2421 2410 0 0 0
4762 2421 2422 2410 0 0 0
4763 2410 2422 2411 0 0 0
4764 2422 2423 2411 0 0 0
4765 2411 2423 2412 0 0 0
4766 2423 2424 2412 0 0 0
4767 2412 2424 2413 0 0 0
4768 2424 2425 2413 0 0 0
4769 2413 2425 2414 0 0 0
4770 2425 2426 2414 0 0 0
4771 2414 2426 2415 0 0 0
4772 2426 2427 2415 0 0 0
4773 2415 2427 2416 0 0 0
4774 2427 2428 2416 0 0 0
4775 2416 2428 2417 0 0 0
4776 2428 2429 2417 0 0 0
4777 2417 2429 75 0 0 0
4778 2429 74 75 0 0 0
4779 69 2430 2418 0 0 0
4780 2430 2431 2418 0 0 0
4781 2418 2431 2419 0 0 0
4782 2431 2432 2419 0 0 0
4783 2419 2432 2420 0 0 0
4784 2432 2433 2420 0 0 0
4785 2420 2433 2421 0 0 0
4786 2433 2434 2421 0 0 0
4787 2421 2434 2422 0 0 0
4788 2434 2435 2422 0 0 0
4789 2422 2435 2423 0 0 0
4790 2435 2436 2423 0 0 0
4791 2423 2436 2424 0 0 0
4792 2436 2437 2424 0 0 0
4793 2424 2437 2425 0 0 0
4794 2437 2438 2425 0 0 0
4795 2425 2438 2426 0 0 0
4796 2438 2439 2426 0 0 0
4797 2426 2439 2427 0 0 0
4798 2439 2440 2427 0 0 0
4799 2427 2440 2428 0 0 0
4800 2440 2441 2428 0 0 0
4801 2428 2441 2429 0 0 0
4802 2441 2442 2429 0 0 0
4803 2429 2442 74 0 0 0
4804 2442 73 74 0 0 0
4805 70 2443 2430 0 0 0
4806 2443 2444 2430 0 0 0
4807 2430 2444 2431 0 0 0
4808 2444 2445 2431 0 0 0
4809 2431 2445 2432 0 0 0
4810 2445 2446 2432 0 0 0
4811 2432 2446 2433 0 0 0
4812 2446 2447 2433 0 0 0
4813 2433 2447 2434 0 0 0
4814 2447 2448 2434 0 0 0
4815 2434 2448 2435 0 0 0
4816 2448 2449 2435 0 0 0
4817 2435 2449 2436 0 0 0
4818 2449 2450 2436 0 0 0
4819 2436 2450 2437 0 0 0
4820 2450 2451 2437 0 0 0
4821 2437 2451 2438 0 0 0
4822 2451 2452 2438 0 0 0
4823 2438 2452 2439 0 0 0
4824 2452 2453 2439 0 0 0
4825 2439 2453 2440 0 0 0
4826 2453 2454 2440 0 0 0
4827 2440 2454 2441 0 0 0
4828 2454 2455 2441 0 0 0
4829 2441 2455 2442 0 0 0
4830 2455 2456 2442 0 0 0
4831 2442 2456 73 0 0 0
4832 2456 72 73 0 0 0
4833 71 41 2443 0 0 0
4834 41 40 2443 0 0 0
4835 2443 40 2444 0 0 0
4836 40 39 2444 0 0 0
4837 2444 39 2445 0 0 0
4838 39 38 2445 0 0 0
4839 2445 38 2446 0 0 0
4840 38 37 2446 0 0 0
4841 2446 37 2447 0 0 0
4842 37 36 2447 0 0 0
4843 2447 36 2448 0 0 0
4844 36 35 2448 0 0 0
4845 2448 35 2449 0 0 0
4846 35 34 2449 0 0 0
4847 2449 34 2450 0 0 0
4848 34 33 2450 0 0 0
4849 2450 33 2451 0 0 0
4850 33 32 2451 0 0 0
4851 2451 32 2452 0 0 0
4852 32 31 2452 0 0 0
4853 2452 31 2453 0 0 0
4854 31 30 2453 0 0 0
4855 2453 30 2454 0 0 0
4856 30 29 2454 0 0 0
4857 2454 29 2455 0 0 0
4858 29 28 2455 0 0 0
4859 2455 28 2456 0 0 0
4860 28 27 2456 0 0 0
4861 2456 27 72 0 0 0
4862 27 0 72 0 0 0
4863 12 56 2 0 0 0
4864 13 2457 12 0 0 0
4865 14 2458 13 0 0 0
4866 15 2460 14 0 0 0
4867 16 2463 15 0 0 0
4868 17 2467 16 0 0 0
4869 18 2472 17 0 0 0
4870 19 2478 18 0 0 0
4871 20 2485 19 0 0 0
4872 21 2493 20 0 0 0
4873 22 2502 21 0 0 0
4874 23 2512 22 0 0 0
4875 24 2523 23 0 0 0
4876 25 2535 24 0 0 0
4877 26 2548 25 0 0 0
4878 12 2457 56 0 0 0
4879 2457 55 56 0 0 0
4880 13 2458 2457 0 0 0
4881 2458 2459 2457 0 0 0
4882 2457 2459 55 0 0 0
4883 2459 54 55 0 0 0
4884 14 2460 2458 0 0 0
4885 2460 2461 2458 0 0 0
4886 2458 2461 2459 0 0 0
4887 2461 2462 2459 0 0 0
4888 2459 2462 54 0 0 0
4889 2462 53 54 0 0 0
4890 15 2463 2460 0 0 0
4891 2463 2464 2460 0 0 0
4892 2460 2464 2461 0 0 0
4893 2464 2465 2461 0 0 0
4894 2461 2465 2462 0 0 0
4895 2465 2466 2462 0 0 0
4896 2462 2466 53 0 0 0
4897 2466 52 53 0 0 0
4898 16 2467 2463 0 0 0
4899 2467 2468 2463 0 0 0
4900 2463 2468 2464 0 0 0
4901 2468 2469 2464 0 0 0
4902 2464 2469 2465 0 0 0
4903 2469 2470 2465 0 0 0
4904 2465 2470 2466 0 0 0
4905 2470 2471 2466 0 0 0
4906 2466 2471 52 0 0 0
4907 2471 51 52 0 0 0
4908 17 2472 2467 0 0 0
4909 2472 2473 2467 0 0 0
4910 2467 2473 2468 0 0 0
4911 2473 2474 2468 0 0 0
4912 2468 2474 2469 0 0 0
4913 2474 2475 2469 0 0 0
4914 2469 2475 2470 0 0 0
4915 2475 2476 2470 0 0 0
4916 2470 2476 2471 0 0 0
4917 2476 2477 2471 0 0 0
4918 2471 2477 51 0 0 0
4919 2477 50 51 0 0 0
4920 18 2478 2472 0 0 0
4921 2478 2479 2472 0 0 0
4922 2472 2479 2473 0 0 0
4923 2479 2480 2473 0 0 0
4924 2473 2480 2474 0 0 0
4925 2480 2481 2474 0 0 0
4926 2474 2481 2475 0 0 0
4927 2481 2482 2475 0 0 0
4928 2475 2482 2476 0 0 0
4929 2482 2483 2476 0 0 0
4930 2476 2483 2477 0 0 0
4931 2483 2484 2477 0 0 0
4932 2477 2484 50 0 0 0
4933 2484 49 50 0 0 0
4934 19 2485 2478 0 0 0
4935 2485 2486 2478 0 0 0
4936 2478 2486 2479 0 0 0
4937 2486 2487 2479 0 0 0
4938 2479 2487 2480 0 0 0
4939 2487 2488 2480 0 0 0
4940 2480 2488 2481 0 0 0
4941 2488 2489 2481 0 0 0
4942 2481 2489 2482 0 0 0
4943 2489 2490 2482 0 0 0
4944 2482 2490 2483 0 0 0
4945 2490 2491 2483 0 0 0
4946 2483 2491 2484 0 0 0
4947 2491 2492 2484 0 0 0
4948 2484 2492 49 0 0 0
4949 2492 48 49 0 0 0
4950 20 2493 2485 0 0 0
4951 2493 2494 2485 0 0 0
4952 2485 2494 2486 0 0 0
4953 2494 2495 2486 0 0 0
4954 2486 2495 2487 0 0 0
4955 2495 2496 2487 0 0 0
4956 2487 2496 2488 0 0 0
4957 2496 2497 2488 0 0 0
4958 2488 2497 2489 0 0 0
4959 2497 2498 2489 0 0 0
4960 2489 2498 2490 0 0 0
4961 2498 2499 2490 0 0 0
4962 2490 2499 2491 0 0 0
4963 2499 2500 2491 0 0 0
4964 2491 2500 2492 0 0 0
4965 2500 2501 2492 0 0 0
4966 2492 2501 48 0 0 0
4967 2501 47 48 0 0 0
4968 21 2502 2493 0 0 0
4969 2502 2503 2493 0 0 0
4970 2493 2503 2494 0 0 0
4971 2503 2504 2494 0 0 0
4972 2494 2504 2495 0 0 0
4973 2504 2505 2495 0 0 0
4974 2495 2505 2496 0 0 0
4975 2505 2506 2496 0 0 0
4976 2496 2506 2497 0 0 0
4977 2506 2507 2497 0 0 0
4978 2497 2507 2498 0 0 0
4979 2507 2508 2498 0 0 0
4980 2498 2508 2499 0 0 0
4981 2508 2509 2499 0 0 0
4982 2499 2509 2500 0 0 0
4983 2509 2510 2500 0 0 0
4984 2500 2510 2501 0 0 0
4985 2510 2511 2501 0 0 0
4986 2501 2511 47 0 0 0
4987 2511 46 47 0 0 0
4988 22 2512 2502 0 0 0
4989 2512 2513 2502 0 0 0
4990 2502 2513 2503 0 0 0
4991 2513 2514 2503 0 0 0
4992 2503 2514 2504 0 0 0
4993 2514 2515 2504 0 0 0
4994 2504 2515 2505 0 0 0
4995 2515 2516 2505 0 0 0
4996 2505 2516 2506 0 0 0
4997 2516 2517 2506 0 0 0
4998 2506 2517 2507 0 0 0
4999 2517 2518 2507 0 0 0
5000 2507 2518 2508 0 0 0
5001 2518 2519 2508 0 0 0
5002 2508 2519 2509 0 0 0
5003 2519 2520 2509 0 0 0
5004 2509 2520 2510 0 0 0
5005 2520 2521 2510 0 0 0
5006 2510 2521 2511 0 0 0
5007 2521 2522 2511 0 0 0
5008 2511 2522 46 0 0 0
5009 2522 45 46 0 0 0
5010 23 2523 2512 0 0 0
5011 2523 2524 2512 0 0 0
5012 2512 2524 2513 0 0 0
5013 2524 2525 2513 0 0 0
5014 2513 2525 2514 0 0 0
5015 2525 2526 2514 0 0 0
5016 2514 2526 2515 0 0 0
5017 2526 2527 2515 0 0 0
5018 2515 2527 2516 0 0 0
5019 2527 2528 2516 0 0 0
5020 2516 2528 2517 0 0 0
5021 2528 2529 2517 0 0 0
5022 2517 2529 2518 0 0 0
5023 2529 2530 2518 0 0 0
5024 2518 2530 2519 0 0 0
5025 2530 2531 2519 0 0 0
5026 2519 2531 2520 0 0 0
5027 2531 2532 2520 0 0 0
5028 2520 2532 2521 0 0 0
5029 2532 2533 2521 0 0 0
5030 2521 2533 2522 0 0 0
5031 2533 2534 2522 0 0 0
5032 2522 2534 45 0 0 0
5033 2534 44 45 0 0 0
5034 24 2535 2523 0 0 0
5035 2535 2536 2523 0 0 0
5036 2523 2536 2524 0 0 0
5037 2536 2537 2524 0 0 0
5038 2524 2537 2525 0 0 0
5039 2537 2538 2525 0 0 0
5040 2525 2538 2526 0 0 0
5041 2538 2539 2526 0 0 0
5042 2526 2539 2527 0 0 0
5043 2539 2540 2527 0 0 0
5044 2527 2540 2528 0 0 0
5045 2540 2541 2528 0 0 0
5046 2528 2541 2529 0 0 0
5047 2541 2542 2529 0 0 0
5048 2529 2542 2530 0 0 0
5049 2542 2543 2530 0 0 0
5050 2530 2543 2531 0 0 0
5051 2543 2544 2531 0 0 0
5052 2531 2544 2532 0 0 0
5053 2544 2545 2532 0 0 0
5054 2532 2545 2533 0 0 0
5055 2545 2546 2533 0 0 0
5056 2533 2546 2534 0 0 0
5057 2546 2547 2534 0 0 0
5058 2534 2547 44 0 0 0
5059 2547 43 44 0 0 0
5060 25 2548 2535 0 0 0
5061 2548 2549 2535 0 0 0
5062 2535 2549 2536 0 0 0
5063 2549 2550 2536 0 0 0
5064 2536 2550 2537 0 0 0
5065 2550 2551 2537 0 0 0
5066 2537 2551 2538 0 0 0
5067 2551 2552 2538 0 0 0
5068 2538 2552 2539 0 0 0
5069 2552 2553 2539 0 0 0
5070 2539 2553 2540 0 0 0
5071 2553 2554 2540 0 0 0
5072 2540 2554 2541 0 0 0
5073 2554 2555 2541 0 0 0
5074 2541 2555 2542 0 0 0
5075 2555 2556 2542 0 0 0
5076 2542 2556 2543 0 0 0
5077 2556 2557 2543 0 0 0
5078 2543 2557 2544 0 0 0
5079 2557 2558 2544 0 0 0
5080 2544 2558 2545 0 0 0
5081 2558 2559 2545 0 0 0
5082 2545 2559 2546 0 0 0
5083 2559 2560 2546 0 0 0
5084 2546 2560 2547 0 0 0
5085 2560 2561 2547 0 0 0
5086 2547 2561 43 0 0 0
5087 2561 42 43 0 0 0
5088 26 27 2548 0 0 0
5089 27 28 2548 0 0 0
5090 2548 28 2549 0 0 0
5091 28 29 2549 0 0 0
5092 2549 29 2550 0 0 0
5093 29 30 2550 0 0 0
5094 2550 30 2551 0 0 0
5095 30 31 2551 0 0 0
5096 2551 31 2552 0 0 0
5097 31 32 2552 0 0 0
5098 2552 32 2553 0 0 0
5099 32 33 2553 0 0 0
5100 2553 33 2554 0 0 0
5101 33 34 2554 0 0 0
5102 2554 34 2555 0 0 0
5103 34 35 2555 0 0 0
5104 2555 35 2556 0 0 0
5105 35 36 2556 0 0 0
5106 2556 36 2557 0 0 0
5107 36 37 2557 0 0 0
5108 2557 37 2558 0 0 0
5109 37 38 2558 0 0 0
5110 2558 38 2559 0 0 0
5111 38 39 2559 0 0 0
5112 2559 39 2560 0 0 0
5113 39 40 2560 0 0 0
5114 2560 40 2561 0 0 0
5115 40 41 2561 0 0 0
5116 2561 41 42 0 0 0
5117 41 1 42 0 0 0
5118 1254 1255 1244 0 0 0
5119 1244 1255 1245 0 0 0
