
Start time: 4/10/2026 19:59:18


>> G E N E R A L   P A R A M E T E R S <<


3D analysis
Mesh2HRTF 1.3.0
Head-Related Transfer Functions

Number of frequency steps ................... = 160

First step .................................. = 0
Number of steps ............................. = 160
Step increment .............................. = 1e-06
Highest allowable frequency .................. = 10263.2



>> B A S I C   P A R A M E T E R S   F O R   B E M <<

Number of element groups .................... = 2
Total number of elements .................... = 8816
Number of boundary elements ................. = 5120
Number of evaluation elements ............... = 3696
Maximum edge length of boundary elements .... = 0.00826101
Average edge length of boundary elements .... = 0.00751567
Minimum edge length of boundary elements .... = 0.00578224

Total number of nodes ....................... = 4412
Number of nodes of the boundary elements .... = 2562
Number of nodes of the evaluation elements .. = 1850

Number of symmetric planes .................. = 0

Number of incident plane waves .............. = 0
Number of incident spharic waves ............ = 1

Sound speed ................................. = 346.18
Density of the medium ....................... = 1.1839

Diameter of the BE-mesh ..................... = 0.346249

Minimum number of terms in the FMM expansion. = 8

Exterior domain problem

Harmonic time factor = EXP(-i*omega*t)

methodSolver_  = 0: CGS iterative solver
methodPreconditioner_ = 0: incomplete LU-decomposition preconditioner

 No.   Freq.   Lambda/L_BE_Mesh  Lambda/L_Element
  1      50       19.996           1398.37
  2     100      9.99802           699.187
  3     150      6.66535           466.125
  4     200      4.99901           349.593
  5     250      3.99921           279.675
  6     300      3.33267           233.062
  7     350      2.85658           199.768
  8     400      2.49951           174.797
  9     450      2.22178           155.375
 10     500       1.9996           139.837
 11     550      1.81782           127.125
 12     600      1.66634           116.531
 13     650      1.53816           107.567
 14     700      1.42829           99.8839
 15     750      1.33307           93.2249
 16     800      1.24975           87.3984
 17     850      1.17624           82.2573
 18     900      1.11089           77.6874
 19     950      1.05242           73.5986
 20    1000     0.999802           69.9187
 21    1050     0.952192           66.5892
 22    1100     0.908911           63.5625
 23    1150     0.869393           60.7989
 24    1200     0.833168           58.2656
 25    1250     0.799842            55.935
 26    1300     0.769079           53.7836
 27    1350     0.740594           51.7916
 28    1400     0.714144           49.9419
 29    1450     0.689519           48.2198
 30    1500     0.666535           46.6125
 31    1550     0.645034           45.1088
 32    1600     0.624876           43.6992
 33    1650     0.605941            42.375
 34    1700     0.588119           41.1286
 35    1750     0.571315           39.9535
 36    1800     0.555446           38.8437
 37    1850     0.540434           37.7939
 38    1900     0.526212           36.7993
 39    1950     0.512719           35.8557
 40    2000     0.499901           34.9593
 41    2050     0.487708           34.1067
 42    2100     0.476096           33.2946
 43    2150     0.465024           32.5203
 44    2200     0.454456           31.7812
 45    2250     0.444356            31.075
 46    2300     0.434697           30.3994
 47    2350     0.425448           29.7526
 48    2400     0.416584           29.1328
 49    2450     0.408082           28.5382
 50    2500     0.399921           27.9675
 51    2550     0.392079           27.4191
 52    2600     0.384539           26.8918
 53    2650     0.377284           26.3844
 54    2700     0.370297           25.8958
 55    2750     0.363564            25.425
 56    2800     0.357072            24.971
 57    2850     0.350808           24.5329
 58    2900     0.344759           24.1099
 59    2950     0.338916           23.7013
 60    3000     0.333267           23.3062
 61    3050     0.327804           22.9242
 62    3100     0.322517           22.5544
 63    3150     0.317397           22.1964
 64    3200     0.312438           21.8496
 65    3250     0.307631           21.5134
 66    3300      0.30297           21.1875
 67    3350     0.298448           20.8713
 68    3400     0.294059           20.5643
 69    3450     0.289798           20.2663
 70    3500     0.285658           19.9768
 71    3550     0.281634           19.6954
 72    3600     0.277723           19.4219
 73    3650     0.273918           19.1558
 74    3700     0.270217           18.8969
 75    3750     0.266614            18.645
 76    3800     0.263106           18.3997
 77    3850     0.259689           18.1607
 78    3900      0.25636           17.9279
 79    3950     0.253114           17.7009
 80    4000     0.249951           17.4797
 81    4050     0.246865           17.2639
 82    4100     0.243854           17.0533
 83    4150     0.240916           16.8479
 84    4200     0.238048           16.6473
 85    4250     0.235248           16.4515
 86    4300     0.232512           16.2602
 87    4350      0.22984           16.0733
 88    4400     0.227228           15.8906
 89    4450     0.224675           15.7121
 90    4500     0.222178           15.5375
 91    4550     0.219737           15.3667
 92    4600     0.217348           15.1997
 93    4650     0.215011           15.0363
 94    4700     0.212724           14.8763
 95    4750     0.210485           14.7197
 96    4800     0.208292           14.5664
 97    4850     0.206145           14.4162
 98    4900     0.204041           14.2691
 99    4950      0.20198            14.125
100    5000      0.19996           13.9837
101    5050     0.197981           13.8453
102    5100      0.19604           13.7095
103    5150     0.194136           13.5764
104    5200      0.19227           13.4459
105    5250     0.190438           13.3178
106    5300     0.188642           13.1922
107    5350     0.186879           13.0689
108    5400     0.185149           12.9479
109    5450      0.18345           12.8291
110    5500     0.181782           12.7125
111    5550     0.180145            12.598
112    5600     0.178536           12.4855
113    5650     0.176956            12.375
114    5700     0.175404           12.2664
115    5750     0.173879           12.1598
116    5800      0.17238           12.0549
117    5850     0.170906           11.9519
118    5900     0.169458           11.8506
119    5950     0.168034            11.751
120    6000     0.166634           11.6531
121    6050     0.165257           11.5568
122    6100     0.163902           11.4621
123    6150     0.162569           11.3689
124    6200     0.161258           11.2772
125    6250     0.159968            11.187
126    6300     0.158699           11.0982
127    6350     0.157449           11.0108
128    6400     0.156219           10.9248
129    6450     0.155008           10.8401
130    6500     0.153816           10.7567
131    6550     0.152642           10.6746
132    6600     0.151485           10.5937
133    6650     0.150346           10.5141
134    6700     0.149224           10.4356
135    6750     0.148119           10.3583
136    6800      0.14703           10.2822
137    6850     0.145957           10.2071
138    6900     0.144899           10.1331
139    6950     0.143856           10.0602
140    7000     0.142829           9.98839
141    7050     0.141816           9.91755
142    7100     0.140817            9.8477
143    7150     0.139832           9.77884
144    7200     0.138861           9.71093
145    7250     0.137904           9.64396
146    7300     0.136959            9.5779
147    7350     0.136027           9.51275
148    7400     0.135108           9.44847
149    7450     0.134202           9.38506
150    7500     0.133307           9.32249
151    7550     0.132424           9.26075
152    7600     0.131553           9.19983
153    7650     0.130693            9.1397
154    7700     0.129844           9.08035
155    7750     0.129007           9.02177
156    7800      0.12818           8.96394
157    7850     0.127363           8.90684
158    7900     0.126557           8.85047
159    7950     0.125761            8.7948
160    8000     0.124975           8.73984




>> S T E P   N U M B E R   A N D   F R E Q U E N C Y <<

Step 1, Frequency = 50 Hz

ClusEdgL (Inputed value of cluster diameter) = 0.1

Single level fast multipole BEM

Number of equations = 5120

Informations about clusters:
   Level    Num. of clusters    Maximum radius   Minimum radius
     0            8                0.0885822         0.0851945
 resu. nets    1850                     0              0

Informations about the FMM expansion:
   Level    N. expa. terms    N. p. theta    N. p. phi    N. p. sphere
     0           8               8              16           128

Nonzeros of the near field matrix ..................... = 26214400
Nonzeros of the T-matrix .............................. = 655360
Nonzeros of the D-matrix .............................. = 0
Nonzeros of the S-matrix .............................. = 655360
Sum of nonzeros of the FMBEM matrices ................. = 27525120

CGS solver: number of iterations = 19, relative error = 2.51762e-10

Time Statistic For The Current Step (In Second)

Assembling the equation system         : 30
Solving the equation system            : 3
Post processing                        : 1
Total                                  : 34



>> S T E P   N U M B E R   A N D   F R E Q U E N C Y <<

Step 2, Frequency = 100 Hz

Informations about the FMM expansion:
   Level    N. expa. terms    N. p. theta    N. p. phi    N. p. sphere
     0           8               8              16           128

Nonzeros of the near field matrix ..................... = 26214400
Nonzeros of the T-matrix .............................. = 655360
Nonzeros of the D-matrix .............................. = 0
Nonzeros of the S-matrix .............................. = 655360
Sum of nonzeros of the FMBEM matrices ................. = 27525120

CGS solver: number of iterations = 18, relative error = 5.38372e-10

Time Statistic For The Current Step (In Second)

Assembling the equation system         : 35
Solving the equation system            : 3
Post processing                        : 0
Total                                  : 38



>> S T E P   N U M B E R   A N D   F R E Q U E N C Y <<

Step 3, Frequency = 150 Hz

Informations about the FMM expansion:
   Level    N. expa. terms    N. p. theta    N. p. phi    N. p. sphere
     0           8               8              16           128

Nonzeros of the near field matrix ..................... = 26214400
Nonzeros of the T-matrix .............................. = 655360
Nonzeros of the D-matrix .............................. = 0
Nonzeros of the S-matrix .............................. = 655360
Sum of nonzeros of the FMBEM matrices ................. = 27525120

CGS solver: number of iterations = 17, relative error = 6.92576e-10

Time Statistic For The Current Step (In Second)

Assembling the equation system         : 35
Solving the equation system            : 4
Post processing                        : 1
Total                                  : 40



>> S T E P   N U M B E R   A N D   F R E Q U E N C Y <<

Step 4, Frequency = 200 Hz

Informations about the FMM expansion:
   Level    N. expa. terms    N. p. theta    N. p. phi    N. p. sphere
     0           8               8              16           128

Nonzeros of the near field matrix ..................... = 26214400
Nonzeros of the T-matrix .............................. = 655360
Nonzeros of the D-matrix .............................. = 0
Nonzeros of the S-matrix .............................. = 655360
Sum of nonzeros of the FMBEM matrices ................. = 27525120

CGS solver: number of iterations = 16, relative error = 8.72496e-10

Time Statistic For The Current Step (In Second)

Assembling the equation system         : 32
Solving the equation system            : 3
Post processing                        : 1
Total                                  : 36



>> S T E P   N U M B E R   A N D   F R E Q U E N C Y <<

Step 5, Frequency = 250 Hz

Informations about the FMM expansion:
   Level    N. expa. terms    N. p. theta    N. p. phi    N. p. sphere
     0           8               8              16           128

Nonzeros of the near field matrix ..................... = 26214400
Nonzeros of the T-matrix .............................. = 655360
Nonzeros of the D-matrix .............................. = 0
Nonzeros of the S-matrix .............................. = 655360
Sum of nonzeros of the FMBEM matrices ................. = 27525120

CGS solver: number of iterations = 16, relative error = 6.28494e-10

Time Statistic For The Current Step (In Second)

Assembling the equation system         : 32
Solving the equation system            : 3
Post processing                        : 1
Total                                  : 36



>> S T E P   N U M B E R   A N D   F R E Q U E N C Y <<

Step 6, Frequency = 300 Hz

Informations about the FMM expansion:
   Level    N. expa. terms    N. p. theta    N. p. phi    N. p. sphere
     0           8               8              16           128

Nonzeros of the near field matrix ..................... = 26214400
Nonzeros of the T-matrix .............................. = 655360
Nonzeros of the D-matrix .............................. = 0
Nonzeros of the S-matrix .............................. = 655360
Sum of nonzeros of the FMBEM matrices ................. = 27525120

CGS solver: number of iterations = 16, relative error = 5.05782e-10

Time Statistic For The Current Step (In Second)

Assembling the equation system         : 31
Solving the equation system            : 3
Post processing                        : 1
Total                                  : 35



>> S T E P   N U M B E R   A N D   F R E Q U E N C Y <<

Step 7, Frequency = 350 Hz

Informations about the FMM expansion:
   Level    N. expa. terms    N. p. theta    N. p. phi    N. p. sphere
     0           8               8              16           128

Nonzeros of the near field matrix ..................... = 26214400
Nonzeros of the T-matrix .............................. = 655360
Nonzeros of the D-matrix .............................. = 0
Nonzeros of the S-matrix .............................. = 655360
Sum of nonzeros of the FMBEM matrices ................. = 27525120

CGS solver: number of iterations = 16, relative error = 4.4144e-10

Time Statistic For The Current Step (In Second)

Assembling the equation system         : 28
Solving the equation system            : 3
Post processing                        : 1
Total                                  : 32



>> S T E P   N U M B E R   A N D   F R E Q U E N C Y <<

Step 8, Frequency = 400 Hz

Informations about the FMM expansion:
   Level    N. expa. terms    N. p. theta    N. p. phi    N. p. sphere
     0           8               8              16           128

Nonzeros of the near field matrix ..................... = 26214400
Nonzeros of the T-matrix .............................. = 655360
Nonzeros of the D-matrix .............................. = 0
Nonzeros of the S-matrix .............................. = 655360
Sum of nonzeros of the FMBEM matrices ................. = 27525120

CGS solver: number of iterations = 15, relative error = 9.02731e-10

Time Statistic For The Current Step (In Second)

Assembling the equation system         : 27
Solving the equation system            : 3
Post processing                        : 0
Total                                  : 30



>> S T E P   N U M B E R   A N D   F R E Q U E N C Y <<

Step 9, Frequency = 450 Hz

Informations about the FMM expansion:
   Level    N. expa. terms    N. p. theta    N. p. phi    N. p. sphere
     0           8               8              16           128

Nonzeros of the near field matrix ..................... = 26214400
Nonzeros of the T-matrix .............................. = 655360
Nonzeros of the D-matrix .............................. = 0
Nonzeros of the S-matrix .............................. = 655360
Sum of nonzeros of the FMBEM matrices ................. = 27525120

CGS solver: number of iterations = 15, relative error = 8.41185e-10

Time Statistic For The Current Step (In Second)

Assembling the equation system         : 29
Solving the equation system            : 3
Post processing                        : 1
Total                                  : 33



>> S T E P   N U M B E R   A N D   F R E Q U E N C Y <<

Step 10, Frequency = 500 Hz

Informations about the FMM expansion:
   Level    N. expa. terms    N. p. theta    N. p. phi    N. p. sphere
     0           8               8              16           128

Nonzeros of the near field matrix ..................... = 26214400
Nonzeros of the T-matrix .............................. = 655360
Nonzeros of the D-matrix .............................. = 0
Nonzeros of the S-matrix .............................. = 655360
Sum of nonzeros of the FMBEM matrices ................. = 27525120

CGS solver: number of iterations = 15, relative error = 8.44417e-10

Time Statistic For The Current Step (In Second)

Assembling the equation system         : 32
Solving the equation system            : 2
Post processing                        : 1
Total                                  : 35



>> S T E P   N U M B E R   A N D   F R E Q U E N C Y <<

Step 11, Frequency = 550 Hz

Informations about the FMM expansion:
   Level    N. expa. terms    N. p. theta    N. p. phi    N. p. sphere
     0           8               8              16           128

Nonzeros of the near field matrix ..................... = 26214400
Nonzeros of the T-matrix .............................. = 655360
Nonzeros of the D-matrix .............................. = 0
Nonzeros of the S-matrix .............................. = 655360
Sum of nonzeros of the FMBEM matrices ................. = 27525120

CGS solver: number of iterations = 15, relative error = 8.84083e-10

Time Statistic For The Current Step (In Second)

Assembling the equation system         : 29
Solving the equation system            : 3
Post processing                        : 1
Total                                  : 33



>> S T E P   N U M B E R   A N D   F R E Q U E N C Y <<

Step 12, Frequency = 600 Hz

Informations about the FMM expansion:
   Level    N. expa. terms    N. p. theta    N. p. phi    N. p. sphere
     0           8               8              16           128

Nonzeros of the near field matrix ..................... = 26214400
Nonzeros of the T-matrix .............................. = 655360
Nonzeros of the D-matrix .............................. = 0
Nonzeros of the S-matrix .............................. = 655360
Sum of nonzeros of the FMBEM matrices ................. = 27525120

CGS solver: number of iterations = 15, relative error = 9.23746e-10

Time Statistic For The Current Step (In Second)

Assembling the equation system         : 28
Solving the equation system            : 2
Post processing                        : 1
Total                                  : 31



>> S T E P   N U M B E R   A N D   F R E Q U E N C Y <<

Step 13, Frequency = 650 Hz

Informations about the FMM expansion:
   Level    N. expa. terms    N. p. theta    N. p. phi    N. p. sphere
     0           8               8              16           128

Nonzeros of the near field matrix ..................... = 26214400
Nonzeros of the T-matrix .............................. = 655360
Nonzeros of the D-matrix .............................. = 0
Nonzeros of the S-matrix .............................. = 655360
Sum of nonzeros of the FMBEM matrices ................. = 27525120

CGS solver: number of iterations = 15, relative error = 9.21604e-10

Time Statistic For The Current Step (In Second)

Assembling the equation system         : 28
Solving the equation system            : 3
Post processing                        : 0
Total                                  : 31



>> S T E P   N U M B E R   A N D   F R E Q U E N C Y <<

Step 14, Frequency = 700 Hz

Informations about the FMM expansion:
   Level    N. expa. terms    N. p. theta    N. p. phi    N. p. sphere
     0           8               8              16           128

Nonzeros of the near field matrix ..................... = 26214400
Nonzeros of the T-matrix .............................. = 655360
Nonzeros of the D-matrix .............................. = 0
Nonzeros of the S-matrix .............................. = 655360
Sum of nonzeros of the FMBEM matrices ................. = 27525120

CGS solver: number of iterations = 15, relative error = 8.66453e-10

Time Statistic For The Current Step (In Second)

Assembling the equation system         : 29
Solving the equation system            : 2
Post processing                        : 1
Total                                  : 32



>> S T E P   N U M B E R   A N D   F R E Q U E N C Y <<

Step 15, Frequency = 750 Hz

Informations about the FMM expansion:
   Level    N. expa. terms    N. p. theta    N. p. phi    N. p. sphere
     0           8               8              16           128

Nonzeros of the near field matrix ..................... = 26214400
Nonzeros of the T-matrix .............................. = 655360
Nonzeros of the D-matrix .............................. = 0
Nonzeros of the S-matrix .............................. = 655360
Sum of nonzeros of the FMBEM matrices ................. = 27525120

CGS solver: number of iterations = 15, relative error = 8.10473e-10

Time Statistic For The Current Step (In Second)

Assembling the equation system         : 28
Solving the equation system            : 2
Post processing                        : 1
Total                                  : 31



>> S T E P   N U M B E R   A N D   F R E Q U E N C Y <<

Step 16, Frequency = 800 Hz

Informations about the FMM expansion:
   Level    N. expa. terms    N. p. theta    N. p. phi    N. p. sphere
     0           8               8              16           128

Nonzeros of the near field matrix ..................... = 26214400
Nonzeros of the T-matrix .............................. = 655360
Nonzeros of the D-matrix .............................. = 0
Nonzeros of the S-matrix .............................. = 655360
Sum of nonzeros of the FMBEM matrices ................. = 27525120

CGS solver: number of iterations = 15, relative error = 8.3415e-10

Time Statistic For The Current Step (In Second)

Assembling the equation system         : 28
Solving the equation system            : 2
Post processing                        : 1
Total                                  : 31



>> S T E P   N U M B E R   A N D   F R E Q U E N C Y <<

Step 17, Frequency = 850 Hz

Informations about the FMM expansion:
   Level    N. expa. terms    N. p. theta    N. p. phi    N. p. sphere
     0           8               8              16           128

Nonzeros of the near field matrix ..................... = 26214400
Nonzeros of the T-matrix .............................. = 655360
Nonzeros of the D-matrix .............................. = 0
Nonzeros of the S-matrix .............................. = 655360
Sum of nonzeros of the FMBEM matrices ................. = 27525120

CGS solver: number of iterations = 15, relative error = 9.76706e-10

Time Statistic For The Current Step (In Second)

Assembling the equation system         : 29
Solving the equation system            : 3
Post processing                        : 1
Total                                  : 33



>> S T E P   N U M B E R   A N D   F R E Q U E N C Y <<

Step 18, Frequency = 900 Hz

Informations about the FMM expansion:
   Level    N. expa. terms    N. p. theta    N. p. phi    N. p. sphere
     0           8               8              16           128

Nonzeros of the near field matrix ..................... = 26214400
Nonzeros of the T-matrix .............................. = 655360
Nonzeros of the D-matrix .............................. = 0
Nonzeros of the S-matrix .............................. = 655360
Sum of nonzeros of the FMBEM matrices ................. = 27525120

CGS solver: number of iterations = 16, relative error = 1.58558e-10

Time Statistic For The Current Step (In Second)

Assembling the equation system         : 35
Solving the equation system            : 3
Post processing                        : 0
Total                                  : 38



>> S T E P   N U M B E R   A N D   F R E Q U E N C Y <<

Step 19, Frequency = 950 Hz

Informations about the FMM expansion:
   Level    N. expa. terms    N. p. theta    N. p. phi    N. p. sphere
     0           8               8              16           128

Nonzeros of the near field matrix ..................... = 26214400
Nonzeros of the T-matrix .............................. = 655360
Nonzeros of the D-matrix .............................. = 0
Nonzeros of the S-matrix .............................. = 655360
Sum of nonzeros of the FMBEM matrices ................. = 27525120

CGS solver: number of iterations = 16, relative error = 1.2483e-10

Time Statistic For The Current Step (In Second)

Assembling the equation system         : 31
Solving the equation system            : 3
Post processing                        : 1
Total                                  : 35



>> S T E P   N U M B E R   A N D   F R E Q U E N C Y <<

Step 20, Frequency = 1000 Hz

Direct multilevel fast multipole BEM

Informations about clusters:
   Level    Num. of clusters    Maximum radius   Minimum radius
     0            8                0.0885822         0.0851945
     1           56                0.0413025         0.0184488
     2          252                0.0226437         0.00470138
 resu. nets    1850                     0              0


Informations about the FMM expansion:
   Level    N. expa. terms    N. p. theta    N. p. phi    N. p. sphere
     0           8               8              16           128
     1           8               8              16           128
     2           8               8              16           128

Nonzeros of the near field matrix ..................... = 1156224
Nonzeros of the T-matrix .............................. = 1966080
    Nonzeros of T_lev_0 ............................... = 655360
    Nonzeros of T_lev_1 ............................... = 655360
    Nonzeros of T_lev_2 ............................... = 655360
Nonzeros of the D-matrices ............................ = 1427712
    Nonzeros of D_lev_0 ............................... = 0
    Nonzeros of D_lev_1 ............................... = 334848
    Nonzeros of D_lev_2 ............................... = 1092864
Nonzeros of the S-matrix .............................. = 1966080
    Nonzeros of S_lev_0 ............................... = 655360
    Nonzeros of S_lev_1 ............................... = 655360
    Nonzeros of S_lev_2 ............................... = 655360
Sum of nonzeros of the FMBEM matrices ................. = 6516096

CGS solver: number of iterations = 23, relative error = 1.44384e-10

Time Statistic For The Current Step (In Second)

Assembling the equation system         : 2
Solving the equation system            : 1
Post processing                        : 1
Total                                  : 4



>> S T E P   N U M B E R   A N D   F R E Q U E N C Y <<

Step 21, Frequency = 1050 Hz


Informations about the FMM expansion:
   Level    N. expa. terms    N. p. theta    N. p. phi    N. p. sphere
     0           8               8              16           128
     1           8               8              16           128
     2           8               8              16           128

Nonzeros of the near field matrix ..................... = 1156224
Nonzeros of the T-matrix .............................. = 1966080
    Nonzeros of T_lev_0 ............................... = 655360
    Nonzeros of T_lev_1 ............................... = 655360
    Nonzeros of T_lev_2 ............................... = 655360
Nonzeros of the D-matrices ............................ = 1427712
    Nonzeros of D_lev_0 ............................... = 0
    Nonzeros of D_lev_1 ............................... = 334848
    Nonzeros of D_lev_2 ............................... = 1092864
Nonzeros of the S-matrix .............................. = 1966080
    Nonzeros of S_lev_0 ............................... = 655360
    Nonzeros of S_lev_1 ............................... = 655360
    Nonzeros of S_lev_2 ............................... = 655360
Sum of nonzeros of the FMBEM matrices ................. = 6516096

CGS solver: number of iterations = 22, relative error = 3.84651e-10

Time Statistic For The Current Step (In Second)

Assembling the equation system         : 2
Solving the equation system            : 1
Post processing                        : 1
Total                                  : 4



>> S T E P   N U M B E R   A N D   F R E Q U E N C Y <<

Step 22, Frequency = 1100 Hz


Informations about the FMM expansion:
   Level    N. expa. terms    N. p. theta    N. p. phi    N. p. sphere
     0           8               8              16           128
     1           8               8              16           128
     2           8               8              16           128

Nonzeros of the near field matrix ..................... = 1156224
Nonzeros of the T-matrix .............................. = 1966080
    Nonzeros of T_lev_0 ............................... = 655360
    Nonzeros of T_lev_1 ............................... = 655360
    Nonzeros of T_lev_2 ............................... = 655360
Nonzeros of the D-matrices ............................ = 1427712
    Nonzeros of D_lev_0 ............................... = 0
    Nonzeros of D_lev_1 ............................... = 334848
    Nonzeros of D_lev_2 ............................... = 1092864
Nonzeros of the S-matrix .............................. = 1966080
    Nonzeros of S_lev_0 ............................... = 655360
    Nonzeros of S_lev_1 ............................... = 655360
    Nonzeros of S_lev_2 ............................... = 655360
Sum of nonzeros of the FMBEM matrices ................. = 6516096

CGS solver: number of iterations = 21, relative error = 5.91636e-10

Time Statistic For The Current Step (In Second)

Assembling the equation system         : 2
Solving the equation system            : 1
Post processing                        : 1
Total                                  : 4



>> S T E P   N U M B E R   A N D   F R E Q U E N C Y <<

Step 23, Frequency = 1150 Hz


Informations about the FMM expansion:
   Level    N. expa. terms    N. p. theta    N. p. phi    N. p. sphere
     0           8               8              16           128
     1           8               8              16           128
     2           8               8              16           128

Nonzeros of the near field matrix ..................... = 1156224
Nonzeros of the T-matrix .............................. = 1966080
    Nonzeros of T_lev_0 ............................... = 655360
    Nonzeros of T_lev_1 ............................... = 655360
    Nonzeros of T_lev_2 ............................... = 655360
Nonzeros of the D-matrices ............................ = 1427712
    Nonzeros of D_lev_0 ............................... = 0
    Nonzeros of D_lev_1 ............................... = 334848
    Nonzeros of D_lev_2 ............................... = 1092864
Nonzeros of the S-matrix .............................. = 1966080
    Nonzeros of S_lev_0 ............................... = 655360
    Nonzeros of S_lev_1 ............................... = 655360
    Nonzeros of S_lev_2 ............................... = 655360
Sum of nonzeros of the FMBEM matrices ................. = 6516096

CGS solver: number of iterations = 20, relative error = 9.25092e-10

Time Statistic For The Current Step (In Second)

Assembling the equation system         : 2
Solving the equation system            : 2
Post processing                        : 1
Total                                  : 5



>> S T E P   N U M B E R   A N D   F R E Q U E N C Y <<

Step 24, Frequency = 1200 Hz


Informations about the FMM expansion:
   Level    N. expa. terms    N. p. theta    N. p. phi    N. p. sphere
     0           8               8              16           128
     1           8               8              16           128
     2           8               8              16           128

Nonzeros of the near field matrix ..................... = 1156224
Nonzeros of the T-matrix .............................. = 1966080
    Nonzeros of T_lev_0 ............................... = 655360
    Nonzeros of T_lev_1 ............................... = 655360
    Nonzeros of T_lev_2 ............................... = 655360
Nonzeros of the D-matrices ............................ = 1427712
    Nonzeros of D_lev_0 ............................... = 0
    Nonzeros of D_lev_1 ............................... = 334848
    Nonzeros of D_lev_2 ............................... = 1092864
Nonzeros of the S-matrix .............................. = 1966080
    Nonzeros of S_lev_0 ............................... = 655360
    Nonzeros of S_lev_1 ............................... = 655360
    Nonzeros of S_lev_2 ............................... = 655360
Sum of nonzeros of the FMBEM matrices ................. = 6516096

CGS solver: number of iterations = 20, relative error = 7.48745e-10

Time Statistic For The Current Step (In Second)

Assembling the equation system         : 2
Solving the equation system            : 1
Post processing                        : 1
Total                                  : 4



>> S T E P   N U M B E R   A N D   F R E Q U E N C Y <<

Step 25, Frequency = 1250 Hz


Informations about the FMM expansion:
   Level    N. expa. terms    N. p. theta    N. p. phi    N. p. sphere
     0           8               8              16           128
     1           8               8              16           128
     2           8               8              16           128

Nonzeros of the near field matrix ..................... = 1156224
Nonzeros of the T-matrix .............................. = 1966080
    Nonzeros of T_lev_0 ............................... = 655360
    Nonzeros of T_lev_1 ............................... = 655360
    Nonzeros of T_lev_2 ............................... = 655360
Nonzeros of the D-matrices ............................ = 1427712
    Nonzeros of D_lev_0 ............................... = 0
    Nonzeros of D_lev_1 ............................... = 334848
    Nonzeros of D_lev_2 ............................... = 1092864
Nonzeros of the S-matrix .............................. = 1966080
    Nonzeros of S_lev_0 ............................... = 655360
    Nonzeros of S_lev_1 ............................... = 655360
    Nonzeros of S_lev_2 ............................... = 655360
Sum of nonzeros of the FMBEM matrices ................. = 6516096

CGS solver: number of iterations = 20, relative error = 8.64017e-10

Time Statistic For The Current Step (In Second)

Assembling the equation system         : 2
Solving the equation system            : 1
Post processing                        : 1
Total                                  : 4



>> S T E P   N U M B E R   A N D   F R E Q U E N C Y <<

Step 26, Frequency = 1300 Hz


Informations about the FMM expansion:
   Level    N. expa. terms    N. p. theta    N. p. phi    N. p. sphere
     0           8               8              16           128
     1           8               8              16           128
     2           8               8              16           128

Nonzeros of the near field matrix ..................... = 1156224
Nonzeros of the T-matrix .............................. = 1966080
    Nonzeros of T_lev_0 ............................... = 655360
    Nonzeros of T_lev_1 ............................... = 655360
    Nonzeros of T_lev_2 ............................... = 655360
Nonzeros of the D-matrices ............................ = 1427712
    Nonzeros of D_lev_0 ............................... = 0
    Nonzeros of D_lev_1 ............................... = 334848
    Nonzeros of D_lev_2 ............................... = 1092864
Nonzeros of the S-matrix .............................. = 1966080
    Nonzeros of S_lev_0 ............................... = 655360
    Nonzeros of S_lev_1 ............................... = 655360
    Nonzeros of S_lev_2 ............................... = 655360
Sum of nonzeros of the FMBEM matrices ................. = 6516096

CGS solver: number of iterations = 22, relative error = 3.25989e-10

Time Statistic For The Current Step (In Second)

Assembling the equation system         : 2
Solving the equation system            : 1
Post processing                        : 2
Total                                  : 5



>> S T E P   N U M B E R   A N D   F R E Q U E N C Y <<

Step 27, Frequency = 1350 Hz


Informations about the FMM expansion:
   Level    N. expa. terms    N. p. theta    N. p. phi    N. p. sphere
     0           8               8              16           128
     1           8               8              16           128
     2           8               8              16           128

Nonzeros of the near field matrix ..................... = 1156224
Nonzeros of the T-matrix .............................. = 1966080
    Nonzeros of T_lev_0 ............................... = 655360
    Nonzeros of T_lev_1 ............................... = 655360
    Nonzeros of T_lev_2 ............................... = 655360
Nonzeros of the D-matrices ............................ = 1427712
    Nonzeros of D_lev_0 ............................... = 0
    Nonzeros of D_lev_1 ............................... = 334848
    Nonzeros of D_lev_2 ............................... = 1092864
Nonzeros of the S-matrix .............................. = 1966080
    Nonzeros of S_lev_0 ............................... = 655360
    Nonzeros of S_lev_1 ............................... = 655360
    Nonzeros of S_lev_2 ............................... = 655360
Sum of nonzeros of the FMBEM matrices ................. = 6516096

CGS solver: number of iterations = 22, relative error = 1.88088e-10

Time Statistic For The Current Step (In Second)

Assembling the equation system         : 2
Solving the equation system            : 1
Post processing                        : 1
Total                                  : 4



>> S T E P   N U M B E R   A N D   F R E Q U E N C Y <<

Step 28, Frequency = 1400 Hz


Informations about the FMM expansion:
   Level    N. expa. terms    N. p. theta    N. p. phi    N. p. sphere
     0           8               8              16           128
     1           8               8              16           128
     2           8               8              16           128

Nonzeros of the near field matrix ..................... = 1156224
Nonzeros of the T-matrix .............................. = 1966080
    Nonzeros of T_lev_0 ............................... = 655360
    Nonzeros of T_lev_1 ............................... = 655360
    Nonzeros of T_lev_2 ............................... = 655360
Nonzeros of the D-matrices ............................ = 1427712
    Nonzeros of D_lev_0 ............................... = 0
    Nonzeros of D_lev_1 ............................... = 334848
    Nonzeros of D_lev_2 ............................... = 1092864
Nonzeros of the S-matrix .............................. = 1966080
    Nonzeros of S_lev_0 ............................... = 655360
    Nonzeros of S_lev_1 ............................... = 655360
    Nonzeros of S_lev_2 ............................... = 655360
Sum of nonzeros of the FMBEM matrices ................. = 6516096

CGS solver: number of iterations = 19, relative error = 7.69906e-10

Time Statistic For The Current Step (In Second)

Assembling the equation system         : 2
Solving the equation system            : 1
Post processing                        : 1
Total                                  : 4



>> S T E P   N U M B E R   A N D   F R E Q U E N C Y <<

Step 29, Frequency = 1450 Hz


Informations about the FMM expansion:
   Level    N. expa. terms    N. p. theta    N. p. phi    N. p. sphere
     0           8               8              16           128
     1           8               8              16           128
     2           8               8              16           128

Nonzeros of the near field matrix ..................... = 1156224
Nonzeros of the T-matrix .............................. = 1966080
    Nonzeros of T_lev_0 ............................... = 655360
    Nonzeros of T_lev_1 ............................... = 655360
    Nonzeros of T_lev_2 ............................... = 655360
Nonzeros of the D-matrices ............................ = 1427712
    Nonzeros of D_lev_0 ............................... = 0
    Nonzeros of D_lev_1 ............................... = 334848
    Nonzeros of D_lev_2 ............................... = 1092864
Nonzeros of the S-matrix .............................. = 1966080
    Nonzeros of S_lev_0 ............................... = 655360
    Nonzeros of S_lev_1 ............................... = 655360
    Nonzeros of S_lev_2 ............................... = 655360
Sum of nonzeros of the FMBEM matrices ................. = 6516096

CGS solver: number of iterations = 19, relative error = 9.44472e-10

Time Statistic For The Current Step (In Second)

Assembling the equation system         : 2
Solving the equation system            : 1
Post processing                        : 1
Total                                  : 4



>> S T E P   N U M B E R   A N D   F R E Q U E N C Y <<

Step 30, Frequency = 1500 Hz


Informations about the FMM expansion:
   Level    N. expa. terms    N. p. theta    N. p. phi    N. p. sphere
     0           8               8              16           128
     1           8               8              16           128
     2           8               8              16           128

Nonzeros of the near field matrix ..................... = 1156224
Nonzeros of the T-matrix .............................. = 1966080
    Nonzeros of T_lev_0 ............................... = 655360
    Nonzeros of T_lev_1 ............................... = 655360
    Nonzeros of T_lev_2 ............................... = 655360
Nonzeros of the D-matrices ............................ = 1427712
    Nonzeros of D_lev_0 ............................... = 0
    Nonzeros of D_lev_1 ............................... = 334848
    Nonzeros of D_lev_2 ............................... = 1092864
Nonzeros of the S-matrix .............................. = 1966080
    Nonzeros of S_lev_0 ............................... = 655360
    Nonzeros of S_lev_1 ............................... = 655360
    Nonzeros of S_lev_2 ............................... = 655360
Sum of nonzeros of the FMBEM matrices ................. = 6516096

CGS solver: number of iterations = 20, relative error = 3.20229e-10

Time Statistic For The Current Step (In Second)

Assembling the equation system         : 2
Solving the equation system            : 1
Post processing                        : 1
Total                                  : 4



>> S T E P   N U M B E R   A N D   F R E Q U E N C Y <<

Step 31, Frequency = 1550 Hz


Informations about the FMM expansion:
   Level    N. expa. terms    N. p. theta    N. p. phi    N. p. sphere
     0           8               8              16           128
     1           8               8              16           128
     2           8               8              16           128

Nonzeros of the near field matrix ..................... = 1156224
Nonzeros of the T-matrix .............................. = 1966080
    Nonzeros of T_lev_0 ............................... = 655360
    Nonzeros of T_lev_1 ............................... = 655360
    Nonzeros of T_lev_2 ............................... = 655360
Nonzeros of the D-matrices ............................ = 1427712
    Nonzeros of D_lev_0 ............................... = 0
    Nonzeros of D_lev_1 ............................... = 334848
    Nonzeros of D_lev_2 ............................... = 1092864
Nonzeros of the S-matrix .............................. = 1966080
    Nonzeros of S_lev_0 ............................... = 655360
    Nonzeros of S_lev_1 ............................... = 655360
    Nonzeros of S_lev_2 ............................... = 655360
Sum of nonzeros of the FMBEM matrices ................. = 6516096

CGS solver: number of iterations = 20, relative error = 3.27274e-10

Time Statistic For The Current Step (In Second)

Assembling the equation system         : 2
Solving the equation system            : 1
Post processing                        : 1
Total                                  : 4



>> S T E P   N U M B E R   A N D   F R E Q U E N C Y <<

Step 32, Frequency = 1600 Hz


Informations about the FMM expansion:
   Level    N. expa. terms    N. p. theta    N. p. phi    N. p. sphere
     0           8               8              16           128
     1           8               8              16           128
     2           8               8              16           128

Nonzeros of the near field matrix ..................... = 1156224
Nonzeros of the T-matrix .............................. = 1966080
    Nonzeros of T_lev_0 ............................... = 655360
    Nonzeros of T_lev_1 ............................... = 655360
    Nonzeros of T_lev_2 ............................... = 655360
Nonzeros of the D-matrices ............................ = 1427712
    Nonzeros of D_lev_0 ............................... = 0
    Nonzeros of D_lev_1 ............................... = 334848
    Nonzeros of D_lev_2 ............................... = 1092864
Nonzeros of the S-matrix .............................. = 1966080
    Nonzeros of S_lev_0 ............................... = 655360
    Nonzeros of S_lev_1 ............................... = 655360
    Nonzeros of S_lev_2 ............................... = 655360
Sum of nonzeros of the FMBEM matrices ................. = 6516096

CGS solver: number of iterations = 20, relative error = 3.10775e-10

Time Statistic For The Current Step (In Second)

Assembling the equation system         : 2
Solving the equation system            : 1
Post processing                        : 1
Total                                  : 4



>> S T E P   N U M B E R   A N D   F R E Q U E N C Y <<

Step 33, Frequency = 1650 Hz


Informations about the FMM expansion:
   Level    N. expa. terms    N. p. theta    N. p. phi    N. p. sphere
     0           8               8              16           128
     1           8               8              16           128
     2           8               8              16           128

Nonzeros of the near field matrix ..................... = 1156224
Nonzeros of the T-matrix .............................. = 1966080
    Nonzeros of T_lev_0 ............................... = 655360
    Nonzeros of T_lev_1 ............................... = 655360
    Nonzeros of T_lev_2 ............................... = 655360
Nonzeros of the D-matrices ............................ = 1427712
    Nonzeros of D_lev_0 ............................... = 0
    Nonzeros of D_lev_1 ............................... = 334848
    Nonzeros of D_lev_2 ............................... = 1092864
Nonzeros of the S-matrix .............................. = 1966080
    Nonzeros of S_lev_0 ............................... = 655360
    Nonzeros of S_lev_1 ............................... = 655360
    Nonzeros of S_lev_2 ............................... = 655360
Sum of nonzeros of the FMBEM matrices ................. = 6516096

CGS solver: number of iterations = 20, relative error = 2.38323e-10

Time Statistic For The Current Step (In Second)

Assembling the equation system         : 2
Solving the equation system            : 1
Post processing                        : 1
Total                                  : 4



>> S T E P   N U M B E R   A N D   F R E Q U E N C Y <<

Step 34, Frequency = 1700 Hz


Informations about the FMM expansion:
   Level    N. expa. terms    N. p. theta    N. p. phi    N. p. sphere
     0           8               8              16           128
     1           8               8              16           128
     2           8               8              16           128

Nonzeros of the near field matrix ..................... = 1156224
Nonzeros of the T-matrix .............................. = 1966080
    Nonzeros of T_lev_0 ............................... = 655360
    Nonzeros of T_lev_1 ............................... = 655360
    Nonzeros of T_lev_2 ............................... = 655360
Nonzeros of the D-matrices ............................ = 1427712
    Nonzeros of D_lev_0 ............................... = 0
    Nonzeros of D_lev_1 ............................... = 334848
    Nonzeros of D_lev_2 ............................... = 1092864
Nonzeros of the S-matrix .............................. = 1966080
    Nonzeros of S_lev_0 ............................... = 655360
    Nonzeros of S_lev_1 ............................... = 655360
    Nonzeros of S_lev_2 ............................... = 655360
Sum of nonzeros of the FMBEM matrices ................. = 6516096

CGS solver: number of iterations = 20, relative error = 1.67088e-10

Time Statistic For The Current Step (In Second)

Assembling the equation system         : 1
Solving the equation system            : 1
Post processing                        : 1
Total                                  : 3



>> S T E P   N U M B E R   A N D   F R E Q U E N C Y <<

Step 35, Frequency = 1750 Hz


Informations about the FMM expansion:
   Level    N. expa. terms    N. p. theta    N. p. phi    N. p. sphere
     0           8               8              16           128
     1           8               8              16           128
     2           8               8              16           128

Nonzeros of the near field matrix ..................... = 1156224
Nonzeros of the T-matrix .............................. = 1966080
    Nonzeros of T_lev_0 ............................... = 655360
    Nonzeros of T_lev_1 ............................... = 655360
    Nonzeros of T_lev_2 ............................... = 655360
Nonzeros of the D-matrices ............................ = 1427712
    Nonzeros of D_lev_0 ............................... = 0
    Nonzeros of D_lev_1 ............................... = 334848
    Nonzeros of D_lev_2 ............................... = 1092864
Nonzeros of the S-matrix .............................. = 1966080
    Nonzeros of S_lev_0 ............................... = 655360
    Nonzeros of S_lev_1 ............................... = 655360
    Nonzeros of S_lev_2 ............................... = 655360
Sum of nonzeros of the FMBEM matrices ................. = 6516096

CGS solver: number of iterations = 19, relative error = 9.76118e-10

Time Statistic For The Current Step (In Second)

Assembling the equation system         : 2
Solving the equation system            : 1
Post processing                        : 1
Total                                  : 4



>> S T E P   N U M B E R   A N D   F R E Q U E N C Y <<

Step 36, Frequency = 1800 Hz


Informations about the FMM expansion:
   Level    N. expa. terms    N. p. theta    N. p. phi    N. p. sphere
     0           8               8              16           128
     1           8               8              16           128
     2           8               8              16           128

Nonzeros of the near field matrix ..................... = 1156224
Nonzeros of the T-matrix .............................. = 1966080
    Nonzeros of T_lev_0 ............................... = 655360
    Nonzeros of T_lev_1 ............................... = 655360
    Nonzeros of T_lev_2 ............................... = 655360
Nonzeros of the D-matrices ............................ = 1427712
    Nonzeros of D_lev_0 ............................... = 0
    Nonzeros of D_lev_1 ............................... = 334848
    Nonzeros of D_lev_2 ............................... = 1092864
Nonzeros of the S-matrix .............................. = 1966080
    Nonzeros of S_lev_0 ............................... = 655360
    Nonzeros of S_lev_1 ............................... = 655360
    Nonzeros of S_lev_2 ............................... = 655360
Sum of nonzeros of the FMBEM matrices ................. = 6516096

CGS solver: number of iterations = 19, relative error = 7.49632e-10

Time Statistic For The Current Step (In Second)

Assembling the equation system         : 2
Solving the equation system            : 1
Post processing                        : 1
Total                                  : 4



>> S T E P   N U M B E R   A N D   F R E Q U E N C Y <<

Step 37, Frequency = 1850 Hz


Informations about the FMM expansion:
   Level    N. expa. terms    N. p. theta    N. p. phi    N. p. sphere
     0           8               8              16           128
     1           8               8              16           128
     2           8               8              16           128

Nonzeros of the near field matrix ..................... = 1156224
Nonzeros of the T-matrix .............................. = 1966080
    Nonzeros of T_lev_0 ............................... = 655360
    Nonzeros of T_lev_1 ............................... = 655360
    Nonzeros of T_lev_2 ............................... = 655360
Nonzeros of the D-matrices ............................ = 1427712
    Nonzeros of D_lev_0 ............................... = 0
    Nonzeros of D_lev_1 ............................... = 334848
    Nonzeros of D_lev_2 ............................... = 1092864
Nonzeros of the S-matrix .............................. = 1966080
    Nonzeros of S_lev_0 ............................... = 655360
    Nonzeros of S_lev_1 ............................... = 655360
    Nonzeros of S_lev_2 ............................... = 655360
Sum of nonzeros of the FMBEM matrices ................. = 6516096

CGS solver: number of iterations = 19, relative error = 6.60516e-10

Time Statistic For The Current Step (In Second)

Assembling the equation system         : 2
Solving the equation system            : 0
Post processing                        : 1
Total                                  : 3



>> S T E P   N U M B E R   A N D   F R E Q U E N C Y <<

Step 38, Frequency = 1900 Hz


Informations about the FMM expansion:
   Level    N. expa. terms    N. p. theta    N. p. phi    N. p. sphere
     0           8               8              16           128
     1           8               8              16           128
     2           8               8              16           128

Nonzeros of the near field matrix ..................... = 1156224
Nonzeros of the T-matrix .............................. = 1966080
    Nonzeros of T_lev_0 ............................... = 655360
    Nonzeros of T_lev_1 ............................... = 655360
    Nonzeros of T_lev_2 ............................... = 655360
Nonzeros of the D-matrices ............................ = 1427712
    Nonzeros of D_lev_0 ............................... = 0
    Nonzeros of D_lev_1 ............................... = 334848
    Nonzeros of D_lev_2 ............................... = 1092864
Nonzeros of the S-matrix .............................. = 1966080
    Nonzeros of S_lev_0 ............................... = 655360
    Nonzeros of S_lev_1 ............................... = 655360
    Nonzeros of S_lev_2 ............................... = 655360
Sum of nonzeros of the FMBEM matrices ................. = 6516096

CGS solver: number of iterations = 19, relative error = 6.60278e-10

Time Statistic For The Current Step (In Second)

Assembling the equation system         : 2
Solving the equation system            : 1
Post processing                        : 1
Total                                  : 4



>> S T E P   N U M B E R   A N D   F R E Q U E N C Y <<

Step 39, Frequency = 1950 Hz


Informations about the FMM expansion:
   Level    N. expa. terms    N. p. theta    N. p. phi    N. p. sphere
     0           8               8              16           128
     1           8               8              16           128
     2           8               8              16           128

Nonzeros of the near field matrix ..................... = 1156224
Nonzeros of the T-matrix .............................. = 1966080
    Nonzeros of T_lev_0 ............................... = 655360
    Nonzeros of T_lev_1 ............................... = 655360
    Nonzeros of T_lev_2 ............................... = 655360
Nonzeros of the D-matrices ............................ = 1427712
    Nonzeros of D_lev_0 ............................... = 0
    Nonzeros of D_lev_1 ............................... = 334848
    Nonzeros of D_lev_2 ............................... = 1092864
Nonzeros of the S-matrix .............................. = 1966080
    Nonzeros of S_lev_0 ............................... = 655360
    Nonzeros of S_lev_1 ............................... = 655360
    Nonzeros of S_lev_2 ............................... = 655360
Sum of nonzeros of the FMBEM matrices ................. = 6516096

CGS solver: number of iterations = 19, relative error = 7.53495e-10

Time Statistic For The Current Step (In Second)

Assembling the equation system         : 2
Solving the equation system            : 1
Post processing                        : 0
Total                                  : 3



>> S T E P   N U M B E R   A N D   F R E Q U E N C Y <<

Step 40, Frequency = 2000 Hz


Informations about the FMM expansion:
   Level    N. expa. terms    N. p. theta    N. p. phi    N. p. sphere
     0           8               8              16           128
     1           8               8              16           128
     2           8               8              16           128

Nonzeros of the near field matrix ..................... = 1156224
Nonzeros of the T-matrix .............................. = 1966080
    Nonzeros of T_lev_0 ............................... = 655360
    Nonzeros of T_lev_1 ............................... = 655360
    Nonzeros of T_lev_2 ............................... = 655360
Nonzeros of the D-matrices ............................ = 1427712
    Nonzeros of D_lev_0 ............................... = 0
    Nonzeros of D_lev_1 ............................... = 334848
    Nonzeros of D_lev_2 ............................... = 1092864
Nonzeros of the S-matrix .............................. = 1966080
    Nonzeros of S_lev_0 ............................... = 655360
    Nonzeros of S_lev_1 ............................... = 655360
    Nonzeros of S_lev_2 ............................... = 655360
Sum of nonzeros of the FMBEM matrices ................. = 6516096

CGS solver: number of iterations = 20, relative error = 7.05949e-11

Time Statistic For The Current Step (In Second)

Assembling the equation system         : 2
Solving the equation system            : 1
Post processing                        : 1
Total                                  : 4



>> S T E P   N U M B E R   A N D   F R E Q U E N C Y <<

Step 41, Frequency = 2050 Hz


Informations about the FMM expansion:
   Level    N. expa. terms    N. p. theta    N. p. phi    N. p. sphere
     0           8               8              16           128
     1           8               8              16           128
     2           8               8              16           128

Nonzeros of the near field matrix ..................... = 1156224
Nonzeros of the T-matrix .............................. = 1966080
    Nonzeros of T_lev_0 ............................... = 655360
    Nonzeros of T_lev_1 ............................... = 655360
    Nonzeros of T_lev_2 ............................... = 655360
Nonzeros of the D-matrices ............................ = 1427712
    Nonzeros of D_lev_0 ............................... = 0
    Nonzeros of D_lev_1 ............................... = 334848
    Nonzeros of D_lev_2 ............................... = 1092864
Nonzeros of the S-matrix .............................. = 1966080
    Nonzeros of S_lev_0 ............................... = 655360
    Nonzeros of S_lev_1 ............................... = 655360
    Nonzeros of S_lev_2 ............................... = 655360
Sum of nonzeros of the FMBEM matrices ................. = 6516096

CGS solver: number of iterations = 20, relative error = 6.39256e-11

Time Statistic For The Current Step (In Second)

Assembling the equation system         : 2
Solving the equation system            : 1
Post processing                        : 1
Total                                  : 4



>> S T E P   N U M B E R   A N D   F R E Q U E N C Y <<

Step 42, Frequency = 2100 Hz


Informations about the FMM expansion:
   Level    N. expa. terms    N. p. theta    N. p. phi    N. p. sphere
     0           9               9              18           162
     1           8               8              16           128
     2           8               8              16           128

Nonzeros of the near field matrix ..................... = 1156224
Nonzeros of the T-matrix .............................. = 2140160
    Nonzeros of T_lev_0 ............................... = 829440
    Nonzeros of T_lev_1 ............................... = 655360
    Nonzeros of T_lev_2 ............................... = 655360
Nonzeros of the D-matrices ............................ = 1427712
    Nonzeros of D_lev_0 ............................... = 0
    Nonzeros of D_lev_1 ............................... = 334848
    Nonzeros of D_lev_2 ............................... = 1092864
Nonzeros of the S-matrix .............................. = 2140160
    Nonzeros of S_lev_0 ............................... = 829440
    Nonzeros of S_lev_1 ............................... = 655360
    Nonzeros of S_lev_2 ............................... = 655360
Sum of nonzeros of the FMBEM matrices ................. = 6864256

CGS solver: number of iterations = 20, relative error = 5.91396e-11

Time Statistic For The Current Step (In Second)

Assembling the equation system         : 1
Solving the equation system            : 1
Post processing                        : 1
Total                                  : 3



>> S T E P   N U M B E R   A N D   F R E Q U E N C Y <<

Step 43, Frequency = 2150 Hz


Informations about the FMM expansion:
   Level    N. expa. terms    N. p. theta    N. p. phi    N. p. sphere
     0           9               9              18           162
     1           8               8              16           128
     2           8               8              16           128

Nonzeros of the near field matrix ..................... = 1156224
Nonzeros of the T-matrix .............................. = 2140160
    Nonzeros of T_lev_0 ............................... = 829440
    Nonzeros of T_lev_1 ............................... = 655360
    Nonzeros of T_lev_2 ............................... = 655360
Nonzeros of the D-matrices ............................ = 1427712
    Nonzeros of D_lev_0 ............................... = 0
    Nonzeros of D_lev_1 ............................... = 334848
    Nonzeros of D_lev_2 ............................... = 1092864
Nonzeros of the S-matrix .............................. = 2140160
    Nonzeros of S_lev_0 ............................... = 829440
    Nonzeros of S_lev_1 ............................... = 655360
    Nonzeros of S_lev_2 ............................... = 655360
Sum of nonzeros of the FMBEM matrices ................. = 6864256

CGS solver: number of iterations = 19, relative error = 4.65386e-10

Time Statistic For The Current Step (In Second)

Assembling the equation system         : 2
Solving the equation system            : 1
Post processing                        : 1
Total                                  : 4



>> S T E P   N U M B E R   A N D   F R E Q U E N C Y <<

Step 44, Frequency = 2200 Hz


Informations about the FMM expansion:
   Level    N. expa. terms    N. p. theta    N. p. phi    N. p. sphere
     0           9               9              18           162
     1           8               8              16           128
     2           8               8              16           128

Nonzeros of the near field matrix ..................... = 1156224
Nonzeros of the T-matrix .............................. = 2140160
    Nonzeros of T_lev_0 ............................... = 829440
    Nonzeros of T_lev_1 ............................... = 655360
    Nonzeros of T_lev_2 ............................... = 655360
Nonzeros of the D-matrices ............................ = 1427712
    Nonzeros of D_lev_0 ............................... = 0
    Nonzeros of D_lev_1 ............................... = 334848
    Nonzeros of D_lev_2 ............................... = 1092864
Nonzeros of the S-matrix .............................. = 2140160
    Nonzeros of S_lev_0 ............................... = 829440
    Nonzeros of S_lev_1 ............................... = 655360
    Nonzeros of S_lev_2 ............................... = 655360
Sum of nonzeros of the FMBEM matrices ................. = 6864256

CGS solver: number of iterations = 18, relative error = 6.8769e-10

Time Statistic For The Current Step (In Second)

Assembling the equation system         : 2
Solving the equation system            : 1
Post processing                        : 1
Total                                  : 4



>> S T E P   N U M B E R   A N D   F R E Q U E N C Y <<

Step 45, Frequency = 2250 Hz


Informations about the FMM expansion:
   Level    N. expa. terms    N. p. theta    N. p. phi    N. p. sphere
     0           9               9              18           162
     1           8               8              16           128
     2           8               8              16           128

Nonzeros of the near field matrix ..................... = 1156224
Nonzeros of the T-matrix .............................. = 2140160
    Nonzeros of T_lev_0 ............................... = 829440
    Nonzeros of T_lev_1 ............................... = 655360
    Nonzeros of T_lev_2 ............................... = 655360
Nonzeros of the D-matrices ............................ = 1427712
    Nonzeros of D_lev_0 ............................... = 0
    Nonzeros of D_lev_1 ............................... = 334848
    Nonzeros of D_lev_2 ............................... = 1092864
Nonzeros of the S-matrix .............................. = 2140160
    Nonzeros of S_lev_0 ............................... = 829440
    Nonzeros of S_lev_1 ............................... = 655360
    Nonzeros of S_lev_2 ............................... = 655360
Sum of nonzeros of the FMBEM matrices ................. = 6864256

CGS solver: number of iterations = 18, relative error = 4.25603e-10

Time Statistic For The Current Step (In Second)

Assembling the equation system         : 2
Solving the equation system            : 0
Post processing                        : 1
Total                                  : 3



>> S T E P   N U M B E R   A N D   F R E Q U E N C Y <<

Step 46, Frequency = 2300 Hz


Informations about the FMM expansion:
   Level    N. expa. terms    N. p. theta    N. p. phi    N. p. sphere
     0           9               9              18           162
     1           8               8              16           128
     2           8               8              16           128

Nonzeros of the near field matrix ..................... = 1156224
Nonzeros of the T-matrix .............................. = 2140160
    Nonzeros of T_lev_0 ............................... = 829440
    Nonzeros of T_lev_1 ............................... = 655360
    Nonzeros of T_lev_2 ............................... = 655360
Nonzeros of the D-matrices ............................ = 1427712
    Nonzeros of D_lev_0 ............................... = 0
    Nonzeros of D_lev_1 ............................... = 334848
    Nonzeros of D_lev_2 ............................... = 1092864
Nonzeros of the S-matrix .............................. = 2140160
    Nonzeros of S_lev_0 ............................... = 829440
    Nonzeros of S_lev_1 ............................... = 655360
    Nonzeros of S_lev_2 ............................... = 655360
Sum of nonzeros of the FMBEM matrices ................. = 6864256

CGS solver: number of iterations = 18, relative error = 3.76535e-10

Time Statistic For The Current Step (In Second)

Assembling the equation system         : 2
Solving the equation system            : 1
Post processing                        : 1
Total                                  : 4



>> S T E P   N U M B E R   A N D   F R E Q U E N C Y <<

Step 47, Frequency = 2350 Hz


Informations about the FMM expansion:
   Level    N. expa. terms    N. p. theta    N. p. phi    N. p. sphere
     0           9               9              18           162
     1           8               8              16           128
     2           8               8              16           128

Nonzeros of the near field matrix ..................... = 1156224
Nonzeros of the T-matrix .............................. = 2140160
    Nonzeros of T_lev_0 ............................... = 829440
    Nonzeros of T_lev_1 ............................... = 655360
    Nonzeros of T_lev_2 ............................... = 655360
Nonzeros of the D-matrices ............................ = 1427712
    Nonzeros of D_lev_0 ............................... = 0
    Nonzeros of D_lev_1 ............................... = 334848
    Nonzeros of D_lev_2 ............................... = 1092864
Nonzeros of the S-matrix .............................. = 2140160
    Nonzeros of S_lev_0 ............................... = 829440
    Nonzeros of S_lev_1 ............................... = 655360
    Nonzeros of S_lev_2 ............................... = 655360
Sum of nonzeros of the FMBEM matrices ................. = 6864256

CGS solver: number of iterations = 18, relative error = 4.19758e-10

Time Statistic For The Current Step (In Second)

Assembling the equation system         : 2
Solving the equation system            : 1
Post processing                        : 1
Total                                  : 4



>> S T E P   N U M B E R   A N D   F R E Q U E N C Y <<

Step 48, Frequency = 2400 Hz


Informations about the FMM expansion:
   Level    N. expa. terms    N. p. theta    N. p. phi    N. p. sphere
     0          10              10              20           200
     1           8               8              16           128
     2           8               8              16           128

Nonzeros of the near field matrix ..................... = 1156224
Nonzeros of the T-matrix .............................. = 2334720
    Nonzeros of T_lev_0 ............................... = 1024000
    Nonzeros of T_lev_1 ............................... = 655360
    Nonzeros of T_lev_2 ............................... = 655360
Nonzeros of the D-matrices ............................ = 1427712
    Nonzeros of D_lev_0 ............................... = 0
    Nonzeros of D_lev_1 ............................... = 334848
    Nonzeros of D_lev_2 ............................... = 1092864
Nonzeros of the S-matrix .............................. = 2334720
    Nonzeros of S_lev_0 ............................... = 1024000
    Nonzeros of S_lev_1 ............................... = 655360
    Nonzeros of S_lev_2 ............................... = 655360
Sum of nonzeros of the FMBEM matrices ................. = 7253376

CGS solver: number of iterations = 18, relative error = 5.08709e-10

Time Statistic For The Current Step (In Second)

Assembling the equation system         : 2
Solving the equation system            : 1
Post processing                        : 2
Total                                  : 5



>> S T E P   N U M B E R   A N D   F R E Q U E N C Y <<

Step 49, Frequency = 2450 Hz


Informations about the FMM expansion:
   Level    N. expa. terms    N. p. theta    N. p. phi    N. p. sphere
     0          10              10              20           200
     1           8               8              16           128
     2           8               8              16           128

Nonzeros of the near field matrix ..................... = 1156224
Nonzeros of the T-matrix .............................. = 2334720
    Nonzeros of T_lev_0 ............................... = 1024000
    Nonzeros of T_lev_1 ............................... = 655360
    Nonzeros of T_lev_2 ............................... = 655360
Nonzeros of the D-matrices ............................ = 1427712
    Nonzeros of D_lev_0 ............................... = 0
    Nonzeros of D_lev_1 ............................... = 334848
    Nonzeros of D_lev_2 ............................... = 1092864
Nonzeros of the S-matrix .............................. = 2334720
    Nonzeros of S_lev_0 ............................... = 1024000
    Nonzeros of S_lev_1 ............................... = 655360
    Nonzeros of S_lev_2 ............................... = 655360
Sum of nonzeros of the FMBEM matrices ................. = 7253376

CGS solver: number of iterations = 18, relative error = 7.935e-10

Time Statistic For The Current Step (In Second)

Assembling the equation system         : 2
Solving the equation system            : 1
Post processing                        : 1
Total                                  : 4



>> S T E P   N U M B E R   A N D   F R E Q U E N C Y <<

Step 50, Frequency = 2500 Hz


Informations about the FMM expansion:
   Level    N. expa. terms    N. p. theta    N. p. phi    N. p. sphere
     0          10              10              20           200
     1           8               8              16           128
     2           8               8              16           128

Nonzeros of the near field matrix ..................... = 1156224
Nonzeros of the T-matrix .............................. = 2334720
    Nonzeros of T_lev_0 ............................... = 1024000
    Nonzeros of T_lev_1 ............................... = 655360
    Nonzeros of T_lev_2 ............................... = 655360
Nonzeros of the D-matrices ............................ = 1427712
    Nonzeros of D_lev_0 ............................... = 0
    Nonzeros of D_lev_1 ............................... = 334848
    Nonzeros of D_lev_2 ............................... = 1092864
Nonzeros of the S-matrix .............................. = 2334720
    Nonzeros of S_lev_0 ............................... = 1024000
    Nonzeros of S_lev_1 ............................... = 655360
    Nonzeros of S_lev_2 ............................... = 655360
Sum of nonzeros of the FMBEM matrices ................. = 7253376

CGS solver: number of iterations = 17, relative error = 7.76754e-10

Time Statistic For The Current Step (In Second)

Assembling the equation system         : 2
Solving the equation system            : 1
Post processing                        : 1
Total                                  : 4



>> S T E P   N U M B E R   A N D   F R E Q U E N C Y <<

Step 51, Frequency = 2550 Hz


Informations about the FMM expansion:
   Level    N. expa. terms    N. p. theta    N. p. phi    N. p. sphere
     0          10              10              20           200
     1           8               8              16           128
     2           8               8              16           128

Nonzeros of the near field matrix ..................... = 1156224
Nonzeros of the T-matrix .............................. = 2334720
    Nonzeros of T_lev_0 ............................... = 1024000
    Nonzeros of T_lev_1 ............................... = 655360
    Nonzeros of T_lev_2 ............................... = 655360
Nonzeros of the D-matrices ............................ = 1427712
    Nonzeros of D_lev_0 ............................... = 0
    Nonzeros of D_lev_1 ............................... = 334848
    Nonzeros of D_lev_2 ............................... = 1092864
Nonzeros of the S-matrix .............................. = 2334720
    Nonzeros of S_lev_0 ............................... = 1024000
    Nonzeros of S_lev_1 ............................... = 655360
    Nonzeros of S_lev_2 ............................... = 655360
Sum of nonzeros of the FMBEM matrices ................. = 7253376

CGS solver: number of iterations = 19, relative error = 5.52814e-10

Time Statistic For The Current Step (In Second)

Assembling the equation system         : 2
Solving the equation system            : 1
Post processing                        : 2
Total                                  : 5



>> S T E P   N U M B E R   A N D   F R E Q U E N C Y <<

Step 52, Frequency = 2600 Hz


Informations about the FMM expansion:
   Level    N. expa. terms    N. p. theta    N. p. phi    N. p. sphere
     0          10              10              20           200
     1           8               8              16           128
     2           8               8              16           128

Nonzeros of the near field matrix ..................... = 1156224
Nonzeros of the T-matrix .............................. = 2334720
    Nonzeros of T_lev_0 ............................... = 1024000
    Nonzeros of T_lev_1 ............................... = 655360
    Nonzeros of T_lev_2 ............................... = 655360
Nonzeros of the D-matrices ............................ = 1427712
    Nonzeros of D_lev_0 ............................... = 0
    Nonzeros of D_lev_1 ............................... = 334848
    Nonzeros of D_lev_2 ............................... = 1092864
Nonzeros of the S-matrix .............................. = 2334720
    Nonzeros of S_lev_0 ............................... = 1024000
    Nonzeros of S_lev_1 ............................... = 655360
    Nonzeros of S_lev_2 ............................... = 655360
Sum of nonzeros of the FMBEM matrices ................. = 7253376

CGS solver: number of iterations = 19, relative error = 4.89459e-10

Time Statistic For The Current Step (In Second)

Assembling the equation system         : 2
Solving the equation system            : 1
Post processing                        : 1
Total                                  : 4



>> S T E P   N U M B E R   A N D   F R E Q U E N C Y <<

Step 53, Frequency = 2650 Hz


Informations about the FMM expansion:
   Level    N. expa. terms    N. p. theta    N. p. phi    N. p. sphere
     0          10              10              20           200
     1           8               8              16           128
     2           8               8              16           128

Nonzeros of the near field matrix ..................... = 1156224
Nonzeros of the T-matrix .............................. = 2334720
    Nonzeros of T_lev_0 ............................... = 1024000
    Nonzeros of T_lev_1 ............................... = 655360
    Nonzeros of T_lev_2 ............................... = 655360
Nonzeros of the D-matrices ............................ = 1427712
    Nonzeros of D_lev_0 ............................... = 0
    Nonzeros of D_lev_1 ............................... = 334848
    Nonzeros of D_lev_2 ............................... = 1092864
Nonzeros of the S-matrix .............................. = 2334720
    Nonzeros of S_lev_0 ............................... = 1024000
    Nonzeros of S_lev_1 ............................... = 655360
    Nonzeros of S_lev_2 ............................... = 655360
Sum of nonzeros of the FMBEM matrices ................. = 7253376

CGS solver: number of iterations = 19, relative error = 9.36118e-10

Time Statistic For The Current Step (In Second)

Assembling the equation system         : 2
Solving the equation system            : 1
Post processing                        : 2
Total                                  : 5



>> S T E P   N U M B E R   A N D   F R E Q U E N C Y <<

Step 54, Frequency = 2700 Hz


Informations about the FMM expansion:
   Level    N. expa. terms    N. p. theta    N. p. phi    N. p. sphere
     0          11              11              22           242
     1           8               8              16           128
     2           8               8              16           128

Nonzeros of the near field matrix ..................... = 1156224
Nonzeros of the T-matrix .............................. = 2549760
    Nonzeros of T_lev_0 ............................... = 1239040
    Nonzeros of T_lev_1 ............................... = 655360
    Nonzeros of T_lev_2 ............................... = 655360
Nonzeros of the D-matrices ............................ = 1427712
    Nonzeros of D_lev_0 ............................... = 0
    Nonzeros of D_lev_1 ............................... = 334848
    Nonzeros of D_lev_2 ............................... = 1092864
Nonzeros of the S-matrix .............................. = 2549760
    Nonzeros of S_lev_0 ............................... = 1239040
    Nonzeros of S_lev_1 ............................... = 655360
    Nonzeros of S_lev_2 ............................... = 655360
Sum of nonzeros of the FMBEM matrices ................. = 7683456

CGS solver: number of iterations = 19, relative error = 3.63661e-10

Time Statistic For The Current Step (In Second)

Assembling the equation system         : 2
Solving the equation system            : 1
Post processing                        : 2
Total                                  : 5



>> S T E P   N U M B E R   A N D   F R E Q U E N C Y <<

Step 55, Frequency = 2750 Hz


Informations about the FMM expansion:
   Level    N. expa. terms    N. p. theta    N. p. phi    N. p. sphere
     0          11              11              22           242
     1           8               8              16           128
     2           8               8              16           128

Nonzeros of the near field matrix ..................... = 1156224
Nonzeros of the T-matrix .............................. = 2549760
    Nonzeros of T_lev_0 ............................... = 1239040
    Nonzeros of T_lev_1 ............................... = 655360
    Nonzeros of T_lev_2 ............................... = 655360
Nonzeros of the D-matrices ............................ = 1427712
    Nonzeros of D_lev_0 ............................... = 0
    Nonzeros of D_lev_1 ............................... = 334848
    Nonzeros of D_lev_2 ............................... = 1092864
Nonzeros of the S-matrix .............................. = 2549760
    Nonzeros of S_lev_0 ............................... = 1239040
    Nonzeros of S_lev_1 ............................... = 655360
    Nonzeros of S_lev_2 ............................... = 655360
Sum of nonzeros of the FMBEM matrices ................. = 7683456

CGS solver: number of iterations = 18, relative error = 3.27775e-10

Time Statistic For The Current Step (In Second)

Assembling the equation system         : 2
Solving the equation system            : 1
Post processing                        : 2
Total                                  : 5



>> S T E P   N U M B E R   A N D   F R E Q U E N C Y <<

Step 56, Frequency = 2800 Hz


Informations about the FMM expansion:
   Level    N. expa. terms    N. p. theta    N. p. phi    N. p. sphere
     0          11              11              22           242
     1           8               8              16           128
     2           8               8              16           128

Nonzeros of the near field matrix ..................... = 1156224
Nonzeros of the T-matrix .............................. = 2549760
    Nonzeros of T_lev_0 ............................... = 1239040
    Nonzeros of T_lev_1 ............................... = 655360
    Nonzeros of T_lev_2 ............................... = 655360
Nonzeros of the D-matrices ............................ = 1427712
    Nonzeros of D_lev_0 ............................... = 0
    Nonzeros of D_lev_1 ............................... = 334848
    Nonzeros of D_lev_2 ............................... = 1092864
Nonzeros of the S-matrix .............................. = 2549760
    Nonzeros of S_lev_0 ............................... = 1239040
    Nonzeros of S_lev_1 ............................... = 655360
    Nonzeros of S_lev_2 ............................... = 655360
Sum of nonzeros of the FMBEM matrices ................. = 7683456

CGS solver: number of iterations = 18, relative error = 1.45382e-10

Time Statistic For The Current Step (In Second)

Assembling the equation system         : 2
Solving the equation system            : 1
Post processing                        : 2
Total                                  : 5



>> S T E P   N U M B E R   A N D   F R E Q U E N C Y <<

Step 57, Frequency = 2850 Hz


Informations about the FMM expansion:
   Level    N. expa. terms    N. p. theta    N. p. phi    N. p. sphere
     0          11              11              22           242
     1           8               8              16           128
     2           8               8              16           128

Nonzeros of the near field matrix ..................... = 1156224
Nonzeros of the T-matrix .............................. = 2549760
    Nonzeros of T_lev_0 ............................... = 1239040
    Nonzeros of T_lev_1 ............................... = 655360
    Nonzeros of T_lev_2 ............................... = 655360
Nonzeros of the D-matrices ............................ = 1427712
    Nonzeros of D_lev_0 ............................... = 0
    Nonzeros of D_lev_1 ............................... = 334848
    Nonzeros of D_lev_2 ............................... = 1092864
Nonzeros of the S-matrix .............................. = 2549760
    Nonzeros of S_lev_0 ............................... = 1239040
    Nonzeros of S_lev_1 ............................... = 655360
    Nonzeros of S_lev_2 ............................... = 655360
Sum of nonzeros of the FMBEM matrices ................. = 7683456

CGS solver: number of iterations = 17, relative error = 9.76474e-10

Time Statistic For The Current Step (In Second)

Assembling the equation system         : 2
Solving the equation system            : 1
Post processing                        : 2
Total                                  : 5



>> S T E P   N U M B E R   A N D   F R E Q U E N C Y <<

Step 58, Frequency = 2900 Hz


Informations about the FMM expansion:
   Level    N. expa. terms    N. p. theta    N. p. phi    N. p. sphere
     0          11              11              22           242
     1           8               8              16           128
     2           8               8              16           128

Nonzeros of the near field matrix ..................... = 1156224
Nonzeros of the T-matrix .............................. = 2549760
    Nonzeros of T_lev_0 ............................... = 1239040
    Nonzeros of T_lev_1 ............................... = 655360
    Nonzeros of T_lev_2 ............................... = 655360
Nonzeros of the D-matrices ............................ = 1427712
    Nonzeros of D_lev_0 ............................... = 0
    Nonzeros of D_lev_1 ............................... = 334848
    Nonzeros of D_lev_2 ............................... = 1092864
Nonzeros of the S-matrix .............................. = 2549760
    Nonzeros of S_lev_0 ............................... = 1239040
    Nonzeros of S_lev_1 ............................... = 655360
    Nonzeros of S_lev_2 ............................... = 655360
Sum of nonzeros of the FMBEM matrices ................. = 7683456

CGS solver: number of iterations = 18, relative error = 1.3054e-10

Time Statistic For The Current Step (In Second)

Assembling the equation system         : 2
Solving the equation system            : 1
Post processing                        : 1
Total                                  : 4



>> S T E P   N U M B E R   A N D   F R E Q U E N C Y <<

Step 59, Frequency = 2950 Hz


Informations about the FMM expansion:
   Level    N. expa. terms    N. p. theta    N. p. phi    N. p. sphere
     0          11              11              22           242
     1           8               8              16           128
     2           8               8              16           128

Nonzeros of the near field matrix ..................... = 1156224
Nonzeros of the T-matrix .............................. = 2549760
    Nonzeros of T_lev_0 ............................... = 1239040
    Nonzeros of T_lev_1 ............................... = 655360
    Nonzeros of T_lev_2 ............................... = 655360
Nonzeros of the D-matrices ............................ = 1427712
    Nonzeros of D_lev_0 ............................... = 0
    Nonzeros of D_lev_1 ............................... = 334848
    Nonzeros of D_lev_2 ............................... = 1092864
Nonzeros of the S-matrix .............................. = 2549760
    Nonzeros of S_lev_0 ............................... = 1239040
    Nonzeros of S_lev_1 ............................... = 655360
    Nonzeros of S_lev_2 ............................... = 655360
Sum of nonzeros of the FMBEM matrices ................. = 7683456

CGS solver: number of iterations = 18, relative error = 1.33749e-10

Time Statistic For The Current Step (In Second)

Assembling the equation system         : 3
Solving the equation system            : 1
Post processing                        : 1
Total                                  : 5



>> S T E P   N U M B E R   A N D   F R E Q U E N C Y <<

Step 60, Frequency = 3000 Hz


Informations about the FMM expansion:
   Level    N. expa. terms    N. p. theta    N. p. phi    N. p. sphere
     0          12              12              24           288
     1           8               8              16           128
     2           8               8              16           128

Nonzeros of the near field matrix ..................... = 1156224
Nonzeros of the T-matrix .............................. = 2785280
    Nonzeros of T_lev_0 ............................... = 1474560
    Nonzeros of T_lev_1 ............................... = 655360
    Nonzeros of T_lev_2 ............................... = 655360
Nonzeros of the D-matrices ............................ = 1427712
    Nonzeros of D_lev_0 ............................... = 0
    Nonzeros of D_lev_1 ............................... = 334848
    Nonzeros of D_lev_2 ............................... = 1092864
Nonzeros of the S-matrix .............................. = 2785280
    Nonzeros of S_lev_0 ............................... = 1474560
    Nonzeros of S_lev_1 ............................... = 655360
    Nonzeros of S_lev_2 ............................... = 655360
Sum of nonzeros of the FMBEM matrices ................. = 8154496

CGS solver: number of iterations = 19, relative error = 4.8132e-10

Time Statistic For The Current Step (In Second)

Assembling the equation system         : 2
Solving the equation system            : 2
Post processing                        : 1
Total                                  : 5



>> S T E P   N U M B E R   A N D   F R E Q U E N C Y <<

Step 61, Frequency = 3050 Hz


Informations about the FMM expansion:
   Level    N. expa. terms    N. p. theta    N. p. phi    N. p. sphere
     0          12              12              24           288
     1           8               8              16           128
     2           8               8              16           128

Nonzeros of the near field matrix ..................... = 1156224
Nonzeros of the T-matrix .............................. = 2785280
    Nonzeros of T_lev_0 ............................... = 1474560
    Nonzeros of T_lev_1 ............................... = 655360
    Nonzeros of T_lev_2 ............................... = 655360
Nonzeros of the D-matrices ............................ = 1427712
    Nonzeros of D_lev_0 ............................... = 0
    Nonzeros of D_lev_1 ............................... = 334848
    Nonzeros of D_lev_2 ............................... = 1092864
Nonzeros of the S-matrix .............................. = 2785280
    Nonzeros of S_lev_0 ............................... = 1474560
    Nonzeros of S_lev_1 ............................... = 655360
    Nonzeros of S_lev_2 ............................... = 655360
Sum of nonzeros of the FMBEM matrices ................. = 8154496

CGS solver: number of iterations = 18, relative error = 5.45161e-10

Time Statistic For The Current Step (In Second)

Assembling the equation system         : 2
Solving the equation system            : 1
Post processing                        : 2
Total                                  : 5



>> S T E P   N U M B E R   A N D   F R E Q U E N C Y <<

Step 62, Frequency = 3100 Hz


Informations about the FMM expansion:
   Level    N. expa. terms    N. p. theta    N. p. phi    N. p. sphere
     0          12              12              24           288
     1           8               8              16           128
     2           8               8              16           128

Nonzeros of the near field matrix ..................... = 1156224
Nonzeros of the T-matrix .............................. = 2785280
    Nonzeros of T_lev_0 ............................... = 1474560
    Nonzeros of T_lev_1 ............................... = 655360
    Nonzeros of T_lev_2 ............................... = 655360
Nonzeros of the D-matrices ............................ = 1427712
    Nonzeros of D_lev_0 ............................... = 0
    Nonzeros of D_lev_1 ............................... = 334848
    Nonzeros of D_lev_2 ............................... = 1092864
Nonzeros of the S-matrix .............................. = 2785280
    Nonzeros of S_lev_0 ............................... = 1474560
    Nonzeros of S_lev_1 ............................... = 655360
    Nonzeros of S_lev_2 ............................... = 655360
Sum of nonzeros of the FMBEM matrices ................. = 8154496

CGS solver: number of iterations = 18, relative error = 1.41936e-10

Time Statistic For The Current Step (In Second)

Assembling the equation system         : 1
Solving the equation system            : 1
Post processing                        : 2
Total                                  : 4



>> S T E P   N U M B E R   A N D   F R E Q U E N C Y <<

Step 63, Frequency = 3150 Hz


Informations about the FMM expansion:
   Level    N. expa. terms    N. p. theta    N. p. phi    N. p. sphere
     0          12              12              24           288
     1           8               8              16           128
     2           8               8              16           128

Nonzeros of the near field matrix ..................... = 1156224
Nonzeros of the T-matrix .............................. = 2785280
    Nonzeros of T_lev_0 ............................... = 1474560
    Nonzeros of T_lev_1 ............................... = 655360
    Nonzeros of T_lev_2 ............................... = 655360
Nonzeros of the D-matrices ............................ = 1427712
    Nonzeros of D_lev_0 ............................... = 0
    Nonzeros of D_lev_1 ............................... = 334848
    Nonzeros of D_lev_2 ............................... = 1092864
Nonzeros of the S-matrix .............................. = 2785280
    Nonzeros of S_lev_0 ............................... = 1474560
    Nonzeros of S_lev_1 ............................... = 655360
    Nonzeros of S_lev_2 ............................... = 655360
Sum of nonzeros of the FMBEM matrices ................. = 8154496

CGS solver: number of iterations = 18, relative error = 1.28554e-10

Time Statistic For The Current Step (In Second)

Assembling the equation system         : 2
Solving the equation system            : 1
Post processing                        : 2
Total                                  : 5



>> S T E P   N U M B E R   A N D   F R E Q U E N C Y <<

Step 64, Frequency = 3200 Hz


Informations about the FMM expansion:
   Level    N. expa. terms    N. p. theta    N. p. phi    N. p. sphere
     0          12              12              24           288
     1           8               8              16           128
     2           8               8              16           128

Nonzeros of the near field matrix ..................... = 1156224
Nonzeros of the T-matrix .............................. = 2785280
    Nonzeros of T_lev_0 ............................... = 1474560
    Nonzeros of T_lev_1 ............................... = 655360
    Nonzeros of T_lev_2 ............................... = 655360
Nonzeros of the D-matrices ............................ = 1427712
    Nonzeros of D_lev_0 ............................... = 0
    Nonzeros of D_lev_1 ............................... = 334848
    Nonzeros of D_lev_2 ............................... = 1092864
Nonzeros of the S-matrix .............................. = 2785280
    Nonzeros of S_lev_0 ............................... = 1474560
    Nonzeros of S_lev_1 ............................... = 655360
    Nonzeros of S_lev_2 ............................... = 655360
Sum of nonzeros of the FMBEM matrices ................. = 8154496

CGS solver: number of iterations = 17, relative error = 8.34602e-10

Time Statistic For The Current Step (In Second)

Assembling the equation system         : 1
Solving the equation system            : 1
Post processing                        : 2
Total                                  : 4



>> S T E P   N U M B E R   A N D   F R E Q U E N C Y <<

Step 65, Frequency = 3250 Hz


Informations about the FMM expansion:
   Level    N. expa. terms    N. p. theta    N. p. phi    N. p. sphere
     0          12              12              24           288
     1           8               8              16           128
     2           8               8              16           128

Nonzeros of the near field matrix ..................... = 1156224
Nonzeros of the T-matrix .............................. = 2785280
    Nonzeros of T_lev_0 ............................... = 1474560
    Nonzeros of T_lev_1 ............................... = 655360
    Nonzeros of T_lev_2 ............................... = 655360
Nonzeros of the D-matrices ............................ = 1427712
    Nonzeros of D_lev_0 ............................... = 0
    Nonzeros of D_lev_1 ............................... = 334848
    Nonzeros of D_lev_2 ............................... = 1092864
Nonzeros of the S-matrix .............................. = 2785280
    Nonzeros of S_lev_0 ............................... = 1474560
    Nonzeros of S_lev_1 ............................... = 655360
    Nonzeros of S_lev_2 ............................... = 655360
Sum of nonzeros of the FMBEM matrices ................. = 8154496

CGS solver: number of iterations = 17, relative error = 3.8449e-10

Time Statistic For The Current Step (In Second)

Assembling the equation system         : 2
Solving the equation system            : 1
Post processing                        : 1
Total                                  : 4



>> S T E P   N U M B E R   A N D   F R E Q U E N C Y <<

Step 66, Frequency = 3300 Hz


Informations about the FMM expansion:
   Level    N. expa. terms    N. p. theta    N. p. phi    N. p. sphere
     0          13              13              26           338
     1           8               8              16           128
     2           8               8              16           128

Nonzeros of the near field matrix ..................... = 1156224
Nonzeros of the T-matrix .............................. = 3041280
    Nonzeros of T_lev_0 ............................... = 1730560
    Nonzeros of T_lev_1 ............................... = 655360
    Nonzeros of T_lev_2 ............................... = 655360
Nonzeros of the D-matrices ............................ = 1427712
    Nonzeros of D_lev_0 ............................... = 0
    Nonzeros of D_lev_1 ............................... = 334848
    Nonzeros of D_lev_2 ............................... = 1092864
Nonzeros of the S-matrix .............................. = 3041280
    Nonzeros of S_lev_0 ............................... = 1730560
    Nonzeros of S_lev_1 ............................... = 655360
    Nonzeros of S_lev_2 ............................... = 655360
Sum of nonzeros of the FMBEM matrices ................. = 8666496

CGS solver: number of iterations = 17, relative error = 2.55454e-10

Time Statistic For The Current Step (In Second)

Assembling the equation system         : 2
Solving the equation system            : 1
Post processing                        : 2
Total                                  : 5



>> S T E P   N U M B E R   A N D   F R E Q U E N C Y <<

Step 67, Frequency = 3350 Hz


Informations about the FMM expansion:
   Level    N. expa. terms    N. p. theta    N. p. phi    N. p. sphere
     0          13              13              26           338
     1           8               8              16           128
     2           8               8              16           128

Nonzeros of the near field matrix ..................... = 1156224
Nonzeros of the T-matrix .............................. = 3041280
    Nonzeros of T_lev_0 ............................... = 1730560
    Nonzeros of T_lev_1 ............................... = 655360
    Nonzeros of T_lev_2 ............................... = 655360
Nonzeros of the D-matrices ............................ = 1427712
    Nonzeros of D_lev_0 ............................... = 0
    Nonzeros of D_lev_1 ............................... = 334848
    Nonzeros of D_lev_2 ............................... = 1092864
Nonzeros of the S-matrix .............................. = 3041280
    Nonzeros of S_lev_0 ............................... = 1730560
    Nonzeros of S_lev_1 ............................... = 655360
    Nonzeros of S_lev_2 ............................... = 655360
Sum of nonzeros of the FMBEM matrices ................. = 8666496

CGS solver: number of iterations = 17, relative error = 1.86306e-10

Time Statistic For The Current Step (In Second)

Assembling the equation system         : 2
Solving the equation system            : 1
Post processing                        : 1
Total                                  : 4



>> S T E P   N U M B E R   A N D   F R E Q U E N C Y <<

Step 68, Frequency = 3400 Hz


Informations about the FMM expansion:
   Level    N. expa. terms    N. p. theta    N. p. phi    N. p. sphere
     0          13              13              26           338
     1           8               8              16           128
     2           8               8              16           128

Nonzeros of the near field matrix ..................... = 1156224
Nonzeros of the T-matrix .............................. = 3041280
    Nonzeros of T_lev_0 ............................... = 1730560
    Nonzeros of T_lev_1 ............................... = 655360
    Nonzeros of T_lev_2 ............................... = 655360
Nonzeros of the D-matrices ............................ = 1427712
    Nonzeros of D_lev_0 ............................... = 0
    Nonzeros of D_lev_1 ............................... = 334848
    Nonzeros of D_lev_2 ............................... = 1092864
Nonzeros of the S-matrix .............................. = 3041280
    Nonzeros of S_lev_0 ............................... = 1730560
    Nonzeros of S_lev_1 ............................... = 655360
    Nonzeros of S_lev_2 ............................... = 655360
Sum of nonzeros of the FMBEM matrices ................. = 8666496

CGS solver: number of iterations = 16, relative error = 9.72585e-10

Time Statistic For The Current Step (In Second)

Assembling the equation system         : 3
Solving the equation system            : 1
Post processing                        : 2
Total                                  : 6



>> S T E P   N U M B E R   A N D   F R E Q U E N C Y <<

Step 69, Frequency = 3450 Hz


Informations about the FMM expansion:
   Level    N. expa. terms    N. p. theta    N. p. phi    N. p. sphere
     0          13              13              26           338
     1           8               8              16           128
     2           8               8              16           128

Nonzeros of the near field matrix ..................... = 1156224
Nonzeros of the T-matrix .............................. = 3041280
    Nonzeros of T_lev_0 ............................... = 1730560
    Nonzeros of T_lev_1 ............................... = 655360
    Nonzeros of T_lev_2 ............................... = 655360
Nonzeros of the D-matrices ............................ = 1427712
    Nonzeros of D_lev_0 ............................... = 0
    Nonzeros of D_lev_1 ............................... = 334848
    Nonzeros of D_lev_2 ............................... = 1092864
Nonzeros of the S-matrix .............................. = 3041280
    Nonzeros of S_lev_0 ............................... = 1730560
    Nonzeros of S_lev_1 ............................... = 655360
    Nonzeros of S_lev_2 ............................... = 655360
Sum of nonzeros of the FMBEM matrices ................. = 8666496

CGS solver: number of iterations = 17, relative error = 1.10324e-10

Time Statistic For The Current Step (In Second)

Assembling the equation system         : 2
Solving the equation system            : 1
Post processing                        : 2
Total                                  : 5



>> S T E P   N U M B E R   A N D   F R E Q U E N C Y <<

Step 70, Frequency = 3500 Hz


Informations about the FMM expansion:
   Level    N. expa. terms    N. p. theta    N. p. phi    N. p. sphere
     0          13              13              26           338
     1           8               8              16           128
     2           8               8              16           128

Nonzeros of the near field matrix ..................... = 1156224
Nonzeros of the T-matrix .............................. = 3041280
    Nonzeros of T_lev_0 ............................... = 1730560
    Nonzeros of T_lev_1 ............................... = 655360
    Nonzeros of T_lev_2 ............................... = 655360
Nonzeros of the D-matrices ............................ = 1427712
    Nonzeros of D_lev_0 ............................... = 0
    Nonzeros of D_lev_1 ............................... = 334848
    Nonzeros of D_lev_2 ............................... = 1092864
Nonzeros of the S-matrix .............................. = 3041280
    Nonzeros of S_lev_0 ............................... = 1730560
    Nonzeros of S_lev_1 ............................... = 655360
    Nonzeros of S_lev_2 ............................... = 655360
Sum of nonzeros of the FMBEM matrices ................. = 8666496

CGS solver: number of iterations = 17, relative error = 1.10101e-10

Time Statistic For The Current Step (In Second)

Assembling the equation system         : 3
Solving the equation system            : 1
Post processing                        : 1
Total                                  : 5



>> S T E P   N U M B E R   A N D   F R E Q U E N C Y <<

Step 71, Frequency = 3550 Hz


Informations about the FMM expansion:
   Level    N. expa. terms    N. p. theta    N. p. phi    N. p. sphere
     0          14              14              28           392
     1           8               8              16           128
     2           8               8              16           128

Nonzeros of the near field matrix ..................... = 1156224
Nonzeros of the T-matrix .............................. = 3317760
    Nonzeros of T_lev_0 ............................... = 2007040
    Nonzeros of T_lev_1 ............................... = 655360
    Nonzeros of T_lev_2 ............................... = 655360
Nonzeros of the D-matrices ............................ = 1427712
    Nonzeros of D_lev_0 ............................... = 0
    Nonzeros of D_lev_1 ............................... = 334848
    Nonzeros of D_lev_2 ............................... = 1092864
Nonzeros of the S-matrix .............................. = 3317760
    Nonzeros of S_lev_0 ............................... = 2007040
    Nonzeros of S_lev_1 ............................... = 655360
    Nonzeros of S_lev_2 ............................... = 655360
Sum of nonzeros of the FMBEM matrices ................. = 9219456

CGS solver: number of iterations = 17, relative error = 1.39115e-10

Time Statistic For The Current Step (In Second)

Assembling the equation system         : 3
Solving the equation system            : 1
Post processing                        : 2
Total                                  : 6



>> S T E P   N U M B E R   A N D   F R E Q U E N C Y <<

Step 72, Frequency = 3600 Hz


Informations about the FMM expansion:
   Level    N. expa. terms    N. p. theta    N. p. phi    N. p. sphere
     0          14              14              28           392
     1           8               8              16           128
     2           8               8              16           128

Nonzeros of the near field matrix ..................... = 1156224
Nonzeros of the T-matrix .............................. = 3317760
    Nonzeros of T_lev_0 ............................... = 2007040
    Nonzeros of T_lev_1 ............................... = 655360
    Nonzeros of T_lev_2 ............................... = 655360
Nonzeros of the D-matrices ............................ = 1427712
    Nonzeros of D_lev_0 ............................... = 0
    Nonzeros of D_lev_1 ............................... = 334848
    Nonzeros of D_lev_2 ............................... = 1092864
Nonzeros of the S-matrix .............................. = 3317760
    Nonzeros of S_lev_0 ............................... = 2007040
    Nonzeros of S_lev_1 ............................... = 655360
    Nonzeros of S_lev_2 ............................... = 655360
Sum of nonzeros of the FMBEM matrices ................. = 9219456

CGS solver: number of iterations = 17, relative error = 2.45383e-10

Time Statistic For The Current Step (In Second)

Assembling the equation system         : 2
Solving the equation system            : 1
Post processing                        : 2
Total                                  : 5



>> S T E P   N U M B E R   A N D   F R E Q U E N C Y <<

Step 73, Frequency = 3650 Hz


Informations about the FMM expansion:
   Level    N. expa. terms    N. p. theta    N. p. phi    N. p. sphere
     0          14              14              28           392
     1           8               8              16           128
     2           8               8              16           128

Nonzeros of the near field matrix ..................... = 1156224
Nonzeros of the T-matrix .............................. = 3317760
    Nonzeros of T_lev_0 ............................... = 2007040
    Nonzeros of T_lev_1 ............................... = 655360
    Nonzeros of T_lev_2 ............................... = 655360
Nonzeros of the D-matrices ............................ = 1427712
    Nonzeros of D_lev_0 ............................... = 0
    Nonzeros of D_lev_1 ............................... = 334848
    Nonzeros of D_lev_2 ............................... = 1092864
Nonzeros of the S-matrix .............................. = 3317760
    Nonzeros of S_lev_0 ............................... = 2007040
    Nonzeros of S_lev_1 ............................... = 655360
    Nonzeros of S_lev_2 ............................... = 655360
Sum of nonzeros of the FMBEM matrices ................. = 9219456

CGS solver: number of iterations = 17, relative error = 4.83518e-10

Time Statistic For The Current Step (In Second)

Assembling the equation system         : 2
Solving the equation system            : 1
Post processing                        : 2
Total                                  : 5



>> S T E P   N U M B E R   A N D   F R E Q U E N C Y <<

Step 74, Frequency = 3700 Hz


Informations about the FMM expansion:
   Level    N. expa. terms    N. p. theta    N. p. phi    N. p. sphere
     0          14              14              28           392
     1           8               8              16           128
     2           8               8              16           128

Nonzeros of the near field matrix ..................... = 1156224
Nonzeros of the T-matrix .............................. = 3317760
    Nonzeros of T_lev_0 ............................... = 2007040
    Nonzeros of T_lev_1 ............................... = 655360
    Nonzeros of T_lev_2 ............................... = 655360
Nonzeros of the D-matrices ............................ = 1427712
    Nonzeros of D_lev_0 ............................... = 0
    Nonzeros of D_lev_1 ............................... = 334848
    Nonzeros of D_lev_2 ............................... = 1092864
Nonzeros of the S-matrix .............................. = 3317760
    Nonzeros of S_lev_0 ............................... = 2007040
    Nonzeros of S_lev_1 ............................... = 655360
    Nonzeros of S_lev_2 ............................... = 655360
Sum of nonzeros of the FMBEM matrices ................. = 9219456

CGS solver: number of iterations = 16, relative error = 7.29182e-10

Time Statistic For The Current Step (In Second)

Assembling the equation system         : 2
Solving the equation system            : 1
Post processing                        : 2
Total                                  : 5



>> S T E P   N U M B E R   A N D   F R E Q U E N C Y <<

Step 75, Frequency = 3750 Hz


Informations about the FMM expansion:
   Level    N. expa. terms    N. p. theta    N. p. phi    N. p. sphere
     0          14              14              28           392
     1           8               8              16           128
     2           8               8              16           128

Nonzeros of the near field matrix ..................... = 1156224
Nonzeros of the T-matrix .............................. = 3317760
    Nonzeros of T_lev_0 ............................... = 2007040
    Nonzeros of T_lev_1 ............................... = 655360
    Nonzeros of T_lev_2 ............................... = 655360
Nonzeros of the D-matrices ............................ = 1427712
    Nonzeros of D_lev_0 ............................... = 0
    Nonzeros of D_lev_1 ............................... = 334848
    Nonzeros of D_lev_2 ............................... = 1092864
Nonzeros of the S-matrix .............................. = 3317760
    Nonzeros of S_lev_0 ............................... = 2007040
    Nonzeros of S_lev_1 ............................... = 655360
    Nonzeros of S_lev_2 ............................... = 655360
Sum of nonzeros of the FMBEM matrices ................. = 9219456

CGS solver: number of iterations = 16, relative error = 4.88577e-10

Time Statistic For The Current Step (In Second)

Assembling the equation system         : 3
Solving the equation system            : 1
Post processing                        : 2
Total                                  : 6



>> S T E P   N U M B E R   A N D   F R E Q U E N C Y <<

Step 76, Frequency = 3800 Hz


Informations about the FMM expansion:
   Level    N. expa. terms    N. p. theta    N. p. phi    N. p. sphere
     0          14              14              28           392
     1           8               8              16           128
     2           8               8              16           128

Nonzeros of the near field matrix ..................... = 1156224
Nonzeros of the T-matrix .............................. = 3317760
    Nonzeros of T_lev_0 ............................... = 2007040
    Nonzeros of T_lev_1 ............................... = 655360
    Nonzeros of T_lev_2 ............................... = 655360
Nonzeros of the D-matrices ............................ = 1427712
    Nonzeros of D_lev_0 ............................... = 0
    Nonzeros of D_lev_1 ............................... = 334848
    Nonzeros of D_lev_2 ............................... = 1092864
Nonzeros of the S-matrix .............................. = 3317760
    Nonzeros of S_lev_0 ............................... = 2007040
    Nonzeros of S_lev_1 ............................... = 655360
    Nonzeros of S_lev_2 ............................... = 655360
Sum of nonzeros of the FMBEM matrices ................. = 9219456

CGS solver: number of iterations = 16, relative error = 4.418e-10

Time Statistic For The Current Step (In Second)

Assembling the equation system         : 2
Solving the equation system            : 1
Post processing                        : 2
Total                                  : 5



>> S T E P   N U M B E R   A N D   F R E Q U E N C Y <<

Step 77, Frequency = 3850 Hz


Informations about the FMM expansion:
   Level    N. expa. terms    N. p. theta    N. p. phi    N. p. sphere
     0          15              15              30           450
     1           8               8              16           128
     2           8               8              16           128

Nonzeros of the near field matrix ..................... = 1156224
Nonzeros of the T-matrix .............................. = 3614720
    Nonzeros of T_lev_0 ............................... = 2304000
    Nonzeros of T_lev_1 ............................... = 655360
    Nonzeros of T_lev_2 ............................... = 655360
Nonzeros of the D-matrices ............................ = 1427712
    Nonzeros of D_lev_0 ............................... = 0
    Nonzeros of D_lev_1 ............................... = 334848
    Nonzeros of D_lev_2 ............................... = 1092864
Nonzeros of the S-matrix .............................. = 3614720
    Nonzeros of S_lev_0 ............................... = 2304000
    Nonzeros of S_lev_1 ............................... = 655360
    Nonzeros of S_lev_2 ............................... = 655360
Sum of nonzeros of the FMBEM matrices ................. = 9813376

CGS solver: number of iterations = 16, relative error = 4.78377e-10

Time Statistic For The Current Step (In Second)

Assembling the equation system         : 3
Solving the equation system            : 1
Post processing                        : 2
Total                                  : 6



>> S T E P   N U M B E R   A N D   F R E Q U E N C Y <<

Step 78, Frequency = 3900 Hz


Informations about the FMM expansion:
   Level    N. expa. terms    N. p. theta    N. p. phi    N. p. sphere
     0          15              15              30           450
     1           8               8              16           128
     2           8               8              16           128

Nonzeros of the near field matrix ..................... = 1156224
Nonzeros of the T-matrix .............................. = 3614720
    Nonzeros of T_lev_0 ............................... = 2304000
    Nonzeros of T_lev_1 ............................... = 655360
    Nonzeros of T_lev_2 ............................... = 655360
Nonzeros of the D-matrices ............................ = 1427712
    Nonzeros of D_lev_0 ............................... = 0
    Nonzeros of D_lev_1 ............................... = 334848
    Nonzeros of D_lev_2 ............................... = 1092864
Nonzeros of the S-matrix .............................. = 3614720
    Nonzeros of S_lev_0 ............................... = 2304000
    Nonzeros of S_lev_1 ............................... = 655360
    Nonzeros of S_lev_2 ............................... = 655360
Sum of nonzeros of the FMBEM matrices ................. = 9813376

CGS solver: number of iterations = 16, relative error = 4.84928e-10

Time Statistic For The Current Step (In Second)

Assembling the equation system         : 2
Solving the equation system            : 1
Post processing                        : 3
Total                                  : 6



>> S T E P   N U M B E R   A N D   F R E Q U E N C Y <<

Step 79, Frequency = 3950 Hz


Informations about the FMM expansion:
   Level    N. expa. terms    N. p. theta    N. p. phi    N. p. sphere
     0          15              15              30           450
     1           8               8              16           128
     2           8               8              16           128

Nonzeros of the near field matrix ..................... = 1156224
Nonzeros of the T-matrix .............................. = 3614720
    Nonzeros of T_lev_0 ............................... = 2304000
    Nonzeros of T_lev_1 ............................... = 655360
    Nonzeros of T_lev_2 ............................... = 655360
Nonzeros of the D-matrices ............................ = 1427712
    Nonzeros of D_lev_0 ............................... = 0
    Nonzeros of D_lev_1 ............................... = 334848
    Nonzeros of D_lev_2 ............................... = 1092864
Nonzeros of the S-matrix .............................. = 3614720
    Nonzeros of S_lev_0 ............................... = 2304000
    Nonzeros of S_lev_1 ............................... = 655360
    Nonzeros of S_lev_2 ............................... = 655360
Sum of nonzeros of the FMBEM matrices ................. = 9813376

CGS solver: number of iterations = 16, relative error = 3.49545e-10

Time Statistic For The Current Step (In Second)

Assembling the equation system         : 2
Solving the equation system            : 1
Post processing                        : 2
Total                                  : 5



>> S T E P   N U M B E R   A N D   F R E Q U E N C Y <<

Step 80, Frequency = 4000 Hz


Informations about the FMM expansion:
   Level    N. expa. terms    N. p. theta    N. p. phi    N. p. sphere
     0          15              15              30           450
     1           8               8              16           128
     2           8               8              16           128

Nonzeros of the near field matrix ..................... = 1156224
Nonzeros of the T-matrix .............................. = 3614720
    Nonzeros of T_lev_0 ............................... = 2304000
    Nonzeros of T_lev_1 ............................... = 655360
    Nonzeros of T_lev_2 ............................... = 655360
Nonzeros of the D-matrices ............................ = 1427712
    Nonzeros of D_lev_0 ............................... = 0
    Nonzeros of D_lev_1 ............................... = 334848
    Nonzeros of D_lev_2 ............................... = 1092864
Nonzeros of the S-matrix .............................. = 3614720
    Nonzeros of S_lev_0 ............................... = 2304000
    Nonzeros of S_lev_1 ............................... = 655360
    Nonzeros of S_lev_2 ............................... = 655360
Sum of nonzeros of the FMBEM matrices ................. = 9813376

CGS solver: number of iterations = 16, relative error = 2.64116e-10

Time Statistic For The Current Step (In Second)

Assembling the equation system         : 2
Solving the equation system            : 1
Post processing                        : 3
Total                                  : 6



>> S T E P   N U M B E R   A N D   F R E Q U E N C Y <<

Step 81, Frequency = 4050 Hz


Informations about the FMM expansion:
   Level    N. expa. terms    N. p. theta    N. p. phi    N. p. sphere
     0          15              15              30           450
     1           8               8              16           128
     2           8               8              16           128

Nonzeros of the near field matrix ..................... = 1156224
Nonzeros of the T-matrix .............................. = 3614720
    Nonzeros of T_lev_0 ............................... = 2304000
    Nonzeros of T_lev_1 ............................... = 655360
    Nonzeros of T_lev_2 ............................... = 655360
Nonzeros of the D-matrices ............................ = 1427712
    Nonzeros of D_lev_0 ............................... = 0
    Nonzeros of D_lev_1 ............................... = 334848
    Nonzeros of D_lev_2 ............................... = 1092864
Nonzeros of the S-matrix .............................. = 3614720
    Nonzeros of S_lev_0 ............................... = 2304000
    Nonzeros of S_lev_1 ............................... = 655360
    Nonzeros of S_lev_2 ............................... = 655360
Sum of nonzeros of the FMBEM matrices ................. = 9813376

CGS solver: number of iterations = 16, relative error = 3.91093e-10

Time Statistic For The Current Step (In Second)

Assembling the equation system         : 2
Solving the equation system            : 1
Post processing                        : 2
Total                                  : 5



>> S T E P   N U M B E R   A N D   F R E Q U E N C Y <<

Step 82, Frequency = 4100 Hz


Informations about the FMM expansion:
   Level    N. expa. terms    N. p. theta    N. p. phi    N. p. sphere
     0          15              15              30           450
     1           8               8              16           128
     2           8               8              16           128

Nonzeros of the near field matrix ..................... = 1156224
Nonzeros of the T-matrix .............................. = 3614720
    Nonzeros of T_lev_0 ............................... = 2304000
    Nonzeros of T_lev_1 ............................... = 655360
    Nonzeros of T_lev_2 ............................... = 655360
Nonzeros of the D-matrices ............................ = 1427712
    Nonzeros of D_lev_0 ............................... = 0
    Nonzeros of D_lev_1 ............................... = 334848
    Nonzeros of D_lev_2 ............................... = 1092864
Nonzeros of the S-matrix .............................. = 3614720
    Nonzeros of S_lev_0 ............................... = 2304000
    Nonzeros of S_lev_1 ............................... = 655360
    Nonzeros of S_lev_2 ............................... = 655360
Sum of nonzeros of the FMBEM matrices ................. = 9813376

CGS solver: number of iterations = 18, relative error = 2.45163e-11

Time Statistic For The Current Step (In Second)

Assembling the equation system         : 3
Solving the equation system            : 1
Post processing                        : 3
Total                                  : 7



>> S T E P   N U M B E R   A N D   F R E Q U E N C Y <<

Step 83, Frequency = 4150 Hz


Informations about the FMM expansion:
   Level    N. expa. terms    N. p. theta    N. p. phi    N. p. sphere
     0          16              16              32           512
     1           8               8              16           128
     2           8               8              16           128

Nonzeros of the near field matrix ..................... = 1156224
Nonzeros of the T-matrix .............................. = 3932160
    Nonzeros of T_lev_0 ............................... = 2621440
    Nonzeros of T_lev_1 ............................... = 655360
    Nonzeros of T_lev_2 ............................... = 655360
Nonzeros of the D-matrices ............................ = 1427712
    Nonzeros of D_lev_0 ............................... = 0
    Nonzeros of D_lev_1 ............................... = 334848
    Nonzeros of D_lev_2 ............................... = 1092864
Nonzeros of the S-matrix .............................. = 3932160
    Nonzeros of S_lev_0 ............................... = 2621440
    Nonzeros of S_lev_1 ............................... = 655360
    Nonzeros of S_lev_2 ............................... = 655360
Sum of nonzeros of the FMBEM matrices ................. = 10448256

CGS solver: number of iterations = 17, relative error = 1.89101e-10

Time Statistic For The Current Step (In Second)

Assembling the equation system         : 2
Solving the equation system            : 1
Post processing                        : 3
Total                                  : 6



>> S T E P   N U M B E R   A N D   F R E Q U E N C Y <<

Step 84, Frequency = 4200 Hz


Informations about the FMM expansion:
   Level    N. expa. terms    N. p. theta    N. p. phi    N. p. sphere
     0          16              16              32           512
     1           8               8              16           128
     2           8               8              16           128

Nonzeros of the near field matrix ..................... = 1156224
Nonzeros of the T-matrix .............................. = 3932160
    Nonzeros of T_lev_0 ............................... = 2621440
    Nonzeros of T_lev_1 ............................... = 655360
    Nonzeros of T_lev_2 ............................... = 655360
Nonzeros of the D-matrices ............................ = 1427712
    Nonzeros of D_lev_0 ............................... = 0
    Nonzeros of D_lev_1 ............................... = 334848
    Nonzeros of D_lev_2 ............................... = 1092864
Nonzeros of the S-matrix .............................. = 3932160
    Nonzeros of S_lev_0 ............................... = 2621440
    Nonzeros of S_lev_1 ............................... = 655360
    Nonzeros of S_lev_2 ............................... = 655360
Sum of nonzeros of the FMBEM matrices ................. = 10448256

CGS solver: number of iterations = 16, relative error = 3.32075e-10

Time Statistic For The Current Step (In Second)

Assembling the equation system         : 3
Solving the equation system            : 1
Post processing                        : 3
Total                                  : 7



>> S T E P   N U M B E R   A N D   F R E Q U E N C Y <<

Step 85, Frequency = 4250 Hz


Informations about the FMM expansion:
   Level    N. expa. terms    N. p. theta    N. p. phi    N. p. sphere
     0          16              16              32           512
     1           8               8              16           128
     2           8               8              16           128

Nonzeros of the near field matrix ..................... = 1156224
Nonzeros of the T-matrix .............................. = 3932160
    Nonzeros of T_lev_0 ............................... = 2621440
    Nonzeros of T_lev_1 ............................... = 655360
    Nonzeros of T_lev_2 ............................... = 655360
Nonzeros of the D-matrices ............................ = 1427712
    Nonzeros of D_lev_0 ............................... = 0
    Nonzeros of D_lev_1 ............................... = 334848
    Nonzeros of D_lev_2 ............................... = 1092864
Nonzeros of the S-matrix .............................. = 3932160
    Nonzeros of S_lev_0 ............................... = 2621440
    Nonzeros of S_lev_1 ............................... = 655360
    Nonzeros of S_lev_2 ............................... = 655360
Sum of nonzeros of the FMBEM matrices ................. = 10448256

CGS solver: number of iterations = 16, relative error = 2.33428e-10

Time Statistic For The Current Step (In Second)

Assembling the equation system         : 2
Solving the equation system            : 1
Post processing                        : 3
Total                                  : 6



>> S T E P   N U M B E R   A N D   F R E Q U E N C Y <<

Step 86, Frequency = 4300 Hz


Informations about the FMM expansion:
   Level    N. expa. terms    N. p. theta    N. p. phi    N. p. sphere
     0          16              16              32           512
     1           8               8              16           128
     2           8               8              16           128

Nonzeros of the near field matrix ..................... = 1156224
Nonzeros of the T-matrix .............................. = 3932160
    Nonzeros of T_lev_0 ............................... = 2621440
    Nonzeros of T_lev_1 ............................... = 655360
    Nonzeros of T_lev_2 ............................... = 655360
Nonzeros of the D-matrices ............................ = 1427712
    Nonzeros of D_lev_0 ............................... = 0
    Nonzeros of D_lev_1 ............................... = 334848
    Nonzeros of D_lev_2 ............................... = 1092864
Nonzeros of the S-matrix .............................. = 3932160
    Nonzeros of S_lev_0 ............................... = 2621440
    Nonzeros of S_lev_1 ............................... = 655360
    Nonzeros of S_lev_2 ............................... = 655360
Sum of nonzeros of the FMBEM matrices ................. = 10448256

CGS solver: number of iterations = 15, relative error = 8.85945e-10

Time Statistic For The Current Step (In Second)

Assembling the equation system         : 3
Solving the equation system            : 1
Post processing                        : 3
Total                                  : 7



>> S T E P   N U M B E R   A N D   F R E Q U E N C Y <<

Step 87, Frequency = 4350 Hz


Informations about the FMM expansion:
   Level    N. expa. terms    N. p. theta    N. p. phi    N. p. sphere
     0          16              16              32           512
     1           8               8              16           128
     2           8               8              16           128

Nonzeros of the near field matrix ..................... = 1156224
Nonzeros of the T-matrix .............................. = 3932160
    Nonzeros of T_lev_0 ............................... = 2621440
    Nonzeros of T_lev_1 ............................... = 655360
    Nonzeros of T_lev_2 ............................... = 655360
Nonzeros of the D-matrices ............................ = 1427712
    Nonzeros of D_lev_0 ............................... = 0
    Nonzeros of D_lev_1 ............................... = 334848
    Nonzeros of D_lev_2 ............................... = 1092864
Nonzeros of the S-matrix .............................. = 3932160
    Nonzeros of S_lev_0 ............................... = 2621440
    Nonzeros of S_lev_1 ............................... = 655360
    Nonzeros of S_lev_2 ............................... = 655360
Sum of nonzeros of the FMBEM matrices ................. = 10448256

CGS solver: number of iterations = 17, relative error = 2.78695e-10

Time Statistic For The Current Step (In Second)

Assembling the equation system         : 3
Solving the equation system            : 1
Post processing                        : 3
Total                                  : 7



>> S T E P   N U M B E R   A N D   F R E Q U E N C Y <<

Step 88, Frequency = 4400 Hz


Informations about the FMM expansion:
   Level    N. expa. terms    N. p. theta    N. p. phi    N. p. sphere
     0          16              16              32           512
     1           8               8              16           128
     2           8               8              16           128

Nonzeros of the near field matrix ..................... = 1156224
Nonzeros of the T-matrix .............................. = 3932160
    Nonzeros of T_lev_0 ............................... = 2621440
    Nonzeros of T_lev_1 ............................... = 655360
    Nonzeros of T_lev_2 ............................... = 655360
Nonzeros of the D-matrices ............................ = 1427712
    Nonzeros of D_lev_0 ............................... = 0
    Nonzeros of D_lev_1 ............................... = 334848
    Nonzeros of D_lev_2 ............................... = 1092864
Nonzeros of the S-matrix .............................. = 3932160
    Nonzeros of S_lev_0 ............................... = 2621440
    Nonzeros of S_lev_1 ............................... = 655360
    Nonzeros of S_lev_2 ............................... = 655360
Sum of nonzeros of the FMBEM matrices ................. = 10448256

CGS solver: number of iterations = 16, relative error = 2.07512e-10

Time Statistic For The Current Step (In Second)

Assembling the equation system         : 2
Solving the equation system            : 1
Post processing                        : 3
Total                                  : 6



>> S T E P   N U M B E R   A N D   F R E Q U E N C Y <<

Step 89, Frequency = 4450 Hz


Informations about the FMM expansion:
   Level    N. expa. terms    N. p. theta    N. p. phi    N. p. sphere
     0          17              17              34           578
     1           8               8              16           128
     2           8               8              16           128

Nonzeros of the near field matrix ..................... = 1156224
Nonzeros of the T-matrix .............................. = 4270080
    Nonzeros of T_lev_0 ............................... = 2959360
    Nonzeros of T_lev_1 ............................... = 655360
    Nonzeros of T_lev_2 ............................... = 655360
Nonzeros of the D-matrices ............................ = 1427712
    Nonzeros of D_lev_0 ............................... = 0
    Nonzeros of D_lev_1 ............................... = 334848
    Nonzeros of D_lev_2 ............................... = 1092864
Nonzeros of the S-matrix .............................. = 4270080
    Nonzeros of S_lev_0 ............................... = 2959360
    Nonzeros of S_lev_1 ............................... = 655360
    Nonzeros of S_lev_2 ............................... = 655360
Sum of nonzeros of the FMBEM matrices ................. = 11124096

CGS solver: number of iterations = 15, relative error = 6.28938e-10

Time Statistic For The Current Step (In Second)

Assembling the equation system         : 2
Solving the equation system            : 2
Post processing                        : 3
Total                                  : 7



>> S T E P   N U M B E R   A N D   F R E Q U E N C Y <<

Step 90, Frequency = 4500 Hz


Informations about the FMM expansion:
   Level    N. expa. terms    N. p. theta    N. p. phi    N. p. sphere
     0          17              17              34           578
     1           9               9              18           162
     2           8               8              16           128

Nonzeros of the near field matrix ..................... = 1156224
Nonzeros of the T-matrix .............................. = 4444160
    Nonzeros of T_lev_0 ............................... = 2959360
    Nonzeros of T_lev_1 ............................... = 829440
    Nonzeros of T_lev_2 ............................... = 655360
Nonzeros of the D-matrices ............................ = 1516656
    Nonzeros of D_lev_0 ............................... = 0
    Nonzeros of D_lev_1 ............................... = 423792
    Nonzeros of D_lev_2 ............................... = 1092864
Nonzeros of the S-matrix .............................. = 4444160
    Nonzeros of S_lev_0 ............................... = 2959360
    Nonzeros of S_lev_1 ............................... = 829440
    Nonzeros of S_lev_2 ............................... = 655360
Sum of nonzeros of the FMBEM matrices ................. = 11561200

CGS solver: number of iterations = 15, relative error = 2.56814e-10

Time Statistic For The Current Step (In Second)

Assembling the equation system         : 3
Solving the equation system            : 1
Post processing                        : 3
Total                                  : 7



>> S T E P   N U M B E R   A N D   F R E Q U E N C Y <<

Step 91, Frequency = 4550 Hz


Informations about the FMM expansion:
   Level    N. expa. terms    N. p. theta    N. p. phi    N. p. sphere
     0          17              17              34           578
     1           9               9              18           162
     2           8               8              16           128

Nonzeros of the near field matrix ..................... = 1156224
Nonzeros of the T-matrix .............................. = 4444160
    Nonzeros of T_lev_0 ............................... = 2959360
    Nonzeros of T_lev_1 ............................... = 829440
    Nonzeros of T_lev_2 ............................... = 655360
Nonzeros of the D-matrices ............................ = 1516656
    Nonzeros of D_lev_0 ............................... = 0
    Nonzeros of D_lev_1 ............................... = 423792
    Nonzeros of D_lev_2 ............................... = 1092864
Nonzeros of the S-matrix .............................. = 4444160
    Nonzeros of S_lev_0 ............................... = 2959360
    Nonzeros of S_lev_1 ............................... = 829440
    Nonzeros of S_lev_2 ............................... = 655360
Sum of nonzeros of the FMBEM matrices ................. = 11561200

CGS solver: number of iterations = 15, relative error = 2.70195e-10

Time Statistic For The Current Step (In Second)

Assembling the equation system         : 3
Solving the equation system            : 1
Post processing                        : 3
Total                                  : 7



>> S T E P   N U M B E R   A N D   F R E Q U E N C Y <<

Step 92, Frequency = 4600 Hz


Informations about the FMM expansion:
   Level    N. expa. terms    N. p. theta    N. p. phi    N. p. sphere
     0          17              17              34           578
     1           9               9              18           162
     2           8               8              16           128

Nonzeros of the near field matrix ..................... = 1156224
Nonzeros of the T-matrix .............................. = 4444160
    Nonzeros of T_lev_0 ............................... = 2959360
    Nonzeros of T_lev_1 ............................... = 829440
    Nonzeros of T_lev_2 ............................... = 655360
Nonzeros of the D-matrices ............................ = 1516656
    Nonzeros of D_lev_0 ............................... = 0
    Nonzeros of D_lev_1 ............................... = 423792
    Nonzeros of D_lev_2 ............................... = 1092864
Nonzeros of the S-matrix .............................. = 4444160
    Nonzeros of S_lev_0 ............................... = 2959360
    Nonzeros of S_lev_1 ............................... = 829440
    Nonzeros of S_lev_2 ............................... = 655360
Sum of nonzeros of the FMBEM matrices ................. = 11561200

CGS solver: number of iterations = 15, relative error = 5.01364e-10

Time Statistic For The Current Step (In Second)

Assembling the equation system         : 3
Solving the equation system            : 1
Post processing                        : 3
Total                                  : 7



>> S T E P   N U M B E R   A N D   F R E Q U E N C Y <<

Step 93, Frequency = 4650 Hz


Informations about the FMM expansion:
   Level    N. expa. terms    N. p. theta    N. p. phi    N. p. sphere
     0          17              17              34           578
     1           9               9              18           162
     2           8               8              16           128

Nonzeros of the near field matrix ..................... = 1156224
Nonzeros of the T-matrix .............................. = 4444160
    Nonzeros of T_lev_0 ............................... = 2959360
    Nonzeros of T_lev_1 ............................... = 829440
    Nonzeros of T_lev_2 ............................... = 655360
Nonzeros of the D-matrices ............................ = 1516656
    Nonzeros of D_lev_0 ............................... = 0
    Nonzeros of D_lev_1 ............................... = 423792
    Nonzeros of D_lev_2 ............................... = 1092864
Nonzeros of the S-matrix .............................. = 4444160
    Nonzeros of S_lev_0 ............................... = 2959360
    Nonzeros of S_lev_1 ............................... = 829440
    Nonzeros of S_lev_2 ............................... = 655360
Sum of nonzeros of the FMBEM matrices ................. = 11561200

CGS solver: number of iterations = 16, relative error = 3.40849e-10

Time Statistic For The Current Step (In Second)

Assembling the equation system         : 3
Solving the equation system            : 1
Post processing                        : 3
Total                                  : 7



>> S T E P   N U M B E R   A N D   F R E Q U E N C Y <<

Step 94, Frequency = 4700 Hz


Informations about the FMM expansion:
   Level    N. expa. terms    N. p. theta    N. p. phi    N. p. sphere
     0          17              17              34           578
     1           9               9              18           162
     2           8               8              16           128

Nonzeros of the near field matrix ..................... = 1156224
Nonzeros of the T-matrix .............................. = 4444160
    Nonzeros of T_lev_0 ............................... = 2959360
    Nonzeros of T_lev_1 ............................... = 829440
    Nonzeros of T_lev_2 ............................... = 655360
Nonzeros of the D-matrices ............................ = 1516656
    Nonzeros of D_lev_0 ............................... = 0
    Nonzeros of D_lev_1 ............................... = 423792
    Nonzeros of D_lev_2 ............................... = 1092864
Nonzeros of the S-matrix .............................. = 4444160
    Nonzeros of S_lev_0 ............................... = 2959360
    Nonzeros of S_lev_1 ............................... = 829440
    Nonzeros of S_lev_2 ............................... = 655360
Sum of nonzeros of the FMBEM matrices ................. = 11561200

CGS solver: number of iterations = 16, relative error = 2.20279e-10

Time Statistic For The Current Step (In Second)

Assembling the equation system         : 3
Solving the equation system            : 1
Post processing                        : 3
Total                                  : 7



>> S T E P   N U M B E R   A N D   F R E Q U E N C Y <<

Step 95, Frequency = 4750 Hz


Informations about the FMM expansion:
   Level    N. expa. terms    N. p. theta    N. p. phi    N. p. sphere
     0          18              18              36           648
     1           9               9              18           162
     2           8               8              16           128

Nonzeros of the near field matrix ..................... = 1156224
Nonzeros of the T-matrix .............................. = 4802560
    Nonzeros of T_lev_0 ............................... = 3317760
    Nonzeros of T_lev_1 ............................... = 829440
    Nonzeros of T_lev_2 ............................... = 655360
Nonzeros of the D-matrices ............................ = 1516656
    Nonzeros of D_lev_0 ............................... = 0
    Nonzeros of D_lev_1 ............................... = 423792
    Nonzeros of D_lev_2 ............................... = 1092864
Nonzeros of the S-matrix .............................. = 4802560
    Nonzeros of S_lev_0 ............................... = 3317760
    Nonzeros of S_lev_1 ............................... = 829440
    Nonzeros of S_lev_2 ............................... = 655360
Sum of nonzeros of the FMBEM matrices ................. = 12278000

CGS solver: number of iterations = 16, relative error = 1.45321e-10

Time Statistic For The Current Step (In Second)

Assembling the equation system         : 3
Solving the equation system            : 1
Post processing                        : 4
Total                                  : 8



>> S T E P   N U M B E R   A N D   F R E Q U E N C Y <<

Step 96, Frequency = 4800 Hz


Informations about the FMM expansion:
   Level    N. expa. terms    N. p. theta    N. p. phi    N. p. sphere
     0          18              18              36           648
     1           9               9              18           162
     2           8               8              16           128

Nonzeros of the near field matrix ..................... = 1156224
Nonzeros of the T-matrix .............................. = 4802560
    Nonzeros of T_lev_0 ............................... = 3317760
    Nonzeros of T_lev_1 ............................... = 829440
    Nonzeros of T_lev_2 ............................... = 655360
Nonzeros of the D-matrices ............................ = 1516656
    Nonzeros of D_lev_0 ............................... = 0
    Nonzeros of D_lev_1 ............................... = 423792
    Nonzeros of D_lev_2 ............................... = 1092864
Nonzeros of the S-matrix .............................. = 4802560
    Nonzeros of S_lev_0 ............................... = 3317760
    Nonzeros of S_lev_1 ............................... = 829440
    Nonzeros of S_lev_2 ............................... = 655360
Sum of nonzeros of the FMBEM matrices ................. = 12278000

CGS solver: number of iterations = 15, relative error = 4.75657e-10

Time Statistic For The Current Step (In Second)

Assembling the equation system         : 2
Solving the equation system            : 2
Post processing                        : 3
Total                                  : 7



>> S T E P   N U M B E R   A N D   F R E Q U E N C Y <<

Step 97, Frequency = 4850 Hz


Informations about the FMM expansion:
   Level    N. expa. terms    N. p. theta    N. p. phi    N. p. sphere
     0          18              18              36           648
     1           9               9              18           162
     2           8               8              16           128

Nonzeros of the near field matrix ..................... = 1156224
Nonzeros of the T-matrix .............................. = 4802560
    Nonzeros of T_lev_0 ............................... = 3317760
    Nonzeros of T_lev_1 ............................... = 829440
    Nonzeros of T_lev_2 ............................... = 655360
Nonzeros of the D-matrices ............................ = 1516656
    Nonzeros of D_lev_0 ............................... = 0
    Nonzeros of D_lev_1 ............................... = 423792
    Nonzeros of D_lev_2 ............................... = 1092864
Nonzeros of the S-matrix .............................. = 4802560
    Nonzeros of S_lev_0 ............................... = 3317760
    Nonzeros of S_lev_1 ............................... = 829440
    Nonzeros of S_lev_2 ............................... = 655360
Sum of nonzeros of the FMBEM matrices ................. = 12278000

CGS solver: number of iterations = 15, relative error = 4.52365e-10

Time Statistic For The Current Step (In Second)

Assembling the equation system         : 3
Solving the equation system            : 1
Post processing                        : 3
Total                                  : 7



>> S T E P   N U M B E R   A N D   F R E Q U E N C Y <<

Step 98, Frequency = 4900 Hz


Informations about the FMM expansion:
   Level    N. expa. terms    N. p. theta    N. p. phi    N. p. sphere
     0          18              18              36           648
     1           9               9              18           162
     2           8               8              16           128

Nonzeros of the near field matrix ..................... = 1156224
Nonzeros of the T-matrix .............................. = 4802560
    Nonzeros of T_lev_0 ............................... = 3317760
    Nonzeros of T_lev_1 ............................... = 829440
    Nonzeros of T_lev_2 ............................... = 655360
Nonzeros of the D-matrices ............................ = 1516656
    Nonzeros of D_lev_0 ............................... = 0
    Nonzeros of D_lev_1 ............................... = 423792
    Nonzeros of D_lev_2 ............................... = 1092864
Nonzeros of the S-matrix .............................. = 4802560
    Nonzeros of S_lev_0 ............................... = 3317760
    Nonzeros of S_lev_1 ............................... = 829440
    Nonzeros of S_lev_2 ............................... = 655360
Sum of nonzeros of the FMBEM matrices ................. = 12278000

CGS solver: number of iterations = 15, relative error = 4.98494e-10

Time Statistic For The Current Step (In Second)

Assembling the equation system         : 3
Solving the equation system            : 1
Post processing                        : 4
Total                                  : 8



>> S T E P   N U M B E R   A N D   F R E Q U E N C Y <<

Step 99, Frequency = 4950 Hz


Informations about the FMM expansion:
   Level    N. expa. terms    N. p. theta    N. p. phi    N. p. sphere
     0          18              18              36           648
     1           9               9              18           162
     2           8               8              16           128

Nonzeros of the near field matrix ..................... = 1156224
Nonzeros of the T-matrix .............................. = 4802560
    Nonzeros of T_lev_0 ............................... = 3317760
    Nonzeros of T_lev_1 ............................... = 829440
    Nonzeros of T_lev_2 ............................... = 655360
Nonzeros of the D-matrices ............................ = 1516656
    Nonzeros of D_lev_0 ............................... = 0
    Nonzeros of D_lev_1 ............................... = 423792
    Nonzeros of D_lev_2 ............................... = 1092864
Nonzeros of the S-matrix .............................. = 4802560
    Nonzeros of S_lev_0 ............................... = 3317760
    Nonzeros of S_lev_1 ............................... = 829440
    Nonzeros of S_lev_2 ............................... = 655360
Sum of nonzeros of the FMBEM matrices ................. = 12278000

CGS solver: number of iterations = 15, relative error = 7.90852e-10

Time Statistic For The Current Step (In Second)

Assembling the equation system         : 3
Solving the equation system            : 1
Post processing                        : 4
Total                                  : 8



>> S T E P   N U M B E R   A N D   F R E Q U E N C Y <<

Step 100, Frequency = 5000 Hz


Informations about the FMM expansion:
   Level    N. expa. terms    N. p. theta    N. p. phi    N. p. sphere
     0          18              18              36           648
     1           9               9              18           162
     2           8               8              16           128

Nonzeros of the near field matrix ..................... = 1156224
Nonzeros of the T-matrix .............................. = 4802560
    Nonzeros of T_lev_0 ............................... = 3317760
    Nonzeros of T_lev_1 ............................... = 829440
    Nonzeros of T_lev_2 ............................... = 655360
Nonzeros of the D-matrices ............................ = 1516656
    Nonzeros of D_lev_0 ............................... = 0
    Nonzeros of D_lev_1 ............................... = 423792
    Nonzeros of D_lev_2 ............................... = 1092864
Nonzeros of the S-matrix .............................. = 4802560
    Nonzeros of S_lev_0 ............................... = 3317760
    Nonzeros of S_lev_1 ............................... = 829440
    Nonzeros of S_lev_2 ............................... = 655360
Sum of nonzeros of the FMBEM matrices ................. = 12278000

CGS solver: number of iterations = 16, relative error = 3.20353e-11

Time Statistic For The Current Step (In Second)

Assembling the equation system         : 2
Solving the equation system            : 2
Post processing                        : 3
Total                                  : 7



>> S T E P   N U M B E R   A N D   F R E Q U E N C Y <<

Step 101, Frequency = 5050 Hz


Informations about the FMM expansion:
   Level    N. expa. terms    N. p. theta    N. p. phi    N. p. sphere
     0          19              19              38           722
     1           9               9              18           162
     2           8               8              16           128

Nonzeros of the near field matrix ..................... = 1156224
Nonzeros of the T-matrix .............................. = 5181440
    Nonzeros of T_lev_0 ............................... = 3696640
    Nonzeros of T_lev_1 ............................... = 829440
    Nonzeros of T_lev_2 ............................... = 655360
Nonzeros of the D-matrices ............................ = 1516656
    Nonzeros of D_lev_0 ............................... = 0
    Nonzeros of D_lev_1 ............................... = 423792
    Nonzeros of D_lev_2 ............................... = 1092864
Nonzeros of the S-matrix .............................. = 5181440
    Nonzeros of S_lev_0 ............................... = 3696640
    Nonzeros of S_lev_1 ............................... = 829440
    Nonzeros of S_lev_2 ............................... = 655360
Sum of nonzeros of the FMBEM matrices ................. = 13035760

CGS solver: number of iterations = 14, relative error = 5.14709e-10

Time Statistic For The Current Step (In Second)

Assembling the equation system         : 2
Solving the equation system            : 2
Post processing                        : 3
Total                                  : 7



>> S T E P   N U M B E R   A N D   F R E Q U E N C Y <<

Step 102, Frequency = 5100 Hz


Informations about the FMM expansion:
   Level    N. expa. terms    N. p. theta    N. p. phi    N. p. sphere
     0          19              19              38           722
     1          10              10              20           200
     2           8               8              16           128

Nonzeros of the near field matrix ..................... = 1156224
Nonzeros of the T-matrix .............................. = 5376000
    Nonzeros of T_lev_0 ............................... = 3696640
    Nonzeros of T_lev_1 ............................... = 1024000
    Nonzeros of T_lev_2 ............................... = 655360
Nonzeros of the D-matrices ............................ = 1616064
    Nonzeros of D_lev_0 ............................... = 0
    Nonzeros of D_lev_1 ............................... = 523200
    Nonzeros of D_lev_2 ............................... = 1092864
Nonzeros of the S-matrix .............................. = 5376000
    Nonzeros of S_lev_0 ............................... = 3696640
    Nonzeros of S_lev_1 ............................... = 1024000
    Nonzeros of S_lev_2 ............................... = 655360
Sum of nonzeros of the FMBEM matrices ................. = 13524288

CGS solver: number of iterations = 14, relative error = 4.05103e-10

Time Statistic For The Current Step (In Second)

Assembling the equation system         : 3
Solving the equation system            : 1
Post processing                        : 4
Total                                  : 8



>> S T E P   N U M B E R   A N D   F R E Q U E N C Y <<

Step 103, Frequency = 5150 Hz


Informations about the FMM expansion:
   Level    N. expa. terms    N. p. theta    N. p. phi    N. p. sphere
     0          19              19              38           722
     1          10              10              20           200
     2           8               8              16           128

Nonzeros of the near field matrix ..................... = 1156224
Nonzeros of the T-matrix .............................. = 5376000
    Nonzeros of T_lev_0 ............................... = 3696640
    Nonzeros of T_lev_1 ............................... = 1024000
    Nonzeros of T_lev_2 ............................... = 655360
Nonzeros of the D-matrices ............................ = 1616064
    Nonzeros of D_lev_0 ............................... = 0
    Nonzeros of D_lev_1 ............................... = 523200
    Nonzeros of D_lev_2 ............................... = 1092864
Nonzeros of the S-matrix .............................. = 5376000
    Nonzeros of S_lev_0 ............................... = 3696640
    Nonzeros of S_lev_1 ............................... = 1024000
    Nonzeros of S_lev_2 ............................... = 655360
Sum of nonzeros of the FMBEM matrices ................. = 13524288

CGS solver: number of iterations = 14, relative error = 5.8971e-10

Time Statistic For The Current Step (In Second)

Assembling the equation system         : 2
Solving the equation system            : 2
Post processing                        : 3
Total                                  : 7



>> S T E P   N U M B E R   A N D   F R E Q U E N C Y <<

Step 104, Frequency = 5200 Hz


Informations about the FMM expansion:
   Level    N. expa. terms    N. p. theta    N. p. phi    N. p. sphere
     0          19              19              38           722
     1          10              10              20           200
     2           8               8              16           128

Nonzeros of the near field matrix ..................... = 1156224
Nonzeros of the T-matrix .............................. = 5376000
    Nonzeros of T_lev_0 ............................... = 3696640
    Nonzeros of T_lev_1 ............................... = 1024000
    Nonzeros of T_lev_2 ............................... = 655360
Nonzeros of the D-matrices ............................ = 1616064
    Nonzeros of D_lev_0 ............................... = 0
    Nonzeros of D_lev_1 ............................... = 523200
    Nonzeros of D_lev_2 ............................... = 1092864
Nonzeros of the S-matrix .............................. = 5376000
    Nonzeros of S_lev_0 ............................... = 3696640
    Nonzeros of S_lev_1 ............................... = 1024000
    Nonzeros of S_lev_2 ............................... = 655360
Sum of nonzeros of the FMBEM matrices ................. = 13524288

CGS solver: number of iterations = 14, relative error = 7.85752e-10

Time Statistic For The Current Step (In Second)

Assembling the equation system         : 2
Solving the equation system            : 1
Post processing                        : 4
Total                                  : 7



>> S T E P   N U M B E R   A N D   F R E Q U E N C Y <<

Step 105, Frequency = 5250 Hz


Informations about the FMM expansion:
   Level    N. expa. terms    N. p. theta    N. p. phi    N. p. sphere
     0          19              19              38           722
     1          10              10              20           200
     2           8               8              16           128

Nonzeros of the near field matrix ..................... = 1156224
Nonzeros of the T-matrix .............................. = 5376000
    Nonzeros of T_lev_0 ............................... = 3696640
    Nonzeros of T_lev_1 ............................... = 1024000
    Nonzeros of T_lev_2 ............................... = 655360
Nonzeros of the D-matrices ............................ = 1616064
    Nonzeros of D_lev_0 ............................... = 0
    Nonzeros of D_lev_1 ............................... = 523200
    Nonzeros of D_lev_2 ............................... = 1092864
Nonzeros of the S-matrix .............................. = 5376000
    Nonzeros of S_lev_0 ............................... = 3696640
    Nonzeros of S_lev_1 ............................... = 1024000
    Nonzeros of S_lev_2 ............................... = 655360
Sum of nonzeros of the FMBEM matrices ................. = 13524288

CGS solver: number of iterations = 14, relative error = 9.55154e-10

Time Statistic For The Current Step (In Second)

Assembling the equation system         : 3
Solving the equation system            : 1
Post processing                        : 4
Total                                  : 8



>> S T E P   N U M B E R   A N D   F R E Q U E N C Y <<

Step 106, Frequency = 5300 Hz


Informations about the FMM expansion:
   Level    N. expa. terms    N. p. theta    N. p. phi    N. p. sphere
     0          19              19              38           722
     1          10              10              20           200
     2           8               8              16           128

Nonzeros of the near field matrix ..................... = 1156224
Nonzeros of the T-matrix .............................. = 5376000
    Nonzeros of T_lev_0 ............................... = 3696640
    Nonzeros of T_lev_1 ............................... = 1024000
    Nonzeros of T_lev_2 ............................... = 655360
Nonzeros of the D-matrices ............................ = 1616064
    Nonzeros of D_lev_0 ............................... = 0
    Nonzeros of D_lev_1 ............................... = 523200
    Nonzeros of D_lev_2 ............................... = 1092864
Nonzeros of the S-matrix .............................. = 5376000
    Nonzeros of S_lev_0 ............................... = 3696640
    Nonzeros of S_lev_1 ............................... = 1024000
    Nonzeros of S_lev_2 ............................... = 655360
Sum of nonzeros of the FMBEM matrices ................. = 13524288

CGS solver: number of iterations = 15, relative error = 3.79498e-10

Time Statistic For The Current Step (In Second)

Assembling the equation system         : 2
Solving the equation system            : 1
Post processing                        : 4
Total                                  : 7



>> S T E P   N U M B E R   A N D   F R E Q U E N C Y <<

Step 107, Frequency = 5350 Hz


Informations about the FMM expansion:
   Level    N. expa. terms    N. p. theta    N. p. phi    N. p. sphere
     0          20              20              40           800
     1          10              10              20           200
     2           8               8              16           128

Nonzeros of the near field matrix ..................... = 1156224
Nonzeros of the T-matrix .............................. = 5775360
    Nonzeros of T_lev_0 ............................... = 4096000
    Nonzeros of T_lev_1 ............................... = 1024000
    Nonzeros of T_lev_2 ............................... = 655360
Nonzeros of the D-matrices ............................ = 1616064
    Nonzeros of D_lev_0 ............................... = 0
    Nonzeros of D_lev_1 ............................... = 523200
    Nonzeros of D_lev_2 ............................... = 1092864
Nonzeros of the S-matrix .............................. = 5775360
    Nonzeros of S_lev_0 ............................... = 4096000
    Nonzeros of S_lev_1 ............................... = 1024000
    Nonzeros of S_lev_2 ............................... = 655360
Sum of nonzeros of the FMBEM matrices ................. = 14323008

CGS solver: number of iterations = 15, relative error = 9.58214e-10

Time Statistic For The Current Step (In Second)

Assembling the equation system         : 3
Solving the equation system            : 1
Post processing                        : 4
Total                                  : 8



>> S T E P   N U M B E R   A N D   F R E Q U E N C Y <<

Step 108, Frequency = 5400 Hz


Informations about the FMM expansion:
   Level    N. expa. terms    N. p. theta    N. p. phi    N. p. sphere
     0          20              20              40           800
     1          10              10              20           200
     2           8               8              16           128

Nonzeros of the near field matrix ..................... = 1156224
Nonzeros of the T-matrix .............................. = 5775360
    Nonzeros of T_lev_0 ............................... = 4096000
    Nonzeros of T_lev_1 ............................... = 1024000
    Nonzeros of T_lev_2 ............................... = 655360
Nonzeros of the D-matrices ............................ = 1616064
    Nonzeros of D_lev_0 ............................... = 0
    Nonzeros of D_lev_1 ............................... = 523200
    Nonzeros of D_lev_2 ............................... = 1092864
Nonzeros of the S-matrix .............................. = 5775360
    Nonzeros of S_lev_0 ............................... = 4096000
    Nonzeros of S_lev_1 ............................... = 1024000
    Nonzeros of S_lev_2 ............................... = 655360
Sum of nonzeros of the FMBEM matrices ................. = 14323008

CGS solver: number of iterations = 14, relative error = 9.15663e-10

Time Statistic For The Current Step (In Second)

Assembling the equation system         : 4
Solving the equation system            : 1
Post processing                        : 4
Total                                  : 9



>> S T E P   N U M B E R   A N D   F R E Q U E N C Y <<

Step 109, Frequency = 5450 Hz


Informations about the FMM expansion:
   Level    N. expa. terms    N. p. theta    N. p. phi    N. p. sphere
     0          20              20              40           800
     1          10              10              20           200
     2           8               8              16           128

Nonzeros of the near field matrix ..................... = 1156224
Nonzeros of the T-matrix .............................. = 5775360
    Nonzeros of T_lev_0 ............................... = 4096000
    Nonzeros of T_lev_1 ............................... = 1024000
    Nonzeros of T_lev_2 ............................... = 655360
Nonzeros of the D-matrices ............................ = 1616064
    Nonzeros of D_lev_0 ............................... = 0
    Nonzeros of D_lev_1 ............................... = 523200
    Nonzeros of D_lev_2 ............................... = 1092864
Nonzeros of the S-matrix .............................. = 5775360
    Nonzeros of S_lev_0 ............................... = 4096000
    Nonzeros of S_lev_1 ............................... = 1024000
    Nonzeros of S_lev_2 ............................... = 655360
Sum of nonzeros of the FMBEM matrices ................. = 14323008

CGS solver: number of iterations = 15, relative error = 2.3653e-10

Time Statistic For The Current Step (In Second)

Assembling the equation system         : 3
Solving the equation system            : 2
Post processing                        : 4
Total                                  : 9



>> S T E P   N U M B E R   A N D   F R E Q U E N C Y <<

Step 110, Frequency = 5500 Hz


Informations about the FMM expansion:
   Level    N. expa. terms    N. p. theta    N. p. phi    N. p. sphere
     0          20              20              40           800
     1          10              10              20           200
     2           8               8              16           128

Nonzeros of the near field matrix ..................... = 1156224
Nonzeros of the T-matrix .............................. = 5775360
    Nonzeros of T_lev_0 ............................... = 4096000
    Nonzeros of T_lev_1 ............................... = 1024000
    Nonzeros of T_lev_2 ............................... = 655360
Nonzeros of the D-matrices ............................ = 1616064
    Nonzeros of D_lev_0 ............................... = 0
    Nonzeros of D_lev_1 ............................... = 523200
    Nonzeros of D_lev_2 ............................... = 1092864
Nonzeros of the S-matrix .............................. = 5775360
    Nonzeros of S_lev_0 ............................... = 4096000
    Nonzeros of S_lev_1 ............................... = 1024000
    Nonzeros of S_lev_2 ............................... = 655360
Sum of nonzeros of the FMBEM matrices ................. = 14323008

CGS solver: number of iterations = 15, relative error = 2.5629e-10

Time Statistic For The Current Step (In Second)

Assembling the equation system         : 3
Solving the equation system            : 1
Post processing                        : 5
Total                                  : 9



>> S T E P   N U M B E R   A N D   F R E Q U E N C Y <<

Step 111, Frequency = 5550 Hz


Informations about the FMM expansion:
   Level    N. expa. terms    N. p. theta    N. p. phi    N. p. sphere
     0          20              20              40           800
     1          10              10              20           200
     2           8               8              16           128

Nonzeros of the near field matrix ..................... = 1156224
Nonzeros of the T-matrix .............................. = 5775360
    Nonzeros of T_lev_0 ............................... = 4096000
    Nonzeros of T_lev_1 ............................... = 1024000
    Nonzeros of T_lev_2 ............................... = 655360
Nonzeros of the D-matrices ............................ = 1616064
    Nonzeros of D_lev_0 ............................... = 0
    Nonzeros of D_lev_1 ............................... = 523200
    Nonzeros of D_lev_2 ............................... = 1092864
Nonzeros of the S-matrix .............................. = 5775360
    Nonzeros of S_lev_0 ............................... = 4096000
    Nonzeros of S_lev_1 ............................... = 1024000
    Nonzeros of S_lev_2 ............................... = 655360
Sum of nonzeros of the FMBEM matrices ................. = 14323008

CGS solver: number of iterations = 15, relative error = 4.34301e-10

Time Statistic For The Current Step (In Second)

Assembling the equation system         : 2
Solving the equation system            : 2
Post processing                        : 4
Total                                  : 8



>> S T E P   N U M B E R   A N D   F R E Q U E N C Y <<

Step 112, Frequency = 5600 Hz


Informations about the FMM expansion:
   Level    N. expa. terms    N. p. theta    N. p. phi    N. p. sphere
     0          20              20              40           800
     1          10              10              20           200
     2           8               8              16           128

Nonzeros of the near field matrix ..................... = 1156224
Nonzeros of the T-matrix .............................. = 5775360
    Nonzeros of T_lev_0 ............................... = 4096000
    Nonzeros of T_lev_1 ............................... = 1024000
    Nonzeros of T_lev_2 ............................... = 655360
Nonzeros of the D-matrices ............................ = 1616064
    Nonzeros of D_lev_0 ............................... = 0
    Nonzeros of D_lev_1 ............................... = 523200
    Nonzeros of D_lev_2 ............................... = 1092864
Nonzeros of the S-matrix .............................. = 5775360
    Nonzeros of S_lev_0 ............................... = 4096000
    Nonzeros of S_lev_1 ............................... = 1024000
    Nonzeros of S_lev_2 ............................... = 655360
Sum of nonzeros of the FMBEM matrices ................. = 14323008

CGS solver: number of iterations = 15, relative error = 1.48494e-10

Time Statistic For The Current Step (In Second)

Assembling the equation system         : 3
Solving the equation system            : 1
Post processing                        : 5
Total                                  : 9



>> S T E P   N U M B E R   A N D   F R E Q U E N C Y <<

Step 113, Frequency = 5650 Hz


Informations about the FMM expansion:
   Level    N. expa. terms    N. p. theta    N. p. phi    N. p. sphere
     0          21              21              42           882
     1          10              10              20           200
     2           8               8              16           128

Nonzeros of the near field matrix ..................... = 1156224
Nonzeros of the T-matrix .............................. = 6195200
    Nonzeros of T_lev_0 ............................... = 4515840
    Nonzeros of T_lev_1 ............................... = 1024000
    Nonzeros of T_lev_2 ............................... = 655360
Nonzeros of the D-matrices ............................ = 1616064
    Nonzeros of D_lev_0 ............................... = 0
    Nonzeros of D_lev_1 ............................... = 523200
    Nonzeros of D_lev_2 ............................... = 1092864
Nonzeros of the S-matrix .............................. = 6195200
    Nonzeros of S_lev_0 ............................... = 4515840
    Nonzeros of S_lev_1 ............................... = 1024000
    Nonzeros of S_lev_2 ............................... = 655360
Sum of nonzeros of the FMBEM matrices ................. = 15162688

CGS solver: number of iterations = 14, relative error = 4.43407e-10

Time Statistic For The Current Step (In Second)

Assembling the equation system         : 4
Solving the equation system            : 1
Post processing                        : 5
Total                                  : 10



>> S T E P   N U M B E R   A N D   F R E Q U E N C Y <<

Step 114, Frequency = 5700 Hz


Informations about the FMM expansion:
   Level    N. expa. terms    N. p. theta    N. p. phi    N. p. sphere
     0          21              21              42           882
     1          10              10              20           200
     2           8               8              16           128

Nonzeros of the near field matrix ..................... = 1156224
Nonzeros of the T-matrix .............................. = 6195200
    Nonzeros of T_lev_0 ............................... = 4515840
    Nonzeros of T_lev_1 ............................... = 1024000
    Nonzeros of T_lev_2 ............................... = 655360
Nonzeros of the D-matrices ............................ = 1616064
    Nonzeros of D_lev_0 ............................... = 0
    Nonzeros of D_lev_1 ............................... = 523200
    Nonzeros of D_lev_2 ............................... = 1092864
Nonzeros of the S-matrix .............................. = 6195200
    Nonzeros of S_lev_0 ............................... = 4515840
    Nonzeros of S_lev_1 ............................... = 1024000
    Nonzeros of S_lev_2 ............................... = 655360
Sum of nonzeros of the FMBEM matrices ................. = 15162688

CGS solver: number of iterations = 14, relative error = 3.08482e-10

Time Statistic For The Current Step (In Second)

Assembling the equation system         : 4
Solving the equation system            : 1
Post processing                        : 5
Total                                  : 10



>> S T E P   N U M B E R   A N D   F R E Q U E N C Y <<

Step 115, Frequency = 5750 Hz


Informations about the FMM expansion:
   Level    N. expa. terms    N. p. theta    N. p. phi    N. p. sphere
     0          21              21              42           882
     1          11              11              22           242
     2           8               8              16           128

Nonzeros of the near field matrix ..................... = 1156224
Nonzeros of the T-matrix .............................. = 6410240
    Nonzeros of T_lev_0 ............................... = 4515840
    Nonzeros of T_lev_1 ............................... = 1239040
    Nonzeros of T_lev_2 ............................... = 655360
Nonzeros of the D-matrices ............................ = 1725936
    Nonzeros of D_lev_0 ............................... = 0
    Nonzeros of D_lev_1 ............................... = 633072
    Nonzeros of D_lev_2 ............................... = 1092864
Nonzeros of the S-matrix .............................. = 6410240
    Nonzeros of S_lev_0 ............................... = 4515840
    Nonzeros of S_lev_1 ............................... = 1239040
    Nonzeros of S_lev_2 ............................... = 655360
Sum of nonzeros of the FMBEM matrices ................. = 15702640

CGS solver: number of iterations = 14, relative error = 2.90851e-10

Time Statistic For The Current Step (In Second)

Assembling the equation system         : 3
Solving the equation system            : 2
Post processing                        : 5
Total                                  : 10



>> S T E P   N U M B E R   A N D   F R E Q U E N C Y <<

Step 116, Frequency = 5800 Hz


Informations about the FMM expansion:
   Level    N. expa. terms    N. p. theta    N. p. phi    N. p. sphere
     0          21              21              42           882
     1          11              11              22           242
     2           8               8              16           128

Nonzeros of the near field matrix ..................... = 1156224
Nonzeros of the T-matrix .............................. = 6410240
    Nonzeros of T_lev_0 ............................... = 4515840
    Nonzeros of T_lev_1 ............................... = 1239040
    Nonzeros of T_lev_2 ............................... = 655360
Nonzeros of the D-matrices ............................ = 1725936
    Nonzeros of D_lev_0 ............................... = 0
    Nonzeros of D_lev_1 ............................... = 633072
    Nonzeros of D_lev_2 ............................... = 1092864
Nonzeros of the S-matrix .............................. = 6410240
    Nonzeros of S_lev_0 ............................... = 4515840
    Nonzeros of S_lev_1 ............................... = 1239040
    Nonzeros of S_lev_2 ............................... = 655360
Sum of nonzeros of the FMBEM matrices ................. = 15702640

CGS solver: number of iterations = 14, relative error = 3.25153e-10

Time Statistic For The Current Step (In Second)

Assembling the equation system         : 3
Solving the equation system            : 1
Post processing                        : 6
Total                                  : 10



>> S T E P   N U M B E R   A N D   F R E Q U E N C Y <<

Step 117, Frequency = 5850 Hz


Informations about the FMM expansion:
   Level    N. expa. terms    N. p. theta    N. p. phi    N. p. sphere
     0          21              21              42           882
     1          11              11              22           242
     2           8               8              16           128

Nonzeros of the near field matrix ..................... = 1156224
Nonzeros of the T-matrix .............................. = 6410240
    Nonzeros of T_lev_0 ............................... = 4515840
    Nonzeros of T_lev_1 ............................... = 1239040
    Nonzeros of T_lev_2 ............................... = 655360
Nonzeros of the D-matrices ............................ = 1725936
    Nonzeros of D_lev_0 ............................... = 0
    Nonzeros of D_lev_1 ............................... = 633072
    Nonzeros of D_lev_2 ............................... = 1092864
Nonzeros of the S-matrix .............................. = 6410240
    Nonzeros of S_lev_0 ............................... = 4515840
    Nonzeros of S_lev_1 ............................... = 1239040
    Nonzeros of S_lev_2 ............................... = 655360
Sum of nonzeros of the FMBEM matrices ................. = 15702640

CGS solver: number of iterations = 14, relative error = 4.15136e-10

Time Statistic For The Current Step (In Second)

Assembling the equation system         : 3
Solving the equation system            : 1
Post processing                        : 5
Total                                  : 9



>> S T E P   N U M B E R   A N D   F R E Q U E N C Y <<

Step 118, Frequency = 5900 Hz


Informations about the FMM expansion:
   Level    N. expa. terms    N. p. theta    N. p. phi    N. p. sphere
     0          21              21              42           882
     1          11              11              22           242
     2           8               8              16           128

Nonzeros of the near field matrix ..................... = 1156224
Nonzeros of the T-matrix .............................. = 6410240
    Nonzeros of T_lev_0 ............................... = 4515840
    Nonzeros of T_lev_1 ............................... = 1239040
    Nonzeros of T_lev_2 ............................... = 655360
Nonzeros of the D-matrices ............................ = 1725936
    Nonzeros of D_lev_0 ............................... = 0
    Nonzeros of D_lev_1 ............................... = 633072
    Nonzeros of D_lev_2 ............................... = 1092864
Nonzeros of the S-matrix .............................. = 6410240
    Nonzeros of S_lev_0 ............................... = 4515840
    Nonzeros of S_lev_1 ............................... = 1239040
    Nonzeros of S_lev_2 ............................... = 655360
Sum of nonzeros of the FMBEM matrices ................. = 15702640

CGS solver: number of iterations = 14, relative error = 4.93846e-10

Time Statistic For The Current Step (In Second)

Assembling the equation system         : 2
Solving the equation system            : 2
Post processing                        : 4
Total                                  : 8



>> S T E P   N U M B E R   A N D   F R E Q U E N C Y <<

Step 119, Frequency = 5950 Hz


Informations about the FMM expansion:
   Level    N. expa. terms    N. p. theta    N. p. phi    N. p. sphere
     0          22              22              44           968
     1          11              11              22           242
     2           8               8              16           128

Nonzeros of the near field matrix ..................... = 1156224
Nonzeros of the T-matrix .............................. = 6850560
    Nonzeros of T_lev_0 ............................... = 4956160
    Nonzeros of T_lev_1 ............................... = 1239040
    Nonzeros of T_lev_2 ............................... = 655360
Nonzeros of the D-matrices ............................ = 1725936
    Nonzeros of D_lev_0 ............................... = 0
    Nonzeros of D_lev_1 ............................... = 633072
    Nonzeros of D_lev_2 ............................... = 1092864
Nonzeros of the S-matrix .............................. = 6850560
    Nonzeros of S_lev_0 ............................... = 4956160
    Nonzeros of S_lev_1 ............................... = 1239040
    Nonzeros of S_lev_2 ............................... = 655360
Sum of nonzeros of the FMBEM matrices ................. = 16583280

CGS solver: number of iterations = 14, relative error = 5.31113e-10

Time Statistic For The Current Step (In Second)

Assembling the equation system         : 4
Solving the equation system            : 1
Post processing                        : 6
Total                                  : 11



>> S T E P   N U M B E R   A N D   F R E Q U E N C Y <<

Step 120, Frequency = 6000 Hz


Informations about the FMM expansion:
   Level    N. expa. terms    N. p. theta    N. p. phi    N. p. sphere
     0          22              22              44           968
     1          11              11              22           242
     2           8               8              16           128

Nonzeros of the near field matrix ..................... = 1156224
Nonzeros of the T-matrix .............................. = 6850560
    Nonzeros of T_lev_0 ............................... = 4956160
    Nonzeros of T_lev_1 ............................... = 1239040
    Nonzeros of T_lev_2 ............................... = 655360
Nonzeros of the D-matrices ............................ = 1725936
    Nonzeros of D_lev_0 ............................... = 0
    Nonzeros of D_lev_1 ............................... = 633072
    Nonzeros of D_lev_2 ............................... = 1092864
Nonzeros of the S-matrix .............................. = 6850560
    Nonzeros of S_lev_0 ............................... = 4956160
    Nonzeros of S_lev_1 ............................... = 1239040
    Nonzeros of S_lev_2 ............................... = 655360
Sum of nonzeros of the FMBEM matrices ................. = 16583280

CGS solver: number of iterations = 14, relative error = 6.96208e-10

Time Statistic For The Current Step (In Second)

Assembling the equation system         : 3
Solving the equation system            : 1
Post processing                        : 5
Total                                  : 9



>> S T E P   N U M B E R   A N D   F R E Q U E N C Y <<

Step 121, Frequency = 6050 Hz


Informations about the FMM expansion:
   Level    N. expa. terms    N. p. theta    N. p. phi    N. p. sphere
     0          22              22              44           968
     1          11              11              22           242
     2           8               8              16           128

Nonzeros of the near field matrix ..................... = 1156224
Nonzeros of the T-matrix .............................. = 6850560
    Nonzeros of T_lev_0 ............................... = 4956160
    Nonzeros of T_lev_1 ............................... = 1239040
    Nonzeros of T_lev_2 ............................... = 655360
Nonzeros of the D-matrices ............................ = 1725936
    Nonzeros of D_lev_0 ............................... = 0
    Nonzeros of D_lev_1 ............................... = 633072
    Nonzeros of D_lev_2 ............................... = 1092864
Nonzeros of the S-matrix .............................. = 6850560
    Nonzeros of S_lev_0 ............................... = 4956160
    Nonzeros of S_lev_1 ............................... = 1239040
    Nonzeros of S_lev_2 ............................... = 655360
Sum of nonzeros of the FMBEM matrices ................. = 16583280

CGS solver: number of iterations = 16, relative error = 5.15113e-11

Time Statistic For The Current Step (In Second)

Assembling the equation system         : 3
Solving the equation system            : 1
Post processing                        : 5
Total                                  : 9



>> S T E P   N U M B E R   A N D   F R E Q U E N C Y <<

Step 122, Frequency = 6100 Hz


Informations about the FMM expansion:
   Level    N. expa. terms    N. p. theta    N. p. phi    N. p. sphere
     0          22              22              44           968
     1          11              11              22           242
     2           8               8              16           128

Nonzeros of the near field matrix ..................... = 1156224
Nonzeros of the T-matrix .............................. = 6850560
    Nonzeros of T_lev_0 ............................... = 4956160
    Nonzeros of T_lev_1 ............................... = 1239040
    Nonzeros of T_lev_2 ............................... = 655360
Nonzeros of the D-matrices ............................ = 1725936
    Nonzeros of D_lev_0 ............................... = 0
    Nonzeros of D_lev_1 ............................... = 633072
    Nonzeros of D_lev_2 ............................... = 1092864
Nonzeros of the S-matrix .............................. = 6850560
    Nonzeros of S_lev_0 ............................... = 4956160
    Nonzeros of S_lev_1 ............................... = 1239040
    Nonzeros of S_lev_2 ............................... = 655360
Sum of nonzeros of the FMBEM matrices ................. = 16583280

CGS solver: number of iterations = 15, relative error = 6.16966e-11

Time Statistic For The Current Step (In Second)

Assembling the equation system         : 3
Solving the equation system            : 2
Post processing                        : 5
Total                                  : 10



>> S T E P   N U M B E R   A N D   F R E Q U E N C Y <<

Step 123, Frequency = 6150 Hz


Informations about the FMM expansion:
   Level    N. expa. terms    N. p. theta    N. p. phi    N. p. sphere
     0          22              22              44           968
     1          11              11              22           242
     2           8               8              16           128

Nonzeros of the near field matrix ..................... = 1156224
Nonzeros of the T-matrix .............................. = 6850560
    Nonzeros of T_lev_0 ............................... = 4956160
    Nonzeros of T_lev_1 ............................... = 1239040
    Nonzeros of T_lev_2 ............................... = 655360
Nonzeros of the D-matrices ............................ = 1725936
    Nonzeros of D_lev_0 ............................... = 0
    Nonzeros of D_lev_1 ............................... = 633072
    Nonzeros of D_lev_2 ............................... = 1092864
Nonzeros of the S-matrix .............................. = 6850560
    Nonzeros of S_lev_0 ............................... = 4956160
    Nonzeros of S_lev_1 ............................... = 1239040
    Nonzeros of S_lev_2 ............................... = 655360
Sum of nonzeros of the FMBEM matrices ................. = 16583280

CGS solver: number of iterations = 13, relative error = 9.64994e-10

Time Statistic For The Current Step (In Second)

Assembling the equation system         : 3
Solving the equation system            : 1
Post processing                        : 6
Total                                  : 10



>> S T E P   N U M B E R   A N D   F R E Q U E N C Y <<

Step 124, Frequency = 6200 Hz


Informations about the FMM expansion:
   Level    N. expa. terms    N. p. theta    N. p. phi    N. p. sphere
     0          22              22              44           968
     1          11              11              22           242
     2           8               8              16           128

Nonzeros of the near field matrix ..................... = 1156224
Nonzeros of the T-matrix .............................. = 6850560
    Nonzeros of T_lev_0 ............................... = 4956160
    Nonzeros of T_lev_1 ............................... = 1239040
    Nonzeros of T_lev_2 ............................... = 655360
Nonzeros of the D-matrices ............................ = 1725936
    Nonzeros of D_lev_0 ............................... = 0
    Nonzeros of D_lev_1 ............................... = 633072
    Nonzeros of D_lev_2 ............................... = 1092864
Nonzeros of the S-matrix .............................. = 6850560
    Nonzeros of S_lev_0 ............................... = 4956160
    Nonzeros of S_lev_1 ............................... = 1239040
    Nonzeros of S_lev_2 ............................... = 655360
Sum of nonzeros of the FMBEM matrices ................. = 16583280

CGS solver: number of iterations = 13, relative error = 6.47889e-10

Time Statistic For The Current Step (In Second)

Assembling the equation system         : 3
Solving the equation system            : 1
Post processing                        : 5
Total                                  : 9



>> S T E P   N U M B E R   A N D   F R E Q U E N C Y <<

Step 125, Frequency = 6250 Hz


Informations about the FMM expansion:
   Level    N. expa. terms    N. p. theta    N. p. phi    N. p. sphere
     0          23              23              46          1058
     1          11              11              22           242
     2           8               8              16           128

Nonzeros of the near field matrix ..................... = 1156224
Nonzeros of the T-matrix .............................. = 7311360
    Nonzeros of T_lev_0 ............................... = 5416960
    Nonzeros of T_lev_1 ............................... = 1239040
    Nonzeros of T_lev_2 ............................... = 655360
Nonzeros of the D-matrices ............................ = 1725936
    Nonzeros of D_lev_0 ............................... = 0
    Nonzeros of D_lev_1 ............................... = 633072
    Nonzeros of D_lev_2 ............................... = 1092864
Nonzeros of the S-matrix .............................. = 7311360
    Nonzeros of S_lev_0 ............................... = 5416960
    Nonzeros of S_lev_1 ............................... = 1239040
    Nonzeros of S_lev_2 ............................... = 655360
Sum of nonzeros of the FMBEM matrices ................. = 17504880

CGS solver: number of iterations = 13, relative error = 7.73027e-10

Time Statistic For The Current Step (In Second)

Assembling the equation system         : 3
Solving the equation system            : 2
Post processing                        : 6
Total                                  : 11



>> S T E P   N U M B E R   A N D   F R E Q U E N C Y <<

Step 126, Frequency = 6300 Hz


Informations about the FMM expansion:
   Level    N. expa. terms    N. p. theta    N. p. phi    N. p. sphere
     0          23              23              46          1058
     1          11              11              22           242
     2           8               8              16           128

Nonzeros of the near field matrix ..................... = 1156224
Nonzeros of the T-matrix .............................. = 7311360
    Nonzeros of T_lev_0 ............................... = 5416960
    Nonzeros of T_lev_1 ............................... = 1239040
    Nonzeros of T_lev_2 ............................... = 655360
Nonzeros of the D-matrices ............................ = 1725936
    Nonzeros of D_lev_0 ............................... = 0
    Nonzeros of D_lev_1 ............................... = 633072
    Nonzeros of D_lev_2 ............................... = 1092864
Nonzeros of the S-matrix .............................. = 7311360
    Nonzeros of S_lev_0 ............................... = 5416960
    Nonzeros of S_lev_1 ............................... = 1239040
    Nonzeros of S_lev_2 ............................... = 655360
Sum of nonzeros of the FMBEM matrices ................. = 17504880

CGS solver: number of iterations = 14, relative error = 5.15085e-10

Time Statistic For The Current Step (In Second)

Assembling the equation system         : 3
Solving the equation system            : 2
Post processing                        : 7
Total                                  : 12



>> S T E P   N U M B E R   A N D   F R E Q U E N C Y <<

Step 127, Frequency = 6350 Hz


Informations about the FMM expansion:
   Level    N. expa. terms    N. p. theta    N. p. phi    N. p. sphere
     0          23              23              46          1058
     1          12              12              24           288
     2           8               8              16           128

Nonzeros of the near field matrix ..................... = 1156224
Nonzeros of the T-matrix .............................. = 7546880
    Nonzeros of T_lev_0 ............................... = 5416960
    Nonzeros of T_lev_1 ............................... = 1474560
    Nonzeros of T_lev_2 ............................... = 655360
Nonzeros of the D-matrices ............................ = 1846272
    Nonzeros of D_lev_0 ............................... = 0
    Nonzeros of D_lev_1 ............................... = 753408
    Nonzeros of D_lev_2 ............................... = 1092864
Nonzeros of the S-matrix .............................. = 7546880
    Nonzeros of S_lev_0 ............................... = 5416960
    Nonzeros of S_lev_1 ............................... = 1474560
    Nonzeros of S_lev_2 ............................... = 655360
Sum of nonzeros of the FMBEM matrices ................. = 18096256

CGS solver: number of iterations = 14, relative error = 8.98528e-10

Time Statistic For The Current Step (In Second)

Assembling the equation system         : 3
Solving the equation system            : 2
Post processing                        : 7
Total                                  : 12



>> S T E P   N U M B E R   A N D   F R E Q U E N C Y <<

Step 128, Frequency = 6400 Hz


Informations about the FMM expansion:
   Level    N. expa. terms    N. p. theta    N. p. phi    N. p. sphere
     0          23              23              46          1058
     1          12              12              24           288
     2           8               8              16           128

Nonzeros of the near field matrix ..................... = 1156224
Nonzeros of the T-matrix .............................. = 7546880
    Nonzeros of T_lev_0 ............................... = 5416960
    Nonzeros of T_lev_1 ............................... = 1474560
    Nonzeros of T_lev_2 ............................... = 655360
Nonzeros of the D-matrices ............................ = 1846272
    Nonzeros of D_lev_0 ............................... = 0
    Nonzeros of D_lev_1 ............................... = 753408
    Nonzeros of D_lev_2 ............................... = 1092864
Nonzeros of the S-matrix .............................. = 7546880
    Nonzeros of S_lev_0 ............................... = 5416960
    Nonzeros of S_lev_1 ............................... = 1474560
    Nonzeros of S_lev_2 ............................... = 655360
Sum of nonzeros of the FMBEM matrices ................. = 18096256

CGS solver: number of iterations = 15, relative error = 4.70449e-11

Time Statistic For The Current Step (In Second)

Assembling the equation system         : 3
Solving the equation system            : 2
Post processing                        : 6
Total                                  : 11



>> S T E P   N U M B E R   A N D   F R E Q U E N C Y <<

Step 129, Frequency = 6450 Hz


Informations about the FMM expansion:
   Level    N. expa. terms    N. p. theta    N. p. phi    N. p. sphere
     0          23              23              46          1058
     1          12              12              24           288
     2           8               8              16           128

Nonzeros of the near field matrix ..................... = 1156224
Nonzeros of the T-matrix .............................. = 7546880
    Nonzeros of T_lev_0 ............................... = 5416960
    Nonzeros of T_lev_1 ............................... = 1474560
    Nonzeros of T_lev_2 ............................... = 655360
Nonzeros of the D-matrices ............................ = 1846272
    Nonzeros of D_lev_0 ............................... = 0
    Nonzeros of D_lev_1 ............................... = 753408
    Nonzeros of D_lev_2 ............................... = 1092864
Nonzeros of the S-matrix .............................. = 7546880
    Nonzeros of S_lev_0 ............................... = 5416960
    Nonzeros of S_lev_1 ............................... = 1474560
    Nonzeros of S_lev_2 ............................... = 655360
Sum of nonzeros of the FMBEM matrices ................. = 18096256

CGS solver: number of iterations = 15, relative error = 9.73589e-11

Time Statistic For The Current Step (In Second)

Assembling the equation system         : 3
Solving the equation system            : 2
Post processing                        : 6
Total                                  : 11



>> S T E P   N U M B E R   A N D   F R E Q U E N C Y <<

Step 130, Frequency = 6500 Hz


Informations about the FMM expansion:
   Level    N. expa. terms    N. p. theta    N. p. phi    N. p. sphere
     0          23              23              46          1058
     1          12              12              24           288
     2           8               8              16           128

Nonzeros of the near field matrix ..................... = 1156224
Nonzeros of the T-matrix .............................. = 7546880
    Nonzeros of T_lev_0 ............................... = 5416960
    Nonzeros of T_lev_1 ............................... = 1474560
    Nonzeros of T_lev_2 ............................... = 655360
Nonzeros of the D-matrices ............................ = 1846272
    Nonzeros of D_lev_0 ............................... = 0
    Nonzeros of D_lev_1 ............................... = 753408
    Nonzeros of D_lev_2 ............................... = 1092864
Nonzeros of the S-matrix .............................. = 7546880
    Nonzeros of S_lev_0 ............................... = 5416960
    Nonzeros of S_lev_1 ............................... = 1474560
    Nonzeros of S_lev_2 ............................... = 655360
Sum of nonzeros of the FMBEM matrices ................. = 18096256

CGS solver: number of iterations = 15, relative error = 2.60275e-10

Time Statistic For The Current Step (In Second)

Assembling the equation system         : 3
Solving the equation system            : 2
Post processing                        : 5
Total                                  : 10



>> S T E P   N U M B E R   A N D   F R E Q U E N C Y <<

Step 131, Frequency = 6550 Hz


Informations about the FMM expansion:
   Level    N. expa. terms    N. p. theta    N. p. phi    N. p. sphere
     0          24              24              48          1152
     1          12              12              24           288
     2           8               8              16           128

Nonzeros of the near field matrix ..................... = 1156224
Nonzeros of the T-matrix .............................. = 8028160
    Nonzeros of T_lev_0 ............................... = 5898240
    Nonzeros of T_lev_1 ............................... = 1474560
    Nonzeros of T_lev_2 ............................... = 655360
Nonzeros of the D-matrices ............................ = 1846272
    Nonzeros of D_lev_0 ............................... = 0
    Nonzeros of D_lev_1 ............................... = 753408
    Nonzeros of D_lev_2 ............................... = 1092864
Nonzeros of the S-matrix .............................. = 8028160
    Nonzeros of S_lev_0 ............................... = 5898240
    Nonzeros of S_lev_1 ............................... = 1474560
    Nonzeros of S_lev_2 ............................... = 655360
Sum of nonzeros of the FMBEM matrices ................. = 19058816

CGS solver: number of iterations = 15, relative error = 1.02591e-10

Time Statistic For The Current Step (In Second)

Assembling the equation system         : 4
Solving the equation system            : 1
Post processing                        : 7
Total                                  : 12



>> S T E P   N U M B E R   A N D   F R E Q U E N C Y <<

Step 132, Frequency = 6600 Hz


Informations about the FMM expansion:
   Level    N. expa. terms    N. p. theta    N. p. phi    N. p. sphere
     0          24              24              48          1152
     1          12              12              24           288
     2           8               8              16           128

Nonzeros of the near field matrix ..................... = 1156224
Nonzeros of the T-matrix .............................. = 8028160
    Nonzeros of T_lev_0 ............................... = 5898240
    Nonzeros of T_lev_1 ............................... = 1474560
    Nonzeros of T_lev_2 ............................... = 655360
Nonzeros of the D-matrices ............................ = 1846272
    Nonzeros of D_lev_0 ............................... = 0
    Nonzeros of D_lev_1 ............................... = 753408
    Nonzeros of D_lev_2 ............................... = 1092864
Nonzeros of the S-matrix .............................. = 8028160
    Nonzeros of S_lev_0 ............................... = 5898240
    Nonzeros of S_lev_1 ............................... = 1474560
    Nonzeros of S_lev_2 ............................... = 655360
Sum of nonzeros of the FMBEM matrices ................. = 19058816

CGS solver: number of iterations = 15, relative error = 7.99508e-11

Time Statistic For The Current Step (In Second)

Assembling the equation system         : 3
Solving the equation system            : 2
Post processing                        : 6
Total                                  : 11



>> S T E P   N U M B E R   A N D   F R E Q U E N C Y <<

Step 133, Frequency = 6650 Hz


Informations about the FMM expansion:
   Level    N. expa. terms    N. p. theta    N. p. phi    N. p. sphere
     0          24              24              48          1152
     1          12              12              24           288
     2           8               8              16           128

Nonzeros of the near field matrix ..................... = 1156224
Nonzeros of the T-matrix .............................. = 8028160
    Nonzeros of T_lev_0 ............................... = 5898240
    Nonzeros of T_lev_1 ............................... = 1474560
    Nonzeros of T_lev_2 ............................... = 655360
Nonzeros of the D-matrices ............................ = 1846272
    Nonzeros of D_lev_0 ............................... = 0
    Nonzeros of D_lev_1 ............................... = 753408
    Nonzeros of D_lev_2 ............................... = 1092864
Nonzeros of the S-matrix .............................. = 8028160
    Nonzeros of S_lev_0 ............................... = 5898240
    Nonzeros of S_lev_1 ............................... = 1474560
    Nonzeros of S_lev_2 ............................... = 655360
Sum of nonzeros of the FMBEM matrices ................. = 19058816

CGS solver: number of iterations = 14, relative error = 2.24598e-10

Time Statistic For The Current Step (In Second)

Assembling the equation system         : 3
Solving the equation system            : 2
Post processing                        : 7
Total                                  : 12



>> S T E P   N U M B E R   A N D   F R E Q U E N C Y <<

Step 134, Frequency = 6700 Hz


Informations about the FMM expansion:
   Level    N. expa. terms    N. p. theta    N. p. phi    N. p. sphere
     0          24              24              48          1152
     1          12              12              24           288
     2           8               8              16           128

Nonzeros of the near field matrix ..................... = 1156224
Nonzeros of the T-matrix .............................. = 8028160
    Nonzeros of T_lev_0 ............................... = 5898240
    Nonzeros of T_lev_1 ............................... = 1474560
    Nonzeros of T_lev_2 ............................... = 655360
Nonzeros of the D-matrices ............................ = 1846272
    Nonzeros of D_lev_0 ............................... = 0
    Nonzeros of D_lev_1 ............................... = 753408
    Nonzeros of D_lev_2 ............................... = 1092864
Nonzeros of the S-matrix .............................. = 8028160
    Nonzeros of S_lev_0 ............................... = 5898240
    Nonzeros of S_lev_1 ............................... = 1474560
    Nonzeros of S_lev_2 ............................... = 655360
Sum of nonzeros of the FMBEM matrices ................. = 19058816

CGS solver: number of iterations = 14, relative error = 1.69882e-10

Time Statistic For The Current Step (In Second)

Assembling the equation system         : 3
Solving the equation system            : 1
Post processing                        : 7
Total                                  : 11



>> S T E P   N U M B E R   A N D   F R E Q U E N C Y <<

Step 135, Frequency = 6750 Hz


Informations about the FMM expansion:
   Level    N. expa. terms    N. p. theta    N. p. phi    N. p. sphere
     0          24              24              48          1152
     1          12              12              24           288
     2           8               8              16           128

Nonzeros of the near field matrix ..................... = 1156224
Nonzeros of the T-matrix .............................. = 8028160
    Nonzeros of T_lev_0 ............................... = 5898240
    Nonzeros of T_lev_1 ............................... = 1474560
    Nonzeros of T_lev_2 ............................... = 655360
Nonzeros of the D-matrices ............................ = 1846272
    Nonzeros of D_lev_0 ............................... = 0
    Nonzeros of D_lev_1 ............................... = 753408
    Nonzeros of D_lev_2 ............................... = 1092864
Nonzeros of the S-matrix .............................. = 8028160
    Nonzeros of S_lev_0 ............................... = 5898240
    Nonzeros of S_lev_1 ............................... = 1474560
    Nonzeros of S_lev_2 ............................... = 655360
Sum of nonzeros of the FMBEM matrices ................. = 19058816

CGS solver: number of iterations = 14, relative error = 1.656e-10

Time Statistic For The Current Step (In Second)

Assembling the equation system         : 3
Solving the equation system            : 2
Post processing                        : 6
Total                                  : 11



>> S T E P   N U M B E R   A N D   F R E Q U E N C Y <<

Step 136, Frequency = 6800 Hz


Informations about the FMM expansion:
   Level    N. expa. terms    N. p. theta    N. p. phi    N. p. sphere
     0          24              24              48          1152
     1          12              12              24           288
     2           8               8              16           128

Nonzeros of the near field matrix ..................... = 1156224
Nonzeros of the T-matrix .............................. = 8028160
    Nonzeros of T_lev_0 ............................... = 5898240
    Nonzeros of T_lev_1 ............................... = 1474560
    Nonzeros of T_lev_2 ............................... = 655360
Nonzeros of the D-matrices ............................ = 1846272
    Nonzeros of D_lev_0 ............................... = 0
    Nonzeros of D_lev_1 ............................... = 753408
    Nonzeros of D_lev_2 ............................... = 1092864
Nonzeros of the S-matrix .............................. = 8028160
    Nonzeros of S_lev_0 ............................... = 5898240
    Nonzeros of S_lev_1 ............................... = 1474560
    Nonzeros of S_lev_2 ............................... = 655360
Sum of nonzeros of the FMBEM matrices ................. = 19058816

CGS solver: number of iterations = 13, relative error = 9.65204e-10

Time Statistic For The Current Step (In Second)

Assembling the equation system         : 3
Solving the equation system            : 2
Post processing                        : 6
Total                                  : 11



>> S T E P   N U M B E R   A N D   F R E Q U E N C Y <<

Step 137, Frequency = 6850 Hz


Informations about the FMM expansion:
   Level    N. expa. terms    N. p. theta    N. p. phi    N. p. sphere
     0          25              25              50          1250
     1          12              12              24           288
     2           8               8              16           128

Nonzeros of the near field matrix ..................... = 1156224
Nonzeros of the T-matrix .............................. = 8529920
    Nonzeros of T_lev_0 ............................... = 6400000
    Nonzeros of T_lev_1 ............................... = 1474560
    Nonzeros of T_lev_2 ............................... = 655360
Nonzeros of the D-matrices ............................ = 1846272
    Nonzeros of D_lev_0 ............................... = 0
    Nonzeros of D_lev_1 ............................... = 753408
    Nonzeros of D_lev_2 ............................... = 1092864
Nonzeros of the S-matrix .............................. = 8529920
    Nonzeros of S_lev_0 ............................... = 6400000
    Nonzeros of S_lev_1 ............................... = 1474560
    Nonzeros of S_lev_2 ............................... = 655360
Sum of nonzeros of the FMBEM matrices ................. = 20062336

CGS solver: number of iterations = 13, relative error = 9.30516e-10

Time Statistic For The Current Step (In Second)

Assembling the equation system         : 4
Solving the equation system            : 1
Post processing                        : 7
Total                                  : 12



>> S T E P   N U M B E R   A N D   F R E Q U E N C Y <<

Step 138, Frequency = 6900 Hz


Informations about the FMM expansion:
   Level    N. expa. terms    N. p. theta    N. p. phi    N. p. sphere
     0          25              25              50          1250
     1          12              12              24           288
     2           8               8              16           128

Nonzeros of the near field matrix ..................... = 1156224
Nonzeros of the T-matrix .............................. = 8529920
    Nonzeros of T_lev_0 ............................... = 6400000
    Nonzeros of T_lev_1 ............................... = 1474560
    Nonzeros of T_lev_2 ............................... = 655360
Nonzeros of the D-matrices ............................ = 1846272
    Nonzeros of D_lev_0 ............................... = 0
    Nonzeros of D_lev_1 ............................... = 753408
    Nonzeros of D_lev_2 ............................... = 1092864
Nonzeros of the S-matrix .............................. = 8529920
    Nonzeros of S_lev_0 ............................... = 6400000
    Nonzeros of S_lev_1 ............................... = 1474560
    Nonzeros of S_lev_2 ............................... = 655360
Sum of nonzeros of the FMBEM matrices ................. = 20062336

CGS solver: number of iterations = 13, relative error = 7.35542e-10

Time Statistic For The Current Step (In Second)

Assembling the equation system         : 3
Solving the equation system            : 2
Post processing                        : 7
Total                                  : 12



>> S T E P   N U M B E R   A N D   F R E Q U E N C Y <<

Step 139, Frequency = 6950 Hz


Informations about the FMM expansion:
   Level    N. expa. terms    N. p. theta    N. p. phi    N. p. sphere
     0          25              25              50          1250
     1          12              12              24           288
     2           8               8              16           128

Nonzeros of the near field matrix ..................... = 1156224
Nonzeros of the T-matrix .............................. = 8529920
    Nonzeros of T_lev_0 ............................... = 6400000
    Nonzeros of T_lev_1 ............................... = 1474560
    Nonzeros of T_lev_2 ............................... = 655360
Nonzeros of the D-matrices ............................ = 1846272
    Nonzeros of D_lev_0 ............................... = 0
    Nonzeros of D_lev_1 ............................... = 753408
    Nonzeros of D_lev_2 ............................... = 1092864
Nonzeros of the S-matrix .............................. = 8529920
    Nonzeros of S_lev_0 ............................... = 6400000
    Nonzeros of S_lev_1 ............................... = 1474560
    Nonzeros of S_lev_2 ............................... = 655360
Sum of nonzeros of the FMBEM matrices ................. = 20062336

CGS solver: number of iterations = 13, relative error = 6.36931e-10

Time Statistic For The Current Step (In Second)

Assembling the equation system         : 3
Solving the equation system            : 2
Post processing                        : 7
Total                                  : 12



>> S T E P   N U M B E R   A N D   F R E Q U E N C Y <<

Step 140, Frequency = 7000 Hz


Informations about the FMM expansion:
   Level    N. expa. terms    N. p. theta    N. p. phi    N. p. sphere
     0          25              25              50          1250
     1          13              13              26           338
     2           8               8              16           128

Nonzeros of the near field matrix ..................... = 1156224
Nonzeros of the T-matrix .............................. = 8785920
    Nonzeros of T_lev_0 ............................... = 6400000
    Nonzeros of T_lev_1 ............................... = 1730560
    Nonzeros of T_lev_2 ............................... = 655360
Nonzeros of the D-matrices ............................ = 1977072
    Nonzeros of D_lev_0 ............................... = 0
    Nonzeros of D_lev_1 ............................... = 884208
    Nonzeros of D_lev_2 ............................... = 1092864
Nonzeros of the S-matrix .............................. = 8785920
    Nonzeros of S_lev_0 ............................... = 6400000
    Nonzeros of S_lev_1 ............................... = 1730560
    Nonzeros of S_lev_2 ............................... = 655360
Sum of nonzeros of the FMBEM matrices ................. = 20705136

CGS solver: number of iterations = 13, relative error = 7.43909e-10

Time Statistic For The Current Step (In Second)

Assembling the equation system         : 4
Solving the equation system            : 1
Post processing                        : 7
Total                                  : 12



>> S T E P   N U M B E R   A N D   F R E Q U E N C Y <<

Step 141, Frequency = 7050 Hz


Informations about the FMM expansion:
   Level    N. expa. terms    N. p. theta    N. p. phi    N. p. sphere
     0          25              25              50          1250
     1          13              13              26           338
     2           8               8              16           128

Nonzeros of the near field matrix ..................... = 1156224
Nonzeros of the T-matrix .............................. = 8785920
    Nonzeros of T_lev_0 ............................... = 6400000
    Nonzeros of T_lev_1 ............................... = 1730560
    Nonzeros of T_lev_2 ............................... = 655360
Nonzeros of the D-matrices ............................ = 1977072
    Nonzeros of D_lev_0 ............................... = 0
    Nonzeros of D_lev_1 ............................... = 884208
    Nonzeros of D_lev_2 ............................... = 1092864
Nonzeros of the S-matrix .............................. = 8785920
    Nonzeros of S_lev_0 ............................... = 6400000
    Nonzeros of S_lev_1 ............................... = 1730560
    Nonzeros of S_lev_2 ............................... = 655360
Sum of nonzeros of the FMBEM matrices ................. = 20705136

CGS solver: number of iterations = 14, relative error = 2.50263e-10

Time Statistic For The Current Step (In Second)

Assembling the equation system         : 4
Solving the equation system            : 1
Post processing                        : 8
Total                                  : 13



>> S T E P   N U M B E R   A N D   F R E Q U E N C Y <<

Step 142, Frequency = 7100 Hz


Informations about the FMM expansion:
   Level    N. expa. terms    N. p. theta    N. p. phi    N. p. sphere
     0          25              25              50          1250
     1          13              13              26           338
     2           8               8              16           128

Nonzeros of the near field matrix ..................... = 1156224
Nonzeros of the T-matrix .............................. = 8785920
    Nonzeros of T_lev_0 ............................... = 6400000
    Nonzeros of T_lev_1 ............................... = 1730560
    Nonzeros of T_lev_2 ............................... = 655360
Nonzeros of the D-matrices ............................ = 1977072
    Nonzeros of D_lev_0 ............................... = 0
    Nonzeros of D_lev_1 ............................... = 884208
    Nonzeros of D_lev_2 ............................... = 1092864
Nonzeros of the S-matrix .............................. = 8785920
    Nonzeros of S_lev_0 ............................... = 6400000
    Nonzeros of S_lev_1 ............................... = 1730560
    Nonzeros of S_lev_2 ............................... = 655360
Sum of nonzeros of the FMBEM matrices ................. = 20705136

CGS solver: number of iterations = 15, relative error = 2.34316e-10

Time Statistic For The Current Step (In Second)

Assembling the equation system         : 3
Solving the equation system            : 2
Post processing                        : 7
Total                                  : 12



>> S T E P   N U M B E R   A N D   F R E Q U E N C Y <<

Step 143, Frequency = 7150 Hz


Informations about the FMM expansion:
   Level    N. expa. terms    N. p. theta    N. p. phi    N. p. sphere
     0          26              26              52          1352
     1          13              13              26           338
     2           8               8              16           128

Nonzeros of the near field matrix ..................... = 1156224
Nonzeros of the T-matrix .............................. = 9308160
    Nonzeros of T_lev_0 ............................... = 6922240
    Nonzeros of T_lev_1 ............................... = 1730560
    Nonzeros of T_lev_2 ............................... = 655360
Nonzeros of the D-matrices ............................ = 1977072
    Nonzeros of D_lev_0 ............................... = 0
    Nonzeros of D_lev_1 ............................... = 884208
    Nonzeros of D_lev_2 ............................... = 1092864
Nonzeros of the S-matrix .............................. = 9308160
    Nonzeros of S_lev_0 ............................... = 6922240
    Nonzeros of S_lev_1 ............................... = 1730560
    Nonzeros of S_lev_2 ............................... = 655360
Sum of nonzeros of the FMBEM matrices ................. = 21749616

CGS solver: number of iterations = 15, relative error = 4.05002e-10

Time Statistic For The Current Step (In Second)

Assembling the equation system         : 4
Solving the equation system            : 2
Post processing                        : 7
Total                                  : 13



>> S T E P   N U M B E R   A N D   F R E Q U E N C Y <<

Step 144, Frequency = 7200 Hz


Informations about the FMM expansion:
   Level    N. expa. terms    N. p. theta    N. p. phi    N. p. sphere
     0          26              26              52          1352
     1          13              13              26           338
     2           8               8              16           128

Nonzeros of the near field matrix ..................... = 1156224
Nonzeros of the T-matrix .............................. = 9308160
    Nonzeros of T_lev_0 ............................... = 6922240
    Nonzeros of T_lev_1 ............................... = 1730560
    Nonzeros of T_lev_2 ............................... = 655360
Nonzeros of the D-matrices ............................ = 1977072
    Nonzeros of D_lev_0 ............................... = 0
    Nonzeros of D_lev_1 ............................... = 884208
    Nonzeros of D_lev_2 ............................... = 1092864
Nonzeros of the S-matrix .............................. = 9308160
    Nonzeros of S_lev_0 ............................... = 6922240
    Nonzeros of S_lev_1 ............................... = 1730560
    Nonzeros of S_lev_2 ............................... = 655360
Sum of nonzeros of the FMBEM matrices ................. = 21749616

CGS solver: number of iterations = 15, relative error = 1.05945e-10

Time Statistic For The Current Step (In Second)

Assembling the equation system         : 4
Solving the equation system            : 2
Post processing                        : 8
Total                                  : 14



>> S T E P   N U M B E R   A N D   F R E Q U E N C Y <<

Step 145, Frequency = 7250 Hz


Informations about the FMM expansion:
   Level    N. expa. terms    N. p. theta    N. p. phi    N. p. sphere
     0          26              26              52          1352
     1          13              13              26           338
     2           8               8              16           128

Nonzeros of the near field matrix ..................... = 1156224
Nonzeros of the T-matrix .............................. = 9308160
    Nonzeros of T_lev_0 ............................... = 6922240
    Nonzeros of T_lev_1 ............................... = 1730560
    Nonzeros of T_lev_2 ............................... = 655360
Nonzeros of the D-matrices ............................ = 1977072
    Nonzeros of D_lev_0 ............................... = 0
    Nonzeros of D_lev_1 ............................... = 884208
    Nonzeros of D_lev_2 ............................... = 1092864
Nonzeros of the S-matrix .............................. = 9308160
    Nonzeros of S_lev_0 ............................... = 6922240
    Nonzeros of S_lev_1 ............................... = 1730560
    Nonzeros of S_lev_2 ............................... = 655360
Sum of nonzeros of the FMBEM matrices ................. = 21749616

CGS solver: number of iterations = 14, relative error = 3.39011e-10

Time Statistic For The Current Step (In Second)

Assembling the equation system         : 3
Solving the equation system            : 2
Post processing                        : 8
Total                                  : 13



>> S T E P   N U M B E R   A N D   F R E Q U E N C Y <<

Step 146, Frequency = 7300 Hz


Informations about the FMM expansion:
   Level    N. expa. terms    N. p. theta    N. p. phi    N. p. sphere
     0          26              26              52          1352
     1          13              13              26           338
     2           8               8              16           128

Nonzeros of the near field matrix ..................... = 1156224
Nonzeros of the T-matrix .............................. = 9308160
    Nonzeros of T_lev_0 ............................... = 6922240
    Nonzeros of T_lev_1 ............................... = 1730560
    Nonzeros of T_lev_2 ............................... = 655360
Nonzeros of the D-matrices ............................ = 1977072
    Nonzeros of D_lev_0 ............................... = 0
    Nonzeros of D_lev_1 ............................... = 884208
    Nonzeros of D_lev_2 ............................... = 1092864
Nonzeros of the S-matrix .............................. = 9308160
    Nonzeros of S_lev_0 ............................... = 6922240
    Nonzeros of S_lev_1 ............................... = 1730560
    Nonzeros of S_lev_2 ............................... = 655360
Sum of nonzeros of the FMBEM matrices ................. = 21749616

CGS solver: number of iterations = 14, relative error = 1.13568e-10

Time Statistic For The Current Step (In Second)

Assembling the equation system         : 3
Solving the equation system            : 2
Post processing                        : 8
Total                                  : 13



>> S T E P   N U M B E R   A N D   F R E Q U E N C Y <<

Step 147, Frequency = 7350 Hz


Informations about the FMM expansion:
   Level    N. expa. terms    N. p. theta    N. p. phi    N. p. sphere
     0          26              26              52          1352
     1          13              13              26           338
     2           8               8              16           128

Nonzeros of the near field matrix ..................... = 1156224
Nonzeros of the T-matrix .............................. = 9308160
    Nonzeros of T_lev_0 ............................... = 6922240
    Nonzeros of T_lev_1 ............................... = 1730560
    Nonzeros of T_lev_2 ............................... = 655360
Nonzeros of the D-matrices ............................ = 1977072
    Nonzeros of D_lev_0 ............................... = 0
    Nonzeros of D_lev_1 ............................... = 884208
    Nonzeros of D_lev_2 ............................... = 1092864
Nonzeros of the S-matrix .............................. = 9308160
    Nonzeros of S_lev_0 ............................... = 6922240
    Nonzeros of S_lev_1 ............................... = 1730560
    Nonzeros of S_lev_2 ............................... = 655360
Sum of nonzeros of the FMBEM matrices ................. = 21749616

CGS solver: number of iterations = 14, relative error = 7.355e-11

Time Statistic For The Current Step (In Second)

Assembling the equation system         : 4
Solving the equation system            : 1
Post processing                        : 8
Total                                  : 13



>> S T E P   N U M B E R   A N D   F R E Q U E N C Y <<

Step 148, Frequency = 7400 Hz


Informations about the FMM expansion:
   Level    N. expa. terms    N. p. theta    N. p. phi    N. p. sphere
     0          26              26              52          1352
     1          13              13              26           338
     2           8               8              16           128

Nonzeros of the near field matrix ..................... = 1156224
Nonzeros of the T-matrix .............................. = 9308160
    Nonzeros of T_lev_0 ............................... = 6922240
    Nonzeros of T_lev_1 ............................... = 1730560
    Nonzeros of T_lev_2 ............................... = 655360
Nonzeros of the D-matrices ............................ = 1977072
    Nonzeros of D_lev_0 ............................... = 0
    Nonzeros of D_lev_1 ............................... = 884208
    Nonzeros of D_lev_2 ............................... = 1092864
Nonzeros of the S-matrix .............................. = 9308160
    Nonzeros of S_lev_0 ............................... = 6922240
    Nonzeros of S_lev_1 ............................... = 1730560
    Nonzeros of S_lev_2 ............................... = 655360
Sum of nonzeros of the FMBEM matrices ................. = 21749616

CGS solver: number of iterations = 13, relative error = 6.44556e-10

Time Statistic For The Current Step (In Second)

Assembling the equation system         : 4
Solving the equation system            : 1
Post processing                        : 8
Total                                  : 13



>> S T E P   N U M B E R   A N D   F R E Q U E N C Y <<

Step 149, Frequency = 7450 Hz


Informations about the FMM expansion:
   Level    N. expa. terms    N. p. theta    N. p. phi    N. p. sphere
     0          27              27              54          1458
     1          13              13              26           338
     2           8               8              16           128

Nonzeros of the near field matrix ..................... = 1156224
Nonzeros of the T-matrix .............................. = 9850880
    Nonzeros of T_lev_0 ............................... = 7464960
    Nonzeros of T_lev_1 ............................... = 1730560
    Nonzeros of T_lev_2 ............................... = 655360
Nonzeros of the D-matrices ............................ = 1977072
    Nonzeros of D_lev_0 ............................... = 0
    Nonzeros of D_lev_1 ............................... = 884208
    Nonzeros of D_lev_2 ............................... = 1092864
Nonzeros of the S-matrix .............................. = 9850880
    Nonzeros of S_lev_0 ............................... = 7464960
    Nonzeros of S_lev_1 ............................... = 1730560
    Nonzeros of S_lev_2 ............................... = 655360
Sum of nonzeros of the FMBEM matrices ................. = 22835056

CGS solver: number of iterations = 14, relative error = 6.50143e-11

Time Statistic For The Current Step (In Second)

Assembling the equation system         : 4
Solving the equation system            : 2
Post processing                        : 8
Total                                  : 14



>> S T E P   N U M B E R   A N D   F R E Q U E N C Y <<

Step 150, Frequency = 7500 Hz


Informations about the FMM expansion:
   Level    N. expa. terms    N. p. theta    N. p. phi    N. p. sphere
     0          27              27              54          1458
     1          13              13              26           338
     2           8               8              16           128

Nonzeros of the near field matrix ..................... = 1156224
Nonzeros of the T-matrix .............................. = 9850880
    Nonzeros of T_lev_0 ............................... = 7464960
    Nonzeros of T_lev_1 ............................... = 1730560
    Nonzeros of T_lev_2 ............................... = 655360
Nonzeros of the D-matrices ............................ = 1977072
    Nonzeros of D_lev_0 ............................... = 0
    Nonzeros of D_lev_1 ............................... = 884208
    Nonzeros of D_lev_2 ............................... = 1092864
Nonzeros of the S-matrix .............................. = 9850880
    Nonzeros of S_lev_0 ............................... = 7464960
    Nonzeros of S_lev_1 ............................... = 1730560
    Nonzeros of S_lev_2 ............................... = 655360
Sum of nonzeros of the FMBEM matrices ................. = 22835056

CGS solver: number of iterations = 14, relative error = 5.50021e-11

Time Statistic For The Current Step (In Second)

Assembling the equation system         : 4
Solving the equation system            : 2
Post processing                        : 8
Total                                  : 14



>> S T E P   N U M B E R   A N D   F R E Q U E N C Y <<

Step 151, Frequency = 7550 Hz


Informations about the FMM expansion:
   Level    N. expa. terms    N. p. theta    N. p. phi    N. p. sphere
     0          27              27              54          1458
     1          13              13              26           338
     2           8               8              16           128

Nonzeros of the near field matrix ..................... = 1156224
Nonzeros of the T-matrix .............................. = 9850880
    Nonzeros of T_lev_0 ............................... = 7464960
    Nonzeros of T_lev_1 ............................... = 1730560
    Nonzeros of T_lev_2 ............................... = 655360
Nonzeros of the D-matrices ............................ = 1977072
    Nonzeros of D_lev_0 ............................... = 0
    Nonzeros of D_lev_1 ............................... = 884208
    Nonzeros of D_lev_2 ............................... = 1092864
Nonzeros of the S-matrix .............................. = 9850880
    Nonzeros of S_lev_0 ............................... = 7464960
    Nonzeros of S_lev_1 ............................... = 1730560
    Nonzeros of S_lev_2 ............................... = 655360
Sum of nonzeros of the FMBEM matrices ................. = 22835056

CGS solver: number of iterations = 14, relative error = 5.1728e-11

Time Statistic For The Current Step (In Second)

Assembling the equation system         : 4
Solving the equation system            : 2
Post processing                        : 9
Total                                  : 15



>> S T E P   N U M B E R   A N D   F R E Q U E N C Y <<

Step 152, Frequency = 7600 Hz


Informations about the FMM expansion:
   Level    N. expa. terms    N. p. theta    N. p. phi    N. p. sphere
     0          27              27              54          1458
     1          13              13              26           338
     2           8               8              16           128

Nonzeros of the near field matrix ..................... = 1156224
Nonzeros of the T-matrix .............................. = 9850880
    Nonzeros of T_lev_0 ............................... = 7464960
    Nonzeros of T_lev_1 ............................... = 1730560
    Nonzeros of T_lev_2 ............................... = 655360
Nonzeros of the D-matrices ............................ = 1977072
    Nonzeros of D_lev_0 ............................... = 0
    Nonzeros of D_lev_1 ............................... = 884208
    Nonzeros of D_lev_2 ............................... = 1092864
Nonzeros of the S-matrix .............................. = 9850880
    Nonzeros of S_lev_0 ............................... = 7464960
    Nonzeros of S_lev_1 ............................... = 1730560
    Nonzeros of S_lev_2 ............................... = 655360
Sum of nonzeros of the FMBEM matrices ................. = 22835056

CGS solver: number of iterations = 13, relative error = 7.08704e-10

Time Statistic For The Current Step (In Second)

Assembling the equation system         : 3
Solving the equation system            : 2
Post processing                        : 9
Total                                  : 14



>> S T E P   N U M B E R   A N D   F R E Q U E N C Y <<

Step 153, Frequency = 7650 Hz


Informations about the FMM expansion:
   Level    N. expa. terms    N. p. theta    N. p. phi    N. p. sphere
     0          27              27              54          1458
     1          14              14              28           392
     2           8               8              16           128

Nonzeros of the near field matrix ..................... = 1156224
Nonzeros of the T-matrix .............................. = 10127360
    Nonzeros of T_lev_0 ............................... = 7464960
    Nonzeros of T_lev_1 ............................... = 2007040
    Nonzeros of T_lev_2 ............................... = 655360
Nonzeros of the D-matrices ............................ = 2118336
    Nonzeros of D_lev_0 ............................... = 0
    Nonzeros of D_lev_1 ............................... = 1025472
    Nonzeros of D_lev_2 ............................... = 1092864
Nonzeros of the S-matrix .............................. = 10127360
    Nonzeros of S_lev_0 ............................... = 7464960
    Nonzeros of S_lev_1 ............................... = 2007040
    Nonzeros of S_lev_2 ............................... = 655360
Sum of nonzeros of the FMBEM matrices ................. = 23529280

CGS solver: number of iterations = 14, relative error = 1.6913e-10

Time Statistic For The Current Step (In Second)

Assembling the equation system         : 3
Solving the equation system            : 2
Post processing                        : 9
Total                                  : 14



>> S T E P   N U M B E R   A N D   F R E Q U E N C Y <<

Step 154, Frequency = 7700 Hz


Informations about the FMM expansion:
   Level    N. expa. terms    N. p. theta    N. p. phi    N. p. sphere
     0          27              27              54          1458
     1          14              14              28           392
     2           8               8              16           128

Nonzeros of the near field matrix ..................... = 1156224
Nonzeros of the T-matrix .............................. = 10127360
    Nonzeros of T_lev_0 ............................... = 7464960
    Nonzeros of T_lev_1 ............................... = 2007040
    Nonzeros of T_lev_2 ............................... = 655360
Nonzeros of the D-matrices ............................ = 2118336
    Nonzeros of D_lev_0 ............................... = 0
    Nonzeros of D_lev_1 ............................... = 1025472
    Nonzeros of D_lev_2 ............................... = 1092864
Nonzeros of the S-matrix .............................. = 10127360
    Nonzeros of S_lev_0 ............................... = 7464960
    Nonzeros of S_lev_1 ............................... = 2007040
    Nonzeros of S_lev_2 ............................... = 655360
Sum of nonzeros of the FMBEM matrices ................. = 23529280

CGS solver: number of iterations = 14, relative error = 1.24526e-10

Time Statistic For The Current Step (In Second)

Assembling the equation system         : 4
Solving the equation system            : 1
Post processing                        : 9
Total                                  : 14



>> S T E P   N U M B E R   A N D   F R E Q U E N C Y <<

Step 155, Frequency = 7750 Hz


Informations about the FMM expansion:
   Level    N. expa. terms    N. p. theta    N. p. phi    N. p. sphere
     0          28              28              56          1568
     1          14              14              28           392
     2           8               8              16           128

Nonzeros of the near field matrix ..................... = 1156224
Nonzeros of the T-matrix .............................. = 10690560
    Nonzeros of T_lev_0 ............................... = 8028160
    Nonzeros of T_lev_1 ............................... = 2007040
    Nonzeros of T_lev_2 ............................... = 655360
Nonzeros of the D-matrices ............................ = 2118336
    Nonzeros of D_lev_0 ............................... = 0
    Nonzeros of D_lev_1 ............................... = 1025472
    Nonzeros of D_lev_2 ............................... = 1092864
Nonzeros of the S-matrix .............................. = 10690560
    Nonzeros of S_lev_0 ............................... = 8028160
    Nonzeros of S_lev_1 ............................... = 2007040
    Nonzeros of S_lev_2 ............................... = 655360
Sum of nonzeros of the FMBEM matrices ................. = 24655680

CGS solver: number of iterations = 14, relative error = 1.16029e-10

Time Statistic For The Current Step (In Second)

Assembling the equation system         : 4
Solving the equation system            : 2
Post processing                        : 10
Total                                  : 16



>> S T E P   N U M B E R   A N D   F R E Q U E N C Y <<

Step 156, Frequency = 7800 Hz


Informations about the FMM expansion:
   Level    N. expa. terms    N. p. theta    N. p. phi    N. p. sphere
     0          28              28              56          1568
     1          14              14              28           392
     2           8               8              16           128

Nonzeros of the near field matrix ..................... = 1156224
Nonzeros of the T-matrix .............................. = 10690560
    Nonzeros of T_lev_0 ............................... = 8028160
    Nonzeros of T_lev_1 ............................... = 2007040
    Nonzeros of T_lev_2 ............................... = 655360
Nonzeros of the D-matrices ............................ = 2118336
    Nonzeros of D_lev_0 ............................... = 0
    Nonzeros of D_lev_1 ............................... = 1025472
    Nonzeros of D_lev_2 ............................... = 1092864
Nonzeros of the S-matrix .............................. = 10690560
    Nonzeros of S_lev_0 ............................... = 8028160
    Nonzeros of S_lev_1 ............................... = 2007040
    Nonzeros of S_lev_2 ............................... = 655360
Sum of nonzeros of the FMBEM matrices ................. = 24655680

CGS solver: number of iterations = 14, relative error = 9.94848e-11

Time Statistic For The Current Step (In Second)

Assembling the equation system         : 3
Solving the equation system            : 2
Post processing                        : 10
Total                                  : 15



>> S T E P   N U M B E R   A N D   F R E Q U E N C Y <<

Step 157, Frequency = 7850 Hz


Informations about the FMM expansion:
   Level    N. expa. terms    N. p. theta    N. p. phi    N. p. sphere
     0          28              28              56          1568
     1          14              14              28           392
     2           8               8              16           128

Nonzeros of the near field matrix ..................... = 1156224
Nonzeros of the T-matrix .............................. = 10690560
    Nonzeros of T_lev_0 ............................... = 8028160
    Nonzeros of T_lev_1 ............................... = 2007040
    Nonzeros of T_lev_2 ............................... = 655360
Nonzeros of the D-matrices ............................ = 2118336
    Nonzeros of D_lev_0 ............................... = 0
    Nonzeros of D_lev_1 ............................... = 1025472
    Nonzeros of D_lev_2 ............................... = 1092864
Nonzeros of the S-matrix .............................. = 10690560
    Nonzeros of S_lev_0 ............................... = 8028160
    Nonzeros of S_lev_1 ............................... = 2007040
    Nonzeros of S_lev_2 ............................... = 655360
Sum of nonzeros of the FMBEM matrices ................. = 24655680

CGS solver: number of iterations = 13, relative error = 5.76684e-10

Time Statistic For The Current Step (In Second)

Assembling the equation system         : 4
Solving the equation system            : 2
Post processing                        : 9
Total                                  : 15



>> S T E P   N U M B E R   A N D   F R E Q U E N C Y <<

Step 158, Frequency = 7900 Hz


Informations about the FMM expansion:
   Level    N. expa. terms    N. p. theta    N. p. phi    N. p. sphere
     0          28              28              56          1568
     1          14              14              28           392
     2           8               8              16           128

Nonzeros of the near field matrix ..................... = 1156224
Nonzeros of the T-matrix .............................. = 10690560
    Nonzeros of T_lev_0 ............................... = 8028160
    Nonzeros of T_lev_1 ............................... = 2007040
    Nonzeros of T_lev_2 ............................... = 655360
Nonzeros of the D-matrices ............................ = 2118336
    Nonzeros of D_lev_0 ............................... = 0
    Nonzeros of D_lev_1 ............................... = 1025472
    Nonzeros of D_lev_2 ............................... = 1092864
Nonzeros of the S-matrix .............................. = 10690560
    Nonzeros of S_lev_0 ............................... = 8028160
    Nonzeros of S_lev_1 ............................... = 2007040
    Nonzeros of S_lev_2 ............................... = 655360
Sum of nonzeros of the FMBEM matrices ................. = 24655680

CGS solver: number of iterations = 13, relative error = 4.27968e-10

Time Statistic For The Current Step (In Second)

Assembling the equation system         : 4
Solving the equation system            : 2
Post processing                        : 9
Total                                  : 15



>> S T E P   N U M B E R   A N D   F R E Q U E N C Y <<

Step 159, Frequency = 7950 Hz


Informations about the FMM expansion:
   Level    N. expa. terms    N. p. theta    N. p. phi    N. p. sphere
     0          28              28              56          1568
     1          14              14              28           392
     2           8               8              16           128

Nonzeros of the near field matrix ..................... = 1156224
Nonzeros of the T-matrix .............................. = 10690560
    Nonzeros of T_lev_0 ............................... = 8028160
    Nonzeros of T_lev_1 ............................... = 2007040
    Nonzeros of T_lev_2 ............................... = 655360
Nonzeros of the D-matrices ............................ = 2118336
    Nonzeros of D_lev_0 ............................... = 0
    Nonzeros of D_lev_1 ............................... = 1025472
    Nonzeros of D_lev_2 ............................... = 1092864
Nonzeros of the S-matrix .............................. = 10690560
    Nonzeros of S_lev_0 ............................... = 8028160
    Nonzeros of S_lev_1 ............................... = 2007040
    Nonzeros of S_lev_2 ............................... = 655360
Sum of nonzeros of the FMBEM matrices ................. = 24655680

CGS solver: number of iterations = 13, relative error = 3.94015e-10

Time Statistic For The Current Step (In Second)

Assembling the equation system         : 4
Solving the equation system            : 2
Post processing                        : 9
Total                                  : 15



>> S T E P   N U M B E R   A N D   F R E Q U E N C Y <<

Step 160, Frequency = 8000 Hz


Informations about the FMM expansion:
   Level    N. expa. terms    N. p. theta    N. p. phi    N. p. sphere
     0          28              28              56          1568
     1          14              14              28           392
     2           8               8              16           128

Nonzeros of the near field matrix ..................... = 1156224
Nonzeros of the T-matrix .............................. = 10690560
    Nonzeros of T_lev_0 ............................... = 8028160
    Nonzeros of T_lev_1 ............................... = 2007040
    Nonzeros of T_lev_2 ............................... = 655360
Nonzeros of the D-matrices ............................ = 2118336
    Nonzeros of D_lev_0 ............................... = 0
    Nonzeros of D_lev_1 ............................... = 1025472
    Nonzeros of D_lev_2 ............................... = 1092864
Nonzeros of the S-matrix .............................. = 10690560
    Nonzeros of S_lev_0 ............................... = 8028160
    Nonzeros of S_lev_1 ............................... = 2007040
    Nonzeros of S_lev_2 ............................... = 655360
Sum of nonzeros of the FMBEM matrices ................. = 24655680

CGS solver: number of iterations = 13, relative error = 5.45045e-10

Time Statistic For The Current Step (In Second)

Assembling the equation system         : 4
Solving the equation system            : 2
Post processing                        : 10
Total                                  : 16



>> T I M E   S T A T I S T I C   (In   Second) <<

Input                                  : 0
Address computation                    : 0
Assembling the equation system         : 948
Solving the equation system            : 232
Post processing                        : 549
The whole job                          : 1730

End time: 4/10/2026 20:28:8
